text_sha256,true_label,predicted_label
5ed65531d372c5aa8072a04ab52eac85cb601efcee44e1bd9283dd621e916f9e,1,1
04dac80645e7c93ea122633d0d68f48016a9373c1bc22283d3d6d76b433d563e,1,1
41823c4f083094c4bf2d3d0520dc510cd4cc8a3d499d85d3aa5eadeead0089d3,1,1
534abe3da2c1ce00234c2352108bba594d4e924344097e205ddba9248f58d4ec,1,1
a23376a259c12797fe15c72d43a2132db210bffc6c43056b718ea5e32c1c80e2,1,1
eda771cae3f88e3a692d997c6332805b1b9a3cac830f2cd76c8fbfb63b81b5e4,1,1
cf6423731d953e509e5450c9cf7150b7f1111d3ca6b16e27e7fb14e77f8c3317,1,1
b260e05a02f99eda94137b1f1e73dcd2c266fd45ab138f4154c2a7599e2ae30a,1,1
74d26fe9f9bc87a9220db7f2a417fa739581d55079d19ae5bbbe79ad086e1c4a,1,1
42dc3a54c347885a6c73136e4fa4d1015a259a91fab1ff729108c5479ea7a5f3,1,1
a523aac11a768160ddd348af67cd25669ab96b5c9122debee54f36b483f5d9bd,1,1
8e946259c4842c0549741c6c19155af6b79e35530c63808a95e6a027c22159aa,1,1
9ea5c25cc4de304747f321bf00b139126404e82717406d3a0c71ed97ec1d2861,1,1
1aeafbf09f4d96d6af5e11b82095519bc72436ab68ad203bccedb3bd5b433f6e,1,1
bfcf531afa2bbe71d556b796ef051a364b0c765047d061eb76c9576d51edfbaa,1,1
49477de51ef0b9e36d522dcaca628c490196a11967b46029909042ab9c4c5987,1,1
9bbeeacf65cfba8cd0bf2d159cb8d6ed161aba2bc394158898fefe44b7e864ec,1,1
dac9228bd51108ef611eea1de89b8ae7e1945a914d0a637dd6f08dc3c6b72d10,1,1
06723fc1a69d7c28de5ce2b837f69229de5dd24e4920e4424b7a275f0178201e,1,1
cdc154a31a495aa6183c2ff0eaeb35dc5a5652d928c1ccea9c9f295a3a3ef578,1,1
7af35a2f8773f1a38b1c8aaa0f603e7af2bb496bd17f5c667f777e594dcf19a3,1,1
5b71368aac6d9235b04063ec3fd8b118b4072dbe02a1060fb2766dc57c9b0113,1,1
3995a3eaf45c65cd107eed0253221051de818338b188b57c369c2e037fa6928b,1,1
afce5cebb9f343e5088c82457cab45f3c8554f7d1be6f22977f069e7f173d8c1,1,1
42f480346e0e29d6969eac6412796b1882cbe3187d4af3743ff4cc9dc060d0a2,1,1
a065e8e5d7f3b5f149ee0c4ba12a0af32bada43da148dc496dd0b94c35bd71ab,1,1
6c48c91c650b8fbfd91807bcb64790a7347f0fe5cde28b1116672945f235dc6f,1,1
3da37d469bdcb3423c599f6bf4e6fb0d523454e6829c8151c95bb140795cd62d,1,1
24416ec8721bd5d168eccb8c9bd520d79fb3787ae6c06484160db6eae8422eca,1,1
1d91924fcec15d66429c7d39d2a7e14583c8f8de957c302b9d177bc2c5129969,1,0
7fe4a963c471c03cad36f50ed84c82d884db6e0fa96dff8f35c65a50a63f23ad,1,1
499dcf2ce7a1d5fc2f7ff19e2632a715614b1bc3a578783c714aa6b4c41aefa2,1,1
d27bcc6fb451219727b4ddbd4ced865ca190ad502fb8e37ae3335f062eeae688,1,1
1c608554d9e25d40a043bed76533338b99564c27c943fdfc3ce224ebde938d5c,1,1
51f49dfecca681a697191724eaf5a44fc1c31bfe5a6a5cfaae458c2e7646aa0e,1,1
554d035fcd83202eb2d1badb5b493e453f06062b3b6fd8c5c0d6c967abf9bc52,1,1
eae13d70ed9878d8ba1ae71116a7b4011af3fcf9912d113b339bad408b359b1a,1,1
45bbc4c98cbbd66731fd67c58afcc465ac80f6f34844296661bbcb5317ed05a3,1,1
f3ef9820f9e6ebd9b6a908693f645ec5a5e99691bc7bc290123e1ca10b799876,1,1
91dfeec4fc39d6b42970203821691a37e53d8d28c389189faa2cd1b7c5860c39,1,1
3a4bb92ff53363252ba24d835f6f05694b1e451b9cb81f76f4ba851dc9303a86,1,1
c2ab425f7c74db84bc15322d91fb877e5d4771990b805d1e3fcab12456f5a157,1,1
88c30faec1865535c17a19af3706cabf2ccd7fdf1076ebc05c26e7da9128a1df,1,1
66e4390dd53decdeae27ca8d05ebf8e088028234eb757c1c5b410bf52503f393,1,1
cc3448829d5bd30c7efcbb7424273370ab5610e727c6551462ce50746d19743c,1,1
506596989e0a15099f15d860daa03a95bb04ed8c898edd36f188d4b15989f573,1,1
d5cbfd65c4e405749e3f5062866c550f2f3ac76d22290bc4b35216469248cb84,1,1
de5f239c5f1d81cf0c37e216cb8286372fade5f5118e8ab872d61693bc3c8579,1,1
4520ccdb5dc7a0935d4ab25367e2fb94a6fac608dc4f101efa8ca32078464b2b,1,1
47a3d2d4fb971fbaa9f3c70e77c7fe9211c1dd035dcca9ab0a3628a3ebd7d9ef,1,1
aa8ac6d00e5d459c302ba1af603e4c960fb251b50d15364ceeea888bc2fe968a,1,1
9be2db4e99c123fabc1f9a5e874be5760bb420b0f43c7a22afc1ab178da9c636,1,1
64ed5f202e49a847d60a92dd0e6897403481c7b7025f63c35fe8be42047e13f7,1,1
200d99c3903f64f6a410da1d1f2acdfa30adb749ae01af2dc176f9aec82a1a95,1,1
8d961408c3c6064884967f8be5eb0c7d2a9f6dbb58ab695ba8275051a7fff3e0,1,1
7cf8cba1467e52993dad5540aae4c7b27f97ce11f87054aaab76304839de4b58,1,1
ab68971431ca0c7bda75b3baf1a568727dc64ac483c3ae7e9ba66f3bcd659602,1,1
a2e75441911fe9485fdfbde764ee650dc5055f4476daff42ed7c0eb42e00c733,1,1
09436f63e4d7e3a8d221e1b1b1d234b4d98b3943351e4f55c3fbadcf02f194b3,1,1
33f9d0e8dddb9c89ea7af21405bb65581f45949240a6f48c253549b9b6ee2960,1,1
e0e5c5966c59c62431756fa32b9745d65acdb9674de232013653f19bcdd06e74,1,0
33947394bc8f1a838a52513113c9f11b259d905a267a9b945e834b4ef5bca4df,1,1
7f3563af1d5db1de2fd72a71339827ac3ca9c488153e9714f6d438e84edaa7bf,1,1
0b7a42905044c44244c8db0a8a2117eb9fbea60903478a7e4c5bbf7bb322c9bf,1,1
5d042b49c830e8c5871a9b1d2148a4bed68416486455b2fce1dbbad2fe2e9393,1,1
c03a0e2d8b050ae2df5a9fee9bd7833c5962d62ba11fe9768268d47973879515,1,1
716a285dc97b7e14c87798de4eabc8b5e7a5da2da805af8376f044d4ca374fc5,1,1
05cfc4911ae660e3db7a79568d49963a7269a7db245e53b0200104a0c80b09aa,1,1
04165d7e265aa51010734476ca79f9248b287a26c9f64b05b4a30f95936b67d6,1,1
1ad962c7a8d34df3651e2d1bf0d565612a8e8858d07100e097139b031b1164a2,1,1
784df8c1bd04e1bd13c2cdb68128a0cc3b3861816c76cb3e523c8bb078468440,1,1
6553881d7ce371a2ebf8131e56de1f2bd2191b81ba3b415e8eaa32f0ba7cfa0b,1,1
880b522d0b7c84d2aeb494cf1977c0b7bf62c890f85b79a4ce66942fabf0c380,1,1
a074d93108b7e469d728cad5719370d2305c1b8fdb618115a3b53c64ab4ec50c,1,1
553329b25aeecbcbbc79d5443cff8960b70d1d4ec0f22effd6b413c3d7c53e8f,1,1
df833bd060c806861dc4a2df632a04ac8f431a3c092047d6fc4611c63fca6661,1,1
fa3fe6555bb91ae2e1982815a55b71110b4b7949b4f749a716660068e35471e7,1,1
825279d24f7f1228e51eab0cc0fd01a1ac3610363d8eb318d3ce7f26123c55c3,1,1
734f30927b896ca98aa0ca2e254dd60db2eb691ea21ea4c9a7c9042a63072b56,1,1
714601e609e13b4593767f601207ad5d1e15067c1ce6a3400b582cfcf7ff79fa,1,1
3ab94b399dcfbcf4c8efb9cb568df51e64d116d5f63cf4c80f4231dd8c5d960c,1,1
b67c927ccdcf50dc011be020d4ca640c9e5310bdd00ca79096a2069abaf113c4,1,1
ef43178070ea213a61a8e422c7f3165ffaca71c9a52ce3a56b291b724eb69e4d,1,1
45a06dc203b1090b36a7b47cce5593ba420e0903515e73a68359382cedc36331,1,1
eac03017f88083c84c17cc17e4ab127570706e22d58c20c2e4ee0779b5d0c7f1,1,1
705195ac0285797c55833f1f21da552665407bfd2d8f4645fd6ed63008db019b,1,1
87f4286e2e613c2cef96ab799bf5bd54714ed4b883d122827d434f9602528e34,1,1
67f0c341f72c32b888e380452bc1696c79c55bf1e8d5857dce18e67ad3859717,1,1
57e16ba23a240a98a1f183d5d850ab22bb21dfa087e7030b8a11e32efa0657ce,1,1
1ab879d766b2f84b946731a3a18ee21a7c7a036ece4b45a11466651f1c5f5041,1,1
4693067e0199f2cf1703122e7e109f6e3df21d95040793ce581ce56541ce168d,1,0
4d25a75e2ef86c913671ed1d3984498fed456c55a4ceecd9a4e258de18c67039,1,1
c19c733abd73b0472846d26a96b54c7e163fc69b7f5d678a9845e29f7225a5dc,1,1
86931e160338fd82cd5da8dc96c861e0b88b1518ba98fdb9cc7bca8d8ee28172,1,1
c56d09b087254ba6a478ca0554a040e6775dfe3485fac10daa85a2257330322c,1,1
72514e467b1fa7bfb04c61c7c0d574a42a59d69995956086d7bcb357a99a8524,1,0
fd8f94f8c09cb71a8effcfd7c5dcb8506582a5f18bba815f2b656618f8a48390,1,1
e2597f78a963059e3e93e45d67ffc30a66b95edded55c9ac75eef3efa96cc8b6,1,1
d10ce7ef1434ffb926ad97ccb54614848394b494c8b51af56dcaabdea74ea187,1,1
a87ee1ddce42565e06673bd4810a6ef55f962efb6e96a6db1eb68739bfa7c0d4,1,1
f58c22faa50cc27cfe68e55cf55dc858a7825352c4f479a4a3bce4e3116ccf48,1,1
2ad6995faa9df543aee68cf581db7d5ce32747b43dd86c72845c145a539815d6,1,1
e86fd86e2740ba33e4b8632d71c83a218939578b88e5a291c40bb42a60f8c2e4,1,1
e2f3bd9dee0261a6676b06e5a320afcfabfc2c156609e89db16bb83e5abde7c5,1,1
4776f00745edad020a99f44e68d5839a2ef0ea2f336b64d8216b11ca4dfca411,1,1
4371242ec2117220b868a104b0cab199e5486ff5771e3f2424fa2bb56e39e208,1,1
56e71cf909a311ea61253fb547963558ca63243d68ea4d537a388f9b07fad499,1,1
de751b3d98e06048a7f9347440d4ccf6888e4ee12cdd8ca6d9ce250c138104fe,1,1
136316d8432809df8d80d0e307c9cde176f5724c1607065a543c3bfe841c3543,1,1
3273f78e219b929a38cab5965f9f4172e69a1c4663743122c14a2e2363579a29,1,1
faedce33f3438b5a16ade67e009d11c08c279f51bc49961cfb3452eadc7c2841,1,1
ca2edd1d05db2d26269458ff9cda9a758303a48e56e7b51bb3e8953e26871549,1,1
2b3105f6e5661ed2e83becd1df8640a72b3ac6c77949e3733aaa16bd3cbeb268,1,1
66faaeddbcff36231f764ce3352338462b070ca9084eaef4e3ad9c1d2ef28fe8,1,1
fe5432754a41b0d50a4e0cd472bc4f3e6a36e003ab37bc456ff89ecf42ede048,1,1
81a78814527362266e895435de260317448c1e2c2a007aa0029744e93823cdb9,1,0
8b923f0c9d239cfeb9d8b415260295448ac3c737a9c88282be2726dd2b5fcc30,1,1
5393259a802c090c13824fe06c6bf80acd1b6b934dab641fbc0bba9f8c3ca35c,1,1
27b363e8d44b7fdccbd5c33162fc4291c2b116df70bc8483d0e737596d166b44,1,0
88f1d8ce99b2aa272d896bf0bd722c3ae963cefa347dce486fb6f4c1ce8f5a0b,1,1
1e57edf18331b057086f20be5cbfeda55e9cb539c7ac5530326fe2c58a4f7203,1,1
deee7554a71b9f46eada722765cd9966f8a1a41a6adc1b390a2e47c7a12f35da,1,1
a0482e047b87c3833c115a3e3a0cc363819bd815a926519672fd91d4dd1f8ba6,1,1
bb7927d055ce0003a8e396357e396d0af00381ad9147d042fe7d322e969cf9d8,1,1
a4696392c847277499e696db4fc5ec114b4976f2f4c592856a9687924a1be7cd,1,1
266e646d7e3639457a9e7ae794b899eb7504c73ba8b73d9e997974bcc0a19227,1,1
13d143cb520b843f7d65eec99440db3aa729356740fac0024f400e019eadebbc,1,1
0d46548f1bdc5ae0b9fb3eddfd57bdb3ceeb03ed02c3525425d5ce34eff7683b,1,1
6471cb8f74e06adf5d701d72e11fc284fbec384c2498d027649c648bd0d32ea2,1,1
9fd4ed75cd8ec2ceacecc1774a0717097eac398e90bfca3ce9ef074cc950da2f,1,1
30ab3da1e068c4577d87c347a152e9d4e5a7d9a1053f509e9f2ff41043261329,1,1
f126cae29c163084fbb35464fa729a288de59e062e6c8140b848ad5d7d07768a,1,1
19ce988342c213466b33afc8be25ed2ea9847cc4103b04930b3bb6ed39ee0d4b,1,1
220ff0149c5897d2522ae0bbf3f6f52b9423aeb499f023711ed89aba5768491b,1,1
c24948da30ec01db4ca5c77aef0bd53e583888b727feac4fe6d50ffb0597c1dc,1,1
be05d686bbcf3b453b7722f22639b0371a1df0f75f885bef4b0667ada17c599f,1,1
bb91ee72813a33a35c400fcdc242276df39f3c288f98c1633708bfa005deecee,1,0
81c387773f88ae70af72aba3cfd8c76e7555ceb14fc033d7af5da69031e6a8cc,1,1
a3efbd9bbdeea6dfb65d12a528a9464223c0d78369995b31979fa1668e15fb2e,1,0
3fc386c3a4e644e22fbba2e2a6538fd220f06e0108fddaaffce20ab777a8a508,1,1
b08fa17785a6a102d8ec8a75375f9d4e8d96b66ceb5de45f44bc6dc5c70e204b,1,1
f3eb67350f1a93782655524b910bf5dbae89ff28bd606fc4bbcb81e505241d25,1,1
f4721493ce8beca180f6c88b0659d624eefdaeb37ff55910d6dd05c6f77d3fca,1,1
0bc523066dafdf4ef5c5fde582b37d0d598506b47f60e07bb77f674d896bcd9d,1,1
77fe612ab24037700d6e305c954f4424ff335ccef3a6f46222520d5412b15d1f,1,1
030eec7a21cd400b6e83c731e450d7dc4a65e0c68ec9042652338f763ff5845c,1,1
78ab7caffc4b9d73d4f3099a19ab6dbd76744c1e6c41eabe066d7f0cf3e0053c,1,0
5c9e3c7660d2aee8799d64d8ee6ef5abf12fb60f703bc85fe1bc7235fe829107,1,1
4b6bfd8d9892778536e8bc31971f39cad35fe5a9cc6476a3ca9c231aa821ae75,1,0
c786b3c5510b89561fe0091e1b8d93f2f984cef21e9ba9a24cc1077f889c3226,1,1
8ab3d151e3fe4d66a7e9c11d7d80f10c3224a58f585cab9df76361c307fa1d73,1,1
ee4b1a23575cb7941d343ec7f220b1be224ddb44d4cde6b796ba3b37e8907781,1,1
1f5844f8bb684c823011fd330c9c12ebedc7d63cb9f4a68801fdcefd6768919b,1,1
0cbcd613591bd2e3d63128b4bdb4615201084db5478e26d22a89d91ad53614e4,1,1
27d807f0dfb6e5412d63ca8c5c606039a33ea27b1c05b1537798bd1f10505454,1,1
8d388506ff5a1a9d1b27934766dfabd89a0988b2a44efffdef153c59d3dbb063,1,1
5d48aec8becb418b18866f1561cf78f9bd745ad6582c3fe0f86f13fe09a179cb,1,1
b95762f1e9e680cc64685a1af467c8364f7b7033ac2b215f258bcdbd9dad9b6f,1,1
ed99b3b8c8f90a5c4372b8d130fb197238b0ab608ff706bdaa73d0f99bbeb22b,1,1
eea53557e15850d8cb282f3cddbf6de4e37efb6adb1138f88837b19392d93987,1,1
aa679801fedadbf05250ec7ab3b3d680bb469de6ab033aacebfbe6780a512ea9,1,1
22e176b511f92f4859c012c29150ae371dfd539840887e45cc30674f92ee9e95,1,1
1122e38bf4df88768486b5477b9a74869104a1937a4e2f27aa31a2f79f55a1ca,1,1
2c61033a00b297400840f0a5584159fffee2f26be4aaa4567e8952578ad4583e,1,1
9303895302c6e3a2826506462316f51b435c2833f8db3325a804f002e4d0e3ce,1,1
d348214dd71d0a0ad0d5b99056b06b292945bc543a1f1b41f10375992ff51c62,1,1
b799c994464e029162e837ef108071dd6ee043cc640bcd5d5200b368888ec9ae,1,0
4e2adbaabcd7b764034e5e372c11d00971d2e29ad877bd1dc02b65e1d0c20342,1,1
6b8b2ae6202a657eafbbbef45db205af9757ecb686da8c65584d09ac8fa2c337,1,1
2e3ee3989b9d04b1fc39a9c9bef108ef8c0fe1994f4eb32e2ead8ee457e47c47,1,1
69f3176a995d07dbc34208587d66e9ce08f5bd52530a4e2b6400cef7199deebd,1,1
5068735cce1d42e24b938b9b648c47dddbccc826d24ea266c9ed6349dbb6e34c,1,1
4dc24323ea0ae959115c4b3365501a52e030e517f7100b087c2f2fe55fa50198,1,1
ac489efecf1d571ee33f5a17456a0ad788076172a607a1b076cd3ebe8317c5c7,1,1
ac4ab17929ea940df15b585db42f5cc4b36b7b84767a7f77922f1d276f2c8e4b,1,1
5320d9a30615cbdebf481ba5859922f8f97b4ba016633e5616f98721ac05a5df,1,0
028ac943d05fdb0d911ee5ea95aa7d794dd9691a1282aeb546f5b0536da17c1a,1,0
1c201effed2937f1abcf14a4f594c0be143ddcc1dfdac20041bcd02c707b133a,1,1
5043be917e2487b89500e425b45c0427e5c0d870d7e5f88cb8c1b7c22df8a2f2,1,1
68a05cc50af472be50755f488256bf5791e211bd1946ea482b1fdd84e4e9cbdf,1,1
a7871fab8fdf1cc46a5774eba5b49d823f35c7da2c7d28b7be7d39e90482bf7c,1,1
6f1d5c4a22de076165cafd96811303a52e42596593d39f69fc4ea1bdec2b59c6,1,1
606a7b3a7578bf22de74eec52c69c52b73f764c8c55e03ff58bbecc6fb27b945,1,1
f0109986a40930f42a2f301dd2e2467afecae959278d088bba756560e2858b0c,1,1
1a970f083f5edc2debdced07db07b587af7fc0f2949d35e0a37affa418eee1c6,1,1
87fd4a4db1619c3d12623613bb4a3e198a6b985f4a5dc56953ff6cca8d1abb49,1,1
dd4b288ccad1d068cfc528c1dee461a302b86d911772c599ec367c2eecee0f69,1,1
c670705393e69bff77317146231a1af9714d028dce5fd2aa488e1246cbecd837,1,1
2d3e165e446aa643fdc67a109d5f9419246e48d5c3ac082b9e522f1b209fbc41,1,1
0e6a0769e0a241e0308b0f18339ec9b5ebaa165a2553b4e38b9e98c45cc24c7b,1,1
a25e5c5eb6a040ccbcf507de4936f3be55d02309819a4c46197d576dc2a13c0c,1,1
a289b153b52d17e9471b3d7897f29f5801530ee7581a40185c4010b98e2baac9,1,1
b5a6f1fd87562596fe8187c9edb6819477abe9f0e6cda1eff59a6290e31d6d18,1,0
dc97d3ea690283befc1f1ffa375073b7d83c70c30e57f0cdb476f6bd69cdc47d,1,1
f2d9b2a6e2796264d59e9bc1c1a487f99bbb09353716caf957cffaa866519eb0,1,1
18b0d306a19f7ad4a1b13dbcb8e8ac707a849370032421975640c47e52a7e590,1,1
a044f2c7cf6a3a41e065498640ad972efb3cf14f4746ac7cdb9f8cf1e626785e,1,1
9dceb5ada975cfc9edbc4384e78764cfe4125c5befe29a07a0399b28169701a0,1,1
03cf9fe4fdcf02bdf8436d91f8ec7e573f172b4c8ab221a5179b5cb5e63e2523,1,1
b9f6096ad2c0ef592451b0502e83d59d22e048523d67618c3a5b419c5c123034,1,1
795e2160fd2beb82e0c9cbb4570ec5b981a3d507c8870a6e0e6dbf5e0fc16de4,1,1
4df7c73df51c453b74a54307a09dc845748f3ce4c035f341e8be2deee9aa7d9a,1,1
ac484e4af17889cae32efb381010b714d2785b8e5772365354ed46bf00934290,1,1
ad69801fc3bef6a6f355c828794f058682286cbfd969f1560efab842ec467760,1,1
3c70caf8d3675e0e13b574c9e0c8f5c8e1afbc349dc383ce2dc0bd4e2db15586,1,1
e6ba78b4e8e1fad56c7e4889ebae8e1192d06fd83e80fefa6e97611f8cbb7796,1,0
03c543fa29d93ca699d07237c94797e9e392a8bb62d3006565804f574c4464d9,1,1
81506d17fa51bd4b286661eb1052ce09377f32a7e888a9bbb2126b0d1c733b40,1,1
18ecaf547ef300aea67e40fdb98540c2678152001e5f7d6143c1e3cf4994146c,1,1
7bf6baeba71f1b6871ce4733bcf13947cfafec760b302ba547ec04c178b0bb0f,1,1
b3afb00e4add14501e5263fe6876ec8a9da7d99f63148b550a60a2755492d181,1,1
c05fa65e63fd0c705f74f3fa40350d37e9fbe5a4f0731ae4187a916132f5b5ef,1,1
a05208bb5182bed703001b27a5554c187555a3f96d412952fff821aedc778a8c,1,1
2fa7f84e84de6cc8be0e20c4178754b1395812c3569b783f497bd92c2b4107ec,1,1
0d768f948bd550bda92683be7c718e1d3ff849183d09b148e787036f321c0122,1,1
3f448952e9a19b2dc6c459b60727faea173b77940277f2b318c77f0e0ff5b03b,1,1
51444374176b827825858d849d72e5ffd55ecd462a8a2a60a1bd9a11b4882a9d,1,1
03bfea34f4929bbfa7ef87084d64e3f99fdc35272bdbf12cb7cd61565c54c4b3,1,1
dd4940c3ef2663891a75cbfe9ad5d2cfb40881e0dd78983dd4e599acd17b0969,1,1
30ccaf580b677c20c1cf60a236b64fb3f300bddcdad4c18001a08ffe6e3041c2,1,1
f58d518d0ab227884452222621fb8d50f7f6d781b427a9ac352868bc4fbc333a,1,1
0344ac5879308cd35ff23c42df5960a1b8ede041e05363b9e1918cd4159032e4,1,1
7a406068713350ece17e33bb43cfcf00e945435afa4c601e4bf6a4992647e884,1,1
9cffe303196d323ff6cc52ff755d29c0ed2a6f35cb865fde7291e43e86132589,1,1
b575953b3aad6b2ac86cfca6bed6ea0a184e792164321e86448ff36c0a37d9ea,1,1
abc8d0f9e1e037522b62f57f2432a78976459894dcdb2fd82804b340488af699,1,1
6b8cdcbc995db846993405699c0bff482cbe14be05d8808cb8677ce2af04a56f,1,1
4de1777501f1c547036b22f7e3438e888031f0ddfc3c35cbd41b99c90561af1d,1,1
4bed783735f64e55598490296410e3ae527b06dc918dde87fe0f2ee5c0260401,1,1
531dde0bf96c466a71891b3ce9bd6d55ea3c0a0036173552c7b20b6911242f7c,1,1
614d93acbdb813a793e5db35141a0292f7cd0863ced926d41a8f5c6d98c81f09,1,1
d63cc204fe03c70faed98001867b422c8493d9c8b129a73a1cfaa5044ea146c3,1,1
71d3d612329535d82ef77a3a393ae42b3b0800294a20d98938eca53189aec3fd,1,1
3b4e0b0f22d427cc4c88077642079b833ebfbcc1831d9ee6fe37b0c399bbb034,1,1
e4f445603087ff6b0ed50ed20bef6a12e0892898677a943f98c9a868dad3af47,1,1
4ce090bb69fac6dc086c13e51ce52abd18bbac25da2cf830713c7a3baf6b5f0d,1,1
0027287522aa9e4143324970ef14f5280796b6e9fff8f91e32e1859db88b8e58,1,1
c462b2ac6bfe2951b629830f96aa33640566c5594d3e5a37d53e95e40e5d6495,1,1
0aea579349d925f0e67ad13641d99772e6dcdeb2ee5ae2f7b3d16d15558b20d8,1,1
fe0eaf52892405ac3aeef49c56064a3a000724479700a93558448f9ef2662208,1,1
cab35d08407e56366509afebb475cf577d1e21593395f16c5da0293c0c9940c8,1,1
8676cc5624c2f8f96939e3e1cb55382087a6aa4cc874dcef7383f05780cd7e1a,1,1
d8d525257a31f373aceb6094809012e316311ab55e8789605cc4768d59b63e19,1,1
3d77225b7db94b9ec883e1a0711924f72b574769f8184ace39f677a2bec16efc,1,1
1c4e0d850718323201da6c33a5dfc0602a1e5cee02455bd36d9540f29a827453,1,1
37bd7ea93031bd2763ca22b0d25563136e4d062ede894f4f9f39137d7aeb4a8f,1,1
d5bd7daac6db8620b24565d8d189f90e69a17e1ec6898e578e1ec0c6bd3d56af,1,1
9e485893aeb9dbe2efb5d89d483b9b391b87d2cd195a1f4bc6fc8051126e7e3c,1,1
db44172c19f9854fee802e175465cbf379352966343e53de16a3fb1fcb3063c5,1,1
95c5d9ad1fdd65ab7ead209e0829641e0d43d8cdae08ca0fb2d5673332034705,1,0
75e38d4033f82c0f2f731627aba58f23440108a11e14368400ca557a38c9458c,1,1
79b5b5396eb3ba8117dfa8e2efcfe05498ddaed134b8ccdecfb67bb8f99be0cf,1,1
10bf26740b567bda1e0111497f8f3d559ccd03a010d205d597f7312dae2ac589,1,1
6b262d2ae3bf504c4c09bc4211630935ab045b8e9ad9e07bdc149d7d7b9dde8d,1,1
5fb8d9488ba685d50585956ec55a5b0075585781141e9bd1a44d6ad9386b3ed1,1,1
558c39827fde6a737bf6bf714d4782db86afd6df43edfc54966f6a9e77a426b8,1,1
486e70f9e8a4895de5ebae2742e07f1be1cdee4cef2977a889ddee927d3974e7,1,1
b76aa4d79fbb2edaeac8200c488182702f6c0dc3e086dc14102dde4cd97ece62,1,1
d20c0976d165034ce5417cd7067aab01a654c6fbde9803cae77d1c3594de1467,1,0
2fb9b17ee7058a8b19d30cef9e13a571d3378390bfb8d66ef2d9493d69dd5409,1,1
451a5c84792aed2d5809d1df6091efba908a6da7d5f320d012150a9d2435fa10,1,1
ecd7a2145421a1e597d9600de16454f53b80fa603ad0db3eafb4f2452caca78b,1,1
d92bc82ca7cf43dc49d4a0ffd5ea1d29311143ef486b51493556a00b062852f9,1,1
b1dfae29502940145c4c8640105ee65e14a112cd8df3cff2a1bb8631be9f351d,1,1
2f146902dfeda63c6dd554e48733a9b25e137c6456afb9e5aa08e703fd4c3629,1,1
6e8e61abf2604874242c1cf1b0af9b100c5978a34f40b91173c691b3e689edfe,1,1
a6d26c3f87f2d98a8ebd38c29c13fb254806da0b4e3a543cfc72c6264cd97d3b,1,1
7e581849e6edefb82d4773961248092e43768f1fed5a5e5ed116112be33ec370,1,1
ba3726f11a726e5ebe44b4e5bdb3c7a17e6ca77cd0eed135b5588d30a378009f,1,1
ced97b08667f7ec109788f02d5252b267321b6397229eaf63baf1a092f725846,1,1
ea9c7b196f819599043116c9a9502336032cbf30fcb0705c1c25ef6bfbbb0f1e,1,1
d6dddddda5e19cda419956b68614ecde101e8dbc018f7df997fc1b2c51751ae4,1,1
33c13c44c8ee621b7b8913f6da5b267616343d74c3467ec21727a662fa19ba86,1,1
cf3e44bd62a158e1e7d5dc38da4818b91eeb57d717f7b7b94aa6e54d057e41ae,1,0
62307603e0d2ace7e1f9c24c26240c9ef93c0dc8637e5087108f592c1f1747dd,1,1
1c71263c021eaf3db279bfde99eafd4b331861495dbd4c1c4e03eebafb699c33,1,0
0d012ff44f53b70281433f337f7581bb15b4698b21168fc60eb4600ed29b2d4e,1,1
0e66f5ebd74c0aa7bbff34c43bff824730c36e43eb5f53911e65deea057b9776,1,1
4dd630e9425043a3844270b4b355aef5f01b4f73bdc57d278fe224616200ff40,1,1
df8ac0f50985feed1f7ee7db8dd844e916ff52d181ce92c3fcc3af8cb9120379,1,1
af9f6023f35faff4b1f6b1ff5b205ad808992a2fead64608b92db16af30e8c6f,1,1
f855d735ab23d2608c97659b4d0a8c7b360210ba37791c2a177ae61bd8cfa478,1,1
cba1d2e6344982c0219c406754270afe382d4370efa595bd85217065ae07355f,1,1
7201c0485014aabb7ecba2e6c7e21ed00d12b0d587aa18b47cb4518bb07dcdc2,1,1
bb433b13022cb4599b788a91b6e82b7376d88edd759a7746109812d99dc21213,1,1
d6dd6eafb9c762d69eac657f58173f6824ff9c97b39c5dbaee0f2e1def747756,1,1
202e3c8700245f75dc50e35ee516d55a66501bca40d6826c9c3ed245a0041a1a,1,1
0e4a87184d7961dfac125219b32b54b74cbc4bd268fcab718c05fe12fa297b2f,1,1
6817d58113630eb896f377519ab69a4509cfb928febec4960d212f101eb7ba75,1,1
dca972a4b05ad14f38d9a5338f98b05637e33d1d207be644ca9cf9ab71c517c3,1,1
b5fabbabbd9c8f48974ad9170740e0b641792343d2ad296cc8d2d0903cc0bd4d,1,1
e948e2996b0ad0207f500e9f1655108e3e60349657f794e8e96a9394cff85654,1,1
28e4c84446123491424af1f388d5c4a2e560dd5f13114c56c29bbf262fd11239,1,1
8362020577b9c4b28c684597a948ea6c7887c278b1015b26f2ab2262a6e6a34b,1,1
c0d73841b36ee8a31c21717b5985548c67d8bc734b940e1d3e8d6c3bcd1937bf,1,1
46cfe2e19043f8727556c1755d4eb7d237ac296ffb5d8937dd6754841c298fa6,1,1
0cf29a62ea79b6780617565d7ba3a1c5648d2f3132491294cdc7fc7b21752776,1,1
24b95e638f934f8e898f5af6e83d67bfdc3667b250c6ee71ec5f52c6cdbc5340,1,1
36e2e9b87b5af27a3b51b688856b37b74baa730c5d6534105f6721517b95e810,1,1
dc46c3f46178086705a1977700ac357492b2e49a453f31ed2ec5cdec16fe4135,1,1
897449c9ffdad8ddbca8507f6556c46e359575eb8ec9d2182473b6b283e5da92,1,1
ac13729918ce0a46e808baa8f63fe4db994925da209a817a2957a40137c5d328,1,1
68eec71b92bdafbe36fc2ff24e54e3b99a7addd419de31ae918af707899c6b23,1,1
483980fc493b227abccbfa6b39a84d5708bde0e0018a50a5b28e0cea7d80580b,1,1
ab6eda976e5bd22d90c4a0243575d377ed307b174a877dbbcccb0679a4495694,1,1
a6b5af147d7f3d71689bf77df774fda016f30e94affbc94d95d156595b69a645,1,1
0013bca51c085e0284c4d3b8bfdc347c9e9385dc5da49201dc50929985f6084e,1,1
a067003de346a9131c8c4a0bff52efd6b5c63020d6ab71915899ff4279d8d5e3,1,1
b085c5655a364de423056ffac861e7d907ae96a516b3e8edbe39b912f5c871ff,1,1
5cccb6fd2a2fe51b6af90b14196a1d23f07816e24c7d11d92822834d0df6eca6,1,1
33db911b5386a734ecb3c76d53e0eabf6499d5c50eeaa8c45134453faddc8d54,1,1
4862ec63a407111f68826a79fcd6393bca5d89bd73b4b967db9631d0b238630e,1,1
e30f58da1d80983b14a9fce406bc5300542915a8f9c1559efe696935846670bc,1,1
727b428ebc33f2775c304466d5709bdbe87dbe3277a9cdab885c704beb3b0f6f,1,1
29d11d7a99d4d5f8c0482dc079648a43f13ffca98693b3f41342e60ea3b526dd,1,1
c52e6fb2807d354dd08f02dc7791e3a02e8b12ec5e90cc0f995ab4df78f02439,1,1
3d55bcd0c7abe43dc245a0edd72394f14e080e046534f2bedb32746869b3f5bd,1,1
6f9a63f97fbf8f90ba3ba73956450f3cf6ec622aa3456f238898463b21ad4d37,1,1
28747f85ab967aa9fbdeff0103656611b5f8dfa9c1a72daeda877a408af886be,1,1
5d3d244589f7e0b9b2179cc6bbd8db3c8644c42bef7415db686c8d94eec93029,1,1
5aae1d602e02e9b2d9191094fa1085d0da047cfec5df300e8226318b58fde55a,1,1
bf10e6e6d3738960635042045349a39a8c89e0db2973227030f370275008d00e,1,1
e67786b98b9581414c88358adc96e0b70e83408c52b5235995e699bece073aaf,1,1
93121e86a4bfcfa9cfa92d9b2e383a847d9788a77278cacc1ef80ece195935b3,1,1
f4c3168ac602764f3fbf203be6954f8ffc9e01dced38551ac8507adba8bbb894,1,1
f13bc0160dda21d6e1133bada535c2b70f689e2844ce8cf396c8115818748ec4,1,1
176f709cf59964f7adda140148ea0c5af938e97443577cad31801e6cd7c595a2,1,1
ce8f82ad080dc04cd43532a8e3c80c0d318bee535e3526e94e8a8a7712f94016,1,1
afdd14a4bece637ff74e69f691676d51823e6f3337c527a6c5f86ea250a19761,1,1
18b920d069915275e7d924fab35b879c0824d1bd3193237b87e60eeeee6fc1b7,1,1
10f7817d5845f3fa3ebba72e9a47e15ddd6a8c029021ff63979b68c1d9daff5b,1,1
26488fbe942fb57c86e740e9a8b635fb74d205d4fee322f4b75163e1d7d3446a,1,1
b3bb13e6ef5e6ab7eba7a0a5af08f03fb077ba37631d3847b913f21ca13c7632,1,1
e34a49af5fe1e7d1d3b7547859b3add2e1e3c8f603c9051dfb41e1ced1fbe451,1,1
30758d67002bc7b68ffd15e47ac3704fd1d9b6cacd64185812968ab200f49241,1,1
8a81a8ff7f8e2b949aa6a0f6b900f37844064ce2178f55db556d19f354a42ace,1,1
fada272496b5fffd02c7ccff92245b814513ddc071db26fd80ce64fe3b8459ba,1,1
82ef40d86b8659bcece15a31bc93b80e9a681b9927c517b8a1f807f8db6f3bc0,1,1
622d671bbc0fe000517424200d7c207c5abeae0f6c466c8bb796c7ae856e87e0,1,1
eee3ada5d7cf8f56885ed14858e8fe273369ab54b31c19f340b1269ab91c9697,1,1
03630cdd22e9ee5b8ae4fa9b070f0419c55f33c1328bb50a98d1e8bedd98fb09,1,1
ed53f299e61c0760c79a8afa6fc93b26772939e488eb07a022faf4844c85cfa2,1,1
7f01e368aea4327066f7b29010e78fb15ed203854ca6b37ddbe2d8182815e407,1,1
f0142e25d328b6538e872af80eecfe7d1cfd719e6a4bfcaa140c4d87e4ca4d5d,1,1
7e24504d4dd7fed1c4ca13c33fb40ca570141a48dd7d2a303e4b66694f0fca42,1,1
a7a86cc6fca5f5abb2fd46b3caa90086cddfae9a0663372c5a978bf6af84b89f,1,0
1fd5fe3e7a71615531db20db6ab43f843fd442753415672372aff52624cd277e,1,1
a7b11d31d8568bb1564671c85f17243aedb424769ec5f9bbc7bc0db977b20493,1,1
5f32b2a31039615af8eaf420a190fa727fbd22b97a41889f6089b096709c3a0f,1,1
57273c4d2aa22f9836504e22f74d28fe6d4a21ed42f1a31f88cc97c3016b375e,1,1
0ef151b018f7acf521239e8ed1dda78ebdd5631ace60e6dc5bd4857950946d55,1,1
69c0879f53f3dd79f84550dabb888624db0b3e81d4b34297e3a7593c433d9e2b,1,1
87b1f8262436bb234eb16c2236cbc8842e54371c7fd76b0e02fa71ab535b0d1f,1,1
acd61b21a16754c3782cc72953279ebadd28259db0b05460c2ee932a9174929d,1,1
f499b32a01d305b6d9ffac7f2aa87676fe8c43a2b42b729273e663805e324526,1,1
dfae8ff1b92a5b8e625ac56b5c27b882fa962ae27ab36d811dec51fc0cd6f3bd,1,1
0c383ac9fd778f9208a111280b694071dd03432f7e43581d731ef49e75bbb352,1,1
08702faf3d1c9439f756a38ed7a1acb7a14eb8319a599ddc293705f4a6419aa0,1,1
7596d24dcef13be1132681b2aa3c6da0105b7a214691d32fd70ecbfca5a1ed53,1,1
0d10144f12ec6c0154e668d2fb5dd9279942ab5cb1b305852f2643f913501974,1,1
0944d258ad953dfa301cb252c8efade3e72ec671696b74802f1c60a61c4ff50d,1,1
89d784798d5255932deb89143f5fe6bf99e4d6ec9aa13fbc7a338611a9adb74a,1,1
a8b43f47e9aedf3ea3a5b977ca942ca57d0ad3c2bbaf92401f3c87a30b56a04e,1,1
ece40ad58c22d0ef9e64e133f2112d6bce2e4823ed9faeca69b7fbb51adb57c7,1,1
3f022bd1f11a131e85c2534676296c5aae2cc74be38146e8755398acafb65e20,1,1
76041f4f3a1d37f2fe2107c7232ba8bdb4759cff32dfde910663a8e29a65e110,1,1
55c592fa49209b5c3921fb6f8945e93e0cf05bf31fdd2b8aa5880ac61a539109,1,1
bd8e81942e399580bfc39238d5e005d0cd9709e4fa43049b894b4084aa670a9e,1,1
b8bce34426ae2c491ddf860d98e3c7809fbae68a1fd1e1077f008caf8701edeb,1,1
aac2064dc56403051a6684347e57847c78170f16c45a188537911243a4008d2b,1,1
d7797fed88844fc6b1306c401e5537a39fb7e111f009c77555ba76c9b307b080,1,1
a7295f18b9973f22920d41e2d88d091e33bfc974c65a8e9d14cac96c6ed3042e,1,1
5fc268105ab1ff3be4ef670ab4282c124a5dfc6bd14e77db367de8833435a2a7,1,1
992072cc0651014c7f05ec103f5e0ec7de9d89d66e680f0dfb35760b0f28a66d,1,1
e3b95a309c466d203763ede958828e6d25a200b24e805285ccd9534fa6823229,1,0
5c88a0b2d80221c7d571268024f003fae4d461d2c83474bedcaf4a01dea502da,1,1
3411a0aa89f090b5988a8182f3661bf76f6f2020459300fab67605f505a8476e,1,1
454bcae84f70e7d183ba327b8b46e9a3123782c15641f7d3fa9be312a6421adf,1,1
838ec93f9329ee258474d7e31d966e29cfe145c86b8001491e759ea594b0b6cf,1,1
423c5517c80afa537afae251464b707449e801b13f36dadf09783ae18820272b,1,1
ed020d6aadede6395e13c4cc38e9ee7e021066c04d20fb8b8d3d4c3bfad075e9,1,1
e8ec88a6b53628b0cd5ef3f5383b2023ead18b07c5a3cb24f0f61e780f1c21b7,1,1
0d5a884ba0d191c4d1f2d40d870788a3a8efbb5be0d9fd1cef78f6b80b296e9c,1,1
5e4ce3a0fd5ee8964d2e8934604c2b023e38eaff6bbe0b7289bc1df8e06f067e,1,1
5bad48cbeb5883216ee8efd7e3b18b97f5289671227f1864e3ecb8e91387ae09,1,1
e64077c5d3d7c6dd46d3a10fa304678540439543e01c784fe9153242706b0173,1,1
716e1294dacc7a8eb55ba7a56deac64f9de5ac678d9936afcfbac9cbbf594ad1,1,1
bd88f7e2f2f81e127931d0c1954fc86004e103e2541f4d04da067ab0d3b7b4f7,1,1
8f729bb3b1bbf0b3f71c9abf4eeab3f39ff2f016b9f727087f3e522858d1758e,1,0
47537536f6df0ebee7b95d40bf341e6546ed1494b733295114b29729ac25fae9,1,1
7bca0aa8aff4aa87a66fc208bbb7f17ada0473391a6dc246d4da86b35bc4da93,1,1
c0a9b35bcd9f4e28d6264359e2e8c35b56fdab18fd5a798c866bdb15ea6422e7,1,1
c4774c5cd3fbef3ec2f6e668f26434771f1d668f698bded7ff5d468c61d0248d,1,0
bca2224743f69ddd9861087ba31386b4e03603a9e0748ce64343bda563ad3931,1,1
0b493c33a72d819c4e055f70077b5dda64953dd1bbceb99a04f679717421446f,1,1
b976ba730ad9aa7ebc7ad11ed7db93cacc4aab2554f372558b43279bd774353e,1,1
f971fd9f36e964da1e12e08cd09edf56f597a8867cb31122603e0d2bef466f09,1,0
d402af1c534fe87cba3141788e7c51dd47a79e4b255883594464ba74a7dde19d,1,1
3ecb7a1e55ddc5ac79939a65d39c43be3a0c3560f8d994965e773550ceaedbd6,1,1
95d92d76ca9560895c69c06dafea6f6e817874819edbdbd96904e4d369ddbc54,1,1
ed9fdc03c172548c02e7753ea61a089d46069712f9169fa466a1917625866d0c,1,1
35a6a29e2a08dd0c7aabe92116e2973864182a78decb118a1f7bfdf9d81be1bb,1,1
c8d8425cddb6700c4ba6308f0c2c6ea348c50ca4e7a427995912599aaabd8c2f,1,0
3097a86d2385c017caddd238b67b39fbce38b6790474b59ee284a6ec7c4e86b3,1,1
86e23faa509dd7c2b1aaef513624d53eb04ff5228eccdb6cb3e3e2dbb2391a4d,1,1
ef8874060f92bf26eb48b8771490ecac024a96f515485df70e32b4e9e1f685f9,1,1
86735275d3e2ec7902a03bc2f6a934893caf0659222183a233edf96604accb3f,1,0
eca7b1e8e45a4e4868a711efcca3fa012961b5c00772ccd870db974c4ce25e50,1,0
2a16995c9a47e142c0fc4d016f317dec294ca3e5bd60ba4a44d653c00f1f2080,1,1
5c5750374771dd3cb3d84d6e775e85ce72abecb712050c74bf77973ecce5444e,1,1
68a43fe9b01c11cec1c0e35b81045df2c6f4f7177aa5e9fed0008af9b1fc05c4,1,1
464149cab5182afbed0bfacb9c2b9fc543eb4682865947f2bab4d2c1cbb9db1a,1,1
f5b491f84e825c162ec6afbb040c01ae0fe35e1499a15e239db20ade63cd177b,1,1
44a92b66de923acc76b740ec0af8e6bbc54b87f71d161add8304e1d1295734a1,1,0
999fc5f894e186d8a4252490b18fb379e641a1c2d076bdcacb7e4de21ad16398,1,1
3b4fc3e72999e8b556f834bd57ae9ae4d589874af94972cab51e9b91ddaddd7b,1,1
ffd8b0c9bf5aef991ebb1559799b451a6cc070cfad9098a35a6ed442ccdbf78e,1,1
b66d77b36a24c48931ccb095559d772cde46edc5f9317ab1f7beba7045e87a76,1,1
596e30ee759f47111eead5421b9b245ddac31dfed8f531f501240c8dc7bd1b23,1,1
c2af788a7ba183e532db8177c66cad76ab1d7cf25ad9877f76b76e6ffe8ef6b2,1,1
fc28d44ceb0d0814fdba84c75efa238b1c263922639443c67bae04f349d125d2,1,1
865eeebeae730215c9a68a296f0b0763b8abf869a1010e45877fd32cb4bacb9f,1,1
0e62131c1ee71ea584781cd3730e34c195b88a46044101ca95ddd88ce36f0208,1,1
666ebd496a38bb8ace2cf6f68c4d1720fb5a4272c1c158de91a8a4a5891a0ec2,1,1
585080eb5b061f9100940b06a15b0fb713b673ff608228be7bdf7dea169682d3,1,1
261ae293ca9012c6776bb0d30d3f1910245beb713ec7e815df56d3b1789fda0f,1,1
3bc1f69e7e01db8576be61af8a48f679eda48e004b2ad2cb7355027d05c65605,1,1
a0947f0b036dc4890ddf3900b9f706a43d4d83bf198538ff1c98db333e1cbf4b,1,1
7ad7387845eb39037947f3901841ecd442265659714d6ef2f473ca09e4e701e8,1,1
2a6d04893d14e147b78b0851e0575a576a3983c5a1e38bfadb4bfeb24725516a,1,1
d79d217fd508cb14cb6b5c9767061fb03a43e1dc206f0db57804c96b6d28252f,1,1
7a24e1ecee9576e99b431b1c28cb332d6d0e2d12f8dcfa7d6c50a0f10721bcce,1,1
0fbf3828b1fda9dfa7c94b020bbbd6e42558c2fa5a5a2421ed1e4f6607e40de0,1,1
e89b4761a789de2e210b38d1189b4c0da45af8fba218b87f3efc39390693bb09,1,1
a06aecfdd99564d52c8c0c6889aec2680d5e013a24ab09a3239363ef8cc96048,1,1
eab5111d25110e9813383aa8031a3a670aeee142e07525d41da5a2fa2a81064d,1,1
50eb19049019f78a5e0381e48ffe58020f36ab7a98f1b4b3c83e78aed3376c0b,1,1
c62d0c6b17215586cae218e30663686390fbbd3f52d79ff23e1c377510fbff1e,1,1
835935a2a053c2d2b02765dd936c082a9ef11d7147f59fd3ac6e68c81c4eace0,1,1
839433088d5faf1893ae058c4d9039b7a2e6c404b5cc8d18ad67a572f0eef1a5,1,1
8b3fa8fa59fe9988ddab88f253f263c97274083baf8b87f089373148b5af1a9d,1,1
70680c17b243196b98083dc4f11996ae399cb9bee110b4f2807d149114a4bf8c,1,0
075312ac617cbcea397717559cc3f380ae61618a0d06b6e553efde780e1cec2f,1,1
8cb5b69ec752e8651462a1a67f7814d94fdf0feedbff33852afe6f06c2c1144c,1,1
d214abf8b16c99fdee4bec1468fb285eb44da3ac6d95ddad2e8d224361a0867b,1,1
f7ade5540b2887f0ea16d041fd4e1fc126257f92bd1a2c71f49cd39eae44ab44,1,1
c938c5e969066d0d429f9005a433fa5122dd49e32f87bfb77e8affb9d3b09504,1,1
abca5f70652bc6bdf14f6ea2fab4306ffa0f73508a6e38990380e8cbfa59a53f,1,1
bf79596e0dbbb5bec4d582255994483a06c8ec6f91cf22b89c9d942bbafd0c7b,1,1
5a265d5a1318b9f6f0232374049f801b3d71d4ff3996254cea35606dfbec8769,1,1
f9795bc61059747e3abb942de896253bdb240d221bceb9be89382c29053d1be9,1,1
9d12b73da48b8231b5326900c697e76330b7a5de72d4ff7ddee7cd070b3e0e64,1,1
d3560455c8edc6d3a877a298e79a31688051df9f60505340eb9c09b2a626dc46,1,1
188a223db3ee2818bbfa3ebafc968a298ffe71d74359c367d93e91665a1c1595,1,1
bc79aeb8730c7481459c54ab1005931e8fb2b6933059e1079ff9928cb15603d5,1,1
d0b96e237a50657e93fb922a82fdb8c114281ef16c0c6ec4a3d88af7e1f42dd6,1,0
c58fec5aa6bcdea6c0dae4f4cc9b476d4380bab5796b878aedc070707ac256d7,1,1
cb9ec3aeffab214222612568b41684278868c47a49c29f953648abee58321c86,1,1
386dee2a145a172d2e62506f10ccb22a191a5c5c70beeb8985e2b4f10e448f98,1,0
5a342156992916d237f53a12295fb377f767fef54f85f47e1a1a58f6b6075c41,1,0
1eaed41b93e4bc23a004b33d70909ea41647bac207e537bed4912d537e128e8b,1,1
7cb59dbd501a02204939f700f07b69e7d31d9a1e5de0ca73a3a7e877d4aff6d6,1,1
f814f995b0c1450fd063a22576d15480e066cd85894f5245b571fba0a22bb9e3,1,1
72ce6518f3c9d18d532b8d8d39d761afe3557f356381859d9125445ab0880950,1,1
8d9f6d8102592ad094b014b9ca1e8523db288043edb10d33167646459d5d3327,1,1
53974d8bbbb043de44afa8f3b2c5c9bd7ba9ff950a27729f0e87d2b356d254e6,1,1
2244276f8bcedbf8ef93f8acd0737740fb88da13a93c9b6a7d6cb093e4688caa,1,1
af236839412afd8ffd4fbdae810d1afe04f796957b00d007b9becf60babb2e41,1,1
7e7574c8c3fe19e467d44f9378a31523368487ee1e0108ebf9860d0a5f4fc42b,1,0
4f087c4ea984c2ac8d4deb1c3b53dbb742f93aef28fa1725fad449fe81bc4cff,1,1
ac9bd8a97520a63da815b53a217472f1f4c70f2d7e393e32fa31e16bd0500973,1,1
7ff82d3b13258241f0115f9f947e40027f1b7724afec30fa865e44d1f5be907a,1,1
4b8a6a3ee6320b4b29d8ed5e08b114ce9576778fc4deebabc928a8143812e351,1,1
6c5c2848f2ae39032d2810f27ebfb5ae1245de1d38f45df1a736ae102d583b96,1,1
d03f257fccaea24f38a9e57f1b4a42b37dca46d92867184e7f47634d76686a5f,1,1
b8e3ad27b75e17c6fb89fc7bd8cdbc4535afa98fd7b4a7d55f8a972825753aa8,1,1
f5d7ccdc834e3157456e22c14dad250912655682adcb2cc17416bae7780da27f,1,1
eb3eb5c297fa47d767cbf36bdc8bff58bb2ec57b4536259dce72b20609709f99,1,1
6eb08cf99b241be74a09ea7a85ed79ea9d0a28c3c0848b0bdad24e4da85db2f0,1,1
9c84f93d4cef374d940b225a8546cf014729910fe6cbff5069d810aee7d2f991,1,1
de8e7b2dc4089e9abbf14a01bef02e29982a6a5279a72868158f0815ef1b4297,1,1
3d3fcf118b035039b31d3152568508cec5672dc10f5df312a638c3a2022b6888,1,1
861bb8ab4f50d74e5f82f7641ba1a1b6ba6aa51fe1b3bf1da5c94197e044ea6f,1,1
9ad634d5153a2e4d4a2e52966c6fe74b606778004632b00259b22f77a021faaf,1,1
30909f1b990de8780085d5dabf571c3b861629a8c661be4aba9e12d7324448fd,1,1
64cd942b598e2721bc315d919e572bd5fe24249781e82c6c68f25df0e549af6a,1,1
e4a78cec02ef8455caa232fcba5ff2957bd181319295f41f7900dad230d27c45,1,0
4103fb0b00fc6c9596530648ce019b5824e2afd022d09a8c8744683ff3622853,1,1
ef469df0844da12e4eff1655c3cb1c61365dafe452c598ffdba7ff07057ba8c6,1,1
2030ee9b7391ef146f6a39d76538726595e6133a179e3c3832e07fc5c7b2d35b,1,1
70d6e1645807488c3c9f280911e2646735952a344950b0fa01f683a4945e8e1a,1,0
215e34d05ca6dbc0718c77ae17ae2792f8c36551ce9bc53afafef3854105138f,1,1
764b000f4828ea88fca189036bfc11da47fe7f05549232400ace1c07adb72816,1,1
e662cfb9087272a08219f5e8ff771bc719375966efff41db1208f2e2087b45f5,1,1
583aab21b70a51a2e1018bca449eb0b96f103f9c772a9eed197131fe549a63ad,1,1
001ba3070074c84733e6c9446ac8badbf43f31e8cb6f94dde4a00b190cdf7e3d,1,1
50959940353dea496ad2dff3ec3f3bd63628201592480bf2227d4ec9bc679919,1,1
51384782f489d9499e6552f6e80184ca859ab1d5c313df3df260b4ec7fa72abe,1,1
00cd50d8b021f78ba79af4c9f7e4994099b2473a787c7fee13d46f186d2af58e,1,1
a223c6c54c113df2e8928fc15691a2774cf03d4d2df4ecd228f4d72aea2a21fa,1,1
3e041ed1f2729915e3bea09bc11efe72a8a1bb122c3c2ca62a9046c05d96fccd,1,1
fa3ad854c55ba7b8a017241b3e5f5e2b7d2dcdb3b5d2c3a3d106aa07352d9d11,1,1
d7ca4e0fe536ce937521666cdeab2733d8a42ff25ab94bce8652c53166e178ad,1,1
833cde2a6da07b602c1af3cb010e2484449a6c94b03f102c000cf404373fb8b7,1,1
68c05fa1128d81f7e80dd1817a1d9cfae1c4377e5343d25f03e06baec85118ce,1,1
fdae0edc411f8697363fed885841c5515b99186ac8370ac403b0591b77466923,1,1
b3b12191ab8cc7077ac5c9de727e9f7df2836909849896cdae71cf5a492b66c8,1,1
40972f9d3b3fc3e4d6bf01dad97bc50e22c2ed9ce7ee957d74a96f75d69d0f5d,1,1
c0c2873475425b09573dd390e3bad893ee8e9eae5f234aaf2258d2d417d45b87,1,1
986a84c7aab883d78e6bf35be0b67d100890b2da9d747ec0522fbd7e16440d45,1,1
f68befc6c3a60087ad9131866e4100e97404986094e2ab945d723971b7709d82,1,1
9f07f1fb5a41c51bb9e5f732f8a965f8734b045e8b9ed5c5669886df842e77f4,1,1
9e4ab5e125100cc31fdb18bb08b7a77fe1ce77922fdf2402ac54695b25b6c8bc,1,1
fedfd675542372ae148d61740b753eaa60278d8a5e80d6e1555eae9de9f0f066,1,1
85ea2753223d2975eb4f508be5e52b03ce0e6b386f0046a93601de043f2e18a7,1,1
2e17e9a1f9af569bbce43a254ea1bb488b3a7202e3444bb210ae738b394e672c,1,1
1b659f21c47e4078b1b701ecb03a90a2807a0886d5fa97eb6275128fd970f1f0,1,1
e354c9426e2776a6c6f2bdf5c9d4a34492118ff5777515554aa0a2de03301e87,1,1
40cdaa043bfb2454ced4177794ead5c6cd16409a880985f54e74aeb62f51fb2e,1,1
67ffe7af9024ab45b45ec51a9c45d30f277d9a9aaead29070c5e4daa73f72994,1,0
897f7cab0c0807a79d7e7be4ec00be1005141beeaf8996bb2711b79e69dbfa2e,1,1
f794e02e5bf9e1cb3968b9fb480b33e3f1d6258c190ec46b930b454ecee4eb5b,1,1
29aafe39098c96b18b67d07dcf81cefdd26b15d22d5f995c01bfbd9819d3cf6c,1,1
31cbdcac374c75ee7929e07eb13807cf7312319ed2dd543aea7ed9559ba34e9d,1,1
e5071b51b3933f6da2f89ad4f8fcb23c2f13557f7e582e01b30d9326ff1f8eeb,1,1
1f036a66168fd75120217121cb210f54f32b9b31aa5769bcb530652652935cf1,1,1
343cac21e9e3620c4b3b0d1fa78e57458c6c8e89983efd0d7cdc2a99cbc1da14,1,1
f675a66756c1fc713d9719d2b3780c69414264e6f2bdf9ebb1762a34dd66a943,1,1
32128d402ee16306b5039da9d7fc245a8c8a9056098294e054ff5551701e0b84,1,1
e3ce610df323b7bd94c3b8e4814e78756f071b2e3466a605010c08fcbbf305fc,1,1
d2d4c6fc67df9f277a18450601f151e44f0676db1fa07556a69c3edb37a9389d,1,1
c4e8d5387dc887ce4084ef1546c881c52287b9bc4660b9f776c82dfcd0722082,1,1
72d1fa848529060021e7254253cdf039c2a20fd431f3dd097d6d9fd8ccada4ba,1,1
0bc79b525f03eb9a7d5222e08c52ddfdc3b4e5d491fc86ffe5ba82ef1d4f2af6,1,1
b2622e4eaead455f4c6f16723a3f987c4f231f11e2dfe125f8bf62bbbbd99df0,1,1
1d51758fdb2dc2be3c3c53062da08b41996fa7e93fa51c7d123b30529b93e033,1,1
de9848861f2067bd2609b0099c15ce8aa2ad45168ab9f50ff4e6da4a0ecf58c5,1,1
12cff8847447a7118f7e64a734295e5b134c935eb5515ef75173ba77a0fa08cd,1,1
5fbe7362e9a3c3a5e8ae2054cdc6e939cbc6cc0cbad8fa729ab516fa568d9b78,1,1
b63b09bf4946e2e53cc87d0a80e3b6a454ea9fa23ff76abebcd64f653175a476,1,1
ece26f05de8176be57c08cad8031ca4a1778618b25237ca618af378b101db0af,1,1
335a6762ce640d0567bd1772852cf6cfe14628260cb829dd9e760ba426d73d06,1,1
df1cb663b467eef56584b9cf7d70d071de084f750352126b118f95f2306430c0,1,1
7cd8ddec714fdafecdfe93aa376d2766ecc0ae45b2737003b99d6d871208aa03,1,1
968f9eda1d71123ad8d8d312bdd339e5077d056be101366c9afd26cb7da7e6bf,1,1
17aa127b52df1baf54dbe8befcb476d595cc32b954958fabcbc807cd20951adf,1,1
c6e80a1b03b1edeac7ff8658a6a8d4352b9d4eec21a86a2719cd20d34e53831b,1,1
9039c944cc5b932e9a0561c0d3e3fc541b16d9652819dce8613548d6d885aaa6,1,1
c5363afa1d8afd6d38cc0ae02a98f2926d5597397cdc91659c087f1e4bf3c87a,1,1
7f2de2b197173d5004fa6ecf9cd99f28708dffd82d3b0d878d2a4c1d1861f302,1,1
9b401fa130b1bab219e58f5cddb38797536469a4d551da5a1e47495e917622b7,1,1
2b7a2c93df61076b69e91dddc9b0215c80485a411c18248da0339674d5ab9535,1,1
b5bb2190c757c3a5d57e77df49ac0234d4a8dab8c2ed19a59530529e85c5df66,1,1
1ea809bad0b7700f04b3b90c9984610776bfb96f5f8fbdde53bfd8bee07eb81e,1,1
7a5bd862c07e2f98d2ec77a1aacf358d1cb8276cf8fef2fd5cbb56ac9a0967dd,1,1
528cdcf63ab9a3107d92bfcece2e1a1366027c03664e2430dab5af511b9b7e44,1,1
57a908203f11b2a26b803998413b4ec2bc04a07546da5fc4ffc40aea1799ea4c,1,1
58b43aea8d9c1b8b2d6a22a5b47f366a2816849636d0988861d5a06b327da59c,1,1
67a8ff88997d4ebebd7c18e1c4529a3bbf0de68b948af51763c3ef7020b39e42,1,1
59b79271bd4f5346016e58be0709451ff8556a8d3f89fb805074b974bfb58a10,1,1
eaecd89505d4e08067b7fd6600121a37c978b8b51defe274aa35aabd95bf0c42,1,1
efe62116a27945a5ecfba3700fa028414d3f966b7caeb2809c64ed2138352811,1,0
3c4398576b14d1e1d12e2fbc815e9bd8dab72b9faa02c2dfe740c6c109b21141,1,1
818adaa47bc7a2083be982b68e8c1c8c67bcfd0d064d4813f0df554657d3c375,1,1
65e3d764deaf524db8d81de9a5e727280ceec212fd7e9a3de28c864c85c3e259,1,0
69bbc84f25f423ceac51f03947f0f04612a9219e8d18ea98dbeaa87e203d041f,1,0
595891e2232649456ce26794873e4bf2625d31a530ad5e9678a91f3890295ab2,1,1
a973c59528a0094f86cdb35311c8347f639cfa9e18aa3db02991e87a333b1681,1,1
29c6c72824811168ad7fb7779dd68c0ebd78227f9e6758fbdc3e35f1ac582a14,1,1
1449e73c9f0975be465582a5083135bcb574744c0549083e43ec81028edc8559,1,1
edeb8625d50b8b2a6d9cacaa37f583454a7ebd895931fbb42f7749e20905f39c,1,1
355d5b01c4945227f289b389fc04f8cf4cd580928a950cd821c47da3f2a5f668,1,1
443994a45ccb32a93ed0230e896b178784f83013cec8699e2333a30b1c758df3,1,1
ed206b514ad8ee7a0bd57e99a8f7ad7e248b9c856a018a5904f44cdacc96d67a,1,0
ad720d05614ce1d6fda75731ac2da7ac03e4552761b8b54ecfff0fbcb4b8baad,1,1
6f06aa8e246cf4040d94214299494f5de982b6adc7f658b1b7242617f998a059,1,1
e73800a93bad262af27e116891c5dee53bbe2fe250bca0cd4d405df312158d32,1,1
695e58a3a79ff03a430bfc879611aa76a00c92ed73f997eaea8a7cde2121d098,1,1
73605e5c6b8c03295b1aff53c7850c75e128083264439bcc05a2499b8aa9bfd0,1,1
5195642eb04c7dccca93dad0dbef96d860136d3a399319b8d50825ba4d137670,1,0
4470508ca15baf683fdb634816446ec4f53bc3b5b2a70783e3c8465750f64ddf,1,1
5098cc85e0abdc3aabdc60502e93cf617f5ab226b9d4dc4b29c0003442f1bc16,1,1
1545c26ce73b078536fcbb539f1bf984966915cd141addca54e1c2adb972d5b3,1,1
295fd4303b45cf10f7f40ede25de6b7ca8ccecef65369657d41b295bf9f8475a,1,1
a12fadf39dc8b9eb7e1e840aa01ea68ec2e5b6e1726dd54fd50968a44d5583d0,1,1
fd7bc274f0a89e6fed318ab7bdc0cd436623ddc1d851efb3bcd15060e8dbd41a,1,1
2282d8aec261547b23c1ed6b73547f4395d1c7f09c4477a6e40564a0dddb0a95,1,1
bfccc02bba3d9486c1f1ba49da5a7893f0a0da7f0ea349db0597a346cfa612d9,1,1
44fa350984eb74d9f5e56c2502074b05e29ac98fd1cae3cf46249c45bbf9dab9,1,1
4e1ee71fdf6ac9aead4c5ae6caf8a1d3bedffb69ec627ece8f18ca4fc0997a1a,1,1
0f467c25831755fce25e8f8c24c74c84843bff2212c762bae54aa545f934e7e8,1,1
f01592bcf3633f0b97265079f82f04158dbe1f8972deee52cc850d915e141901,1,1
98c13f0bfef1d5bbd06d0b4f83795a0b0b7c87bedb128dbe08632ccf184f2c42,1,1
0c2eee767b41d2fbdbb81d24d532d330a516b7f5d5f2995a01dae0cde2b3ef47,1,1
b6636aca1a4a1bb5d4bf303397fd7ff533212f647e82becd48b65e646d52851d,1,1
df28f0eb23e061782f3d38d5bb7c0d6cd4d511984381de6a1845959ba14ae5b9,1,1
8fc29967278bcd2406020c8fb4767760c387adf80268e7fe4f6cf2660f6b346a,1,1
ef7ccbf11391fe58ef1e8bc84217d14121f29593adb9baf9e2a84ea9bd3236d2,1,1
415b8879d670786d62b919200edf9fde30bfbff6fe4a4388d6c93eb13113a2f0,1,1
82490d3bf505d7a1bd971d4be2d1bc438852e5e0a72192dc0aaa5d0255b0aa9a,1,1
f87dc4cf280e2f6a9ef988f52d2cd736f2798e217fb1e96043ae4c51c85df1f4,1,1
12f7555ce4b73ed575964ae2af5a95c506b85d75c501374e2cf722eb8080baa3,1,0
d6375aabc5cba487295ed147897aa553f1ceb998b578cf05f1e28db691a3d4f2,1,1
5690a763093cb5c67b3a1b6630cc80a7298d7ba5d2ed8a263a0993aa84989ae0,1,1
09f3ab12b34e020f04a1f28b67f27b4e304d70d6a7f81c5658339d5756774eb5,1,1
78567dda32f19bc57458840976908a57493ee52845d907b6430b8f583a33d6e6,1,1
e3ae710ac81f45d5d0d7d42cf49bf09afdddd53d01aace47a9c306cc62f6a19d,1,1
71258046a0af36cfb61e01709c20764d3e15ecfa056fec1d0fd7e617d15b88f5,1,1
90f201d909d59cc4e0a8250666ad9c92a7836c9cb646d39439f1714b13259166,1,1
04ce177483f43757f90e7e3067860dad72c3580fe08b9da4cd5aab6bb11ad5c5,1,1
c8bc7db28052dffb36636524e02f43ccd15c170e6e9cd8f9dec913f0e715eef6,1,1
3212e1c124e5703fef55432259d44031e6c3c50d53b8cdd0b76de0d19a4d711f,1,1
461d23eabc8b2910cc285cf64b99f2ec7f23f65279c4b6a3d314fae39bbb4bd9,1,1
1c08d06f81b2cedb95a1194ecfcf03b566a7adb84cdfaf24c9f03477a5fb9e87,1,1
a42bf5ae5fc8f095128ee60e954aa68d7fe5458b1af27be53a360424e4be9441,1,0
a81794b722039c7927cb8049e88933d04522096ae5fabc3266081138eeb5aca2,1,1
b50be448f453f8683b70b3a48a52a7fa8874822bd894333697e0ba2da2dcf8b9,1,1
34eea8f6e191b2d0a07d08eed47eac5af05829061f25732f58627b71bccbaae7,1,1
7da42c571e2eb25302116f16cbd82762c2c2723e5786778d5da1c394c948cd42,1,1
a744c901af1f774283093404d3be112d94dab8ea7a41c58abc0cd14cafba8ea5,1,1
c950395695ba9b2141f8047468d4eacbaff341b089e6f91cc6489dc4f363fc7c,1,0
0b825311b37a71c90f3f171562fa7d72ef57d27dc9fab347fc78551090f0105f,1,1
ffc0f2e8cd404b409ad9c57fe45aa0c3db5bf0446f5f27fb5539def7c605a6ce,1,1
bae1d9da4e3992fbe58db8fdad0360a860e453becfc697af2e98613d7933f59d,1,1
a5ad02ac8d4abfd459acff9952906568bce7ae3b707c8257022e6697953d0cdc,1,1
0ef25f60ba8fddc6569ec0548bd857e41a1b7b1cb4fb828fbe3179b8dfe8eb47,1,1
78ae00dffc644c8dc365c7350e22c432abfd6d7a9caa271fb14684f0bd098456,1,1
f1ad08a2c60981a7a61dd915db3c44823eb1f0a8a18d8973aec98ef05faf2b0f,1,1
bfc780d7afc6e1b633132b75256e1f0b4054ce17d19e4a4462401f84cdddf25b,1,1
f05932e68085c1ddc7b0e8392105d2bcb3e8581f385a83d206f30324cf5fa4f6,1,1
a32c55eede3b9a043b6ddfe6780a9e7651409a7326e20be0d0f0fd3153f09fa4,1,1
d25e30c48be3fbcc91060f6978c48c9fa999601db4354e5b3d1b29088dedf9ad,1,1
922596066b188827407206efc226c58babd3a6b89108f8e9d3067259a9a24612,1,1
8ce77f520a33fe2d9f5c9a691081d85202ff2572c2a144c07ef895be8f016ca6,1,1
facc2bbe703261f6e664ec5b0475ae5f580796f2c25865a81f192738e5b6f697,1,1
208cd124c32f9cd163577d5ed982b9885cedc99f3c8b653482ae849e415ff42b,1,1
948b8d6481cd7f773dd9bf221c5a0ec845afb12f24dee48a409025ce3e8794ad,1,1
8dd39464d7d41b9ed80f83a69195a9446dd5e7db5f7e2bc5ff746bce33eeef5c,1,1
07de24b9a85d6694209e898c27e317bb550a4036be98242f4687606e1ffd8759,1,1
0d79946071735c238a8dd82305cfdf499a4d789cdbff90852346399d8ee52949,1,1
377a3fb13733f359398136a6336b0a6e43b7a140bfe4493abd41ac08dfe8449d,1,1
5ac3344ff7a4c9485c38eece448603e84593babb597ebb30b4df16f527c3ab1b,1,1
b201ef1c688bd43c283715f209112e9c7bb603048ac416a976fa3269312f98a8,1,1
60c0603cee455391d4d340f2b188e42f555f18a86c9bf852690878749eca5e91,1,1
1bd9e46845d40b84ba37b60a5beca431560038831982a45d23ef0f096d6c7736,1,1
e68ff4c6e53d87131a18efd31227ef78c59e4ea9b124a45d4585011d13e7045f,1,1
0474b9603025171ed5069d7de412df2526543c0f86a3d4eb63ce84c8321207aa,1,0
273cf38ba985ae478282e82551db7f60262ba3d1881fa202abb5744453fa4600,1,1
972476e3b4644d465c182e6d662ddaf79a2b01c288b16b4fbd3e2c83dd8b94fc,1,1
192cc7c47758f6d70b3c05ee9eead0deb164871722d44823e2e8a964d9d833b7,1,1
d1aee380d35a6804b26e246f77d9c4364446d6bb19c9d263dc42c4b809cef524,1,1
7542b9e8e9fbe24a4527ba92480f5be801934b2745edda838a6d5a495e05f84a,1,1
0eae1136720e962799c6939c3b7398e9806d066f5814fbd324ed8ebbbec3d504,1,1
4bc9a1aa3abc6de035c706b8b15b1cac22d73d522a22bfd41b40d49241374260,1,1
ba70e8b5785111190921ee8dd7fff3678939192e86c757311a8765362dde4d42,1,1
776850360b2830ac6efb09db602f9740ec1fcdf6726d804ff59299e40638b5dc,1,1
4aaf0d3246fa3177359f817e93903227c7d9331ce104ddcd65ffbb02838808bb,1,0
6de75de0ff559e3f1e1973cd37aa93c7209b0f6fb24fbf10400057773cad2002,1,1
5c7f7f73bd336001d365e762855a76165b49bb27b8726f91a6498845c5c3a101,1,1
ddb1a5a055bd07befdfced2ebf0c31b2899f7ede63905aa3870b556b2fd69af9,1,1
49e48282abf2b18e72a373be246a082eee352affb94416cb882548f00eded936,1,1
475db2beca993ace20c411fa6d22ded6ef6f859490a4121edd5fbb94b4b2e102,1,1
20268b6a4027eb5d0a36ab082ac26f4c490d00d01e3136385dca8053dce7c4f4,1,1
603aa95ce48e814127a60dd8a0a7963b6a7c987cc9b0272db4c28b83f5b97061,1,1
92eed96df5fc769a46f4db413e09f7e983604421ead5c816ce1a8457aa9deaf7,1,1
e2ff73aff0ec7ce018ea94be3473d0ac570896e1f2a40c23a34daf3f6649fe7d,1,1
cb44a6468d4cd5e254c7845424432e2517fe53b62d0c274292ed0449af19e2c6,1,1
f09c1c9570e49b728b14b19278f7a48a05f6a23ec7a660687e8a848f2507ded9,1,1
f8f361690593c58ed93bc5acfa3a64bc609d21baee084f4fd6726051a1be854b,1,1
84b648358f82bc4371ef85fc9d143ee72af870a882d95b1c8c95e0545c506d2c,1,1
05d2c5f07a11e10cb619d1bcee49bdc40f96babd96448f54018e7d4bdeb19ec3,1,1
91d882c2565452ed30c586af01c881c659798789baff34a7947482fdcec8fbe0,1,1
51197e147a058e65bc4e72ee8622d938ba2ecc7fafc3db747f1a3551683a1dd1,1,1
f434f5cd25c93ec812da1930fe56871965877f9227f8240d0da75110c9c29eb3,1,1
6d6bc679007e6bd5b7c80278b11842ad8f19e000e5d768d44cf4b1d040be3f91,1,1
4bcb18cf45fb7b065748a0d8b56ad7a046fb6023a6125f6a456c8b54b2733de5,1,1
44de4a88f9016f585272c306b653741913b7348afcc6b0d4229add9b3e5dc2a4,1,1
7785a3ed5919dcac8ba46503eaf173cf1f368202a3c04fa17bb6fff196069bbb,1,1
364527e2a1ec78285e38c4160161bdd7756a15dd1d1717b2b24e1129c357ec82,1,0
c091623d5f868699da314985f372c9fae51578a8b457d12ecb838bd351572576,1,1
cc5ebc9daf9a8a203e74695b64deaa8249e9cf25f7aa244717d4f20b98767cff,1,1
093483de5a543a6c50775b489ac9b2f90bd5c034fe1f3dc90944d3c270427629,1,1
ec060b8943d96a07de517c29e572bf1adba71706af4680b0c9443a807792a952,1,1
d64531b6488adf67605ea3e66ebea79ca0faf29c9275a0244ea2e7dd903424ad,1,1
ccd540ba5b6a422bbced746f991a4c731cabfa52fd5cfc7af9dcc411087a9507,1,1
8db8121f6462a708b77c964b3c4b90e0515ffa28b0203cf7fac19f9fe1a6bc12,1,1
ed1f94718c9ecf4f8cce66ba138b1452c313b6ac0357363dbeb8d48262d2794e,1,1
fde6594e6ea61d7b8ab10f65ee77ec266c8021c43c39b38254b2a2f4e0b88617,1,1
78d9db98fe721814da3a8011878d722b3f3184b4083469d63374c865cfe2a8f9,1,1
870e0d003bf901f5bb8744e953f16bd4a69e56bd44c9c29e8b08419674b1417d,1,1
cbfd536f8afffbcb4f21f95df3b1fd18c607d0d8ce9b3147fcc6ad61d0cac2d2,1,1
f365f4dc2b9f0b50f9416fe17bfa9b16b59684c692a13aac717cc1e761f39763,1,1
df933124b7d129edfdb1579e1b51abd0d495ce32cdfab52ff2223a934efbb31a,1,1
6b250553e5964cb281f2c722f7d7f7265222c056cde3ab67e06e2c93af206fe1,1,1
d6a7f30cd8d85b52e6ae4d9b7c8f7a063606ec2c8d8d07dd33e64dfabc589d2c,1,1
6dc668ce60068661d73c52300ddd9e336412fde21b6ac4b6c75dbcc3f3ac4d18,1,1
b808abec28996127754f232422e336dee5518b09318dfe01850c638897dc5ecd,1,1
2e8710596ff30e34471d3dd7646dc7fd236521e2fd0998b70728dd9646d4fee0,1,1
890346961251a1bbc34413819d98834c972c4e64c31dd9965088c9411445484f,1,1
2f3147fbca922bd847a60400637a78be9117a0cc170bd3d881f918b992f2f225,1,1
b70a7fd65cbe4fbe406ee11a999569027d7c352a9339b3c2292bfc7c4c214d5b,1,1
59f5d6e73fab52835cd44eac309f0b48884bed2189f8a0de5e8e1d79f3077181,1,1
e39afd6a8620274be39a7151168d2ca54d49ac0f37a06115652ef9e9c865f642,1,1
ee7abf0a3510bf96c03b928003d6c6486927cb50451829bbc1ebafb88ade0d83,1,1
77f6e413255282961f60f31b07ca19b019564c98cc4d98c6ef7407395404b9f4,1,1
2290ce01cc8be49f8bb72cc1b5aa7a64e3d290c851399af852a75482d138cd64,1,1
eb2733f8ff01683298d8feeefe1e77c7c4d48ed0c788a09e81688391bbcc38e7,1,0
dcfea4948aec99637324523bc20829cecb3848e1eda9c6bd7591f2ea4557e6b3,1,1
f73d060da6ec9063732117756359c7f8d6f4121855c8a0e3ef796c2f20472ede,1,1
43249562d98df891d8df10ceccf121157acd1b396caa6e7830c4db31758e5bba,1,1
d17f0a4fd63a329ab93d7efcbc2d5c2c7468564a83f26e10a554f10843ad03e3,1,1
17f9a62abac8e4351a931bbc2bd46bd4920eb1283a6269f3307dfbf8adfd9294,1,0
8b3f3e82fb486dcb755c1b6983f0a9bd7eb9ff587515fb0ddfc4e30216b8ebdf,1,1
06c59414ee3822c288992b9cc091c931cd136c4f6391a1aa33d61aa8bfaee0d6,1,1
6c470761d628e866e7e7c603b05ec573b298c857d5f5abd83fc003e8f375aeb0,1,1
5457e3761cd9db3cf20d4a2ca61746e8af7d109282a564e3789f94dcee6914a5,1,1
f3fec31c81aab3bc25eaa670c61982d88c76155d22c3923c7e84cec6c588bc5c,1,1
7c82f618527940e85f3b8399a0338c33ef1042f5bb728132ee7abdc1fce69795,1,1
30faac9ad9fbe1fd227683425c1846306e8f23bdb1adf9d4ecfb9b1247666b6c,1,1
f1936ddbccdccf428bb9e42134132ad1a253f06db065ea6c1969fc3f24e4933d,1,1
8e5fb57a7aeeed06cb12461b682e5bb675447f0efafaac98176494fe3377ad92,1,1
de73c4108a8ccf8ffcb3c3ce5d53158b98c0e1faeb7c6d6f8f871401ce863809,1,1
3349779411a2ddc638069e7d864e6977ce800f7f157af325fe8ac0072a9d4d46,1,1
20f69edc7b848201b63f05b8e8bbb4cafad8eeb2f57eb927bc4af94e298fbd74,1,1
35bc4bfd41c2e82fc0e4c64b10c372c87c77484a287e1c76b27b0dfaf2b1b0ae,1,1
cc788a11f30da34d79699535830f7ceb898987ba169ebc81366b0b0387cfa78a,1,1
544b48a6805783d8707d08891ab789b70f3c2783f8d771b33aae8c8eaa9aa781,1,1
b73ce3a27e2f8b2439846e8780e77a5d4303869948a7826a18b1325fb6d63045,1,1
2d455383939859f9548f520737286eba53b7f8d1bd9776bb35f9db4f10c16b0a,1,1
b7d78be3ba3292845527ab35e300b6b885724eea1a86ca32a40e8e5a6c91b77b,1,1
4c0ab0d5bc7d2afc8e9e35c33731e7ca35fb275c45ae4c8afcf7724fa85cc12f,1,1
e963ac5d8b6d551427d73a02e9e4681734337bf0a1281b3b106005000fe4b4c2,1,1
e599f726bd1052ce7f4414ff2b7ce1ac71129e4b7aa590aa779e0d91efec37eb,1,1
87f2c1c6b67d2845f00007a82395beea1a65763771a5e04a1fc9e9447daf3118,1,1
b10ff5366a160c755782eb8eb9e4093e24617eeac3a05e42d3e8f4d06c34f692,1,1
c63b574e61dcb36581d5f99111b3dd4dba13688c801358dd99da75a9845befbe,1,1
79e6ef10d18f2272bf4fe54304fdefb68a870754a8a83b16ad957366b867f7d5,1,1
8c409387a48cab09e791ad5f3db208162bc18a179ef0689a9935415548f3b0da,1,1
7bf2e9b0de6da9b6587ff79f655eab9d3f046b423450d8c0b6a048c112be92a6,1,1
d1e3092efc881c5c66dded8b2f1db6818018c6d46cb2cffba08b8973d1f98209,1,1
d56a73d4ecd33b59eae594e5b084bd3ecae4a20d60f2c7b97577129ff8ef3f61,1,1
82af2fb9c4aaba16d8cb9642e5dc83470dfba56dfffe99ea8afaae254bc4537f,1,1
7c6fb2b44284e6b2ab94470dff930e45cc3e51b1583e1f0b1153cef1933db57e,1,1
583fb30e1bf67daad8aa09b15c86193e06cc1725242f0c8941da42f1d5b96894,1,1
7f6f799c6c78bbd333a029b39531a2423153ae08827c17a40888881191287bdc,1,1
ffd1ef40367a937748fcd470fe0ee95456d439184ba9a36009c1c0c2fadbef70,1,1
3154207c3ffa8705637529658067a9d9d232f884fdde3247f060c2ea35164dec,1,1
0e437b9d6560c2a9481f74dad55e86598187371c635e7edb06fdc38100c4fabd,1,1
4361943733fe454bb59d56698693f931540ef575015201167ddc0bcff4331566,1,1
0f51edf42dc07316489c4d672f77d5d89cacf3358d612056cb2314afd825b4db,1,1
3d861b8a235c8c516999ef919833f55bf1c2e874440f7789dd1cc0aecad20473,1,1
448094deecf7dd48bc940786dcab0b5c91d49aa9a5be3e800c274f787abe966d,1,1
ea4a26fe865fab7186ea397384fcfa2d3cd9ad3bc5b72bc4625cafc9c68e27db,1,1
99cf4d0358c9318bd7e992830ad2dbad2de433d8dbce13cb9c89ff295f788295,1,0
bd5a1e9d6436a30fc4f9b7630cf02d8e773f662d32ddfff9c8f1e5b62fc8e9ea,1,1
597b0f2a283a6bb88c2fea8ee22e0fdbe260cc6ae082595df37431ee0e268702,1,1
e4e2f20175e43e64c15baf65f5dda7bad24b495fa476fe9d8a635b4fea7550b8,1,1
14882ce0df076ed44ec3ac9d60e0fa07e60017d9f545f6316b22a41528660e00,1,1
8202099607822533454061d859542f5f5eb7c5079043887e11df01553bd7c057,1,1
589f97b5274971457a5401829a10ed58dfd48e455f8c25d7782bfa466793f814,1,1
18e7a55abcf964d498945a8dc7b5f86c4fed5ef6153b480a5bc07fa973695c8f,1,1
2933d77bea7d55775cf737db830094495bbe526ad768db7a4cb8c81e7bbbcc2a,1,1
41d3b1ac76943d60bb64bd990bec776cce3b256deaf766be69a0bf9304e79f12,1,1
e997a9c3271cb6bfc4b517b76e0eab5174ea6290d96080bc81b4d5a19856eda2,1,1
cdbd56bbfc8c6b9f9a080927ba0dc44deedad15dc6a054eb0affd8e6a4bf3976,1,1
ee3c59303e86738fddb1a06954179f1f6c7496a55bd284e1e87d099114a88a22,1,1
257177027acb038837a03a99ca89565885850286ddc88e991dff9d9a32457fcd,1,1
df9873cb2a2fc670720561becd84e0e3385b61eac3ce2e9fdc9ad63f0c313693,1,1
dc5e8dd1528458d434f2e7b39979c01206564bb5d06713651df0a159b282fadd,1,1
f6d10a2d734ad9208316f1dae2b3ce576b6f512c5f160e035c4e0a463dddd3c9,1,1
78c92b9afc1211b69dea5a0f442676346b007c084abea11da6637f590b40b09d,1,1
7f6302498dec9fbc9e0fb23878acef312422e5e6af56f77d86027203b329ab3e,1,1
866bae64be634a04f3bd11fb777b02e05cfdf5087d10a2e467b7a6a673fe96bc,1,1
009ad583888cb97b1b53d406e5465146ac8926da2edf019322eeec05dbf77ffb,1,1
43c5373c870a867889dab3480c4a56781982053b269448d0f8f0798dda30f798,1,1
38d4b3311d7d47509a70b16f16e79079eca6e57392192e605fdc89483c674b88,1,1
d0a76176998a59800059b42a46b9af005a986a5abbd12183912b22092ca79295,1,1
b01b04c9ae68d67e785cfe8f3133172a5e51e57862c91642030503b35e8e93df,1,1
df2d63d30daa2513032adc80c90103fdd1b072e1bb433082364db3a0b93b73d0,1,0
1d216b663b2c5e1a84724fb10ab7922bdf9482d3624298bf0456541d7160b4d9,1,1
23f058a48e7301ecfca5483ccde7707cfa281662dcb77600247d718e22892daa,1,1
6086ec8cf41504a6194ead79c581e57519950836b2d55c8fda3fd39f2d3b8a69,1,1
5faeeccb55f45f737bdc83b157f461dcb3e4570818416095850ce22b7879158a,1,1
ec083276cf8c666971d86e6abb12526031a9d86660f99bc8a6892434cebcdcd1,1,1
2f296db29047b8dbaaf8b15e9e4be7f6a7da35f9040e9788cfba619afa8b6903,1,1
7d70c22946bbef04e36a9a1339aeb2408a9a305dbf5c5f026c70c43494349da8,1,1
20e96f05c1869e21cda57831471f9ff5ca56cb9f4295eaacd47c5c229b8751c9,1,1
9d13b1e2f794710e2e364e0598f3ef9aa6f344bba44b83940d8e18af18a16eb4,1,1
15a36fb85c2a86e76af4e6d62128588c56b7e5125a3c7f6c3d66a4cdf8ef8c5f,1,1
25699a6c70d1efd9d93ff3f5d3313a9e32108f110a38b0c7c9c417da9c590524,1,1
9a03b4c24cd70041bbd9ff5aa049dac399346d4abe7bd20e8e7e8eeb4484139c,1,1
ad2fe175d2b973ea6e5e1cacdadc8e31306d66ba4de9fac42e9508935c5f6a3d,1,1
f8a1a8ee7fbdc65e8565723f4bdade9290090c867574e17905c236181787ce31,1,1
8cfde288d49b2c9d088585b448de4874bba84de5a6466d002df57901943ff8f3,1,1
0622cbdcbf0fa8e1a7d64723ed2bb730efbf87f88450061f981f042d9bed0f21,1,1
01d267f7b3d22cb6159255e1aac253e2c7c23d1e658c20bf13a4b9602d109378,1,1
03da9b32b509ecb7a7852eb69a1f7d7ad7200175d829974acd482d14c3be062e,1,1
59abb5db2463a8c366727e553e6503997fd3563e649da7762f13d6e2634ffb22,1,1
549c4045f8cf317e6f6d7b70c427f075b832ed633ade0169767f44e7946c3f33,1,1
f817a66ff11b0b11f10357a8d22ee1b52e313db68c39cec7f48859b5ed135190,1,1
3262f995c5caed63d7b1e6f31e252e0fb0a093588f002271cb89bdaaeb228308,1,1
487c892cd3a7019b4316fc227653a38a38cfc9d2d22200a4864588f9d0da6c70,1,1
c5f0b4cdf3fd016949298659a175933b4173579961823529b8b993180d6f054d,1,1
c10b781e4f5fbc7175b4860565630ff88e00da8c46d5efab9c9a58fb04f1354f,1,1
2d7478c6a7e82839443141e7d500fac8cfdd105c25b034096f01ebd6bdda35b7,1,1
0e015045256da0d104bafd0311a6305651a604f523ebb92a761d9d5538f96802,1,1
479d23b3051e503a79838e113cdd37e62fba546036a1595e65abf72df27cc422,1,1
cdcb91df8de6f59eb47db97e2c6b5acc045b8dca586c3c912476cd18a65ee133,1,1
f22d58ed966b9ae3dcf6d37aa3d0d2dba2a09d85cc21f8edf0ea5fe7b5965efe,1,1
507ee257a5f57b90f01c944929e5a680039779c961162364fe64020570243ca9,1,1
b27d8ae5cae87a09021d34f533e75d4e09eff04b1cbe2de08f20ff7f3c0763b2,1,1
4a2e9602e633a33bfb5a95658b740ac4499dfec7d03ed55d3709e12001fec624,1,1
f5e0cd4bc09ef1b1679d4eed129b6ee684a15cc306213715195665c5b8c0fb4f,1,1
07e286c9669671b83cd1567c18e529b4b1ec7a01c3fbf38607371b5b2a48c036,1,1
18a3563daf0a5a0262e6c1e65cc42c5b23dc608e5de321b3d76f54828551a71b,1,1
9c65f63b1d67ebc24f1fbcf2874533b5ff5522221a252675a37611f6389425a5,1,1
c2193a73a153ff65f0b45408b24cfaf1ebafb68c0e88565e402ce7422db5c2ec,1,1
c91fe892aa87a6cc758000470d8ef5e35c47fd40ed9ef723fa6a2e8f89e5c7ef,1,1
17601045a5308ab6df83843e61688bcbea2ad4ec9a6108bff942a79ebd4d5be6,1,1
d8548951a3964d6cd1d0f4bc7215896ade17f1828b80d9a0aad3edf03ae13c50,1,1
af77621edaec5bb07156d0949a8e2a8bac7683ca04dbdc396b2d0d55fb19e640,1,1
cd5df8994b7498b2a71093c01937ade7231c601b9a586e0384a08d2efaa33c62,1,1
b73d97236a715db6d566b3e499e3485ef587407c4d0f15dc546253ffa50e0301,1,1
f6675d5505d4d7b8bb84733f2ea8833280d15ebbd6822d0fae677ee6d81a3233,1,1
ad6f0372e0ac4feb56dd2a15ad8be237bf522d7dc132d4eb882647e7010d46e8,1,1
884756ea32b401f3f732a4886ce9ba77c51611e8a3cdad84bca1e4d7f2f7af10,1,1
0fad39a297f3bc478edd665335afbad5f751b539c6785ddd368d44f2abcb84bd,1,1
3f4e47f6d1c82231aef6e37f82b8d694b3c124775546f7bdfe655ab6bb0b041d,1,1
57cce619075e868c4b67b48f3b420f0043ad398754ad95b55e5a2d89651d0d6a,1,1
ba3c4f7d8ecd25191758117692963495f2cf81bb430dc3a943be10030589d508,1,1
5c2a0d1055a182020a5c66b22253a4dde3dc38a0e916384b366be4acb0501a81,1,1
6b424fd9dd032caaab3f7efce74d5dad38c070df4f0d9b22b535ecae7744208e,1,1
8d101a050119e80f25a7356794630c0e9b87f6bce52c770f4cd039874c5d520b,1,1
cbea263e97b3c1249a677faff84e7a80dc8eeae8c740510fe2ad36999211bc11,1,1
45b9768ae17a0afe07ca686b91d74b0c2aa4d668c151bec438d115d3c79c0e60,1,1
592b6943eb00a862d8afe2b559c6858e18cd1621d434c81691a467a3b382f76f,1,1
491646de354b8a09bee3e95495df0d6bfe5537f35e6ff3452a3326d933491ab8,1,1
d0f23b56fbfb1e385c18f9b56284b21ddefc600501da811c64b9c5334cee8b43,1,1
ccaf9418536a2c62c74a8473668b7c28c481071015b88f62125e72320bb6909e,1,1
f1b475ef339ca88f0c4a608eb319fae6307f65c265c5a7486db0896c135d5cf9,1,1
531f6066d900714bb54b1945d839e988dc9171b5e215f39eea6c9c1f39d73e12,1,1
5718bd476391406b69ca8308859b93f530fd8bea4a1ce30f928d636fcf3fdd51,1,1
836beebe7f85b7b2712de698ba1f8d571694db42d35ff847978d0c0f36f29e24,1,1
a36812687d90b5500be311e03b14d455a978e9ffbb64ff706dfa4185ec9bf166,1,1
9b712dbfd5254391d40b2490c152ea716428edb8c86cb2095368f0088bad9c68,1,1
dda79bebca21479de1897105149ea5bbf6ea9d514a7dc260de5d750316ccce34,1,1
020a216e826e9502c3c1582ad832859d5e342e9ca03c32d026714571c30ac935,1,1
bb8fdc47f4652875754950dc786a959ffda717f6be3e0eb2148edee74f77b370,1,1
4678b8cc0e2e06d4a3e49b6924dda6a735e917579013ba29c103329114a54728,1,1
084ac7620f08ca03f496e1d54f0448b3a8fab9be0a4a7315772ac08ef7bf52ef,1,0
b0f72800fd80596729e95d6da4ff5a99af482741870b914ab0e5c978bfafc555,1,1
47869b23ae45132e4ee79ebec432499290ab4bcdf57a92013f668c0c9358247d,1,1
f9827d2a1cc9d25053ee6424e46146a5adc110460295896bdb0a7f884d84029c,1,1
725e7bebf65983fed968c442bdd6ee7faf74c370c1a2197e08ee4db035478403,1,1
8b65eb138c08673353833f1d7679c21f25a38c34cce339cc07291e757c51589d,1,1
64c502a4787a9668dac7be08ad37df3accc28167600f0daadc6ce696414be70a,1,1
037373d992e689755a089c2e80e6656cac73d1361b90ee1a2a6fb8c52d2aaa7d,1,1
245f9a67cb6973d01815b592ca5a4cafa06eb36da7de2c3d384e27ae90369fb9,1,1
685d0ff5342e13622357cef659c2fc4a2d6ff61c503d0f1cb2273f64191b7550,1,1
0598a98ff730cbe75692124e1188b64aca0c95a5f4ac2d5c5517318f77ea81ea,1,1
738bbd7f78fc9cbdd0641e6192a55d2380878af7a71e3ee080ca674dff1c094f,1,1
40c24be22ac70b95256b97d5407577f9c571fa79e601ae490f3248efc0caaabc,1,1
7de5df5d098443290dbe590de7833f478ded830150dfeac9015882514b14f554,1,1
bf2df64ed0d11e625b88096e68dad9e0abe7ab88971799d3311d23c4735ffa7f,1,1
aa3912ec5f486f74dd5e1e47b25096ab700ef9be6ebf5205ca2764601cb8d51e,1,1
cf2d03a98bfedc21cad2929e0a68336c18a968b1d0c455557a4212da902a1c95,1,1
be8d42b49dddcf2423034fac6a8cc2e91c04f4991ae39476d7845524f6cae171,1,1
a3683ac5a03e1ff10870c9ad7a9b830a03191fd9022645fd215e419c9416cbf9,1,1
58fb2183e39ff7926cc9d2597e10cb123fa74e8f4978a40eae18cae28293171c,1,1
4e2df656130eec2531b81792ba858b3c00104f9f53a8b0a8814a29dcc7124623,1,1
4256ae8d4378413dec03a00f5ecc95f9536c456af7889a76a2c749ebfd68bde5,1,1
3ab57d9f39cd74eb5d6858d053050d21c5a829a44f718cf45f021e3822cf1108,1,1
73cc56ddffd6868704a7b40f1be9db47fb48d6b17979ed2fdae6413045130224,1,1
edbc079b294a340cb51f2c18833d044ff273f343240f481c86a1bfc7ceec80a5,1,1
e72f623523486ff358e98d9b0b3420f844c5de8d603e77f3f2071801b3ada384,1,1
dc35c99edcba4d80b4f6987f150d80b060469867bd5db64ff1da64deeb4bf95f,1,1
ae753b252608deba0710845b088f4b5cc1c243246d314b2ab1d0d4f716c5e6bc,1,1
f24cbc5769a7da3671d4a73e9883415c3410bfd02a32a83500f3b0a83be37e81,1,1
2bf1954ecac9723ab8250f9bc96beb09a37938379f0f9f0b5e463f4d95253a6b,1,1
ce64e28cb36191da6eb6a9c7a3366e9f105d2d4f5afb1fa1b0c83c9dbddab16c,1,1
a4d1953babc0bf6a8fd5eb4c80208daf28a67ec587ca2305d25d029bb1baf4d5,1,1
0ef09af9e52ed40daa1aef033e0936ecd21736d43a8ba11fd8d55dc25e8c67a0,1,1
f05c2d9fd82d4b7be77348ac7c976fc6ba3b289808dd17a7a348552177cebc4c,1,1
810ce8eba2311dea9ca003c699021c4bd401205f01b4009910c7e01fe20c3d5a,1,1
0d495eaa22b8b2292caaa38c45aff7a5144f59e92be07b2e8cf14df3dc4537d3,1,1
aead7a6b3eed08ecdd9c7807c324b0db26a3651a7944aab0bd700e92ddf63e0c,1,1
ff7cac4b1263a2b5a7109212119c33785677529d8d6b266aa98ba1a88385e4c6,1,1
5bf317ccacda9cb29bd38b828916a134fec01db6d06550ea8811c571a520768a,1,1
63a95480d6ad305013f245e2ea167ec8036842db6de2d7097b6bf22bc1c13aad,1,1
29c8ba0484d97667f277c7694e6bedd18f4b0058d194469ba4c050b603fdd327,1,1
8778c25eaab7a3c8b56cb6c560d436ffd548c1e2be6b0cac072c3504661f6970,1,0
ebdc94e28fec4b3ab0676808eb509795d863b264ffee2b58e6fb0c10225a96a3,1,1
9a290f802cabe1a3a2a03d241bb745aaea939e90c91d73516e73ec6453ec461e,1,1
e7b5a5d91eda2a2e006e6e33ccb675e5a5dd5f585dbd79a97e332ee103c3e3ee,1,1
a454049f89be36537c7c67ae79b767d095f6e29488aca530542386e485366755,1,1
c593886341c8f8240f1589da3b7ece45de2c14ecb4dadf9d59aed9718371e4a2,1,1
fbf30cecfbc18d80221d46cd444ff1186a63edba36e54216d71419a769cc16bd,1,1
c696d13b40c7eb549fa0680dbf6c1e7df8594cc7fde0d50a1e8908ffe6e9d248,1,1
736e24cacf7def40ce392703547b1d6d262d634efef0b578919e88fb5a682d7a,1,1
d5820a67074d35115b07921afc7dbc250932690a9768c328a248fcf532aaa97a,1,1
4dfa482f1d0b183b2b431c29fbce7105a46027df67b31f4b181abd7efb199af1,1,1
81a506315f4825752d3a025c3acccc7c2a44561a08f9d7a2e141762770c873de,1,1
8efb9dc16d173a01c9f0b27d4d16f24871f8f9f24cd8bab49cee5364cbdf998b,1,1
912ac350c6dc5c9b95df8bea9c19891e4930b26836ec7f7ff9e9df470180162d,1,1
d97c7b38b8c56202ee2450324be42170b968effd6abc91a7d7b4d810fbe2f732,1,1
d0b51aa90b37c5dbb85398de0e14aab6f7ebf35e8d4683a41630c7c6cbd4f1a6,1,1
866c21100e87afb909131f42caeccd0c35975e89e9a1f1882971b11897b2a3f7,1,1
e4c9552be977c77c7efc31a6d1d4fc5710846cb6e81295e9ef780fc9d34476b1,1,1
65c2f8c23f6184ba975ab80d864696957af19a0d03a68558ccf9d2e5a80ac36f,1,1
ef80377bf7f0abea8e8f65a429b30cc2190ce88e1f43ad1b5445aef6259f8917,1,1
03d5de61e999c18864f4fbcff1834529d10f4e964921887caaf1eeec0fe81717,1,1
12bbb0f84486023c073fc253955737b50f39922ae6d2471becf95e5993be0169,1,1
2b0ef5af4ccebb472b2fbd6137257f390ea659eda5e2a41db39d575bdce0c9b0,1,1
69ea37d4078dc3069eb60609cdc2ffec363aa5ab5993704b08b1e3fdeb3fdc64,1,1
893644b54d670e9f05a432311b025a15f4dad0618b5052dfa504d4fe2a335aad,1,1
c857c5e3cc6656fb57b1696edc008bfdd4983ec80b0c56e5aa6d8f92ed9eff29,1,1
8484784a9f518e59384a54e47005a1a486628325e496bbc5fb5de9deb7a66c82,1,1
0267880d981f7a986b221c40ea8c19cb92571a92921807f2b41988d0904be75b,1,1
dbe3228a24cd13770e5b44b6d1474f194365535d249400746d2177fd1af3cd60,1,1
ee42883db7826f9d7665e0f77788ea241704129763b1cdc5b6a3096139244e13,1,1
d4ffab787bf6d6e6584eba1e49338b03a31e9c5bf0859a767ae7fa510610b862,1,1
fca2db44ad03171a153b90df086feecd9e5efcef366e7381083c10bace0c6071,1,1
0c75923fdfd63508d6c9b70b47faa67590dbe637160d8134475d50c5bf831476,1,1
93adec78e46b21b2ba3ff96b943332899a06e8d03b18345a3513f02e9e08d94f,1,0
3f80c19b7bbc62b5285ef5a99df27873115ca130ec75a9fbec15cc898de4347e,1,1
31b5480725472166dba1fd083facfb83fbe54a1d48ed04812c771fbf0e6e7a3c,1,1
d4b96ef984feae2beb172fafa32e71db1a53166a152fae2c6fc34455a94baf62,1,1
bd769294d9720606eaf08f425469a3b62fa34f52f24b9b515e54999117838283,1,1
81d873b5e7c6cb87a49b66ce22b32319e0e9027f04575fe790b58a1ad1eebb7e,1,1
9f726df96c4eda72a48138abe699f68be2c3bfa3c0efe4e83751d180aafcc176,1,1
94c44c7d6144078b215bddb08d30058c5c2c944e16077e15bd9c9fdb59a6b6f8,1,1
43900ed8f6d59036b21bd80b59fe7243ba890c112fa065da5e2697769b5c1838,1,1
6ec87af5e447ef8e5051ff521c0c3fa1f7a2cf2f859b56b5f858bc6fbc9ef85f,1,1
835ef06b85dc192f80fa03996cf98ee8bb4e41ec9bea0561e88d9ca9ec0d6933,1,1
30173da27e037876cad0d40a3470ccd1b178d19fc90f62186986cdf2ca0ebd76,1,1
5c55439196e128500d281df7f90eab8ef9de80fbe0641c07f3534ca04db2668f,1,1
c8c740203fe6eeb8b55e23825612a9b7becb55869f81e3ca34b238c277b56c61,1,0
ac64a791299d9ad4ed38b93960f705a1b5bd99ba97f561c1c6561032fb4a62a1,1,1
786b6ed7c5350a06729f33583519a16b38ce9bf4157ece4655be819432789273,1,1
c4f48cecba8e43252b34ee72df6dd6626d84177fd415978be77786f9c54b0d8f,1,1
a38ac42e576e3ffb1cbfc799e3c6576af879e97e064799bc81936d60c212661f,1,1
061d0e713a1ddc933abaa59a4352ffbbb42f8e02d132538ebc0007b26f889885,1,1
b91aa1b4aa6ff8d6d698ee9984bbfcf65d9557ace8050252e78edebcde6c4034,1,1
a81dce01ae6d8c50e43b2ab9195081bbe3564cb0b4376d43fa169a7c3ff26662,1,1
7ae421967c68b88f3f55cee2b5b84e8005a0031047165b2e6f002500a51d50d4,1,1
3163a5d21cd14771bac0cb422e1fb715748f69df95b626494dfdfc03973ee83a,1,1
616164486d2cf8abc53b7237335b7830e7b6bf2ac8c46058a8cda736e34a8c52,1,1
b6c50c8b24cc548eaa2f9f090933149835091ec787ada6314fd4a1f0dd603b7c,1,0
704f324f89807b431aaf9defed37ee575ac3924a44dd5aa5a54484ba80278672,1,1
ad9591cd24eee9b75bd70d40ea7028c5be532a093938cf97560168987f1fc316,1,1
aa42b7200526a8b9bea3dc83e2f1dd9a5263799aeeb4efaf8fbf581b2f4685a7,1,1
70d21ba0ed4cbc8ba987a14f6d2a12dfe8c1e3602997bea85f6fc5e66134a969,1,1
1162d5f9fa1986d2ce684279866869d3071f9dcc0254618b3676943873748a47,1,1
cd29b97fb9282b151015d11a17796495710e24b3052830ea9bb6cfca48fc69d6,1,1
502e96e3c33f2285a23c020093c733c401afe3013042912fd15bba833e1dbdd9,1,1
d51c08ede4d574f9e1525a63dd3eba76fec4a60fbde4ef37e521a07480209ae4,1,1
dcdb5a8aa4b05a3e903cf778acf9fabe2d6d17c7d91a900fc24671da0141a56d,1,1
688cdf726bb7f9adf477309fc4a11d444ca7d35e5ebfdacaf72e6c82610dbfab,1,1
4691f12875a3f8597707a71e4e549e7f8b715a74bf840987300e262db4f48dab,1,1
15194dc2214337395c12da824f5cf49b18d9457353df78f823ac2c978e7d3b68,1,1
5da91fb717e73e6020041d7c184c2afacaafb02879e636258cbdf548adb94e27,1,1
dfc85cf6a4306d7d1ff3befb1ce19a346eb59881bbbde304375f06193bd9ad2a,1,1
4b4f5537772069fe04b67c0f3393fc709f23c7c0db27c9f064486cb0c6a91cb0,1,1
34bef378932f56672b665ce37838e5e229de1f44bbf51da366592d71c4725a1b,1,1
25bc8c425cf5b040338f805460287490e6a25dc7a0f6f96fc107df276e24f932,1,1
103cc61d69eb5a826fdab8b1c8bdca270c1cf9886d390fcb7a2912997d239948,1,1
b2a27c2d08dc1985b5dd538e6fc71f6df64ad45bbb72517b6058ca2a54a6b93d,1,1
33239b57dae7765b1d679e16efedaeb62f53e87b0b516a0bf82f3b97fdb7823f,1,1
715e2c1d53a3cf726b53dee5e696b090503151e761868181a2a9f01bdf5a7bfe,1,1
d53d1c1f003a7b64299732557aa4ddac837ca139465a4c5859881aa8dbfa04e7,1,1
2ab2815171a7374a79e4b455aa26186e6b3028084cdbfb503bf92ad2fa89eea5,1,1
eace78c4952eaee56b42412b9d25a64980ac4a6d0c3736ca276a632d904885c6,1,1
2d05337694d3522db9c2a16d2f692b836e3ca6d570fe3b5de51158a4250fc39a,1,1
1f4c1f4d84eae9024a714f6b0b61f3029c2cc634015ff464382e68607b971c96,1,1
b64497692b9cc6bda451200871f513b22a34cad3f601cc609d9d19ec8d0d9bd1,1,1
392b951b86360e665569e94bbe07858a04729cae1a83824ca9134e8390acbddd,1,1
9c6dcd2419f985319a895cb31acf867db1f5e9cc9be62be641e74bf8fec65721,1,1
fb006b462f848a27ce0caf0720184bfe0d95050471f71e90958fb7c05ce369c7,1,1
1d00a83428612c4621cfcb30f42cfb365124b6c6b57d7890e46bae58e6c19b2a,1,1
6180cebe0595b2fc042700fd5bf997e3a236f6afcf54f12eacfc7953689ed54a,1,1
f07a6b5c0f68329010e8c6843e4d9f88b3cd384341f5b8a5f28261418b59ce4c,1,1
858b286e374b4b061235e9c8f1784056b6dba0d9feea532f79d7c122aa994458,1,1
cbe25fe5f92309fab6cd8dcf37ba8363feac5bbcf1609b0cb7d6b79ca4aa8230,1,1
6310b3b45926afe78151c2978f38963c5219de99101c24ebda2a91bee489494f,1,1
ae8090882837753e4bfc686dba5e87665b5bcf79f1411a69df8b5e709481d138,1,1
e30d2da67c9843248a18466955cdbb4c53567ce4d682af59a03e52318c73ca19,1,1
c887129d1a80b12be230843f83460428b945dc0ed0bec9b78ec7baa21a14b786,1,1
a8aec31a30e197546557b7a0c47338fdc6a3ec0b272bc6c75979c3ffd3bb48bf,1,1
62054cb1e40e5616cc91f3f5a468a679680b5a64d6362ec632350e9b689fc06a,1,1
25f1a2179a8baa947bef843d6a7d5856957c3e170c7a47b85f9f4dbbb01e1617,1,1
16e4137bb894fd819598dae6c51c45e5af7ad88d69606d2a365b8d0310c37216,1,1
f89f212180bc0d8a16bd6d4a30f4db4d029b8c70139027897956bd1763cb8350,1,1
79138add4d27e1c510b3c44e405f0fadedc9f2d45fc6c70364b570ce8530813e,1,1
197e05fe232aaff5e5ac0211c08e42a229f0fa6ff0843b2362f80eb34726ceb0,1,1
8fba904434ef6f50a2a52be42b3b1b70c58a5398a9ca92bfa47d65d78d3cb6f7,1,1
fd9302a4408eb4650d72d4201e8af9a1a00046348bb8dccfd8b779f32fe2b09f,1,1
3e37d1583a381b87cc9a67beed303a1a67a1e3a062a22effd17ac67cdb8980bb,1,1
8885da88da8821f47127aafe575d1019acfb12a06d1b4f2085270069ff78ac69,1,1
338aa561b8fcaa61a2f202d8b7c929a12526d2fbc9c2df1e546d6502a4749af4,1,1
25c6b257ba2c8d0652d04b6d2ef7c58e8a0ee7e1e99a4cf7bf14a6d74fa43a1c,1,1
25b4a1a68cc89749eed54302deb495883ab0a627cc7c8111c4404cc6b7250e94,1,1
d2c6ffbdb3454746544cbd7d0730f951187f7040e08c423afbbd24b425cb33a6,1,1
e6e9682c240992def9a18b9882d6cbad27e90d1abaeefb9450f74d14ed94935f,1,1
51e610c0b5f98fbc9a2ee3b433fd59c0fea38e9c87d280a0146d8fec01796ef7,1,1
17da346607e71225378805d2483f1ace066f40da1e68d55159e3d1ba49731763,1,1
0c1492f8767324ec56c6870c4007cc484140f6b8d3039323bca69095527391aa,1,1
563ab0586d197f3f9ceb7808c6711a83c73403450b9dc3baa1b18b1da64bf7a9,1,1
8b805f0be3d623d3b2ab044ea2c891c2ff897b79caedb09d5822c7ef9751dda4,1,1
b6081ca63a795a0799584ce49a1816362bf9368928bb446da89a93f1d0115ee0,1,1
08c9e41cede018df6396ccd96e29f89bee0efe692ca94d69bd1138a4ca48f32d,1,1
2df5fc36a17ad890db9ed0077ef4d44519605101529ae7f2041f2baacf0a7d23,1,1
c85bb49b7d0de86a81bf0404a65babca3b1b5eb6240b8a5549bf01ce5de9e6f2,1,1
17e2ad6cf19f84718bd5ab03b260655c50eed13e1e6c13b3bd44921259413565,1,1
0d1c2f713901b1bfca281bea0a63490282c05dbe50ab762f80f78d01563ab44d,1,0
b1eb194dcf447d1146148359e5ab2ae3d84f3f98f91ddd10cbf4153a52775336,1,1
acf7006195ef089f8e0a0e65b2d4dbc2694d727a63fc3386db206a9b9005ea1e,1,1
61db05cb071830549e2f9ccf4f22351d2301985112bffa91064d65f10ec891c0,1,1
a12a32db29bb15ed4bf094f558d04ca830c57b8da7ba24aff6d1adb062988dbb,1,1
56bde9f1a28bc83d1abb48a9b5f091a40bb19cf923ddbcb60e1f5824ff032989,1,1
528c43370e4a1ce72aa52a47663196de703d688dfdceff72bb89af152dc8fd68,1,1
f3e7173c42f41538d9aebfbbab12a33429f4f8201ee0136aee840a3d14be8163,1,1
716cbe938a45fc445d57ba6a671ebe71e9c53389c05ee3540f9c564c9ba74a65,1,1
e4b8fbf0bab3c7e309547d2cd8ffff50fd9ed24184c82cf90d290425008d7179,1,1
7bdfc36a490c5754b998017d03dc32b7b9412d0211fb2d8a6bcbc210f41b91e5,1,1
34c778d069eba3beb05295186fedafb94f58ec9156f0c05356455ef9b3551b2b,1,1
16185edec5407af1ad104974e61f328cf4ffa02e7851f5e857c0c59abfc57c93,1,1
1bc69a8c74f93557062950bef1dddb6df73090ea5b6069710a59d8e750df7f81,1,1
e4c6d389d1e02a31d3a90002af6bdcdf6a0df67178e10f0b9b535f87ca66d9b6,1,1
90241ba481bcfbf6e379f3d48b874ff595acafe9b2b4a4218b8ee4efc9c3b5d4,1,1
83a6d100929faea5cc32f655ed978707c276d077be30d0d71eecec5f1b39101f,1,1
9a614181e26ccdcfce7cc903e767fde5af5a04ab4a766f09b8cee821ed7b366e,1,1
10a9e5c41d950e867f07a8ca40f3180630cb0210e87a2007001a142aa23647c0,1,1
846067dcc17f613a33e9068542db322434dbf9f88470376dcad60c93fc264df7,1,1
ee49ae9b8c64f73c03ece616803d23261a7f00f81666da914dbbbdee181a4531,1,1
d499565f6a334a891cfbff121b49aee4f687e231d450becda450413c4fd838fd,1,1
7b2b486c9bd8920e395b97bc2f643d326a8f1591cd9c6d50c0d642a6e162768e,1,1
3f4c2ab8276ffae516728e5805aaad4ecd765e43218633e897afc69862227987,1,1
e6e561c54068552311d432fce958f109583eef04d022356f1d28f0756158f92e,1,1
d18e6c9a32e503b910bd76d8665ab997c02bee7e3bc5e9328fb977c064e42304,1,1
7987c61a068b964f277753af5d2b37a4085eb777eb6a30cefbaeb82134d2df4f,1,1
6243d0ec6f909b67e5c08d0044aada65c7d9c6f20608dbdfe60aad5a2c81278a,1,1
36e00e2303671987d6b1d255e87d75bd4adc555b65ff62fdc5598932179502d6,1,1
128ac0a8a5a1e3b8a6a0d51082b4c30ac586e0995e543306f184aaefb0ceb5a2,1,1
8378f225e2653a62ed3a867897bc5a691e905976cc38a3cc64357a290a7c829b,1,1
f8fb5862011b9bcd28e97baa5ace0ab9977fb114ab42817983e595c4944c8e0f,1,1
9c81d7fdf8463b0b654234d5f7971141dc5bcb8c3f006512df59873bed41f66c,1,1
bc08c3cc4b2e4250e6c2fafd68d80d3f74437184c5c6c3333010d784ef872903,1,1
b2f6d2e5eb4932cebf71b1397101174c2bea7d123d4d334b4504d0a2a82c8044,1,1
153f6b41301a4cda2666658dfb53e08ab3329fee39d1e9aee903f93c6f2676b6,1,1
07e13fc60b23c84c1d960b41f7ccd50ab4ca9393effa46637b28ca49587a7e05,1,1
c8ec7d5a49a66d521f5229b36f1f40c8b73c961f1c7afe97135fb56bf179a1c1,1,1
feedc0e440729fa371b26cc50fcf1e510f4b0371f0e138df116fd827dc917a75,1,0
22d7f1abae4a114cfb00c5db7c9bf86266074ed6f917f0042c7c4431b2d5db91,1,0
deacdd168d6f1e068de538ef6241c4e3623c3411aa69b0c34de4c1db7393c6c4,1,1
faed3679aff97ab0db0fc19b28bbe07d0b9d7432066898ce3df847765089c7e6,1,1
63da6fbd87cd0945c2b0d8f8b9530221460b2bff2007719d8aa88821477a59dd,1,1
d5ec146749ba60482d97359d0a7999e41d5196f1955b8854935c426342d5d008,1,1
9a96e2c42cea525eb780291bc93e4c3fd4b9b2011c8d6d32ffbd53f8b090eaa5,1,1
a927dd3069a2fc05c04740218869b58416b135997cd3b16cf1bea8f6d266f569,1,1
3a411946539a305de1029831923eea521f84b0c54ce4a0e5c5ccd86307301620,1,1
22c0620dff342eb360f94827e79e37f415fb2fd859809cc0d5fc6382d529b74f,1,1
03af91300d917ecb606ca8841efd4f361588b47c7dd80c03db3e72e420c61aab,1,1
e895ecce7543b8fd9cc4989f5fddbb372612762cb86515a1b05b5e8040653048,1,1
6e03f31dc5744c43c5b3e2a7f664bf6ea485973392acd129ffca49e01d50517b,1,1
33a90c82992a2d73bf3eaad3ad8ced8d62d4c5c2838b30d87890dfcc3bc7902f,1,1
cc3664243fa4a943286bb0e7fef8792efeaedf2265bf69f7af9dbbd610d5e0bd,1,1
b2546a5853c949e17b762f36f0e137bba97940bcf01ba68dddee1cdd9a4ddf95,1,1
9080fa29b7653e381431035846e2b608730815d91100b3f85e8e320335093a60,1,1
681894d7b95553733b461af63ad020fb5371dd7a002c4a7c8492ad259a4a2b77,1,1
eb4d7ff4d3da5ca4912892b510517e2b899dfb35c6d0de75314e570bc021b7f2,1,1
9b525fa0ab01a51aa9862522c9388c2895f5090cea128480e02b3c63f430fffb,1,1
c1508dc885302ffa04394643788328d9f41e54a4ffb5ebc3c7a0c1443a7aee1b,1,1
e866739343fd4f171ccc0cfebc599a8e91f8b878516834a87e1f3d3c3a8bf017,1,1
666ad9d402ab074273b8fc5a972625d4d53d4d677b145bd04d9a61dfafd58249,1,1
c1f30f3c2bfcf130892ca7057c5c63a451f2390d4c15d40562de2da779e5ca04,1,1
b84d2471659ee73b0c0765ded217b6fb721a5bce00ab555ca83b9e9374c9eee8,1,1
d4f1b153320b4f3a7ad6b00d93ec7843c509c09703d1e476ac4137dd4b8ad960,1,1
e5eec537f5223cd8297a6c4b036e272cedf30e2ad398a3e9eb1e52320cc0b702,1,1
0a134df6a3f0755b9a57127b9e279861415ed19fd424176dfcf01f4b9dfe51db,1,1
fbba295620371c143642aae8343993d4a0c70b982db4088e31670bed50a7dc97,1,1
624ae34055045d11255d0657abe911d90b8f156b0287c5bbb2e21280e5f7c1e8,1,1
c4397a286ee497bb8c1646de7e0c440139a71fc3bfe1d4cd6c822a8882bc0c93,1,1
086b8b9f938dadd13890fcbef9ee8b05e0df62edda6113bfbfb99151ca039fcd,1,1
2b760bc65a7ec17d81dbffaacea4faf7b26aa4248a3fab9e6d4d6cfa3468fcac,1,1
e444b8dbfc5b4b406f249bd2be0a1c28b89fbeca11948b8c918202af1cd25f90,1,0
29e5a505c65bc595de3f11b434c8d0779575b7421aa11a4df3b7dd65e4648bca,1,1
3aa6b5596af04830cb1254b99ffcb97ea50ce52854702fa6daf0537a794a7301,1,1
e948fa4c7b874b0189e634ea7c02a2ae6a7b323bb2b428031280a73dba13b498,1,1
f12955737dbaed1221ded8c300f2ae3641d385713a03e64dcfc54500561ef1b3,1,1
8ae0f98c679142c89eb4b9fe9a718818a1d4b4b34eea59301ba81ce0a6f4379f,1,1
c86ef52799803ce2c38949e790d71d542514909b83bcfb4a9c5400e105389b63,1,1
9e99104bf1eb1e6d6d7e925653768bab1e3aa628dd8818ff810704f2b293d2ff,1,0
95c8cce961b841f5ede7c48489d7240240666442fd2bc4284fb69ade74fd6457,1,1
60b82ffcb825b61f7fcbfeabff7057c6acc0eb3f20153f173e631fe37d725b01,1,1
fd140bcbeb38eecdd128bd5e76661181f9c78abaf46a2b1fc5a5bc9509a24ac1,1,1
af4ddbf318aa64dc9bab87fbca43f8fff78acb9022de0c299c4702d8df4fbb54,1,1
02430d14b7b46ddd54f51c2042c1ceaf0de7138449b3bece86b97304b1801218,1,1
54e3d522ae9bfc83eb91a553d6900b1e246e5a35bec3953d0e95993bb8635fc7,1,1
284744f16b055abc8fe42bd875bd634df190691a851cbdb92115d3486892dab1,1,1
db609ba187cb81f514e91ee0df51b5ec1862bcf3a9078fd49ac37c0e0c5297af,1,1
ff57ab1af07aa7fe3b64d54777b3bc3926558935bbf1270c71f2b91f698e1752,1,1
a1575f602ae2ddc119668a46124c08ec147c3e7a085eebc2e7ccd9db77c14883,1,1
1d8ae20e779544832c645cc1eb61e741b69c4699b982dcb1f133d581d8aa7c99,1,1
3bbc270e8fb89bd33e998769dfa5ee11b9529a18af0afeba68600eda7e4cf12a,1,1
fb7aa81aa04e270a81ae6553b8592b043a79fd45fc42abacbc75199b0a014c07,1,0
65f11fc1f68a7effc399e8ba7031baea05ec38864183c8f852d10c1085848da7,1,1
14e4a56b88e1ffdbd09f79a5b367a1575e046098796bd508279666462297d18a,1,1
90c4563fdc22843a2a4b0f566d581c4b6263c3dd39153190c2c66cbe71a9ebe4,1,1
d54a7062c49d28cfee5a649cc5c72be3f8f3c5981e055c664b7d94f5353a63c0,1,1
cbd303337fd3a4f9713c2a47a368a0b8d5c8192ed9fef390fcd37eb5c613177e,1,1
4b27359709b5aad119ebb7cacbd8be330e96dca3483a047e7ba17cf28bbaff2d,1,1
1bce75d77758cdefd6c8fef672b4f2a7d28861315b8084dd2b70d23fd728edb2,1,1
b2154b40bba6abc87d39e48e94db517e7518c015fe54031332a15e4b2f8caa55,1,1
567e821a205470bfb81b4bc918dc4353e7d75e839cda75806673cea9bc83e93c,1,1
ce195b12977713d1fa2e088713a766afa44fad532c1fed64b56f1940821b2843,1,1
8a728dd97edce166dacf89403cb98fe9496c34f876fd242d7f1ad1a93919a091,1,1
1ec466d61918df6f2e0cd8b15e1058e997cee6f56ae343569682e74f9f79f3cd,1,1
eabd1e95513c663ddf3846af0a325d2a9a3af78b47977b7215c39574a44e093c,1,1
0e5123cc20fab02b4d3ca51dac133fa9aae017b1d44a5859b6e63ee1a3733265,1,1
66eb94fd4a193c86f8c20f5cd7b02d0d82148b0ba5ddcf25173dd5bab8fd1bb5,1,1
2294a18f45bcaa6591338f93fe47bab02da1875558e6c22581dc829a4b0d74b4,1,1
49368341e48f100bb13414425ee5d8d506af987b1233899f5d600d00b5d7e8f2,1,1
2c315be56ed02629ee3cff090f26f7bfffa60bc5e2fb7f63957a9c8eb718a156,1,1
76ba1943c47879457a83ac5855d5351ea6b66b460cbf54ab0fda273a20c28d73,1,1
1955f369ec9197e4f4f9beb4220b8b74e8b3e17257a4dedc9658af710f732f8d,1,1
99c6bac6c936f588263785bb0109a26ee08cac6de8f3588b1e259bb992e584f9,1,1
22b1f1272cdf189c3a96a68216bb5a53c04707d04eac32a9bc6320df6cc3f254,1,1
204000b2e8d593c1709e097e15627261f4bcb24bc0a70fdf56c70c5faaf60330,1,1
c7a012031adbb358829b635ad8c6b300ac0951180d496fca72ba06fca02b16ce,1,1
817770a347b9b588f134e267c5ff302faee00d9beabc7ac58b79923c2b46b021,1,1
93d24b52ab8371c578a550b3fd628a501b2e85e538e611528709c2623b40865b,1,1
34ada52fd1b51c1a6064c4d1f976ba14c30c19a9fd54c11fcff1a6faa0604f1c,1,1
35cc146ac7252f230d25cd6ec134dedeac2d251110efe03ace771de76e0c385c,1,0
b6d87d07382fb096596ebf5563674083fe06e68914b439cdd2a5145deafaf9fa,1,1
77f36bcabbcca9d24880f451c8514533d32a4037888bd813ba7123b8c4a04a5a,1,1
e483d90d6d06679bb2844d592f2e192310ce557acda9794deb704d76aee8c332,1,1
2a632cf612ca84fe39b80410694a263274c2ca03ec897d815b3b4cc89df15b48,1,1
922d20c5fadf9c3267d4737470650c9356b18461e2255a12183a597a6d58bdfb,1,1
caced014d0de595bf1dfadf87e5457ae0205bdec71cda9166c60bd12725b6ee9,1,1
3dedf4cf64f835d9ab956886466c4b344e6330a5d2ebc5407c03eb63d07d5081,1,1
ba4cade8f58960f60e386c0e081a959764847bc12894ec493d5f7a9c12536bde,1,1
a320937ef561cf643cebcc8678775b2f9ab37d08f2ecf495065f2784113c8c45,1,1
2addd3b088089d23a74a5cec2177d7085814bcb6310904c43dff01d868468f7a,1,1
3b64f04374f04221e700b164f5c9e0336efb483f7069b2996e0bffec85d3c11d,1,1
3dc479f895b066e92093a6c6dec4f02c743a2d51cbe411944754345d1722ecd8,1,1
55e02ff83d7ac03c2a0022b35dbe82adeb02d8e66477b86db2da83a22abac07b,1,1
3df74396da174c8524e8a2d2b6a08426038fff69a1c5896cdf0ade8d6d81eb4d,1,1
39105817b58a7a7279445ea54a4da38dbbf805e1fc9fd7332e06fc6c6b9e19ed,1,1
5182b3b09f18ac4af453f4df4f84bc3c4b9666bcb7082cdfdf399c5e987a6750,1,1
8f86e8390fe8a44bf3c44cfb3ef7e0e7b4531d7d19eb4422f6f23dba69b58e0e,1,1
bb6229a6e71b438e845c7507e946c45e8d0f65e379cc21f20078abe2e9ccf73e,1,1
9263a98a486c0707f8d9e1945237d950a87e5407c501fc5a7b5492a0b2a5e985,1,1
03ae343b42adea62bf0ec2612bf27fdc86d24313f0cd2d0422ec5f5e422af39f,1,1
fbe2270dfade9774107858bf427d9a466ed00989e157ee95d48d593af5fc75f6,1,1
51e8194713cc8ca05e848995daf3c8589ab0f86243624952ab57e54a1d80aecf,1,1
34c8d021f8af9e6a5b7547af78f7ee758de4aaadc770c1944917f07b3e4593f2,1,1
e12591a18444c93463a6486da21475aec3d74c7be179cd5e804a57005845f858,1,1
11d6043999e1bfcc9e765ca9f8420d18761f7c32b57db2c4a4775750d5812f93,1,1
6663a94881ba0ec21891002c9cb0b3e866e0abc0052680f1a88fe310d5f47c02,1,1
c14ef3788b893979583ef4de4c011828d64930ac7c8a17e15b746b33af132238,1,1
14d554b60502cd0130251c16041062d63a2f5eb91c3f7224bf4fbef90bb81556,1,1
eb9db10551e139b1bdeb5aab62926599196a4b44995a43ead95cc751077f6506,1,1
9a49737f93839f169c9df5c4c6824fbc12738319be9bbf03211793476b0b7f6c,1,1
5cc0bd51d7ec29c7dea405daa20b005c19539b164dd3c45895f61f0b3d88838f,1,1
5ac5164ad54034434f4beda4f2387a2eeff6a5209e843cf0b96b990727329528,1,1
942e5a3f07b1c62cecdd83f2d73e8f09f241d44b370e962373b778553d0a3dcf,1,1
f5bc903b083d8a41df49a750246719f7620cd53a9544b57234a6617663d7637c,1,1
7f8abb1e26e232f38df06dedf7e6518a82aaf0b1a8368ad121ede64f0631e8a6,1,1
48f681a4a59a6df54b5bee500cdb4b750fe5ba85aa7cc617e85c9bf9deb4ddb7,1,1
c9921ec957d8b881c9f97a98e7dad6e6db0b39fc9f006c7540303c99feaa6c5a,1,1
b15855fbb3db8750603df9aed607bcbe362400d80e8e6815db0ad5e957a934de,1,1
b0f5692dc5de7b5bf5081e0b00c4a2a93099c088ee030f6d9d29a6a91a3ef7ec,1,1
75541fddc105cbb6937175dd81634a8f791e0edd7e93e89565c5d6c6fa7691af,1,1
07279fcb3c967d1d179913c7715360b6a58e810109f87b5995c8c01cae2e4211,1,1
f6d978b9a8669efad30e3ce86ea3fe81ec2bb5f7b9a158883abd077a47e30686,1,1
6ad91acd43530108fe24a3fd7c7800862dce8981da6ecc6d19f598ba9f7d25a1,1,1
6bafe701634c44b5c9e30bccca7b6b756fbafc941548531a59a3bde3f9339afd,1,1
acf49205030d930215082f4a69d63024384d59cb78543010637e5732b5b686cf,1,1
2b31013ebbaafc46d092a6178ff90cb7c781933c5105a24a55504f3ed97f0837,1,0
59361194df18bb3942deee6876d021e10c7821373c2ab754de15b8934b51a4cd,1,1
c865a514e872697870ff93a2556891304631bbab1c5680456167ba7f7dc1b1ea,1,1
66f198a555f2e6d4bde31a78c97ad7807828d0a64494681c734118cc3794e472,1,1
7fad5847ad736cdeb460d83dc1595d4a49e7c52ce7c08236edc2ab15f1a6afc0,1,1
94ba47cfe66989a38d0328c55f4cbeef6beeb66f56b6947a58969b70c8bb8a44,1,1
f03f5089954e2f76448147ef8e3c34c35816ba2ff5b130215031327e2b082851,1,1
457950fdec406772eebc47a503ae5fe37d854e3003a35d417e25ec785c831d83,1,1
6dc39c42e63d5f22d638df479b41cf6aa0382177386f78716cea9b0d735180df,1,1
78a9c85d45b2746edd9cedbb60762d7b86597c61455c64cd97991b361ba18d42,1,1
c8dadaf702823f3b97af88a07f88158676a20ea08c143560559b2303d37f2d3c,1,1
1d2a15c5a6101db0142cf5264e501e03e477952c4d6462e641df75d9e45b2637,1,1
29b48743d331a73a915aa77019e9b9855a464219ab226c065f1d416998541958,1,1
bc2e82afd6d41ca62f6a980a1e2ba25cd7a4c88870e45f08ff2fbe257cdc5d8c,1,1
192238080570b23f0dbfcb9a4dcc8f8496f859c2d46d5339462b2e3ac5d6339b,1,1
a26901197d65fa5af4b10d5755f31dd9fd5ecddf05f3f52ad5b54b8270dd79fb,1,1
bbcf7799022b70617073d762acc9271ba51b9c20c2ca17ae9f0cb6789c935aff,1,1
9c72e4317d80a895dc5d05df0be4e74706d344e7a4f21eddaf99311dfa7da609,1,1
b16af43e01bf8582fa49d5acd751b0716c6f2aaaa0f099474a7b0c9e4733b68a,1,1
fd1f0c06a547ec8e9dadfb94d58e1e2a5c685d9cada71f446d37c26490cc8a68,1,1
4e156b6b6555807abdf6e23d91be7795dce412bee43b7f888345b0a36ad35079,1,1
f44aa4496c2a42db9daab09a7ffc7d067a0199671119aa5242da23e8e3b62699,1,1
3787d0620fcf2404ec57e104dfb5ca614f1f813c647f096d5a01094096195fbd,1,1
32869ac0d58e03ec6c5f7eb6a938e164f45118f8fc426dd80d369006404f4bbc,1,0
88394991288f2d705cba8a0a30c09ee6d3f9e599fe3441be999207e497796686,1,1
3ba2ef95a39a23fdc40e4a31dca253b5b2a2bbbd3b74ac9c994cf8ea3f869312,1,1
e550bad4a3cf38cecb291bad1a3258967464c211d21ce1bdfe2129e3d1bcdc18,1,1
895ad241aabeca382b0649edc7a732b251c892dd02c0c53c195a0c3a34418ae8,1,1
a6465c199a9dc913d275c867d36a13d4692c7451787f512ea4a6bd5e21cc5c7c,1,1
b3f4e46260a16cc61cc0b84eb69145fdbfa481685e739bfba3ccdeec737b2bb7,1,1
f2277c35a7e90f3ff61e338f8bd541161f8bbc1d9d46228474adc3c9bf9681f8,1,1
2d594461f9b9a9f87bf59cbf5f3c6820fbf53284892e964e7ce43231437e083b,1,1
faefe314aa5024bea1d9d536308accd0039f03ca1e915ca8a220bbce7ea7e71c,1,1
09dc7135221f2d1dcc2178f7498a9e4286179ada2e8c37005b55b08529929bf3,1,1
296921fc8165fac21d1f268b26f42761daea80193fd155641c76537818016ea5,1,1
2c87479edc058230b6ec98302ac33ed25b8d446c1a8fbbd8b2346535a891fc5b,1,1
6ef07bb9abd27ad3134e891a80425888a7d12df992dea2ba32e4378ee08b3c76,1,1
f38b68fd73dea0fd12ad5c557ef25a205f9f4d3f5b931231f3726344b95ae219,1,1
0fd1f9edc9a5d119eaa0cd131aa4ee4ea367515a6763d14d39e7269b56cb7283,1,1
d21e93107ce0a187f4e48bfd29239e65a0fc2edc07bfd494cc24dc94580a9529,1,1
9bed59ba9ee12f9e62b22895f3c015366b4461b77c4b640673a243a80a9de4e6,1,1
09a088fac9c032531e3f522f93e6580f6b8638b1b90ca3faf4e4965b0c84bd1e,1,1
0a4962eba24fd22f1588f72af4cd42943d627fec05bcc9462af84541a1ecc3ee,1,1
d3277e3c4a5131c0d4ca507391e823af4dd015d3c71a8a40db8727b061b224a9,1,1
d5779dbe238bf79b5299395a3c5f1493a85b7cbece3b8491379d279cb6e85d35,1,1
1fb92c7d0ed3e9792d966d508a51183d14c8e26e27ec6d87652e3fd3cec0c8eb,1,1
47bedb1168df15bda3ccaef6d45a625b89d74ab6cb138cfbecfb01afbb9f0aba,1,1
e531dcbe04e934893119e11230a3894d6acd43613f733584e04051bec5905bf7,1,1
e7e7b072a4b657ae8eb498714c2e843996c194e5243d5139a30780c55756eeab,1,1
3059395af6e5625ef269186b6f9273a8a502e22fc694fadb3bf465569c41ebbc,1,1
4d09927bb4d20b49b873dde5482fe3782eb105973fbb5698e387dc608074292e,1,0
4565fd24c994c6ba92b62a31047ca3fdd14c105c6e5cf5757fd0f18b5d67889f,1,1
63eaa267f120fb9c8dc2fcb5637378a4237efa52f568ff7f9b041908e0e1d8a6,1,1
570b234c97a2624c465f2e126e7de0b07193f36cbe987dd00304b60792f0536b,1,1
e40813d64f1554ee348825f70a70f268c980b69f6a6886f1332c8fea4c08b2c3,1,1
56dde585370e0ce7c6391545230217ca741326052582841c0b63a0b21f41538e,1,1
485360cb9ca69f97dd7deb782af7e4f9a15c43f11290449ae238fffdb89955c5,1,1
672df80440221b34d27bd40205e59cb5827ef64b3250e203bc77388a9f3f0d28,1,1
2e11e9b6ecfeafc80b610b317c2d6ba7d6f79eda68ea6dfefe04a50d6ef5fc23,1,1
ca0013621f394e78c27ef4df46b8fa49ddfae0f9256550d7d2924e560a2a6304,1,1
711576717b11c7ba4a1dd08a7760e2de5e1e1455c051f340c0fd6c8ed131ae57,1,1
b79b9c33b61441ab041113915052d56dd41fb6f578a31369bcdeb67547e45802,1,1
baefe4b1e8d1fa15357a1d725d9a3690e487f5fa73abe6bc72c73a84325eee8d,1,1
a442fe4ded78112e7127b4ae652646d93d7c160d682ae3bbc92f295667c984fc,1,1
38a9bfb7d5fd2f1f4d949a55ef90c86536f24c879e42d8f0f212d17a032ce646,1,1
9e65b570057c00e8ce0a32351e098505b7f9cb430b4c20f891efc7b5d2a3a80d,1,1
e5d9c6716393dc084a583612610247f42642b5f5c04ea97281f1d4fc984cad4f,1,1
ef2625d60cd52e30cbe472d031c22fc77de974f80e726819b11b3b561c44af11,1,1
1e03ab42ee7a4c0e9115c471be3508bf950a05c409bb185083f242f9ca631bf0,1,1
731f8a7e1915fb0232f2acd9006483d85af4b4f0840169e3c953f7ed6fcab9d0,1,1
1a398d24df5a0158abe14765b86c48f36703851a3d6ed4ab2f64d51b14e8a771,1,1
d1e4063fa0f3db34ff4230210c9d2398e4baabfdfa05c8540032c30c5bc2e23a,1,1
0c30f995f39098f1b969f2eaef381e700f411e9a369edd9ecbe537eb146caab4,1,1
9221f3c1ea3c6ba01952e2dbce05070c167e24c949f52ae20c72cbbe14e5ef4b,1,1
53c1ca3f71bbaf26ee721a5893b72f70ba3e89fd8eed78f5e2a4f8165a871681,1,1
fe9eeed9fb42ef2410dd8bc9b4c16781fbe7bb80da71f75d4a56f22c283ca0c3,1,1
fadb430aa91a661649dbd8a4ac41cdb5e8edae153845d61fb3493926296b486e,1,1
2cab65cfc13943252fec9a9b4d41358bdbf52f6f4cec9450c648e6c7e84c5cb1,1,1
6fb498807777d16b9f200ab6b1711b67590fb02283e32ff3b6d43f8de7ad47d1,1,1
c266cf3eb0a87bc1ebd2d2367f13855e5f29862e3fd2ce91d85139e239f311fc,1,1
9a2369883374615e48752ac474a86c6852f9e5a003e4f44c88f80f3c37678fe4,1,1
78b169303fb5d579c209691418ae6870f4599a8c47b8dac9777459c41d28e0de,1,1
69e9394e8c7f3078b2a182ac04606a4f94b1010ae342cccdda0f5f1ce55acb00,1,1
e747e573b5384961a80bfd4bd3c21578ddec9a6aa96c0a26eb91f9911288a806,1,1
2f52f00612d642507fb84345f64c353eefb99b8109db37607432ade08e92b5c8,1,1
3197fe3f426561d46a5d33b81f93ea991756549c8fe4b7e60d27d813daa8135b,1,1
ee0843f5ff9fc6591bc97f30297e2f202508d18b04eaeda834f183504e76d7b3,1,1
d465cf563d9c80fe66c01d14d002d958f25eb6856bbebe34b1390f171d5ff8f3,1,1
0a5f13470f7c6ad9b7e46350f3b7c6f37d44badb9d0bbc59726708116047a2da,1,1
1d2c62275bf1e3cd9309eafcfa258e7b100d2997e19cfd9566125212fa8567a2,1,0
b4a67ff62de8ac44b4e1c9a58d343ace3d70c69089fbe96feed6b8079e52b8c4,1,1
687e7c0726bd4aaff76bdb71eb0efb96013c9e0b9d13bcd3da0583e5f9ca4d48,1,1
a2f68921a0d9a1d3eb915134d51e89ea154c6d7a024cc5fcc69391994ead74fa,1,1
5d58914b23eaec05cdb7d1926123929c241152078262f34dfdd14efe34fc54f2,1,1
6dae8fe35609f7d88c7468698828f06ba45622a0eca4068628db6edc79cb6c9a,1,1
7cd2c592cbf9a373e8a0cf86917cde41e78ea5f2dd833dd9a5a88f376b4ddca7,1,1
3e1871fe3b63d1a9829a0df5591c56178046e5ff0e22e55a3ca2d66bf7778974,1,1
fdf2e4ab3b6b986d831398ef328b165a6935849edc18fc85271ea6d7ed7b2a63,1,1
ce0bea90200b8072dbe72306fdc2601974af3298ee1007c745c6516aa789ce7e,1,1
ee60a729434171aebece96684fe1bef0b59dbddbb043a06bf19ba78df23061bb,1,1
7ea8bc5d6719c6f0d5a022246ea069461a028134044864b81b4c85552ad5babf,1,1
8c6c5d64a9f4f422c8cb7b4816bf6d9982feccb3ba4ce34c9003a3ed71c60b4f,1,1
7a5426257f35600feeb49509e6253be74d975f48d5769adda79da7421aa56dda,1,1
7fa1348953d2ee0d7d01056c122f70312e42bdeec5801ca71d68292f07ef2658,1,1
da7fabccd20d02f70e8094b1deb93ef045fe78a335f660a9ece173ba989655af,1,1
5553107e5644bc09be7d4c5469a37d8e2d64a338c536575955a7c7c194c23696,1,1
6767303651ad7eddd90eb6b0144d98e5f9feff9b52bdb9e82514ca644d2a7a9b,1,1
1184bcc5bb1dcdb15b37845af4c86294b333e4813b67486374774b1aa096bd85,1,1
8fad1379cabbaa1ed3b9459b2828e5d4e9933111816fc88489eb3ae26d06e80f,1,1
a380d8fc34f9a3db8eac77ec2a608f0789bd0262124b4cee97ef00f5a3c73a06,1,1
7a6c20652d82cc2f1f23cd84d111e9a1ace27d20934d753b7b7fef39ea45a28d,1,1
9455fca62d0b2bb6d2f4f042ee8c3678ef65d794a83ed1c2751904155f9fa812,1,1
752b15524dce83eab6b05da8361c8407ac549d4738a2f36ac48a98adb933cbef,1,1
e0f93cd60b0812468e566a894d11adaf7cbd71e0e2a1ea9b2a69025a8d6d4753,1,1
423193d51da54bddd2dbcd7795c1b6c5a2f5cfe661456955f5287cdec7795418,1,1
dbc6e1d48677544131a77eec31deeac85fabf18dad5148c19914f05127813609,1,1
fcb30f6c8480bdd2f1d188c6c6228611c273b92e4b5b8a5ca73bbc936b2785a0,1,1
94f58f8d8803c809e2109f98ad1efc17fd2ab35500b008f465d6678633ef0fee,1,1
9e3b3d50c85776fe5ded540694d4285a2e72671417ce6438c6afc38b9751c38c,1,1
0a83151117989c923242375037b365dc77a7885128daac086e506409893dd59b,1,1
b04634fd5cfad37e04e1f70b8486bd4abfe973ccfc0569ad7fe14db2f9b61526,1,1
fce46843a401c98f6c2baa90a65e0fd19bcf67414476f10d495c4da6c873e5a2,1,1
bfedf40edce73d839a9d60d02b14363c5d1af8038774425693e6efec7501791c,1,1
f95dd833812d0d6def871833dd32706500cf250701dd0273157c8bce75489bc8,1,1
4f3368be18b2c0f9ab1487b8d347ab978f5bd280262d6490db8b2a4c2dc1f4d6,1,1
f3037fb48cfd85d96767ef0a5b4d5a96c3c8d3395d771318b17933868558a274,1,1
ab68490010e8db7f070ca6e7a2e4f86d7ee06641cc750b1480319975ed24a199,1,1
40d8f969d7bdb0231e2de0e9fac78b17a07513e400a34e4e8599da150703fb9c,1,1
8b50b83c44c428158cc82acdc085ee9df3f60c884b37de5a4ff3c3fb13bd1840,1,1
623a398d8d9d31275442c8098deb9de6a60baacd21d05ded276ccfc06c375481,1,1
555340802e621950eb6548c78b571d0145465c320f30c7060aecf4faff4862b0,1,0
bfc1a3a8edf1a46af262d41bd1a343fc1377efa05a1b78f7876bef79b8d25201,1,1
7cdf80c64a9986718dab249373189395377bb57950ae50dda1c4bdf5653e74a8,1,1
f2e2abc7b719381af5de75031ca713edef5722e8c582f7ec3a13850d4c1323a2,1,1
d074c3938bc647d22196ddfdebdfe0b8c569850557903863bc4a0eba51317d38,1,1
b5cc3a8249c8c42dab00bc26c3ccbb5ca3b03bebb24123151ee4aa963c511569,1,1
29523aad28810d5b56d21594ef75c2b83ebcbb34fc6507ca46930fa5bf087cb3,1,1
2dff8be6c1d5286a86ca7f1c9aa9cf793b0287306db4537041703db7e9bf0762,1,1
da49dfb11ec3eaaf968495e5dab3a9f0a31dd7b476a918f8a3945f05b87bf59d,1,1
fd6913d1b00327033f536092ede4a8e1f29e0f66ca1e8531f9124e033971cccb,1,1
f5029d43c11f7f7f4ffa6f2c56c84db1ec028b32cc2a01a537b33e492efadaf5,1,1
07ab13b39eedb7fa86a7ad39dbb5166262db00c7e2685ca1611464ac445e34ab,1,1
b20233a5176bf193ab044d7d6d4abb25ed476e5e37115210f6499ab5a833af27,1,1
b569c28a009e227fc71599d5bb8822d6b4a4825fd1dd48f983f173cf34e31c32,1,1
45cde4cf3d3eb7b4a591cd9958b36c0844237fdec3d27ad88bf8872293efed00,1,1
0f7b7b9f20b05c8e0ed553b7e7620fce643f29e6ad655667fb6ff9f1160d1dd7,1,1
84def8c5d83fbfb5f57fe0eb63967585a03c56b05db44f52f6c346b1a78652b0,1,1
b9d419d5335b32522e1a4f41e48fe1b60d9eba0299f4b349c556bac123fb1bd2,1,1
077dc95ada37e50b1de06484be26645f459c39ffddb37a0de011a050cd47290e,1,1
19f50a62dcf44a7fda6f778220ee9012befc6a42a8478e5dbfba17900d90c4cd,1,1
859f955832d334a6edcec9459d76f732489f95be71f7fc8052e85d12d46f2fdb,1,1
a4081a6e403203b4110d09149102a66f17f7f01ea86a4033419069d65dbd90ac,1,1
0352c1330aeba77e7b83420f123bf473bc72e421ff24edc35e8e22b9ddcf5e22,1,1
451e50916cc33585211948e6f85151a84a19c3b32f37b1510cb0e89147329f3c,1,1
d993b788ea4310ed80710fa0ddc4b54c39a204f083fe2d899af7331eade3ba41,1,1
3973c077ebcf9c866f906c705a436085196fac12c2c0b79aa6da860aab7e91ca,1,1
673a2cba06bc3007d155e43caf458a1da2e3443352e6ec7b847fbcb9d17e887d,1,1
c005754abcc67a99615605aa55a381fec0f95f057136a67c20635edff4875393,1,1
a04c44745ea5b312d8f4c0110f78fbb31bcaf0194c41bf7caab2a1eeaf8abb77,1,1
2cecdb74f05fd7317731639562a968f2590b186f92fe352942043c6e337b2d3d,1,1
894c02b78b2d3945f73813a20bf1141eb3f7e1c17960675eb4e58dc3e6c9c65a,1,0
2e6a5d424ad88095927f8899e60add06294b9fa71f8d58a4f17e69d60cfaaaf4,1,1
c464a4ae235cb22a4043f78ee754ce437d120a41ba7c97beecec577635b720a5,1,1
058e5400797cba58ce59902aad9418933674d22b532b176254b8d310812af4e6,1,1
21beb9a193f0b4ac8a59b8e8b11fbadb65fd19813da1e70ab2ea578f018edd0f,1,1
da4e769acbfb6b3c2967612f6d8dce38144b022a5e69965417b6ae84f93d1ca8,1,1
c72ed0f8301062f1407a76219a976677d033fd5b1a14feb82582f14fa6819603,1,1
e72f7601f5d98e204a48db9b67ccc64a5ad8d778c2686d34435568af5acf5236,1,1
3aa1f0069a22e5183821aa87cdf0d7241a3cadf67fbd82f84773bc957c865df3,1,1
8ad45a04c4e3163eb7bdedeff9db90d41e1c9d78bf68271e1a1aacea07d8e762,1,1
ee5e1c9a10c77d3f479cfc4febc0dea8da4b3396b79ad1b03a6302dc859c0798,1,1
262e22bd689cc92b42fd86b3f81e0878b8fcbbd56fe7bcc9fc98812598885bef,1,1
75c50af981c153e5c4d0b86728c4d8a30e9845b1e169079fbe7afdd55385d804,1,0
5ee8db9d6587030b7d750eb0c6f2333f8a4d3326261e55c5fd07e8ea4d53bf5b,1,1
7242078d1a7a8af81aae3d08d3082c7edd9e58a0904435b4c13b501d4e057d70,1,1
5aa623c72f024221562654f7a381d422c81387ee0a497ae5f6ea7f26c98430ea,1,1
90735abfe3c9b0d8c72d92cdd950fb23bd69450544275c59eab2dd1d9a2ab43b,1,1
88479f464f7989b52fc22e5da027eb7df1fa0e3bf0a7b1ab4582f0663cb2facd,1,1
b827985ae8395195ce05776f5ccb1b65e26c7f76ca93108e9ce1ae050e8479d7,1,1
84073dd5d03623cde0d073cc1c8d957e03ad12089a702ac245eb10d4778d554e,1,0
2a610d57db9d5684ddcfd41f776db9b40ceb62464bf55caefd9736055b15619c,1,1
82275cb5f9696a3df2aa0d95fbbccdfbfa3bfc797343a8b93aa88656efdefe47,1,1
d80de4576bd044bd08ffeddd055be827d8ff6b7c3ef3914b59b796c957b4b30b,1,1
f1cb01879336dbdaf29c7751bb87c6d70b434a67c21e007847f552a343376a37,1,1
ae7d5f079dc364224b4025933f87747a81bac6b0bfa4bda7b5aac603bc8cc6f4,1,1
4633c63292e9698989da382c1ff01451e55cb994903f0204fb1ae3e2c4d6cbe8,1,1
c82ac6e4c2fa973491956b81eac529c657d699e055d233c20f10d8d5fb3dab1b,1,1
b10bc196d93422dd2b471bfcdb1dcb9ccc71d136a6989f6381bb7a12afc307f3,1,1
b5773f6900456fbc5e7e7ac3e86604018fe86495e5fb90767111f064b7ba8313,1,1
10ae5c1b9b584c0a42de2eb156be1b2ead77e93d0c7f63be0c1cef3a0779ce96,1,1
6efd5cfbba48440e59faa83320a7e5d4657c029d0666a1aa90a5d242088d9ade,1,1
4f70a7e53908d4a14346deb01744c410cb461b1efc3fe191e97a51e22e52007d,1,1
7bb492a63f98f8d614008fa07eb0ecc3904df77395bf656bad4170d94cab19a0,1,1
16abcca699ceea8588e1f27381937141d9595bb212c16a9b78af535ff5e63def,1,1
6b011f567f48c4719814b8fdbb0dadf7dbcb6ab4fc3940aab7db2b20b08e6de8,1,1
cebaee6d84fcc18f12dc5c9a661536f8ac1b25cd2def8919946bc0b36c94211c,1,1
0fba954ff4d48b5c294f6cd9ce7f669a2ec54d86f0f888f50378f1af3b0385c1,1,1
d475d5d360e3957440a23e877fcf6561aeaff5a08b944316b18aa562e68c24fc,1,1
6a6a9f221c0e2177f03bc1f1b1c7625f265e4ced760ec63fe311e8ce4251a509,1,1
5c06587e27d0919e1f0ca8fca0e3c0fd46bfaa51ad0787f95948b28da751418c,1,1
54553393546798e88e7e3229bdadc11cc6184d84f76f64b7ac33990ab8914099,1,1
2e91c022744bc0f974e4aedfbd1a007aaf487eeb480784fbb969d07ea20163f9,1,1
2238ec8d2bcbae17e7dab55bbe3c86689f3373f3acc45fd1e55428fd0a8d3ec2,1,1
c378de435e4e63274426cca6f57e1f52aa0b0d85d72965879576b892c74fda7e,1,1
be0b85861dea50024340d278950d8133794a85206f8473c4cdf449486d0e7116,1,1
e5ed96e8e3604adceb7db819562c558f51f896372bfbf4b038743cb238a7e371,1,1
2302c8f7c66e81a2522d7931d85270608546c297ca420173c98795e40746086c,1,1
c3c13f6fca8fc79ded124d7195f91cf369f58358f05c1502cc4411fc9972868d,1,1
1e9c088ed6099a9b81385a396225c44560616b9f849a5df2f7d86ff70e015939,1,1
dcd0d786cf92c92df186f9bbc872383a6a4760c273b220d721966abdbba6689b,1,1
39c47c47f072a476a1a083a5c049c792fcf25b4ca431c221faf78ee122191f97,1,1
5eb46bbfa887fed1c5eb9fc5742abcf426cc94bcb057c559fe373ad98661007f,1,1
f0b1800b1d928ba40f153c8c1c1e1fd1a7752d32f7820f1adc5ea9e5decaaaaa,1,0
841a2d552c77235d7ca64c4550d933279e5eabfac1de0f7a6b7a5a9ca30e58db,1,1
0b4b9530b6cb27072af59fa6b1a4794ec9c0209aaaf62c980a69f10293302e59,1,0
8af7b2d1400b7ca37c4a1d7f6dff3ae3b3e351b474e929fabc76968e8ddd2422,1,1
a9eb612b932b7831ecffe33bd091c0c31cf8301611ea684d392e33739ea0c6ba,1,1
00113c71d567bcddec8229189ab9d9f4335a5c7f6e9d354e04bac56f37b40443,1,1
28a2bced84f170e42cadd9a8633e389c920c0d4d0ff257680f65335911b9004b,1,1
4fb6a74241246451e29025abf0492e573fee0d7ea2183864c89af01607fb66e8,1,1
829ebbc77b97f38173f1d8a55e2117db0aee145b923b9ca3a124c5019bf29853,1,1
c6ecf8367457e5bcff8ae58548bd9a4e3e4f6c10626a387d5fb807e003b2821d,1,0
525ed95298e7239d301e9849e2b9234d836f42793c6d2d2a13cfabe40431aeaf,1,0
6b903ec600c1ac55f4a46bf8e39a93810759db624c66761859d462862a109717,1,0
9f00db99a429513f1e2326c7906d80424e84ac73760c9b28de3857cec7351bb1,1,1
23e0e7f7ec88a1e36e596d9a8b077ee0a67d44f5cf82730d2ef401d65ce2988c,1,0
b3eee382bb05c268d36b528611d07dbe425e364768f5f497d58014799619d1e6,1,0
a1b13185b3ba2733394a72a2b052024951babae7d0697e95fd266ebe70f221cd,1,1
94f2a2c9f73458f1cec51d6f545562989f1960a9ba0f6934382edd937a5e57c5,1,1
ffe172bef7f1e73eb55b151d80de058c30b6e823909aa8fa6596228e5742aaee,1,1
ac0c918a576c02cdfb0456d3339f7f609e1c8569dfce784c5b1c57c9fa9d305e,1,1
fba61271e5d44f464735b50491f5f1b2f1d4946f1d174d4600b6c62941467dad,1,1
f479682ad28779bfdacae0c8bd5a43f0897f12b1a6b0fe7f40d8840b4212ad25,1,1
95a64e464043dc890d25434548eb88a47e27417239617d3ac43b7950e8abbb48,1,1
8a3d8f15b718e7c450b457ac4bc1c8407d81d9a3a2ac35ce46edfc5dc533bd6f,1,1
205df02b4ed413650c2b8049ffd4a6fa862dfee76dc542d35dbc6361778d1943,1,1
cdc6502abcf5f254781e31bd5b00e66a7d67f83d8b36f80c3e347b28a67a6cba,1,1
a9aa8c14e7bbeea2cdbcb26ac5d4bd051cdf1775673d66adff7aeada78f9b445,1,1
cd690f5cde5e440cf347c014102a8026ade3fcbb42fb1cee0ed3718f9c1c40d4,1,1
ac41e2da6649d31487e805e352c5029078bef105831171bb22ca88a6c69dcce9,1,1
08cca162735afaff11d727c25a7b5a95e27304435c39cb42f34eb75c9a3ea07f,1,1
69ed483dc827807af5ba8531adf9fb0799bcac43018f71e8c73f7df6eb4dbfb8,1,1
6a817950783f9b6abac1a329f11e5adc09c0d42ae471e21e097f3f0bf6178dd4,1,1
2eaf3ebf1b6df3aceb0017d4d81191e1eeb2829fb0a784d0b899c1529259eb32,1,1
04d51c4d9e648071170d42d4209236f8711f6fd58ccd9a1d0e85cdac2b1b06f6,1,1
f9117d099d3ffbe0449315f09d15c813692621346b04284e6c276220d8d43559,1,1
5508aecbeceb260e6729ff16fac4436f3ee471d9c77a61e8c1354d4c99605c7a,1,1
80d370f1a22cba876c0fb87a9ec63668b5e3fd7df86868a0cc63f8af53e3dc41,1,1
14324b41fa2fe964f809d4e43d389e48c8518044cffd4039950188d9126415a0,1,1
01e06d6a3acd5ea8d49dd11f1725a54e26a206c690bdb8471e422c0c2f582039,1,1
3ad83518f49562647c77e81267c92fd31a5ba4d73290f765f5d7b18d95402f9a,1,1
8e61e569c1a3705fe404457554b80ddea8a8a7bae7162657d7c1cbde09a0b678,1,1
2ca14c39852c407cde1dfcb13f33d2a25c0cb533615637bfbdc7f8eff75004f8,1,1
3385753ec9dc980997c344d58040d899037eb9b843919a7f2221fbce0c0cdd5b,1,1
4964d751b48cf24c5ac306a8e4c3e4dd624e13f6b44f2ff4306c9ae05f34328b,1,1
ec633d02b717a5da2ded33d9295d173effe19b5a67b97d9a282b92888c37c791,1,1
788b17c229746ffd9e1d8c2334184c4c3fac7dbba37ff6cddbef2156c7ea6d3a,1,1
d5253bcf4a1b6afeb06efe0221fb736fb25d9fad255901c805052a4f7bd8834b,1,1
7db1984c7536c5b68c6bacfa96bef0e4f05f44d52778f822467115503bad6ed1,1,1
242bccc733edf85c037d8226c9eddd2da89a2de6d064f645f9639012ebe0c4aa,1,1
5e31d4bc72b869703e9baac6f009bd237a1bbf7b8b67dccc4eb772fdcd073b7c,1,1
57bdbe68662c81a611f1f2d466d6031c1749359ca8782729e266bf5ccc86b907,1,1
d8b00353ed3ab825b50d679ad6b6f96382b383ec35b841e41fc14658c5ea8361,1,1
acc4e0619c865f3690a914ff4a63429a9de2c2f278c0bb2ef8464c255f5ba16f,1,1
79e731a102daacd07de810419826794fff0db98146d7da0a3aca251fa41e55b7,1,1
c3cd73faa44ba1e0563c68816f1ad424e090fc9b80a85ba163e0e69a58374b8f,1,1
e8b930c618acf1dabb1647adedbf18dc1dcecc4994d940067e3fd06e836e8cd2,1,1
ae6ea24992dab4899808cb8ea2bf0dfde04ce5f0da234d0eb8c743465af2b997,1,0
f939b28d5e9dc00a6607fef5f4354cdada650f0bc4f5550b46a37b284a4517b4,1,1
12805987564bd8bd89780ed9c00ec67fdaa5cb2ee28a291b01663451ebb07ccb,1,1
b1a8445709881ac98c36a0bf7851f51264cbac24e4b4365a7c47dbb9841af2b1,1,1
0262f704a9041ef89e4ce24966d07a732ec3ba3ca414d7e514600ca064e0f393,1,1
d946d62f64985fd801a3fadb3c80de250f283fb2f435f50265fdc26f07e13507,1,1
7e25cf60bcea4b7dca32b4d67885f93217adc104cd0fd6b2bba8580886263d20,1,1
64408ec690ab578b7db89690961a814946b405fd345158b10a3c4cea95419785,1,1
71d593fc4314a7f8a1f540af88ee4d55a64720123594eb876866e6b208355396,1,1
8a12dc10575dbfc2a40b7ec3d3adf871cafffcb5fbc2d38b1101d1129b1ee4d9,1,1
507bd4f3d9818f7826d552023b5390fd314d93696d9397300e1ae14fdf544db7,1,0
731198b9b50b5faaf8cdbdf25f043daa0dfbf029b8ab6192b5f2be1d40e8f8ba,1,1
b6d32646d1c1d9cc265e1949c30da3c377622d05f4a576663ac33b4b967832f5,1,1
48771288c2865c7d6911f0d92d5c53a104dcfdc50d3366ddb1dc6f22566b3b7c,1,1
c255ff5b3b1eb17084e4c5da511942112b0d387976f8005c2fdd8c6c283b0eb1,1,1
d6d84a152281ab59cdcabd0b8ca9cbb3832304a28d0435329bd92cf6cf2ff690,1,1
aa2912fc2e5b36e290ac7349dc8e926122aa05a0fbc5bf52b19620d5032707d5,1,1
7923c0e916cdc8845f5fa4494b561eaf3370c37671cec9ea6374d4cfd98c240f,1,1
f699f78d4fe2dc76746b648c2576b20059ceba0478405e6292f2f6345bb9e763,1,1
f5b6b51b947ac6c5b7038981b9924d0cc1518c8fdaf51f573b5fbdd3df9f1632,1,1
377ae24289bda6136bcc38759182f9fb41d6eb4d558e005af3735442d346fefe,1,1
4ca2be200f0176db1b8557d36317278d9fc52afcab8646826f53e18ac43ff875,1,0
8047f613e6d33505c6ccab272e0655e17b895671064c750d7252c3e4901e577f,1,1
ed7cef7b4ec933b7609376daaebbc35563428d64cf074f6a059cb80a7258191f,1,1
3616bb5af4d78bc1f6a0b54d2a34188629d4a8675a510e739922e79bfa782bd9,1,1
c6ba633c0b382beb73df7ef6e3725b0937661842fc68b0c9da6f3b31fee58871,1,1
fd631fe9b8a9e04dce50156f0dcf58fc11fd213a18413883d52c3571ab0fd2fe,1,1
b38758fd73eafdb6020872d5b0e4f82218690f15e88f747ed10fc7ab592dd063,1,1
a14b0767335d9fa68ca4804b71b2ab609c21bc70a2425b3978afd7b3fa60d830,1,1
55c11fe564169a1ff3c96e2869424420d23c28feeda17871e72c5345f804c8b3,1,1
4b38ef4ddfb39c347de05af2cde1f5a783cb43727e0129d05d8229e6781b9fe2,1,1
139314d89caae6ce13536a7350ed0a292adfc259077ca394516f5de65439da9c,1,1
6b638f77201c511a16451d79786a37ba54d6ac664aabb6427ae62b0612850051,1,1
dc5c45708ecddc02a1c0f2ca52ce2a21d94e5874d0b8dda8e35331795dcf96e9,1,1
1b95767aa7bb66a5e6a73ed856f8a769c8d3353b6a54f270483792efcfaf7a84,1,1
661e37ae3ac29866dbed8c2be2b815668b1eb8b36578dac0c8a695bc5f5f2ac9,1,1
b884142469969602aa38629e6f23acfdceb3d1df5f006c2d6633a3a74216574a,1,1
c0db49c2bf5edb3f72abf2b384c96d8325fe969da6d5c7fccbda437b9e0715fd,1,1
2d3e350df1ffa38ac9a4b43cf896d655f947c618c7a315bd303ad409687001f5,1,1
a81c6ea091fbc086c625ba2a15efa7e4f9eb68f4d6a50e4e05d004f77455dd2a,1,1
e1d55f26153c6070836777b19dc0b3c042e03641811a7ee19d47786eb8a8d52b,1,1
f013ae4ea28dd47495adcbb93c217fd222bd7bdad1e84996491fbb5b4fb7c6b5,1,1
67d808c831014e59424aa2bd85f0ba42541f46cea895c770e28523d2c551c128,1,1
04994b3d1d0b836fe5f9bdffd52b2feddfdb18377a615e8d8eb7e3dfaa97c129,1,0
dcb4772613b7f5d15e837be848329023f2da60e1a4e7a3acb4b20a8f68571bbf,1,1
6fdd3d5fa36843c7b3c5219ea9c80616303585b1d3e3061f27c53ae771226649,1,1
635b102a4e7886710235023f2c00977894e687f7234fb7ac91433126df590750,1,1
d9746d221ebc9174533382f5fc5a4004711a84abea18de0203a2327e84927762,1,1
13476aa8b6460c6ea418320dd2e7dbbb2b32a1b36ac6f06c9c1d6f333c193a5d,1,1
76c9500b03876d1d48aaf6c14dfc0e10b2b1ec2717ed2485d87e72963e94debf,1,1
3821fb441d5491e845773600c98a5c36ad18e5b00bf9ecf94021e1bb8efd4809,1,1
558d94a0e35b5a038d3f72acf8e57df86e790d6ce6ebf110ece918652fd06979,1,1
df6a4b2c6978e1a05cf8cfa2d92b246a4e81f8997a5339ea2ed5436dec1fe6d3,1,1
154b0cb40c175bed9fdf97ff49a7cbdafe2b2a34f1cb62bfbce313f5e211be2e,1,1
afd1c4e5c30ca7a713cd9874362cc8390183f7573fa57a70270c2e2d3ba35f52,1,1
669ffe954677c8ee7e72b44585cbd9ef2a2b312ef7c70fb0aabba58cee60c573,1,1
13535529409c1c93a1450bb71be4183b9fec77ddf504492cc3b92993c394079d,1,1
cdbfe0c017c920a82e611543db6f4bff9c878f026ae54319fd3542acec22161b,1,0
5dd5ea2b5012f77aefa85de0652dd6a453739ec4f4cdd329505bb0a84287e4b9,1,1
ca279219398933797288b97d2e64cfef5bbc3f38b89accb43fde376fdcf697b0,1,1
e46486e1d651e82da78be826b972177da72d4879e5d56a950614150122a6632a,1,1
4907069973cafd1ab67483bb681ad77c337559fe78b59ea206e239c6cf973400,1,1
9c034e3f2d2ee8f2401b578cd9e7bef910c90a57496f6e1fe9a93aa4c98816c3,1,0
e15a74a77ea24734377500c10c1872cbc362545ea678a5d86ecd62f9cdcb8090,1,1
161b0089303b1fa44f326b2ff7f81248fe546c9e8dfe197a431df9d1218e84a0,1,1
a74148b4941da584f0c6f648cc803351cc492a9bcda362fcd73e8aaa0486fce8,1,1
04bf44a98612c7413fcf2733d5f159bc3daa1e215b3bd0bb499c8ecc3a2a6578,1,1
4179c3532768f1eae4ca4afadf75154b288df2535e4e06c8e69def35a5ae2188,1,1
36c30bf41acc0309f64334ee72707c126905c537287e9a963843cc669a610c2b,1,1
799b6b76007aef7a92b7f121601d22e8be03bd655537015df559c150642d392d,1,1
93c1100a8ba3e439233445c040016e5cc5284f3a5bc68b7254d5d9b93d6906f5,1,1
78832d6df5764cb263e9ed8b0b99a44ca042e7bc2ed4050c0d8ac489dc3b2963,1,1
5bd84f72918f3f4202d9d3ce26c887107a9331a546629b92eac1187f1b5e9659,1,1
eb2793b8ec4d10c8c178f29ae210b269f51685eb30d95fd89ca5f6968eb3076f,1,1
07dbaef932065ab27a9b74e4d2e3307527eec994b9920d874eaeda425e03c35f,1,0
f5b99309b1ed6d961ea178b402360ec0db4c962deef70663b90377599edc8964,1,1
86de2c59b142463285b086731b133550db2c6219020274da079bc1739a243d9e,1,1
3bf657d1bd1c0393d26be71a3ad9acbd88a51f775f471ccbc8ed94e437c9f77b,1,1
d3d8b53376eb45c0c6a1dfaeb5d2d1ae090049e32994badffa618d520c07edfd,1,1
d6d2a568fd21e21a1d06d6bcd3ed5629c514c20bf66987d9f670b546fd008d4c,1,1
37c2b6ab815df510947546d0fd9be1f7b938412521c459a74e866e9db7bfdc70,1,1
acf787dcc90bce339041e5a8a0885899a358aba36f2ad6366d1cca679353f92a,1,1
193edc65adb766145eb88aecb2627eacd33a61298f9536de6a7fb418685c3cf9,1,1
722ed7f1045dd90d531e6ba7b61e43620cdb2c6b1e50c718230e3bb8a89d759d,1,1
517ff2b328f44531ba5abe8f28f53d8279cba7dcb4e0e01a25a179a0086e46b3,1,1
a4e6db05844b8f0721f86cad8894634ab20e09ae935ad44f21245e524172b3e8,1,1
891943d49235f5a01f48e17d99bd9c5a278dc6a45c7067154085d0f865a4e224,1,0
c3fc3adffd87a33e3b59ec18889ef367fbb5b572d6b70f0b9d5d0895c60a56c7,1,1
1779f22781ba0adc99415ff304832e7d60f1e643e9f9a646c42d233bbee03daf,1,1
0737beb46b4c7af01186ba94549c1e02861cbe7c80e8acc51bdb620cc776aea5,1,1
ad8e32fd4ddb58e198ce9ba718e9da0261353ef7cc59e75a50c9b92611da43bd,1,1
1b8c57386e7559f1d311977162e8dadc9f019f5776e4ce44ace5b577c520dcc9,1,1
09bc97b5df6a5e45fdb86bc0998d02dbd487bff2cd9fce53b7a2a7a037db2388,1,1
84ad71cc6eef8c00f8835cd14eac6275f8a0befa21d700e0f433f54f1c2acc04,1,1
599e55a8441462958f2dabd4f3e7a91d8179b4660451f3151037cd8a93f87e66,1,1
708760c8253d39edda5c2c6f1ae738ff781ba15b13e7d8a803fcf872c84bc90f,1,1
ab54cab7d264b1e3b1592276fd62a13c94fa8017afdf8df3b0278efe1cf9d002,1,1
5e3e0903cdc31752e6d36a04a72d1b085df53f8accbbfcabdd1d07568417e41b,1,1
d0611ecb8875f50835ec3ab6e68bd756f564e5bba392d747b1052e8567230bd2,1,1
00f82a25da5bccec9597bf6922b2c00cfce914ae654424ff45779ff6915e935b,1,1
0a51c2a21b9695ed501e168312934f679a37e9953ecfafd44283cb6d4a0bcf42,1,1
29d75a3668cc6c7551b9feaeada9284fd5907b194befbb1882b5ddc43e703e39,1,1
1fafb0675ec86665d32b3213362bc0fa822fdd3a407245d7cf29d3e81c14f6eb,1,1
1cfadc4223116f7bf6a9ffaf97790e5d95016ea48db651067f1c36f50e2dc54f,1,1
79eb558ee757987d340019922dd6af818037902234e8a5d9669a18118049ddcd,1,1
e21c9b0b66a89182b0e1e9bd10a67b32303e37220caac51cff56c43212e1f7d6,1,1
80a394db26fd7fef0eca5e6953390d659b3fca7179de381df0187d96c1059e1a,1,1
ae8e1521ee67064b270dfea5e29fc1e8b044f462cfe72caa08aed69d315cce40,1,1
c663db691897b37152cf9a6eca97dea74d010572bfb78548cb7bbc39039ebae4,1,1
620f8011f613a513b5ca56befd24770940591403a296609b6208404aaf6fbdba,1,1
ce237431e015189994a9776ceacf4b832e593088474d2afa0d8f5c3c321c8344,1,1
a22e60b2e57de6a02355f76e6eca3c13843ba43fde4677721599ed20038dcdb0,1,1
e90d27f45a3310fedd35d436e6043d079d72ad891ab388554fb8e247c18c953e,1,1
573cdc4ecbe8614037f3c1d9b6b5c81844db88e69632d33d13a41e93ca8c0a1d,1,1
85315947b7c918c8afe3bfaf55db5c6a45f71beb606445e52545214d0d9fddb2,1,1
1e920a82a1d760aec47b706df018c8abda0f4c253d6170562d618ffb3f5384bf,1,1
dc78928084b1fd30e1e5163fa72af26218547fbe2fc118165007a5be80ab6cd3,1,1
e472a0d25733705b780835018cbc51566224ed09d8c2687c24be97b21ba80669,1,1
e5dd4494c076be0e288a2026da3cd654d05bab7d96503e7db427a0acffaeb713,1,1
c8096fdcb94edb387f8818b05737125769e68325468d985f90f406fac0223a3a,1,1
f70d75781f64a3fa5600f15222ad8650d0ef254f1b1d3391c86e542b8fb0e298,1,1
4b3a90eab92792a510e3dadc25319c67f7a23657168b432d50c98a0b899b5d6d,1,1
4422f4f513f25ecc026de03cf50ece1a3e7c87bf90cd8a7fd0848311b024985d,1,1
d456b885a61ee805ac4e907e98487c3579e923b11cf28b8ed9770e204023efca,1,1
0e0ea5fdfa9b2f4efd7eabbd573b8094ae1bd30e28ce827ee45e5c9a84e28343,1,1
f2e2ebd42f4379d1534e90807f5358df2ed95e1ed1050c67318462737d6e7079,1,1
d946307a465e0d15738513cd2cf219483dd13597c110c588c418b9ca1d8a9095,1,1
4911413869370c6e51e321dabb928a4fa29feb79c5e577ecda95f4556ba7ed02,1,1
85c682bb5ae8c70299057df3b8f47e49f9cd91620a29068078799fdb111c1cb8,1,1
4e09191e8f39d73a2507506c80a63131fc812d9a9eae9c4b1a73081a43acccac,1,1
0f9e187ff0e2a339aa09ab9b86f6b4f0de30011b630eb948c65043354fb47703,1,1
7733734883e2353094075d370db42503af6900c621b87538481a64511954961d,1,1
be307e606c2c25ede6e9ba307975f9f31e326ec399e1d42d64a405d055d718e8,1,1
de7a74c1b41cbb14ac8731a3f1efdfd4fde82a9f1678d6571bcb893adbf0d37f,1,1
b9e018176df795ac670b56b66f916d409f6d4e8e886440443584c23f37184824,1,0
480b220dc02b035969af19c23a3aa729ab1599e878e6539894bb05de8bfa673e,1,1
62b4626b724ba3056f1422cc0e4e1054c0b8ee45c5c0d6fd5bfc2a5d636ae5a4,1,1
b75280dda498561f640b36891ddb432bfc0639d6e94c1f2b0199b803c74533f7,1,1
4810379ddf83f42064dd95855c6e85800fecef5f96253daa0abaedfbfb29d476,1,1
1b403bf167027531442def74482bf09a6c02f87f269ed3433c5b5bc91ffb9361,1,1
b78182c0f77cbc1a60b8dd70321e7a33dbaa740fd15b8eb950dd53cdf5785743,1,1
ba709313c48f0ff87f1e6f10bc34fb9a68594bce9f7cf04e9a9a1adb807827ee,1,1
92dcebf4e6658adf71620f0b85fd7419cac423c76474875958ef190353b562ec,1,1
97b12e6848e25e46af3125f51856a4e8673973f42714c46e9de34cf4c9dc223f,1,1
63a0913d65e8bf2b8d827862af5ab66318d30f8e73a38dba52687b35e28ba45f,1,1
b197465d9cdc9f90703c0cd5168bb933a3681e927628c80d9793b7a49e60d345,1,0
3ca8f3425c906ece148151000a047bb4cd715d6c03930ea6762796ff0cbefdf7,1,0
e45ac83b8b183041ce02d848bbf0f5bdba526fb74483bd1dfd329c3ae9b62acc,1,1
0a467ce71d4774fc05b54f2536ab0fd66cd83dda1e88b95590b2032b8189f948,1,1
0682c7909cf3f6b5f02be3a1634c4129220c36b96083aebaf6a226a132ce91c6,1,1
7f1a9cfb510aa99c5ad562e599fd9579784bd0c61a060eb07c2342b7181a4399,1,1
fe821a9eecc5233dfa168547492634dcdffe7eeca4da4fb69738b3c4e0f0e54d,1,1
f4051e2661cbc6f515a9e93676a1f8ae51a00addc27d9053dcfcbaae7cfb8a9c,1,0
2b721cd498fff6f28679e28d388ca5584b106753b49a189549836a8d0c79b2dd,1,1
1edc7aa3b345475776818db286c7b2e5576ff333044f979abf02a189474810ee,1,1
906de76ed2e778fa48363f3e27eb1563441763de2429f6e627e3b735f5b918c0,1,1
79578c2c62628d75b382fd10bf189da72b9a29ef92a15a1a35305c546a1eb289,1,1
edee068034e77aad820d8adf51915de48fdf9e0956bf1b8342a1d47d33523806,1,0
42e23d399a0f95afb047514cc94d10b28b0dec05750df478017f9082930b8a4f,1,1
7c110c30420d474edc333f91a2f2bc849742c37d9433b19ef28feff0382c178a,1,1
ef4c8108f29eb75bc198403d4f5b46450b9ed471e6374b94712d7a50fe40ffec,1,1
e4f03d00a3a2613f42db0151f7a84bc3e4b2241d5b785cc9faf3d8b13b2a59bc,1,1
1eb57f66175185ee3ce3d446d1a8c4b02554c36a3da23708e81e32b6533bc061,1,1
16383a86640fffb6522c663bfbea11a0e50ae4cca197d27420b49b1f6108c306,1,1
3ba0cac93ef58135b8ef54af559681e792fa0431d6856976513c802279b63b30,1,1
09c405f7e6a4d29903675965182891477947369f27dc31016d579c0779db29f0,1,1
cc1bf222c84de7831bbbe0d7b9d93e269ff05cf16b3568bc4b3c04b4280cceca,1,1
0abb0e134d41d7aad0fa6faffe31064e374dafa1a44ae0401c12cc17e0dab735,1,1
38d0e1dc12248a33a101656dd1a15aeb653af489afd64d4adca0770f78ca3c3b,1,0
ac87398598577f40c1b519552854b60964a7a7fb8eddae1319a563c786833cf3,1,1
074d7a259122c03b29895f6e642b87d484e931d3b48053466dbfba4ba6eaa19c,1,1
ea24c6ea611d853ac895bc81ae9d0bd7df948d9a9f50a123877add061e7749c1,1,1
64c4a2557e28d219bdfec178635a2791a98c189a02c40385c0224b3de8245a45,1,1
2bdeb87c233ddaa6671dae63b03cc4d6160a9bf7bf211ffe06110c07947fceea,1,0
414bc96694373a0206120e49b0d4cfec7fdb811c73813436db9a77eda5a1241c,1,1
b28a4ec8da63aabe67bf9a5d5942b97fb1e3ec79e5baf86809a29747cb9e0bb8,1,1
279e884d601af7b27b40a51360ba0b70ddff2130857cb749fcd3a3659941e7ce,1,1
14afbff0c95e0a39f2afe4a41147d00b70e53c63ec704f26d321e64d92e9d084,1,1
5cb97b104daa101af1ff5647f0dabc8e4fa2d5220fb695fc70054cc415b4ff56,1,1
4b259e36880f1f410931875430cb15e282d756ca8195ccb8407afbee628c5372,1,1
203026628eccaba674ff9bd5b8a5e2c3624b6e053878937e1c0b32acd1030027,1,1
21c15133605125b0aa916bc1c6533ed958c0516267983021022a6d22ca39dd4c,1,1
cca918a8a8976c48e9b132e0650e556d9bf3ab008bc2baf471999b22b72b2c9a,1,1
09f5c748448a089629047033df1234c8dd9cc73e840e03ecede76dd19618dcb3,1,1
1658fe637991062ee997f41635f1a4896a59c08191380d6c970dedd1b8022bba,1,1
42cbc3c6e37d8ad5a64b4ce0b83efc821637e503660dd29e939bd740f0d6643a,1,1
10d234d9439dbd74e4566f4f55c1be8e313b6b4b695898417448d6cf94113e78,1,1
5df80d019399b4827b962d6e870955f6054ed76c39fcae786ce5694bd978188c,1,1
6a9577bd7fd42d0e9baca8862588a72a9167cc94027247133c427586891c7cbb,1,1
f983c6e60b80db98de65d9063eb3a1460c8c4368b2204ae64d4e12eea9b3c387,1,1
e1ce4832e81285be617214c726be0f5c6f6ff0830197ccdf068ead37cc8d2f16,1,1
543658f05ace2b94b84d15a0bcbeb6f9ed27e3668fc0cd388cb264300bce2d73,1,1
3935931a20fe1d5fb38bb4cfb17fad144ed25d1af3d6dd80c182ae64611612de,1,1
025159fe2bfa99c9e6083371e2a556ac2bcfca284fa6567c95efea13451dcc00,1,1
20d22fa61f68ed9624eb4ceab8dad345a43964aec59e14f96cec0637d8e2f77b,1,1
da5ab9f652bc01f125100704e3692cb9f3c93758b1edd85a180aeea1ed2c80b4,1,1
aa3401729c69c857fe9ec176e15988b86f8156ed59120f3274bbf4b9c14f308d,1,1
5c52419291ad3e570eeeaa904c6f095414b84ea7e441ed1772d356ce15432cc8,1,1
0c4489e590db191ff61284316c51ecf4f4767a762e5a825934a4e20052f5e255,1,1
89ea0e6c350df0f5344d65d36bd79d327bae18290326353d44043729f127c845,1,1
b5c65be83d946558754efb1794114a3d6d65647f32349eb8af64b9ac22eb8e10,1,1
60abed97113c62b91d14000ad70ea881bb408d3290a9f40cec8c4e56487f42c2,1,1
e2351c302e8057fc6f94d51b1cb5f535361a5eee006c9a68a0d26cf0944c4382,1,1
7965838c412b4f8974d177ce83168b0b264fb2648a60158072be1b9abe886146,1,1
5ea84b4f56201238f846f0e5b1507434bab6a3c46a9d7af177658c8db6ea56f0,1,1
5440dd96136e3fb2ff6e1145a8449c7a66ea0e445024a018849e8e3769ee9e60,1,1
dec9e5bc0db46cbb42d2345a595380a483bbd01563c6c74e7638b5a10e3c9213,1,1
fbc940ec9392d9b08628ba7e12f8337f4c56f2f5b17ecab7a5a0c102e1d56d95,1,1
90adb4584e7649aeae92e36ee1278f03d74402d1257f23fc721ba0324704a0cf,1,1
79dd4160679bfc6f4f99112610be761336c5fed2d268332f3dc6d0bc1ea5fa6f,1,1
4893e70a5d30d3118416635d30afc2fcc4b04b8d9afed52b669fc4ead6217b72,1,1
47214f4e66dfe12eacf339d1073313bd09ec9ee471738e172d516b091291760a,1,1
499f94b6ffe599ee63530d65e82c4337e6b0fbfbc1c2e613e9ed84dc2a60a445,1,1
6c61feeccb6f73f9f333e5a98f7d6ac0e9ffa3d7ddbea84215a1a02fc4e3b489,1,1
b9f42be1e47fa75a2a4fe59f71877660f71a54bf251926781b6a38b276cabc2f,1,1
2bf174a448ceaae05cbf882865cb7c54407a7b8487d232a4fb257c1e9b05c951,1,1
7475a1963c1de2155ef7e583b4ee82feb68ec56eb0c6da435e268227f6b27cf5,1,1
df6d50b4d5dbe253fe5caa7dace3a0c22e62aab70cf3128add14bf90f5c2d1ed,1,1
7ee7dd64e9a92d54eb350302b1cbd259e2a856fce7fffac9cd4b6b9576bd7a8e,1,1
a3eb24382d1c26862e303f283c3bd3037a7de6f9a8e124402e6a1e369f049354,1,1
3e1e10006fa59dd250e5a0bd93eaaf4ee9ef93aad53f02e2ff6c4119b71dbdaa,1,1
4c9cf342e1bfe3300eff365b32669b0a307ae3eee46cf3e001781728fe652a08,1,1
3a9d9ba481010247e5cb39a55088339bc999601063b64616285df9af4f5f58af,1,1
c7647a285d5acbbe3bcd15760ece081f45344abd429a2dce06758a2ebc0358d1,1,1
689ba847b5952f0e3460b9caeb9d52e4417c4c6a6af4bd68e581128c87062950,1,1
6bf794b105264d0c2acfafcddf974541198a3ceafb6d3533c33778d31ec14222,1,1
5827412e3ce51754a899057b7bbb7b4e1fa98d7c633848a147be7b0f3a4987c7,1,1
eea0705fa0753f985ff1bb5814861306757e8b09066a28e05b6e1239b5060a8f,1,1
0c43525328daa61520c11df2e98aee98984b4a2e44d774c9dfc55f3e6327c554,1,1
e294cb172b7f06b683369aa9130429fc53191507ae343c1770d745d4f0e479ba,1,1
acaa889b9f85a378237c7673d45bb82df85887867dc12df73aaf9afd9e7b5ab3,1,1
2092e8dc192a9693ba9721cedbf0725a934c25692ee40fb2c48e95c9daf57a8d,1,1
efead69093f2f1cc6dff9b2322e3913b5333772974d90bb5fbcbfee093587fbe,1,0
e30d941ebe9c01ba867753340e2db11d669d2c03809c5ea7e33923304ba5396f,1,1
d06c84b78e99dfb74820c38e769a190e10c4743354d4d830a9d6443f464bd1c2,1,1
bbb3123f83fc4f0f39a2edbeefdabb2b756595cf4a72e9a5347f580eccfbf9da,1,1
d7ac0e3365f456a9d00f8deb3ac7f6fb0fc482d16449dc8cd690486f18346939,1,1
37e926a76b56a278eb3087a005971bc6b6b004adfb148ad35463b578ef9d2202,1,1
1b5d0c1d216338476407ac51b65c6a139987829736347bd649706bb7cb416813,1,1
9efa7b3c75391caaef19d015d33c71332fae6ee4db16ac66503d2bb052e1c917,1,1
7624c0b78b38583a5e2941b2c78ec4b94083e92adf6811489c2a21565892ec2c,1,1
6c281ca8ac56d7167a3ea4d10401324d248a8cb8c8bff13209a7be435a806913,1,1
0533a137184398d9affc8bac06d678fbffdfec0c56698c10cb3ef72cff6f90a5,1,1
7bd3f1643bc8fa7dd771c7a756cc38cf8f1f56f2447242299957518f0e65fdd6,1,1
974647941974003cf43d70c7eb02d2f9576a379c3c6f53402a749be10b65c1a2,1,1
160e43220c0f8976c3f9f05d533291c3aa52f822cbb68495badc809dec2a250b,1,1
959c4ead9319074f120f21584c066844e95ba6cc7d8c5a54f45fa12c2e4446ea,1,1
58323340de3bcddb239da2bf357053f55ab735f095301f807bca5fb78e0ae0b6,1,1
1bb2a18f6d6bcd25246d4c0011ab9c6969963f3a207879f0339b27d2ef3591aa,1,1
d3e4683b45205bb75f5c46f3ac18c8ac9eca6e36b7784aa804b99ce509cad6a2,1,1
6a93c15478ceb26425e2f7a87e25745b31c957b2e570ef6576e13da6ce2dc030,1,1
bb36c5b54b7d6ded9087ddb919bde53e98657be9ab4a27edd3466902e09ac940,1,1
3e9c147f1fdde77d7f0095e6c3b69e27121f9cfe950ca8efb8214e5544e31af4,1,0
26a031ed54c4f111227ccf24961aaa20f0b8cf1adcf9316c4e797724ee03b763,1,1
8b93310842140974d20062d09d903663080eb7aa501f5d83b47ba1c8ec17b9a0,1,1
c53aa0d09476641e4654b2321fc3dcfea0b07f107ca618f9612cdfb6787518a1,1,1
b7c2ec3c5f8b989aab9888843ed980eae54fd75a274b2e65bd4df6b468515a59,1,1
f57ae690b995aad9bb4486836514bc5271e68b9aa6b86ece2c31816f241db788,1,1
537d66fef5aab7f2c4e2e329d9de0b1141cbfdde543453f09b7fc70113ea1b19,1,1
ae8cd49f90e0c674c502810f0cd08901a7d6197677d000a4e8ef78f601e70bf0,1,1
dcf256714ffe93b0fc893e4d7c40c36dc1fbe305838ed61b9b893009bb79fc5c,1,1
610097fdca867ef8dc02f001f99b3779bbcc64095510df109b1912318c6df758,1,1
221c1f17288e923df7445c97e279e493053f08182a157b718582e430d81cf18a,1,1
a1992b1d8fb5d41f6222790767eee87c0bab6c4ab7365dc5b4c7f746eac8d673,1,1
33e19045beb68ecf9d133627a1ffbd72fd2852e9d58a1df93436231b7f1dd59c,1,0
e175a5b811beefa2b87ce5eba664ce367a8b9ff876a71012a9b8f51de376aa44,1,1
7ccd258d8b0d8a6de51fff3eb5555ab9aa8890868a8a104f187ac9d43fe09bc1,1,0
b2a6d3b971769e12db373586ffa17a909726072264e2f092ea066b301a8ab1f4,1,1
5f8544a1c5f4ecad3e5df0b25aa7a317ca66c16098df69f33abff531ed138350,1,1
97a73f3003d543caa591c6103586102a80b98f181ea4430b17cc6b23187239de,1,1
ae96b626120d8ae33fd64c3ef0a834397478b0ace4bf8c2410dcc74b474c3595,1,1
9af508b08357a66c7c6d5dc1052cb004f07e6ea28764d965967277d64fa7de1d,1,1
05e55ed59719e112716370b6f7ae432e600d484804e1c4bdf6c41cb949553660,1,1
34eee01e8029f6ce1ce2eb1d5b3ba9916eb99d48e729815fdf147fdc155c43b7,1,1
01510aba1dda8b523327cc4b74bf66181ba8a15b8ddd1e8456be7539d07888fd,1,1
41bb359f32cfb4d2697eecbf982f5a4def05e5405553621c7c9aba24a0f171a0,1,1
2ff4cb514d98c7c5056e9acfc177aef566932ce2cd60e68d9ef155f69cd3ea7e,1,1
e5ddc3e8a46265bd59b17aec46692567d7307a8e542997ca1cde88477759cbda,1,1
fa6e2b0d1d49c3112057e330e71c2301dc37930cb5fc8c7cef12a08c290855ee,1,1
025c891f5c838a21bace8e87c85d4779f3733ead8cc1984074e0bb6cf7056067,1,1
46e30e37c90535c8b3039dae4c48e8793b2ec588eb86dfbf6b5b1260906e440e,1,1
3d0e076a4ba2ec6e237b1f8c8ede5cfdd5045e84967ecf09d240d580c1d44440,1,1
03820af536f49bc02000802f7d54cbb5e03b3d895b01a702cd163cec1ca687ec,1,1
57293e70638c3c1d1fd48c167049c12b1cbb2592dccb5a182323b991970fdf19,1,1
02817688613fd805f12727963e28e48a345ebde557059dccdbf521808186e2ae,1,1
ecd74890fd16ab590590f263c1bb87e71935795e90f1417e64fdb843e0495c62,1,1
39314dd76ef540a8d40da1dbdf7749f678a03c8eed6250162cd0d60c20cd6ea7,1,1
1218ce53cc0d6a4164fae4d36fc7451c80c712f097e0ca1f75dd989cdb8136ff,1,1
3e0f4e179bfe424c4e5ef322c9d0b01d8046ff3b17c98c2e4829b512987c781b,1,1
5bd579b3c9fd8ee05bd388166e59b9edecc13c39ddbed3b71b17acb55c38bcbf,1,1
bf231c143d6d8d52df7c4d36f92b837f6793b02990d7dd0606ff41e33f8dbcea,1,1
8268ecd64efeb8dd7c708a0c9a2410c3367a5e394457b3e7bde42949410f13f1,1,1
324321d4cccf5dbebe904a21de5545665616c503db6f926332a07564ae4686bd,1,1
6d3cd1b13f9d549bc27ca8810399340164e31fc7acbadf5b8ce86c0ff72e49fb,1,0
81a0743b11a26ec03949cf4f0d3d834534583418936153db8f62617f263c0b4b,1,1
d1173dbac62ecb2f9f6ef4c9678adb06fa1151afc21e03bfb8c72a1c2c08b1b1,1,1
46010d441888de8fa9c066ad8178ebee9a1bf98f3fe492b8fad546d80508dd8f,1,1
0048d745d1920e227025d3045bd3c12cc45eaee2e071eddd82b9547047022c8b,1,1
9b31a7599b5c8406910c75bc4b3cb97db9b1e0d2641cd7e53753ac7922ce002c,1,1
1fbaa66f793e34e4c33f8d72beb88266af935edd2e79be495f34f41ce1d5f554,1,1
3b8cb32bb7eae0b298b1ca8df63bcf7db5b122b47e1ea7126b2674018731fb48,1,1
e4ab6dbbf2bd87e717ba17f9321fce7707256c69ce9e7e0d4fe12deac93db571,1,1
58f7f4d725458f66a339d45f14012fbefa504204a8c4f39c07e27f3dbdbe3d15,1,1
6b7926d053995a0eea77943354100742c7d66f44dacc53de22b9013b06aff046,1,1
270d6d42e0c0749039938a42485f96530e490c6d1e147bd91b6f662d4985215b,1,1
197bab4552b8e7e142db3c8faf67219597393ed006848183bbc61fdf887f1b9f,1,1
f69d1ec7f42bc8e740c5622b302832702684500d5ae3d4de78a6a06968cd99d4,1,1
b10ffb3f76333baed3fd044c68a831c49c8815935756670470be1074235dd802,1,1
531cbaf212a86d369febd396e970ebb2227da1b44fa12c8c77bb2efebf8c9eaf,1,1
c07e52be523a9ef76e0102de1e61aebab68ea67f1e0f0ef79d6df492be3bd782,1,1
6a58bd5e6c52cbedaee9043374cb3ba116236d2c76dd1a7e5ef4d649d86567c4,1,1
633174fcab88003d7176e98d4754db9beeec613d70f116be88b6604d6171d448,1,1
2374b554403b6e89782b896729a1200ab10524f328452bbf67f2cff5b55e2b1d,1,1
00bdb733a3bdfd65d1ce22edb8630710fcafd1cb9a110c2e4e313dccda0f091c,1,1
271df83844f66e310ad903ca52c1be4f5daa050e7e54dc70f74051c2941e872c,1,1
1e697f2fd21498e9512d80ca528c2fea72b29191c066c21e8508caf6969ce370,1,1
b0d3abce123ad6c5413ac6ddce1a605c83d0a4435ed15d78e9532c4314e5ebb4,1,1
7a6a2d5c8d071acf5c27a665ce889053f6a4d63c62b345b729a17837093ae55b,1,1
892d3529b04aed9c4e13b5406e651d6a3dcfdcfef0a3e49fb8268c0a87b8d5c4,1,1
1feb7708a2819646acbeb5e5a02ac28316a5abe4c772b4fa5eaaed456f15a9bf,1,1
80faa39f671dbb3d71c2b6ee99d0cc94883ee4dfd6ef072ca2337e8940599145,1,1
283004cb293dbaec7300ad9809b78ac8c92d3c58951d1fc12eefde48cb045d26,1,1
3de725f6ee5b055d66723bae6c047d78f2c0250a0d004e2643a6050b1463c734,1,1
8f58cc40db4453e0a4a1f971afbecc9d3709deed187b8344f884876132299959,1,1
5f74c4046ef4650ceb81c6e3037669c4a164bdd837c1fdba8e27ea8f0857ca4e,1,1
2a7259e3a88af729e6b98a7e30a05390256fa219322e336caf531a23a6d11bba,1,1
f1fc37760d28ed34845007613b70de4b18848f7c1f0172e1a6f4adab2524df88,1,1
2f04272f9e4b3db03fa9c9235efc6fb2799c7fa249b920323cae2f1b77975d42,1,1
97492682a981e2e40cbfed56374afe3e1d554f0bbb6788cf9cabf9adb43fd983,1,1
fe1fd7409b88906f4c33ba1879e19b8fa837c88fa49baaf7c16f61957174777f,1,1
322ab5db027e7a4ec8e0e00c2e2a62b1badb539cf3d9635ea88eda190eed74e5,1,1
7ac17b25183e086a73ccf9e8c2f91116a46bd957d4ac8ab4e1af2cc1ee36171d,1,1
bef43cebd2bd7a99b7f81c841976a5fc2fd9984813c536181ef5938b4c33a32a,1,1
fa2fe943f574de4ccaf1fd5bdbfaa32b407ff3fac9266155c22a796dff6e83f9,1,0
5d5c09ba5fd148765ce93ac54d039289427ef7d2e8f698b65045d2e270e7ff4c,1,1
1d4419fe1c421a81255e77891f46681e241b5314ec8a63f29c01c5e72b1a0f57,1,1
171f41f607cd485d5f112aac81ea7778258d96517a18a56497f51b56c5fc8905,1,1
c424e0974422f34edc51a8e1bce877f69fe16343a607db2837a5b908477f0d6a,1,1
6c688cb992773611d37799e233d597823babc33bb9252b92a78b7a23d3e94ac2,1,1
4fe633b9329f54e2bfde69305fc6cca811b37898e8975cd0a2e9f287138c19ba,1,1
c352212d7d1142c59bc08711328d3d92e1246f6c64e2f59e10bbcc590ee805e5,1,1
88604902e4b9c1aa4a556f91b0ec56c28364d8884621297780ade4fc381112a6,1,1
3eca32694a8e97087608c33d66be9dc07cdff9d4ae228e20c87e95497a071e64,1,1
2147473b758d3ee42d441e4a56238c5cb7c28d80a6156db2c9d68cd8b9ab4a29,1,1
b494d0bd309498908a097fec9df543208558a218af7c44385c48c45551901a77,1,1
d0f3669a5d32e7e48eff276c0417cd6b3d96f8290a65d38631495667c85bef15,1,1
99e107e28b869991aa84a120884fa248ba2c60cc37cf0be8078f537e5d157b7e,1,1
7a4fb4d97a125e078d98a512ac7f10fbd5f7b2eda1fcd4b0f4a2a3eef6cb8d4e,1,1
e298bda23c8e7b68480023d54d3a7aa12eb1b65d0276933ba041e58f681a9b7e,1,1
58ed3460d311b7cd47787e322c1a87aa94021a502a7875ce67b9ec4a0d2ee051,1,1
c16074ad51a28f2a4bd69e1b8820fe3bbea352cf4c92e2d8e9c7902b3a7c1828,1,1
908358bed4831eb836bd1e68732bceabb196aa464220c7be547590c08905841b,1,1
10ba224c7f6bbd84c4ccc325196de7e9d8b839c1e09a4e3d4c3bb5800185e09f,1,1
4bc6467c4cb48384ae2dca03f80c50c754845c3926130dce0b9cb22ad551ebf8,1,1
14e04073693f604053748e3aa896334af637db9e63a31f179c327ee41c3036bf,1,1
51e58f3758f6e09cbe0888908b804f59aeff47b1308f1a5470791b0fab108043,1,1
b0e5a93f47405b990a43b5d3222412f29765a1a82a138374bfc7e6ca6213b935,1,1
c74f8af6db379b39b0f3f3aa79a28e59f7213dcf6612ab6582452839e6719437,1,1
949993c477d1339801f7224ba0883b3f8b9da1efd8fd159c31cc117f1e2f2de1,1,1
55c9f4ef2073a8eeebeb1f51e82a19a387e4ee270aa5feef026b9a1b07901864,1,1
8387b3f95ddecfef169bfeb9b6f45f52a4e65e874ba937dc072da8e7ae10caf6,1,1
de52a13b1f2e4f008d48dfafb9064b84db43e56d7d3186ea86b2ca571cfc8473,1,1
7e4920b2735f6d7b8555e29f3870460e6af97f31a2ae7b27f5a36982d101c7a2,1,1
fd823238f4ec6713fe11b8b51cba6da5469e6d6a70b217336e9e5c7ff3ba5ab2,1,1
20ff0394b2e0b2231b923acbd9e627dfc879f88ea30f64b851f903213a54e1bd,1,1
58e03aa653e4b355b1ac9466ec2fa96754f0711f82279a1721795b7ae415b917,1,1
68d13fd485730194bb989112c3e4d719e857d79962dac3a5ac909bdca115e355,1,1
f61769211d709b2c8afc2d083c71ca70d875a390c4a34b4601fe266801989e27,1,1
b735c2b3ded54df0ef548a6c353f784dbf19deff9ed0e5cf44206ef040d4f496,1,1
83f521a3eff4e405cfa372a9c52d6a327bc260458b798ba59b868cbd55072b68,1,1
005810c726cb5d9b007353a397d7a526cd2629e7fc8bf5d84fd4b8b51a1d7ed6,1,1
a8f77f075d54e5b461ce16f53a902afafb6a7ed26db83410ab76706fd0413387,1,1
3601a59330e8527bd83c0b3f6fec7ca310442029a18e764b3efbb5c79445027b,1,1
00eb6aff424ba1ec7b9e30b91f6244ad9afea96160605a13eea0fbff8630579b,1,1
069e7d54e0fec384817edfd0643a2818db267f2f29d70789769af88938664b0b,1,1
5fc648c7bff532a47ba9776f1a0ae606b8ea4337daa967fc9a4d06797fa1100e,1,1
86bb2d0bd5cdaf2eb4ea7df597c152f8a80c10763550efe4f3f535ef5cf4ec09,1,1
999c10e47011b2a378273b92d6ffda81057bba69a77eb1c1068ed971f2cb23b7,1,1
1d2b086e258b01d8ea2ced3f25643110ec4d15a44440a9de8a0f2ebfa49a511e,1,1
c60d832a3cb3f605b64f952afd4b623d0809142b05c2e38303fb861cfde009da,1,1
d41550241a320dac02bfc86537a66b635b67951a93c06bee59ccc1f9488d0ed6,1,1
779cdb21131b2e8b2c4aeae40f17855826bb27ba7ec74932050f6b7e5b993f72,1,1
948a8855588e32d10e9e16c714cc8ae67e9cc55cd66142bd5dc62c7148857461,1,1
2ffd2e2cd926ba998d402986fb71e5300a334b1145fb89da429e2a9678602d7a,1,1
ecc0b1c64fdd4aa8f85642cc355a79bec79a1c0857bc2d424b6cbc6564040cc0,1,1
f88f04502b647515f77fcbde2d00fd1e2f03a0e46c236bb1c6ebdf6a9f37bc28,1,1
ce0fcf818b8b8e7869fb94e390f2dc689ce1c6b11836ccf2703468627647d1b7,1,0
daaab23e7de6640b4faddb0fecc3679bc9c947c74e686e561c91d243d991a716,1,1
f793b0222c35554a6aa2cb833b6f7d135d54f1b10b6a2eb3abccf3a62d448715,1,1
de4bb8159741cb9bd9fcc390c215ae52b1fb7da9b8a767b66e19efb994c47cb5,1,1
36d4e11e850f9083d1e918521020b777c6fd8ecbdc0b325dc58687cb7da31c71,1,1
27e51ff892878550dc2615c407507446a2ff09a6429bfafdf4790752e874865f,1,1
f4985b18beecf3f86173bebb47c6d1ff91c5c766ce87ec6ae222783746215f1e,1,1
14c5805f1fd9268013f32af7e3e02f873b1fac52783398cea60376812a9531f6,1,1
f0e86f4eff7d628f96b32bae45d18d4f5debbd444a4d64d06bb92a5f7155378d,1,1
ebdb59dee930f4458af8b7fbdd3d09d97899f9618b79830096f8e96621d731ac,1,1
4fd27668193e8dff643e5dee7bb19dd9afbd8f70889b4b443aca3c33986ff362,1,1
c9d073ae95e9cf51bd0004330d3a5d93c448c3012a343dde9d5f8a55acac6a58,1,1
5463c93f405e465ca0e5497be0b2cad273fe107d914157eabf421c8063a6af91,1,1
d03888610b0cdff95b659ccc6a99b4338df0764208532b234e49fecddad085b9,1,1
7a5c01e54ff38b7c6f59f2e9d9f8c0876ceec9ad14082ba3fb4ec6971550ebd6,1,1
277ddf2b7327362ba63dbe5762ad4bce6dc490d7763961bbd6a6eb38d5147c63,1,1
c9e081ae32bcc661fc7898b771871ecede4ad1d8022836199cb4f661daca284b,1,1
38a85d99d5a15cef74876b81765b9358d6748d8c2074e78b2f46599238df000c,1,1
47d7333a24b4d82e7e06215932b9bcf60d893e72dc54cc3366fec5788582bc35,1,1
8e2243cbed515b0a9bbe095c9dd7294b96c1de505fa27956866e713f17f68ea7,1,1
79ab6dacb7884728c0ae869b9b57c0152826205d7b84a46e743a3813a69d9aa1,1,1
e423725346f4fe69ab6b7e4bebfb4aaef3f060a35654bc1fa5aa2df9cbe9b4ae,1,0
9edea3f061f7b0f2a83ad5b7d245dcc38ae520991bf9e88661c3393bfd57e1b7,1,1
e52010f05b1143c5bbdfaad2b32d2fcf2e31381dd6b7f05518422257409c9ce7,1,1
13d156c00e5cdcae9abf6c46a74ded2b4c232a61a0afee6af134957b04841751,1,1
9915600c93209a326f1d37b72caddc57accae17c1b99c672afc3a68ba5bf5302,1,1
a83d3fd38239498682664feb3cf29d28d4011576f4b29e687f715d7885cead39,1,1
cd57113786037ad5b1442c8f836e9a05384b3e6948735da947dea9d05cc29199,1,1
2df0e6af83834f7a92cb414ca770b148eea231242897ad9fd2590a69f37a44c6,1,1
64ed904dbb0c4c9e947b6324fe0bbf5f50d02dfe364f3db8024723c2faf05584,1,1
9fe336c9309b515be39e17d463cb4d195a273bfa6dadaca8f857a890581baa8d,1,1
7caebfdd52cc2d24fe1f39f00242b0daf59f5f4ef108a41324bba8b9222fcbf8,1,1
75f46c49b8f91e978fe5ab93f52b368b05057311b1de869dac0f29a0392a782c,1,1
69ad9972645650a76aa6c07820b1426bd1352168a5448fd356328e427267216b,1,1
4ca73ade9646fc8ecc9a0522a0888051181cbdb33ee3cabd988e1c4a01c86322,1,1
58c8332ecaf48511926f4342a7c7966a19efdfce0eb50cc1538c6d5ec6ac718a,1,1
4ae357a2ffcd53304686c5a27a9dee96d595bf8b91c166e29e9555c53b348b95,1,1
aa64da6bfea08ee11c6ffbf4f14053ee72709990169bf3acdcd05a324be13938,1,1
fe6a9562e33a125cdfb24309bbafa955aaf2e410ab2fc7f9b31c6b49ecc38085,1,1
952cbc20306df5494eaa54d1de65c1d474c031eeea1b49f4efd3b96f0f797eea,1,1
7494c597a65229dd9a81ee0d35af652cb167b2109ab1c5bc0f4366175fd29a4e,1,1
dcacc84c3c913217aeaf9e67de832745c5fafc7e3cd8690c8c79183dc2e67e9f,1,1
4986f476ea03299e429d4d7543257a166d0d68c8f332296d589ab46cb291c0d2,1,1
8dc65a7bab40f82de6ac3d51e047afcf587a22243ada9d53c2b82f1be526738b,1,1
6bd7a4effd760a23ec5335684f1292b4ae379241f23574f17d26bfa551ca38b9,1,1
eccc032893092a4f76932725733eea4c3330743cea8b77ea0fd4c1934bca9468,1,1
bf8c4053509f34151ed3c512ceb51156e5dec086890851073237d4b7ca40315d,1,1
07e8a44bb80c2b8e4bc503d5a3cccfd568ea09e8f7aaea6c282695c758814898,1,1
177296f0e84d2ecb60f637b8ab1d2fc667670deaa661c942964b92d1f1029b33,1,1
a80dee8dd617eda9bd6ab52d369d7f61b07db3109a7f757812144fd88ee174f6,1,1
2bfba3a7a685d8b3cf8272b1bdefbb549ba444ea37f1e757227fd3a0d2ab9fdf,1,1
93cb65edc006123ea3fcf99a0f019ab6151d371945301248ebba3176989be927,1,1
ab1d4836b7eeac657961df68ad206369cf40c91d08bb449dee1763994d0efadc,1,1
650d1adff6362e2356b24d22359daa39d820c28fb5d5222b03b185ecb9e70fee,1,1
199ab43f1d8b84fdd141772f6472a60916860f6db7a673f0bec4f8e76edb80f6,1,1
2e0a2d354fad20241e6b6f34b08400161acc5966edcf9d226d5d8d221493f709,1,1
21c1330b98427354ec8828f897b3a182c892283557a2c943d28214080621f8e3,1,1
2df278ac1276a761740801d3e3459816dd816f08d1a6ecaac513af97959d9388,1,1
4617269d66c4a7cb20d4c07755d93792d51c89fe35faa643e3a71d0019e601a1,1,1
7aa7eb143327060bafddf64794bd9dfec17234ed9cbf216964d99544cff4914a,1,1
b86b323b47b5e542c7d957c0877783c763c0abd58256a432448f2a84cf8209da,1,1
a93f819462c54d1c6a016aeedcc38f2fe2efe845c69f5892990ea0e01bf9868c,1,1
2de4dd9c39a544c47f4a7a253a842ea44c635369bd306e9d136d2b3287c469b1,1,1
968220ab88026fc069caa6a24c2aa1c2d46685e001eeaac6617bd62c7537ac79,1,1
eee69d3833f20afe6fbd9aee8dd5cea774a038a317417b291310aa3432269c7e,1,1
1cb133c099f737b45ec15382272932167e5e97d3e0cf581adb1ff8f4a28b7d61,1,1
4e14ecd9a7dbd91974fa8b4e9911a58867fac95f312651cfa04095a05f78f2ae,1,1
b8bda7b06c0cc82ac2cb3bccaf2f38143844668cb51ef11f1ff8c4d4ed9e1be3,1,1
d4d8fb12f27dbeb5d9ee453c40056b2a0b6dcf016150c398dca09ca11f881d33,1,1
2241e712867a19d956818abf5c8583e357199981fd9b68869b1b40d6e113f855,1,1
6e8765a8e7f9cacf8571b229dd6d85d7633793ceec139f664e201688773c428b,1,1
20e966a85d6e22c744217ad926056174a92e331e21d191e0370aca85d0422024,1,1
e72a664e1ced9cb60209c1e4b050cb39c20b74c825a85f58558aba35977bf828,1,1
6ab15fd7473801dae8314b1c5fa0cb82d1020f83fe9196dde2ca8b9a1cfe91b6,1,1
587bf9ac244f601eac38e121c6f9b53adc553d6bf20f0b5821ef09c27cb5b762,1,1
d713857c9725c54de85012c34a51df845be55f70d7fc11d4c87dfef3ef1da6b8,1,1
1142c7cfe23d02293031b193503ba0fabf94be58b4c08259fb0dda65831fe068,1,1
5f825d4a37949083bdec1cd5b4f513e1f37c2a44242aa23d6e3ce8081a5897e6,1,1
e748e93684e54c9f3721a55ac3ff958be08eea09f643844ec60771a52982b58e,1,1
4c268015f50d5b2bc2af5fc52c7ec51ce1757e2eb94637d5510e361f7235b2d6,1,1
8d08bc8378401dd1d6c093b24a7133c0c1d41eb0d2ecac78f01fd5a1c93a1b75,1,1
90a02910253a0e4f9e08d49e87f36a70aa8f2cc8c1a4249ed6d5cb956aeb6e9c,1,1
de29755deebcb60a827627840aafe0d037daa5b72eea128d368efabb1521ecea,1,1
299a6aef495d9d73acbc225e21b2ef1bb3729bf126a2d93cb77e1dab1093a19f,1,1
887ad2455ef0ae04fc083765b76ea1b70c6a0370003a8e4ac739b0aaf40eaf8d,1,1
15d4b1fd04ab904b7160fff04eef473f2135ef8003e1c81fcb98f2b0bb8911a8,1,1
1a3979ebbd27f21bb1be8f4435ea4f7fae0a4c230e5b1fdaf4fb6891dfabca0a,1,1
653348de1b197cd9fbfaf376e93f3978308dd1b27404b8d0b379ab25ea631eaa,1,1
748b78e7a7708cb3cf480a728125ae58bf891d87c127cc06a72b26ca23486c97,1,1
507cb7b9c87547be196d7e03145103f238ffa92df7e2bedbb9033c1fab3851d1,1,1
06f498efbe629ec08c164a4e85db0ba99e5247fb01c4b87f871c3d58ffcb718d,1,1
3712e635ea391f8ff93e7e22538d044e506494e6b6ee24fa8946becca459a356,1,1
5a15bf222470eda4bbe4adf2b4427acf1d580b4cf95a0e0cdbdfcb14539b6fc3,1,1
34e83e049c9f33f3bb3c0fac3267fa734e56d5ca7cf5cb1d154cb2b4b0f36540,1,1
e0516b7ab861255eb2d8f3867b6994900908a9b2014d0d6162e63c48bdc52d0f,1,1
654329dd546d96c85d13af7ba13c06476776cf44dd936e9e81ee98beeec90ad1,1,1
075888b28ebe24b2aafda8e5ab590a8ba7c8604ab7ff4128db74c586fcac2a11,1,1
ab01ff748ee1d5251c0db02b46ee02f0e16368adfd98ad36039b94870754c375,1,1
a02978451452308eba201fadb024c665146756da62239014148534fe6e4d089f,1,1
9dc12327b4919d8b839a84d26ad40d7d41dbfaf68ec1f381bde33b85a7d1a474,1,1
ee0b1956d894a4aba7e198dd6c5564ce3472641842409a848f99bb867e81c524,1,1
04317a97cf859da049334c99331a0cd3f66c319b055453cbd629c2453f469826,1,1
aedc6e74e2c21b0f9db4cd73ae2214475871189fee64369022b10c38cc2a1eb0,1,1
123815366faf03ba38fc43b168283c6be19979770449501f7b1af2f3bd00ce8f,1,1
80676ec3a009225d2b0d593872857718a8d94507515d387a4e5b7754b332e347,1,1
c97b4ad711fa5c0eb23606da2b915998858346b85f095a47d155845ef8271f60,1,1
7af49481aee037b82a20f86b5f20888e0ba1315fa1232aa2d3e3079fb66676ba,1,1
f3adb32eaac593700b5b0f65066d40538a3222fd6eacb59f7c3c75919916c499,1,1
58634ab25cd89856ea76c664898de1725150b3c61856f6eb03af715269fb7a54,1,1
bfbe242a33fa71c8a44fd6d2a72cba075129ae5edf12f6c460f49ce6dd3acce7,1,1
a0e725691a52beb954cf0c84f2a6826752571b08cc09576349d325461b65e3d8,1,1
aaf6de7ea0070218afdd71fbe4a168168b60fe4d1cacae0a12a2da1f94113374,1,1
2b99ec9d02db060eac254a7e105424aaf8b69642e19d6a8e993f2984d9076742,1,1
109f60371da11a6aaf2e5e67c408fadfe20be25e2c262585e510727b577230d8,1,1
ddfba04d4e0c824312841fe0698536d624ff68e9c3d873f78f67a8e41cc6f008,1,1
c7a8c5ce2454e80d0c6e4971217b492818f144fdf92a1b147b7367bd62cd5044,1,1
1009b212039477788db103a25bf7d938413c120ae65092e4e3735e70b767bdfb,1,1
2e9c69c1f969a948b5e70dbf86cea8183ca02b9edec84d5735315d469788d250,1,1
5c2f75172e331116a193940bb691ab78a3f1ff5bd1fea3c794d6b6fe2c84fbb4,1,1
0216b6f7dd56b5bb25d74e68a98de003f8355e5bd0c3aa6bb8e6dcb527fa6f46,1,1
f47fc6cfcad6be83ad348b9843ef8ac4c0d388565b5145664b26e9b05be9f9dd,1,1
6a21cfc72cf88d8549cd0bf5484bf2d9be1be60d48070453012ab74a5d3ca3cd,1,1
25cbdf544b981212b4b4fc6f786223158b788eed4213872a95152146bc810c25,1,1
dbd686c2d4ce5cc4fc45924b25845874ac1aaf286b12c816a16f2c4d82de3c07,1,1
37abc7c9a4d551f847b5891603d05856685ad812bcd81f3d32664e20924df5cb,1,1
d310c993e8afa989a85a3a024a5881a1bf3a4f44c736d83f9a0fd4910b19e97b,1,1
ebe32095a826142cf9b5893b12a19d0d97495cd06956874660d450dd64878584,1,1
71224ee24e76a68eac5bf52f2fea96bfa0f7d88793110aeb3971538ca44db938,1,1
49d77819c26d06e7b7e17b1d64f3e228a07f80b2c33aa35e84fd899036cb0ef7,1,1
ea6ee671e22d500ae46ef68604d66621c7b506fadb5fc62131fe0f524845a8a4,1,1
e8e51e571ae6259566246a209419270bee511cc56ba265cd924aa3ab78bc1aba,1,1
a12b5aef98f4a20aefb8ac261916bee9fccfc85a5674310fb59d04809c60ff9f,1,1
9d3454edfd5f2983157bb4ce008e7e9805c5f73ca2f5d67351b0128fd7393e5c,1,1
4781d3f594361d15d7d282319c7ad3ca0a6f4a4bfd8bb7e770117315d45db34a,1,1
6d727239849a9ecf610491b7d85c5d86a06d09e5621faa0437a0134e1b4af5c9,1,1
f2f988113f30f72db51739e43700681981bf5d0bdb77d71a17c8ad1f93bfcf8d,1,1
ae54343b67e796345cad0f43675a78a3981bada9abc0dd566582cc2c606fad4a,1,1
440c8d463810f791f430b4e7f8587da62cc8d479f8f8b1db0cccf56b0c8f7928,1,1
68344ef81087abcac98e4ae4dda203fda21efd694a450a912aa0eac03f1aa4b7,1,1
bfd9099ef7710e64ffa0d7e799e661a8dd53b79bc88e704c533623fff0da7e01,1,1
9733e9ac081ff5c2dafa07dd367b5b6dc36ceaa3327309df1ecadef7cbbb4bf7,1,1
3a117c0f98e6eb3f1497ac34b9cf9a6773a09fc8bb37acea4eb17241f2872041,1,1
66e2a35bab294b2237c4e4b442527069e6ef52860d9a7c0154ea408d92a51948,1,1
361389e7884821a86fc62f334a08d7e5509dcb51bcbe47d069ef7c226c2f1e04,1,1
674b91f9a17d85634f939cb95b48c582492802eacd396de16ba3fe4c7fc82342,1,1
64c8bdede84daa310c0aea00965a662dc8dd8c5f35dec7c594fa626478d6591f,1,1
45a1f4a0bb2008ec9f561110f0584f601af83404ff98a60ad96a34ce618e0d3f,1,1
29e566d6ea26043962c4ed3e607dee8b6b65b115f597604b1d4da952768da9a5,1,1
04c121641c7d70c210012b3ca85e91c523fb5280399b056e1eeec890871b1fc8,1,1
81aefba48aed406085bf8ec2dedc1553d577684f36192dd5925c53414eac7fb3,1,1
94f4fc0faeb5a875281ebedadd1f87ae7d05aea6ef2d6cbc0bc3e02d7a92945e,1,1
e83e1fbc230d6c6c55401c936ecfcd2f27f829c7d7a55216ff2514ada522e825,1,1
1894a7201b3431b1e69b367c0bc9112edc1484738aaa4d165b1ff7bbdddb4100,1,1
cf8fbb4d050c5858475e330369001c7d77aa51af8cc7af474d88c13094771201,1,1
34e6b7b101c81ebc0c8003e4581a7aa902f17dc22749ef132ab3d99f688513b9,1,1
61dba5f00d914c80f610c9d50ce44aca83efc729a15d865d6a20c3207b669cd7,1,1
d7b906648ac3c0a3ac9f0fb5faa789b92cc03d44c1e0c8bce4bfb19f0779df66,1,1
10bf4f3abc830aa0798c7c519180bf4a1555c82cdfe7c5931801df2f96674575,1,1
7bef629811584d998591bb8ebbe72dcc99ed1306b604972a455cf684055cb555,1,1
d5f7d33a961d82efdab27baa403ed67f20db5869430ccfa32087f1f5d3118eaa,1,0
a7450fe7ee706111c4984a599ef5f1a56e87071d8cce294ec21f08fb4c565b85,1,1
c21048edba3b1c8c00b5538f67d30f43ff8f18f6648282ae37c3a5d09dc52694,1,1
217e7e174216d514334553016c9ff994d60348270d3984db1640582d41817dd8,1,1
0e74e9351f1464ee01e9e9e91cb51b5fb053781c419c52a69732b75fe417b773,1,1
5e14d1e86cd475103d4e505c7e71af9c378b654111d222091a7f2766b163afa9,1,1
c8bf385d130af9044f125a1c022b82d5ea66cd1e619557362bb9b88654c499d6,1,1
773dd205525bf5dc1e00dc28f4f13e798089069eba0f901312a9c5dbeeaa7463,1,1
ab764828eada7975713840ea0036ca327b7022d236645ed9134745ab63c73ef0,1,1
39a381a32d7feb908b3f9482db70070b904531cca597285374230dac51de255d,1,1
de1a2aca41308bcc1c4d79745f2987d24ae41f1c920266ef5ede217ec8448ada,1,1
4813b32b2b70e59ab4b76f6e0b07de1ab902947591cf38d64b7f6bef8d4936c0,1,1
f145b2e1e9a7350d5859763dbcdaaebc59722b737812e52fa3c15aadb10a0c0f,1,1
ed696e0df1b891200431acb0ec67ab813cc95909ee57d948a1ec987ee3a91419,1,1
901faf201a403f30945cf5e36171ce8ead3c75fa3dbe6b683e807d5e1140b451,1,1
acb4e1f3c0223a0b1ef64c0524a1986cfa3ed2f7d97584e3f75a5655b01d0b05,1,1
6a0cab71e3dc2df8240a15ecf74e3135ed39a989ae782524c97da59f59d2faaf,1,1
c048eb7581826ee149039332ad76b5967d71055f146d083c72c1a2427f2aab84,1,1
797a0b3d0089a1ad6c17522a9cf9adc0188ba266ae2baa7a9c8f63715050b510,1,1
647d56838cf0b06ea56e88f7580574ad00f50690dd4b65f1d829552bf51f4d8e,1,1
92c5d469d729c3f7cba80c4c6f35bf235c184f5390c63b5a3d6575c83fa2ff92,1,1
cabde63d3eef2abc9cce751f0638d43f0ebdaafd11aa6f93ae5825e04210aec5,1,1
53a42d2c3c0709fe9ae65ff1fb58b9a9d5db54886a6c07b4150f981de6c38313,1,0
7f6c6516e52b7a5db64664fea23fc3a0f5b914c65a6157a17c76fc6b76546fcf,1,1
5d8f4c335c35e8613c95a8f126f687504708228d43906e29b5dfe9fa5b0649ec,1,1
39d1d91c4d79c440a9f971317d8bdbd563a40fe1e0925555c9a7da0ffc0f924f,1,1
a9e4ac587592271c5c2559abec0564b62679ff9cb64586faa2cba68e059d9037,1,1
9f3c7a263b8cec7eff377285046efa364884e66d25a4a643fa0df01f0c18cc44,1,1
0fd08bffe1fd3ece9ee3ad6bd8ee31463d1b632e960d5ad1e1afc52ba4d2cf3c,1,1
2303823ac2d4947364f8a4941fc42072d596615cf0c161ccd451bb8f0b5a3bc1,1,1
1a21c03293f4f2b82959f8b26f55f64d868c54fce8cdef68539dfd10a423d546,1,1
3187b663bea79bdbd6915e0b84dcd10e568271c85c4c1c1d9bbdb58ded3d572e,1,1
4c8c30395f1d97ef281b421da786fc1702df1364734f43e6e80c9b901eb292ac,1,1
7403fb02f6197f3e9d66a40ca087fd422060e403c106c7c3c6d902602da365e8,1,1
4c6b3cce431bd25931da54d0ac8612160ae1369e352244e23af13bcb6e4e47be,1,1
66b30b7c8e9983a6df7d4c44c477cc64906fa46f4f8a0b0fefb83aab3f57f4f4,1,1
72b229db8980712c3c2cf5f87f4829688dac6fd6b7f7c8e81408dcede1c3a486,1,1
a17b648ccf755f54e73c92e09583e8789dd54f8a1722a08ef1c420080f238051,1,1
9e1541f439b9ded87a7bd5d7540a63540fd5b366033d8e852a2c3aa38acfe7e8,1,1
716671def77b619dead9b488d9578b509051598fdc9eae6d42a5d349775f4066,1,1
623882d4bce922a4481411914bfcd6a0880144e05c26796995abe8a8aca7bf13,1,1
ee75f8d83be23e974a42ed24f239d79f7deeaaf8c1621bcc502e4334b865bbc2,1,1
6efe5b8dbf8938ee27053621aba01139bd7804da56a677bb09ca8d57cbd31d71,1,1
15058e105c35cc1309e1efaf44ba11fafc00e167d8ed3e159c6b7ccedbc9aa3f,1,1
90b2fa8db3149da77caf08e355539374e096b1089f07fa94c8b5ffd1f32658e3,1,1
e882a658a972ad707f64a8de57d1b0d6cdbd261b03aedc0eb3c1d1f730f7d7a5,1,1
7f25a9b18f4da38236f9b011f24adb249e0bdf869420a79f6c1e8586eac84945,1,1
626c28f3771c2435f0068eb5ab246bb19bb97e92c1e1f685266e559b2165da84,1,1
b4d09e83c246118df7c71c2fedf14d73a35c50061f68379ebd75f493c3a82c64,1,1
6b5047a8f7efdf9ae3ebeed827fd8cfa1bb607988bd65232e19a9e06713853e7,1,1
fbbf64adc8578bd72dd9b5159a49bc999507d0f8091d5cc6c74046b899b2a418,1,1
2b073ec665b684cf30415fdbdbe0ec9dcec36c5f78a1a943dd29f90b3520b6d9,1,1
30f7ca9149932410c7dcd30b0f6e79fef76f420e5cc542c08946ffc15f153138,1,1
b1a9f1ac19baeeec8dec5023c93b5bceecf15acd8ce0f4859ddb8c05d687a274,1,1
82c8496d43f699ef11733c462a293b2c8b179aa14b29a342458b02e4a68a4ecb,1,1
ca337cf4350c3e82bafe9755a51b6785b560dd14e8021695810977c8f239a931,1,1
f2a893602c4d607fdea044b7a9e5387e148ebde28cec66458afa48821efde972,1,1
3a39f1c2c50c488131960958afb6d0284781f35474752e1af552bc147620c0d3,1,1
f4dfab64b11cbb105617e2b17e441befb392612518e3516d6eae2e2d8896a9de,1,1
965ab368e253b2cac3fc34a16f0d40a4d7fb2b961b6c35346491c120ebe383d7,1,1
6ff28b5d18af34417314d59efc2268e11836a967b4bcaa846691964a6a5965da,1,1
52eadf1ccc8788b4bf7adbd9e2a6523894dad850218f0abb01ebb3d3a625af37,1,1
492120c33269f2d9e9f87103bd8b2ad50ea1a7cc2ff91f7f2c7b8d92d42e59bc,1,1
e8d8735294e91d70a2b56812342562464096d6490dbc0849c677331480ddc9a6,1,1
8ff30f1bd08982d00b1b001005a64477d4e2bb77b5ec9671c06b044ba1f1e329,1,1
65a9d8859f5c280dbdfe3223dfd52c33a901a41e174053743798c87980fd631d,1,1
30876e845fc3e3782415597b8ec2ab40174e4fcc43d454b55f2c48a8d70e0299,1,1
ef3a70855c8b490eda1fdbca3fffec117aa0966068a7978eb80fdaf0742fcc34,1,1
d947398a598f6f55dd527b0b798fe0fe9c141a4a6154492320957b703f4dfcc2,1,1
7b23f468a44bb35e327045c6daa665f8879ff89dbd938b2ee71977c5b29cbb60,1,1
65e65a03b4409fb37d49195a55ab209147a0dddc798d00f1acd7b6d963cf6a7c,1,1
9ad3d87e6f1ec4d90e3763c5e8ecb423d0f83c38c7c79c49606f2e1942f5e38f,1,1
eac694f70efcaebf3c3250158bf3685dace2988cbd0f12021b3d69c9cba7a151,1,1
29c160a688adb37aa6e0fdbd10ceae3b1712b930afb62eebc7336eb8cb870216,1,1
a7042d68de6f9200213a1fedf0ee4c7a4ce35b7012505528df2e2c372251cda7,1,1
95c23cf73f9321c90d7a22247529d1fd67551fe9b9b2ff92f99a3412f28b176c,1,1
28af3cb19109d9e5d333920507dbc55c3cac5585e7ddcb72bc90874ad6be3004,1,1
6db6107d51bdf1dac4118edea15047248a0c0f6c373b8de7c2df854b0120d350,1,1
45c28700a68c8bf3d3726a86224e972d06c03261e3d3b143bc9d88df0d4ab332,1,1
a2b54ecb0b58340dd60a285a6da94ee9e539ea1ac08af6d0df0597ce00db1716,1,1
9094e2cce763d29627e2e2014b07ae8937565c9ea083d31a61c24067b5f6619a,1,1
935833f967fe49d97599a71aeac681071d7b532c951b5d7db60baf981656eecd,1,1
eb68ecdea82d47e08c6b63057a47e3ccb8f7d3edb95ea9c180607842c704a741,1,1
91cd9e5a1a8cb3fa8b57e8e0d6f754a73d7790fbbee096ee8f87cbfe9c181e1c,1,1
948d3486f50390f98354aeb43c2b5f5d9905467e9cc5cc99f641ffe954b08ef2,1,1
f58d4dd1d7e8e48b9f3ae83af87d700280ec3b5d6e6c62940030aeae19c46408,1,1
8221a6b036e6d100d6d977fed9067d54f244b17e11d73899472ac6af7592fa3d,1,1
b38ea2049cc875e93fa04cedd4a6c496f20ccd7ec3d4a6afdb5ede926871a473,1,1
6af157d22b0e12e732927b8bd2851dd473509d537423ec3fe197d57a8673d3ba,1,1
86ca89173b32c4278a9893291d5f575162c01daa628c9b60687a62c9479cca67,1,1
1a6cac7be58f202ca75d8a73df2fe67a2dc3ef2d936e3024b49b826390e930d9,1,1
e90a09f16c315cb3faf83d5cc209781650a9feb4d702f2507bea37b44fd3a6f2,1,1
2b3df01ced370f42c2813f037e0f3db780b710926c7e7e7a1575bb814c5014be,1,1
03e81537565a8596b7f6ee810b3884a4ecf956a111223065011773f9dac64e8a,1,1
2ae76c73a3757df997d686364da58fe8e9e5a1c838e4ca8b87baf11bfd33ceb9,1,1
10b61441f9cc3e3f42004f6dcacc947c85f9c56b542b665e92108d4647e2c818,1,1
129b4535a12930c53fa426ba31f905a02326f777d2b022ac05e031f56cb0c277,1,1
e5983216b755cfe7e819f28f2c0c23da7359ba98c12a8fe7e649fbc62dd0e163,1,1
ed9a194f2007243f5cc45e5116aa0aeac8077b61696f6474946769f68889185b,1,1
8eb6e7a2d8a1b6c3caa32e7e91c8ee9b5a11878d01525b82121e29f78b7fff1e,1,1
404189d88f10e9ea0baa4b67e99ff095bbf3aedc5145f45a19aec8d7cad142c0,1,1
d836608f859986f669bb1e1abc985daec7a4c55db8836a96ce03e01ba6eb4d40,1,1
06153d640050a6304c5ff356735eac8025dd7f367cc27d3064a4c254c7c01e3c,1,1
bf498c71588350aa99ce81c15a151915c39388053b545734bacc133a1f6cdebe,1,1
1a0bf39ba4a6c875a0a659a70b5ddae0461de841b32604b541ce003937ccab72,1,1
1ebccd0088dfcc54e5b30693c943e9afe44a9bf551b4fcdbae32b20e36c75c39,1,1
66609a4bd18c3bb1f77aa42bdfbb48afd33a8632ef38b466399eaac8b1fbf97b,1,1
83c076a277e795451869fa6f83b8e16f66f25cee854ab4baa71e44c6e81fb386,1,1
4d6cbe55881197496a60f12016ba9a61bab93e5a657b46ee73abc8885c77f687,1,1
01c09476e2782a1e2eae867a9b4d08cb48c85318ce2f125435fef012288c3d87,1,1
50b8d2451355324363cb710563589540e9f7af36eff4a554cf21c81f263d5bd1,1,1
d83bb25dde87215fc37f67755e2d83298ac6b840b71fcf695dfa2a52fbc74a0d,1,1
3f388c7d52e7f563cf09b9e99b320ae17bdabebe48018952d8533c220142f1c7,1,1
0815d21408e42e5a0d8cc4136e6510967f6990c6863d186529f350c9cfb4f89a,1,1
d5f00bdf4bc9e461f1603b5069afa878cd3778ea40548b6af0e5e06f77eb9493,1,1
9dc6b6415f5b604fcca44ce7c376b27d9718c76055b1cc457cda0cb501993145,1,1
a6e9e225a831179f8597cd1ab11f26612b5d8396a13c04f05dfc3e86c4e93ef9,1,1
32180690a110416e0fcdb4c2d79ef1ad0c1e7b634b7107ec6fdce3b7eab3ab68,1,1
a8cb9647c7d35702debe12fd290a475607ee7f2c47387c69764f20dd24281608,1,1
ffb6409c84099f232a44ba3088871e59dfd2f664f187d0b14d83f76c0cee0f05,1,1
d83ecb286ec8082f1d9666915ab8731c19fa17f26368b189c34b1ce2e9a93d8a,1,1
c685b6deb1952604fb420e175b03f43c443bac21b528e6eac4cf09888d8f2a43,1,1
d59a3228cc8f984f64bfe1584bcc0d9839c74fc303a11e31f760e4d453040f25,1,1
c43a638d96dc7909a488986474edb7c6289bf826d1954b5cb639a92a5fab7d20,1,1
3120997c7df53b6a8bb63e5bbdcf50a6f909f12056df4eb21b4d84398b2d307c,1,1
69f673a58c2e752ba226418fdf3302cb0b7140d19dc008b3f2777e0606a922b8,1,1
45c18843e10ec1a595c556bac8ff74465c3112bb3a5b42a692e424a73d14dafe,1,1
bb73f2201f427effa0c583fa0a0ee7a68c165a574d2ec1981a602a3a8ac02a6a,1,1
ae9d7cda9eb440783ff13e9d7529e5f40ed6bbb6fc59a394e360eab88eb3dd74,1,1
35d84cc16a3eede4e73b18d43db14deef604c2ba126cea6f56ba3b4e6c2e18eb,1,1
d402e20de473eaf8a2e6b45d5e6efc75d7ac3d6ac359fb494f29fe430c6b65eb,1,1
d6391e9cabc0f339573fab7b471005123cab5045158c8504ed11b1402574f0b6,1,1
9a7683ac5bdd637e6dca38befe6ab17ad4bae94e00df8ed5422b8941f3544b3e,1,1
479753d87ddcfe0e4c4998d559804ad8f0e9f2771cf122197db1ca9b82be9b5a,1,1
7dc452bf3b3625183f268060bc14d07ee840414ebc466c560a6e1a68d5d4fc6d,1,1
943721a09ec4074a55205df520d3b56887fb7006d93f4dd618f1b837c378c302,1,1
a03e0111762af8f54a0b3171c898708311078990706fd2cd1dd1422a58b2b0ea,1,1
6a43c584373244daf11596597d095374d7db3b8b75911a1c1aa7195322a357f8,1,1
6e2ab364ee9675081bc136ac43492f7bf7eb3f62a245e52cf5682857105da103,1,1
5ba069070658ce59f60af6eaf27a3cf5ab5105f2d18d4c17b59ed9a199eadfd2,1,1
8f20b4ab83614bd659ca7667c1fa430b6379b950b0dc445d112ba247ad75ff9b,1,1
b489e4f003845fe9754274f105a9fab6dc19f3e302e358d9b34c6faf0deefd8e,1,1
193e9576a93ba588f92d7c7630d88d6c653be0c69141b8bec07051892ed4bf0d,1,1
d4f562bef2f01a5fe47b4a8034882c368f2508c5a30bcb3474aa42c88f3c911a,1,1
8f12cbbac2ff029cbefa561edf93750d57ec04ea0542465b8b90effc2909fb94,1,1
b442da95289bfb5662c3c980aa137713febb2eb1e6bd91e4c90339fa5827840a,1,1
345f9b95a70b3a5e66ae05c0e54ab9f06520148aed7f01232d909e65b44947f2,1,1
17cf88fc57244fef777b137391ec4f0483144360f78f1050a8f7c159ee7214fd,1,1
cc955458ea7771e2a7a3ca9044df65ad74b971ccc9045e9c560c28ee5729451f,1,1
11f8090762f40303b159ece7eb8fdcf930b8a68ee731bfe2d36edcf20d079ea7,1,1
d3a20926d6260b9cc67a4e61bc23a4985bf84dc27e651c4aa58e608296f36eb5,1,1
fec06f52ae3c6b56ca0c0ffbc22b655dc41f7f781b3b7fa27226fc5b0c874787,1,1
1290c414328f999acf690239e429c3b0f4ffe2fd3ee716b5f84c963ae0e68d08,1,1
5814d9c8b06f7c004fd27ab7017cb30be13fffcd72ac13529ffeddefe1071f34,1,1
5524a2c7b2a9ea1dfa3cb4cb7a79f783f4a834a894261944856480d375269ee3,1,1
07ebf27f07d035a0adf4c34b550be64a4f4070d7611b272eb3865c7b40581844,1,1
455b86f467cecfc8dbec3289b703aacbbaa470e5d14c028eda56437eb6a0f723,1,1
adc5a64c4467d3cf0b8b93112a9d05cb7763c358148d7ab110fb1c71cc019af6,1,1
09d246e74f6aa851aa3b5f1722a52ec93293fa73e94520128c4e102fc12bb444,1,1
491e3ef8cddf49f7aceb388695637cc83fdc195a75bd2fc3a28a3ff2d9191c13,1,1
1c340a25ab285ba360083e6b55c1a63e66248103f411d097d1b32262831b7421,1,1
4db976b016a35c443b405d5202077080d53d06f4a37202a2decca30149298633,1,1
28acacf0f0e7481f9ad0d0579b854321aead4aee8b3a460c3cd40fb77903c89a,1,1
64214e8bd8427458f49e367656365a66f5a265f059f659c90c919815f3eca2aa,1,1
b894161fe71d580e6e5af84dd9cb70305da816ba9323c2bae98622cb1226feca,1,1
24480ec1c686cf2e5d00a442f35a187b71338ea60db3478f4f6317a22b3ab58f,1,1
4974acf58e8089b7a72f57531714e4779b2e8fc4cb068dcaa8839be6205a00ed,1,1
47a73b2b388e758d0f0532e978bd15de1be7d93b0d290b817673eca5d2d18645,1,1
5b3eaeef576b94a098c4b56c0f2fa37df099f53bb964664c555a837f19531c83,1,1
175a95bc26761782d6e1d604c555ca0d28ad41aecd2cc4b44fa532d26c9c7029,1,1
7ac694edfdca030c350856d0979423f2733d5ce541fea614af6e88723a2cd630,1,1
9888e78ee127bca7894b4005ebc2cef956228274f6f66fd5cd88b683b889b970,1,1
4d0083dc1fde67eb4c431361adbfb7631cf7cd424e18dc04e5049bee77b0025d,1,1
d697f5777b257fd1aa47635003926c9391d14e064e9741d1a2afe948f8cfa3af,1,1
ae39cf5b87e7e9a3085dea4384abcf9b916bc638374a87a04d4910637e3e54da,1,1
27c06893659a58d4f819ea0783e0e90aa80b0e6a04cfcb1fb8680136520fe9b7,1,1
5121454b59c9b1235daafde5f04607b6e4f43015d53c9b3c3a05f0910611c5e4,1,1
be69c4b60f457ad8bb2557b5df49b3df4b5ea1dfd52474c9f6423b24389d1cb0,1,1
5378a447d60fefc9367d1ab65767ecdc8f75c1f076f04caa472cdca3c18c6653,1,1
eaf625717a050dabfebea18978ee56255ba5b483c103ceea927dea8bc4b357d5,1,1
abc39d0384800aebfdbcedb82bf18fe9602c7542a547146e7537332202e72361,1,1
a34f6416febafdf754898c7c43a4b631603aa1a94cbc2484772c4ff21cba0d57,1,1
c9c31f6a97641bda7654d269f4dd4eae2331cb2e168b62a1c5a74238b1ba54b2,1,1
e22bb40819b0887de08bacb737ccb905cc66acf540ef7cb753d1d8ac90bd9f96,1,0
ac6492cfcc5af725c05913a2127d4ff1787e8a35349c5f7e7402896dc170cded,1,1
06239d5c984e5c2296e6a64b65d9348016b770aa7aa7930cccb4b1ef7431436d,1,1
67c4a2ff4298fbaf6a30422b3f71eac23543f6673b7f3ce304eee0043449abef,1,1
cc6ce087d0ebc9f1fdb70fe4ee80ec598e4d18d3831304809cbb5003365fb8bc,1,1
1bd5711c595014bb285492738613f6b7b9a5a3d4859c211fcbc56f152becff66,1,1
ae5230e425077034fba5a2f1d39fea960508177a9b87c1388665444b8231f6c6,1,1
381e889cab8aab0964ad768ca1a3551ce2db34f3ed5d78a1b0249be1b421737d,1,1
6a02fbad196857243455515db1af9cd7c3427df1ee143e490cff5f892b872251,1,1
c76dfe09c71a4cdd7cb9f7cf6831c33b5f91328d7361590b8a7c6388370a934c,1,1
3a3c5dae3d825fe0f374c2c1378b31619cdc3edc0043f281ad16a98dc1baeb7f,1,1
cb7819e9f3802b16c460d87d6045fc1a94e67146564751b9acf183f34456912f,1,1
61546dd418213965e3715f91c4d5df7ec79c2042178dfe6b65724f4ec40cf9ad,1,1
ab328bd0d24df85c2d0f2a1023c4d9c22fb56041d41bab79243e12cc54594c57,1,1
ea271abd7725cd2e2674c3f0ab59b4cbe8cfdcfba98286deb3b6b989016214a6,1,1
a386d1d9fd53e7d85a840d61464f110d249de3d401cc9ab7cf9aaa84a636f799,1,1
dcc6c05b68c2362ce701519f0113b8f25162aa3650f71a7ef58b7531dfa7b6cb,1,1
212aad4d64171ed4bad3c9412adaa1f4624f2ae70137eeda5915ba1955df931e,1,1
b565812115bcaa14d077fc7f39002d9d71aa287c974c1c507b28713fe9728ed5,1,1
f65bcdd75cca61eb9455ee85ab85802274201b1d4fcdd913afa4afe2b3f60685,1,1
d0454d32520b87a2a500120f7f66503c12b7063588b930ffc70f8f0c3da465d6,1,1
c1d7fce8d3e840206fa47fd21ebb4de206b0c8ed664b53a9e9aaea5303304f07,1,1
91c9a3a4f2ea969e1077a6747b16131e17754d4ef526332dc5d06551fc081cf4,1,1
ad1a187ae494f32f8484cd991620517b041faa7b9923072544ba314f56a0df21,1,1
887e77d403c341372bffd0a32c47b580bfa4d2ce82c72b360bc08bad7b9d5430,1,1
c86328066fe4565c75505a51debd0e0b344528aea1635b179f68e12a647d6221,1,1
626abde8de6062c614a1dbd1e98f7e9b166b2eb3c95184ea00826e0cd9945e2e,1,1
967314cfdf102b8fe4ba206adf2f1da89e775c57203b51c17f39bed8e517b75a,1,1
1457df3e5a0289de1fd669c3aa138b94ad3db259be0135430f9738f523b887e3,1,1
5677972e4c3cd23ef5ca46f90a68ecc59ced732160fb359234e8e0d3a5a7c475,1,1
cc12894dfc424132fd77f7c1e0ed2cc66ed52435adc7e263b10ebdb94851e63c,1,1
45c7dd5d9054e3575e7f7185bcb831aee870b14f5840588c8b3db7c2e4824911,1,1
8d8226b63da8d59260c73b6f96eb2ac9d37f8c40c55839d1c7dc601eb9f1d545,1,1
89846c25f57e8b60b631a3818e1920a7005ab81f9dc80da8066393d99c6ed05c,1,1
4852c7c2ccc860c0c642fc43bd72fdacd98114c151099139d377808a6def69d6,1,1
2cb25907550f131c2b6b34a37bade5dcd0f01efcadf658b32811e8f775b80e52,1,1
e819a6dd997bd152ec734d0aff1f55b9e8bf64330cbe01ac605f0d2f8da431be,1,1
1566712a2b9cbdb6b658fc846826c1395d208b112de6d0d577201fe0357fc5ce,1,1
99e5623837e9301be857e07701e8bc2df46f46befdbbd6791af9e3830984ccee,1,1
4a8b47bdac65dd6c722018ebe6269585615e681cdf312da1653bece8fa47959a,1,1
8d4288b10bc6cf5a59c773c248ad6c9de2a06e0c9a8a79e296fb27afd6b626f8,1,1
31bef7a3c03b0c3d4bdda15b5e98bc0c32ea28cf19656e87a2f6027bcf70e19d,1,1
6e2a8a1639e6f5119b7225854d3fa79aa892f688288b553bd350b83dbf544916,1,1
59ac180410ed3373d20ae99256669924d2fb6e88bd33558cc07bc19d776d6c01,1,1
7ca1253342212ee8ac0a2c3ec336ddb47b015221b0f851c71f1e61a499a17399,1,1
60d8653a2836a4d2cdab17feacf81683a20344afc028b4abd507fa915a048f5d,1,1
12a54fce4e377646dc7c3808c6f07a59544ffa28b0ef01f119da3d585fa07232,1,1
d155d85a17c7440e0aaaece4f402a3cd034dbd1f800b2285524f82df912a998a,1,1
88db1385ccb536aea4aba5c537a7e9cf0c63ccc0a579f5244584b21aea50e153,1,1
350333133c2d5bd61230908b5fbbbf1f40c2ca0314209eb718c9a688a0511f92,1,1
e30de99eb1440443257bbeefa3e963228d980ec57a3a7be65958983c73e5d071,1,1
d36d63e61ea42511c1d896e64e58fae341bab4b4963e6bae25ddfa0646be0eaa,1,1
d4736d33b3b2641f21f42c94d8820e4d83603b371fb7c7c99299087a3f17c5aa,1,1
1892969386229994f3b603a09bb4c670a9efa638259e877a72e75dde6cd43288,1,1
b96f316a34d3a043f43e8515b4820987fbf19da661e0804664a0c6de0b47e001,1,1
9b05cf976677e740deeb6b4aa6ff56a0bbd9a944f6f979d0db6e1739c1b7a3a4,1,1
436c33d5791c8eab7e698b8018893e583f60038a4e0d9c5328f98dcaaf4d4a1f,1,1
f5afe6010e580608607ce725f55a87f3db399f8f8a95c83db079d8dcfb30a176,1,1
78699386416735e5031efe38c8dfeb8ad24b60e1de2fc8f94898be31b1ba8a68,1,1
7023705161ce62c25b92e912b95f4c5dddd9c3791582ba4fed00a948e1ae8797,1,1
1d535f2e8748da5abab679ca52b4379051ae8b1cafe6ea9f6c762d9344a55415,1,1
6569de2beee8bddf2d5c0bca009e0d134466aac0259528926c148e8669d4e1d3,1,1
f2c03746b549de4e09c55182bbcdbf43d6019b1319b337f3ba4a142774734d80,1,1
9c6b695ab657cbce702cb014b561e3f988f8a9351b831d115f9149e02c5044ab,1,1
3f44f85df1579585df29f78d4dacd3035abb65e6163ad6bb82a3880de4352b07,1,1
cef118306d7a25d1bf975b9594c756580c0e1439acf7a540f2af491b30550f5a,1,1
068ed515d7e850213877397783a2d14857972101feefdf6626797c184bd4c968,1,1
c62692a37dcc5b74cd44ac86f3153fc76749b177147084429f3e20c477654d78,1,1
3c1db4e32ce5f1f3ecfcfd5b4892d01a4b4dc3d850eaccb31ca79c67a5a03dbc,1,1
e1d293cfd0fe19e5c6afb498d17aca882c12e14cf9d7a2b9bb42fc545d7f8c7d,1,1
4ab3b91f1a64baa89e40c549ab5a86a15ad747d37359db01dea373c8705d096e,1,0
cdf501c6d36eb8aa69dcbeb45a331a9dda1230fc9fae6e7b12b80b3fdd1541e0,1,1
a1f72a9c4f4164f353025988016e159d434da131008a7ded72103247337ba7d0,1,1
11d716515d4c68b451a6033e803fcda77c3b81afa24ff0904349944d3243be0a,1,1
2237ff5d3d0eabafe39deae7a314ec3a77fe3c376d256676eeecc27c2b7e4331,1,1
75d3b2200f36649f5a5ac96a5bd789a9c931b5f7db3e8156646dd9ea607b432e,1,1
24196e4fccb91b88bdf98c0386dd05535b78052afab003f659cc5bfecf1a073e,1,1
e99340973cbb9cf2d006214bb473d6a645e674ddf240e5153173f1ec75ed81e0,1,1
ff4c9c7082eafde92e06bb9da6281eaa98bfee7662f7a77f1bc1bae1c1100f4e,1,1
66105c5b67519d5d675650646ff7006ab50673d4a618b2f4506a79a495648791,1,1
aade179c259f007cc23750177d7bf947c9d9bb959cc24573300f509307f13c06,1,1
b09b33736ea490b41f28249abaec626231487eeed0b3e2af68a8b4b82dfcf7a1,1,1
8bf4a41f65cfdd9fa207f21e59bfb5c723013c073aea787dc27821cfe2f4b1d0,1,1
42b7b969a32ba80f4b5d7fbbe7a88c02cb80f8a81803d38260b064dc5be88f7f,1,1
0d8ff8379c90870ca39a2e252650e96dca8102e5cc4b5fa35473111e12f2bee5,1,1
66c3b166f51ab36e3a3bf27103599cfbddf038f8f33bfd59108a1dcd90ac5d1c,1,1
8ceb6c977f515b3ad484e40e00bfb54bbd593c9a9cde5fd7a9fa7f56e0d1942e,1,1
e61644c2d87dc18c157c8a1221f6186e7ce4f5304fb807b37b727e995c3070de,1,1
f20015cb34ecfe814bdf6fdcb444365882372cfeae83b162effbc642696d91fe,1,1
e65a8a626a235bb9eeb2043d5093d815a4a46259b6b54e86c02349a8b21e669a,1,1
8fef461a70cfa09c477bbd4f713f61441c425d35b656ce980b56c0e2f04a80b6,1,1
32c9052ca63a24a9bb6f36785a90122177065cba58cd93ac972381008155aaf6,1,1
7fc0db95eda5ebd0e373c2d5cac6be011569aa30f30b25d845bc4d8e77acdc41,1,1
4326ef93deac02ed904be59f2e45a903c0d4a2ce751f1f24aa49d1857d923573,1,1
adc7e95310c19bd2381edc83165ac853c42d415c082c08bbf01b54369af6ff78,1,1
b01a3d42aea33ee8935e47394f65c92ee7f203f86c0a4f32941ffb75eeaefacf,1,1
7308bc62cec7d653d130c6a73d4d3a48c21e598e55ec35bee5f35fdde38da16d,1,1
f0ca305170df2a526bb777dc2d21d20cdbec5a8dfc2f712c2fd643dc008c0ef1,1,1
7221cf64ef1c09bac15ae5fda76ff5eb9c3093fb62f49f14c9f7c87e5d2fbc52,1,1
04f357c73b42411dfbd461771eb1b60590be2af4e7e0e24ab946ad47d4d8e7c5,1,1
bab956061fef6ba108ff1e67d8a976a34185698807278944752197648677e9c3,1,1
ad0362b31626d407680bf7225cdb21aa711b718d2f674f9d7b4cf45420166fb4,1,1
1a8a9ba0dea454cbac4bd1aa20ef8da1af02933d4c0628e350db2c9d497864b2,1,1
d862b284ba2219f52a32fdc04449e39946715666e911a88a66f285c6a904ab8e,1,1
172aa56070f61b4be7f18d0b2bf633394b4af0f42251c864c11ed89437355798,1,1
c5bfed716fecbe37e5d1652bac6c8d619b58edfc10152f65b8d561b89f2fb966,1,1
075ab773accebefeb1cc5dd9898eaedff657defcae26fa7f0c0f47e5289adca0,1,1
3d8c1c779918d683743e6af19ab77cece43c1e6f64a568d641864e4ab94dc84c,1,1
45e82e2f60eca50cee6c60b7a8980ca7ab04a073a0e7b814d76ce510dc1c853d,1,1
f9c9221e5eb8cd0592de87531fbb8bba3bd9891da98462b1770c67495d8f2439,1,1
54b64db1f23a93a350f2bb95f36c4c8676d7610f90086ee71abf31e51b3fe174,1,1
fcd2a1408153bb55af6ff02c4bbd64556bcf85362cc37b637517dc6cc47be09d,1,1
f276d26ddf35c406f33cb007a4f76b15715e7a63029ffefd8c27c0fc4568f7cf,1,1
3f26dbca3f931b98962cc76b058c88b645e709645b8fd8726921b3b1663f57e5,1,1
533648a265aef29759cb6cb5a276315cb25bcb19d4604d229b1af9149a260475,1,1
a33d048c49f09a65960a99faf64cfa53c9ca4336145949343cf0e8e3a1db4f0f,1,1
7229b6d46c310326042959e1aa01a090b9e2c0e8964cd66c18a24605c1e6a226,1,1
d73616834af2f1d3e4bc805597c6bcee69981a41e50215cc63cb0ca563e7060e,1,1
00b31d7e18c7b180d82223bdd237d5c387749b770a54fec8ac9ccb82983f2ad7,1,1
694405aa0aca9f6c1690954aec0339cf432aeddc96402ca0c5a0494c67a3b199,1,0
d668e3544e732a72d4c72f0e0f95081bbdb009b1631c3922a3234da885b8266e,1,1
be58616d6556de63cb0c139a347fb14a0f025f26df78869e7df76e6c60dcea50,1,1
cba4096f8502492a9cbb75802f65bd539272849f58d39ecffff47bd90569b7fb,1,1
ce0abc4c940c211076c6f2aef67502b7f190d6af2c23713b6815e7b6a860af26,1,1
471a42bc27e28cc921cf86d909515cd61d1f5883c6e5fe7ec11d8f6317f86b94,1,1
aeeaa519f93ed389a0775579b3fb724ad5e4e296880e5efec553be61ac74b580,1,1
a17f348557bee0a38fd702bab146c5ce9737e62f9ce08cecdf58f59558557627,1,0
18973141eb925a0ed913d250e389b414463171ab41a5908a7c7cda19f9831eca,1,1
9082f909b357f3d8c94846989601c8378718df39044483455b1b14c8aa0c48a9,1,1
ccd77095bca8b73380443591c7db08c4a3478034439e792d792f4575ca13e175,1,0
30072d97c661473b8005d8db6025f5766c9440c00497f7f07dcf9175cef3dacc,1,1
596fda2472204a88d9241fcfb7767c8eb8b1c2525a34c4a7e5661caf65380256,1,1
9a526fc2289c363cc7ca79093616fd6bcc5733a9422eb74c69305e86d7ba6b02,1,1
27643e3ac1d562f72a6ee0a15d9ac334c84ede3278e3b86b4f7bcebc9a643e3c,1,1
3f0d776cc123e6bf3f2c67a1fcdc416f5cde50d8d2a7a63afc0ba86cbf114225,1,1
fd5391c7830ff69e56c4763ef5d236124f47a6735423f8f712021acc138612df,1,1
dce4c22ca75f676dc6821f369d0defff8e5f14526a5159a963ae03b8ec9e6c0f,1,1
b806f8591191a75915ca5997ef46dd78f03423ae17639701b3b2ad463ec00b9e,1,1
31154862741f4c1a255681c4072cfac46a47e899e4c1697d973c54f80aa9c303,1,1
07965c653b3c89bf70e843222e479950a1cf2f54e1bbcfe3c6169d6d3a70c7ab,1,1
9ef6c55bdf5ec68cd2d0f991a2ffb5a326586a8b2f325333d0b5fa558d2ead07,1,1
f8d21f45f9bd27d94be8e4cf15efe3a27527ff06a566f5dd3a353ef4713c2e67,1,1
210a16183aec6772f72c278b04d9a22eeb5ac69a108e5e967fd3b8566dd05823,1,1
356467e14107e71eaec0aec85567f11e8a0e4780b2140662cd269ad31e7671a5,1,1
9dba679bc721b0f57fe17c3cae12d38bf5bc8f7e71e5f06dcd8769569ec68fb2,1,1
208a6faf0f89fbed62913f80585b28bfc478f9d9d187611270f262480fcb07c5,1,1
ce22603f8503ff91e143f827d1f343efd4c19c6e3253ab1edc07b1398e2f2121,1,1
d3ecca194e5b3255d13211cf5e36bbbd5793521c04d38b1b03b98dd7cceb7372,1,1
ba7a52cc45941d8b871fdab07bec3e37f18a13108934a228f37c7da99b5792dc,1,1
ea68835a3ae88b7b630c791c0cd0abf79ceb417772f60dce103d839ed7d96097,1,1
56920be72931f0e5fdcfb0b7ef3b10560241499c8c0f5cdcb804393e71b4cf39,1,1
7a6a5bd1e3f4669b06fd9c431106e98910956a2f6139a226a6f0152980a49e7a,1,1
a9dc9b1a190881449568cc93de71d2cdb39425ed9203d061e999c471796f26a3,1,1
ecab14599bbe5471ea17b2fe9969b7a993958153e45bc482e7608c66428f1395,1,1
f700dc25338aac3c17b2f0ba0b74a4675c52da4cab66bceaecfaae00f3fb30d7,1,1
b0fccce8ad8629162ff468797e47cc71c602583d6bb845df6366b39b5699c84d,1,0
21a354e1ac1ba3609347a0215adfe0cb82ce56b4fe39711c279f38a8bda92f2e,1,1
9b9560f1aae1ec721092836ce12eb2a2683d6d9fce7e31a5404134cf4b502b53,1,1
180653ef652c30026aa9bffcfb68843154e69773ec86f4b0b4a5ba16624e4c18,1,1
05ff23b78110fbeab613acc499381019d0f74258aa14e15a29c1a8d10803ecd2,1,1
b6ed8bbc414cd6177cdeeb1b27cb58c05043ca2876935def7910b7a0f3855fea,1,1
e4c56435d2e2225a052c2b5516811504bcaeef2bdf2bf513f983e60b6a9b0c90,1,1
ee75e95318cd679656c1a2c46aaff1dcbda80e105a930a675cc2f2434a361457,1,1
d75738340665e62b0a49287d6cbe8216da49d91cc5d8267d43438ff852c283e7,1,1
dda7b5dea06bdd340a1e5e59288c2746fc3b25b8381af893e6fb7e534f4d63dd,1,1
55586f5fb308598acbad14115971db83215d9b218793b54348a36a732769bc0b,1,1
168afd74f2efd8d5bc8c05fc24781814ccd2c98ff925e5e960626ddf8f3ddbae,1,1
bb3ad16dfd16b7b557bf2efe61704c14f361b0a50a2b42afd1894f9e5f9eb406,1,1
23250107789cf0fc712c84da36931d12f9c741f1f0ffd5ffbf1ecb7aafbbcbf3,1,1
92a3b26009eefd81fca2e81513c98edee8c965aa755404551c4702410519a8c1,1,1
b3251679a5bb734c65631c3b3b0d19512e0991f1a4ae8054664ea557bd3de983,1,1
662e5f63b208940803dd41e845ef3349663eaa6c238df322fd09f926a0573899,1,1
f6ecc2bc15a4ad01ec7fcc8105bcdb9512bf1569eeb19e4375f4add83154deab,1,1
fc252e5a0bc5eae90f4ff5d366e8023eaa72962f5f1338fc6b282c9cea6bcebe,1,1
fe98037e65c0823683571ae5a87c3fe5b2bef6d21c105a2ae3a730ff2d22d5ce,1,1
4aadc00c3c3a7e0b8d2e8b9a58f8b365a7c2b484d85cd8103fcf81ebb4c73988,1,1
c3e4799a0e5b2b40145941a93035ae33f6a9672f40386b246d2873d52171bd1f,1,1
26ba72348c60ca87583db0309d4d8c26eed2b15ff8b6b849d6635ce4f7a68588,1,1
b8de567c39825a01e575e5ff22a2b588e7584e04439242edd00b02a3a34c0627,1,1
5c74cf9967161f264890b29056581362200107746dfe8082d757d4689c3fdd8b,1,1
15829c515db9999179f8f226f8ca5dd9740f83db4a1742889206476d9e39dca2,1,1
11bc611293ca8e5bc1cef447f0dad33ee4c6ec06c23dee7611d85caefe770ccb,1,1
27721dbb8d0d2f78f77090c46852b833797cdd91ff2a6e38fa41d56db0da6bb3,1,1
0470a07208c9c2653f0f9099d247b3cd9c1ad0f0f99dba4f162a41b3b69aa2ae,1,1
d9fda3fbc8890b6d9349bb0b886baf4ccad416bd4568034e64c6c798f27ad444,1,1
cae1c5f91a77df1565c75e2b69bfbb27c92666dd4964ba003fff1ce3627b1afa,1,1
54c058472a989e8bc4b4e34b943d3bc9a0b2f35f78297fb5ae5ec6910a08f802,1,1
50ab7f18c38940b69bb692e8d9f8f9e3cd35bb3d50db770f5fe71aed04535421,1,1
b632fdb0a96a184628ea44eea1021d570954777958f44a0842e1b1f97faa83d7,1,1
a6f7dad696b1479da1b814cbd121f93fb1e293ea2719ba491408158b47ef1142,1,1
c3e6e40a4b8d68266e894c0c52fb2e28189cbe2e7d688c97a6c317561db904b7,1,1
bd5c86483d31a3979609df7c4e261ec43f1e1796696f5a72c1792d13fe7ea777,1,1
72a1d5e21838a97a09a00df44fa45a8425c8fc457c7f60db38ec067381793e27,1,1
4920cb5c3d0056fa15893cb043fedbf694b585d79625b45da7268bd20a197f5c,1,1
64a3c957444328bd3b65479b1c52fc5659b7c8b2604d7e27c4e96a4fe5e381d6,1,1
27dca3b4a6be37d91ae9edfe0a5206da91c4fddfee04e63a5cb028edf1f492c3,1,1
2c4962bdd216a99601eb78b6aba8fe1386758e62ee8c348e7b79d5b6f8d2d8d8,1,1
bc19fc17b81e6efcea4b428044359ae4c296c120a2777f15f5187e8acca75fbe,1,1
7662bb097c842f844e0640855035582c2c656ec744d9486b780497444f544162,1,1
f192bf26db19ed267e7ea6f74c9de66adda2c825d0a13af7f54955006cf03a6c,1,1
d6367e3694d8e2c5f910552844ddab56349ddd510c234b6917884036ff783ad2,1,1
4f05928719491d10931ced428336c10355fc950bd29d883b8d1c9fe8f309e7a3,1,1
1d3c76e339bac1668fbce583155cc45af80fd14e506f338b6b73f68e6ae5038c,1,1
56be510db1b8f96fedc7b451eaeef36fae02553bf7558a0e07be5e7695049098,1,1
9b6aa13f931c150c94266ec467be8757f6011e08a6644ca7e13e3bad181c0b92,1,1
02f4fadf61c1f18b07dcdc57c29a2a83c9c620fd7fc202d30f3264ec19a5dcaa,1,1
a85969d42a9c6eba48a74466899d30b1d2a2f599bbf0914d12d483ec6da222d2,1,1
f68202f3873edd020357d7efacfb31e8454c126cb43a718972a63c73277ad9a0,1,1
00531478ebf4f1b95b9cc0fa665ccaa008fce7f7d113698f62180ae5ae0bae0b,1,1
c36a4a6711be4fb04ee2f08cc647c69c83965395053ce7ad1319ebbea9e7e996,1,1
f299dc06b42fbc0513bcb1c91a1f3b0be046528f0da5511bcb8e4d3af42d74fe,1,1
5b5960a7aebbea181c51b353db778c99316a3e20ac37e802ba6cd18da17eb24c,1,1
3ca1c623970df4da64394b64e1e95ba84b90de8c8c06c34a836195af5f004f84,1,1
b07fb62dfe7a90b8ff336095e7c71a80bdf06aa998c8ed86903aaf55384ae284,1,1
e7f14bc9f28db8a35e1a2012e768f724297eba5545b915adc17b1ccc00b3cfed,1,1
913e3b39b6b0a76bc51ec1ba374797ef0ce979a12d7ee503a4e0ed1166a98720,1,1
2804c624527d30bb454b77401366ed802d7d85c311b45071996f9106fdd590a6,1,0
e1637174f1446a3b0311f0e220ccf2499a68a938ce9e0f68b0786cc7635cc8f2,1,1
f021bd1e0b1169960fd22628611fdcf173bd48ee01c499aea0c6b81ebb6a5622,1,1
87dd734425d3d7f296454bdbc8d631a5144482a5fdc4a35ea6cadc87c01edc44,1,1
ed361f6ae45f7ebdc67ec48ce464c1a4e4b0da454ea69bf7b29bbe1048a6cf86,1,1
fa7466257089d624e9591faa7cc0038865fda1959d5a0752f363435134728b57,1,1
6b537125072ae81f81ee5974a3956ea1f533a597e96d53cd2504812e5ebfb03c,1,1
fc5128e4650de6413806e5a92f0570551279b1a2e439217a57de420964ea82f0,1,1
ece1495855bc2a07fac1c4bfc903c0d588d120f575a36c208742c04c0561e13f,1,1
bf180f5bd292fdbd7e5f1e48083f8003a1ac66ee71cef03eb401ba56aab984ea,1,1
e129bbd7f093636cb77358065f4e1f49b5c1fc01a4b8d851c0162dc7cefc3b63,1,1
3c02b1601ab22bee4195c1d117049901c29593e04cac25fa4efd1fa24da962d5,1,1
dee1cfd99f65d44253b08932f72d9180d251081b4885d7def78a2e4570cb33da,1,1
df4de0729493f764b0d2655644742edeb7a4c5ad80a7a79931f4d60238feb491,1,1
3fdb41db1b15f5070a0e43f4d222530f5501de5016abf6451fc0d7e682cd0c2d,1,1
de3866aaac364be572e6a17bcda6e05e9108c3b05df56092e5eb66e2b427fb15,1,1
ca7fa8cbff65f2bdebd400b2e4c18644440b91b3554e0fef7076df0299b21f24,1,1
f49ff5f6eced0e038bb7e0f43e228d4218c511cf22ce5457ca4e7e62ffcb7f30,1,1
fe62ca6d4939357ae0be06ff5f2582c770567a276a06b0c21c20b2c14a4524c5,1,1
cf46cf8e89055fd01614f1027bb586d8ae4cccf8b3e5c1227b685dc5321710f5,1,1
76625431f17d83f1a7fc614d9e5189d9654d0cdb7a448fe3720a18e4aad90a23,1,1
7cda57fda728b79315fbdc5cdcf88671cbe9736de5d9c7cbc1299ded60e40d0e,1,1
8a62d01d356875648397430bb2c5f6133110f81b528c490b30f276bdc496387d,1,1
a3b8e5d7952a1986f3d70bd583394bce7ff7b725fabe295792db84d468575ada,1,1
f4935aa77add92a40142d445f7905fe82c5461e5855f54f3ef70c913c67bc8a9,1,1
b170074590e60f9e8990807f5cac926558df8b909720aed53256239eefd7b4a6,1,1
6b18bf09c296be8cd1829f0ab07a26ba16a6cc44029d8978309a7564d2fc594f,1,1
9b9239ee6e5cf1e7db0153dcbf3abb9f162d3df2061005c47edf994edabdda9f,1,1
a87cbd0d664cf18706354181865e08a7ea64a9ca7fab173b9e1787e66db2ee6a,1,1
a4a6571ef6ef9fb1272af98b063724678e19012a2846712a377ad514b74eedc2,1,1
af3cc56357266f94f80a1bb936623558653b1919283983fbe486c3d15b9ea689,1,1
0485673189c2176517860668f205fc789802da7561562c0ef4f89de60348313a,1,0
2b796cb5ded77dd04406a94a0cc4d220711c519040bb3d6aac3379aa8ddc228f,1,1
06a03416efc6aedf138c1ba8db63d308d3894f168506dd5dc32e860d9c876544,1,1
02a61db27f9228ab1a0bb82e1ee1f715b2d92e866ca3f59222932d52610549e0,1,1
4af6ee88298e46a5bf94f4657613627fe7e4172f6060bc85e60d9aa39460ae86,1,1
f918f5699c769c2ee2f1db9b637600c6b107b104de61c984110d402c43f848e1,1,1
d2a6da7b09bcf2ee0aef0dec2051ec8d4536502643c4812871260265b3663cc8,1,1
a2b88e293a7b644c1fe0e17afcc23f385e5937855c0005f2a447ab675e75a0ed,1,1
921243a86d2c198f2fbd05278de934ae00b05877248279f9816b7960fee1376b,1,1
c7eb18327021f879d9fc3bbec1ff06cc50792c3ea2a38b6da53e0cd072a2f643,1,1
6276acb9606174410ccaccd2dc8a5f940e8f8e29868cec422dd9aa2ac17182a5,1,1
c04aa7c368af10016ea473b9879013d1885310409bb900281241d32b6c04e708,1,1
5e45ed2a2c1e90b06fe2b97b87e4111b8a400f7452c749e16536af62a11e0bc6,1,1
e40dd01bf73d4afb33bc54c25fca9cdba1293acf180740b08fd68d3513b44b23,1,1
7672ab183734b5a75c186068c55e0f5ae42b3bb80e31a7f6c91c1ffb007bd704,1,1
b48ab394c8410f220070d4c6e5c97c7c7167dea1e59547fb6c08b789a8464962,1,1
e0322a9c39721efb33bd8180427fa6d6e1c3fa46c31c4509627013c9e0ae09c0,1,1
5b6873aca89bba6db2dc41adcbf259783785bb50a22582d7fadf5fdf04d4f3e7,1,1
5be638adcff03ecc43785018c7ca19acdb2b84c37ede06e603d933450916a705,1,1
965dd7e0666b7d714173c14d08983523387025d12946b622140a6d8a3430f4a6,1,1
f4e4a1f8a2259f427802da211445011202cdb13b229938f9a9e0ef5ee2fdde56,1,1
a41c3cdb8c349848bdf74719710d533519faae48e543c1762d09b516c1ebd4bd,1,1
0d3421b6f8d2d9108c0b4a98be5d46f4288123e90da0b12a1f96282e804f7d45,1,1
e471ace2915cc8f08dc51c3b8a1db997645dc1d52865ca2818e1060356d0ed3f,1,1
1761635dab2afa32ea6a1b6f9bff15ec5a5790997b5d130737e6156ead8577b1,1,1
7c0362af6229791dfa80b9c35fe17c1144084ec9f194281c97eedb1733c15864,1,1
920285d191cc5847104c99441596f33cac8e268e4911b336e179fcef9aeaccfa,1,1
104c0254d200e4ce5d7a0063f73d01501c11f2f8779472a43139d65af6876677,1,1
7470bf34de19c3cf3a84380deefbd4d42dea1e8261f492b9c5e340d4a3646f47,1,1
1d1090d11b4fa713e15e224bff82f61b8b99b599c47c809768d697650de003ab,1,1
6baf8202824cd0c858560ded6feec067f9529fee675cdfea63e9db62944a5fa0,1,1
05cb6b6eaa98002900fb7e2c250c3dd20f8bf519df2a8668523c9e2bb4e7280b,1,1
204639f6116e25b717926ea3805fe162f3677ee1ff1e25855aa0694e06929661,1,1
4bb7e2244db094cd6bf853a8e16ec3c5584a655cb0f8f8ac7e2b155923a4e110,1,1
4bdfe8190c95e46b8c11c1031ec6fea0a7345ac695703b1d40b7347abdb13f16,1,1
dbf9c595bee7f2f8a0b10e2652cba39d27dab37e2cecd007826c9735f71de16c,1,1
1a6c42aec44524fbd68ee86a67269655c88751a5487982c625da710dab76587c,1,1
8edb2101285d1ac6a82ce4d3839039cb53beffc486bb5b657eb8de208d98e017,1,1
bed574a63e1a2ec95879cfd0b51710a29650ff6cadac3519637052742ff194f0,1,1
673b965c503cfa1877ba17b76a3b0705c8e063357ca7d8aa06d8c229330289a8,1,1
f76590db3697a96690a2f42cd00b0908ddda55ebccc8c17b98d7dff346f5f0bf,1,1
ec23af83b6bec0629bbc7b47a44d7767ccfbf381e85ca1c4fd19a9c9ea9b14c4,1,1
8c3aaa9b00f693a9d318047881cd9bdd968a06ba8421850f78576b7796c1b37e,1,1
ec426c432e306541d60347bcfc57fd16bcd2f7616495f7f1f84f38e89dc9a3fd,1,1
191806c327484f627082493262b3bc1ae7560a5a911ce6bc02f7f4f068d39429,1,1
6a0b9679a2c00cb13eaa655442a5aca1601b1092da0ce0819f7568c804556346,1,1
62bfb4f0148337e5bc3bdba179014e621feadbcc170b89062f2b2455c4d89137,1,1
1847b42d8fcb566108cc122761f9fd29a6a8d0ef2012b4f50523f5a52362d805,1,1
7c273ed493cb7aa572f18b998bde9df99764f7ee359738a18cd76d4470210b3e,1,1
33d1760d331593c8ef6e54594a2bc41decf6360eabdbf16c3082cf0e171d71dc,1,1
2ad0d3ade3123967441c14ad685e5ddeb85b2988e4cb81a5e7bdd8a5bd0afec2,1,1
9018701e8b205773e16768cd4bc7021dada81ff87d3cbaafc743535ca70b3226,1,1
a702fb08c0b4972fe212f3d1a39d8722025f5f3aa59f99e35ced53632445a7c5,1,1
dc8a44f411cc98118c945d1cbcf69446eaa2e4e65ca69d2ba8e3cc315d6a712d,1,1
214988d703f42b452fcff75695d1c1e0da33b5249c04d14c64553056769b2535,1,1
ea156cf6bc27ca17cc52744039295cb0e21194ec1dd88746af22affcb9193d93,1,1
c4f341ad60a6fd94c27a82bfc08dd92a8a8365e00e8692f022306fd5e3948544,1,1
949ff8ca1035fd118ed3195cb1e5eef8fd8b21ed651eb7e333815ba6cb2f0a9f,1,1
4dc6e5b8f55015b4fead07111c6cefaa2ca1039c588cd7c6bbbe98593712c063,1,1
b90edd190c09537a26954219b9c8e2b6cd635c94c1bfbb8fde521fd39a606a76,1,1
74991a3e1e2e10136cdcd8c2a9202792a7eada7302fdc13a6189cb6bd0d3e37f,1,0
b2e66a0e6a4df6db69a6097bba63e8b16f0ab0edff9ce641911de91656b09fdf,1,1
88fd1b55ef0d4bfe5b1e59a7f3cc90b3a967c73775a33bdbf9ea1e88b3ea71b1,1,1
e493c46e1b2864e85a962380ec52ac481821feaa194368370953840629bbaecd,1,1
cb5886ce941b17437acd7d08a806641bf618257fa1dcf84395aa622c47c6f297,1,1
d3c8064e64749f13943a27cc6cc139f83abbe2358bebdf4e4a8214199523648d,1,1
ff5cb3438c4aecde0ea0836995c56316f2b731518b96b4823176a0ca0f455c1e,1,1
f952e6ae731cf30ea10a831fbad63a7d968d7706e84cae0c18d8302f9ca00926,1,1
28480e7602e6d07de9a9f2a867450867ba30c85b4188e0fe072922b06ee494ce,1,1
accdbff3a2d9ddb132ca0b77c3bccd1ce8ac15a4f0f6c85fa45fa6161b139708,1,1
d8c07aec39185ccb8763817fda9b859f659fcec73ffbb834028b6aa90b0a30af,1,1
69b642dd45a27387c3f62d96db2a120e323626786859ead74aaaa704e6b550ea,1,1
90443fcc3f748aa3ce4e42e5c14079af7130ec8f148c9ea3dd25775b2f734c42,1,1
17e5770459a3bd198f21fd5c439b54ff04398df71dc9c491fc618c8e006febf6,1,1
4af648b886f049c193bd69497472f36b99312b3719424416ff7243a4d198d6e3,1,1
1421b2b9a4fd5e033156281ab9060e9978c5e4188fc39216a88e71bc7c40799f,1,1
7e2ff119ef8dfd4fcb2db859f3dbff7f8ff2f4ab7e4485cd0e3dfe1b69731a9f,1,1
1e729f669bc128f22802d8a554f616874d85a4e7916ad57bf2a78480f43451f2,1,1
8e5c673d55c2ee476b550eb6f664880b639ba80c10ff7259822ad06a67e82913,1,1
aa4c6caabbc1fd4a2e6316cbee470a39f5826ce3b4b717d59d573c747bc1fc28,1,1
542f8fc62365c1527351eb204e6ec020224cba24538dc07adbfe8fad73ac6636,1,1
cd1709cff0db5abe4632436d1f0f16c05031ef680b8227ba9d2825c89956d1c0,1,1
5e7d8bce978ef6aa8961553d0792cf70ae0d3dec75dfde035552e962a46a319f,1,1
2cd1cbd6b6ef0a4bf56196284bcfe2d7ffec5f53913b2c83128f5ef4650fd109,1,1
6482a26dfc497c4d0adc5899e79bde591dd22e615d5f83b43104ba5ceded1021,1,1
598d30dd585626f079738d215a3c00cf47934802846ea3651c3f730ec7d2d615,1,1
f193152a0cffb44e2537b77c385b56a8a53e70e0c548563a55a83a540a0e5dd8,1,1
563b627f00e14f62da7d2dafe7f13dedf62945955672f066e76f3d407b6f0783,1,1
f2031c753ca718e89d3122cf1267f3808b5f8db9b6c33795da114e26e372a0bb,1,1
a6c25b64a4c46484031130c46bf2982d052bb30316df51ffbcb5e8a5c0159bd8,1,1
b2442a6743b36f96ba4a4b2ed8c408dad231acc35c7aaa461fa24c918312b26c,1,1
1b813afbb783f87174d87ba736ac6f945bac9732fca9b046890c98d484384655,1,1
8074bd7c04bfc9b40f58c139b6d215b4b833f99faf4de58c4ad7b41305719476,1,1
8a2234875d5628bce6761afec319ab14103d0277e30957e9aa9c1d389b253393,1,1
00fb7a93a4b3bf869c725d16d494b0b626b7f7e46e3af092d5db155742ded6f4,1,1
e815a50747d2939cca927165058d2fee38871f491399684dfd95d9dd5ab4f7dd,1,1
e19a1d6875ce275223fa0d148535f084ee0130e847fb74f702fe46b9b946033e,1,1
5960332e34df00af0cd2913338693b335fe5a7ca7ccee470d5c598e2c810363a,1,1
85debbb43ea0431d4d42bff690a0da5e4852ebe29ed63ab067b414fb34383ba5,1,1
d4b7a88488c69578e47187f77984a409c7e178739bff7989a6ec66bf3bb210e5,1,1
b8629dd76b2082f52c1f34e019715551b2c102eead5a165f9bbdb2635ff9443d,1,1
e2b7b6018fde46bdd47bf4233246c40c080c7389811e9129ce7b586311f28479,1,1
595b992d08fe6219a1a5e709cf0fb7582b8f5618243bf62724e882dd347ef3ca,1,1
cd6522a4a06507bd86c2337f8c7f0673ec43d5588aa6e5adaf90bbed97d3d796,1,1
167951edc7356402194509941dbc26b8655c79010b94bfceb67c5021b65784f2,1,1
c23a71c91a82d086c0abbf9a699dc6ad8f78b0dd0b4287135f3717646804fbb6,1,1
412afe199548d23c034c4f0ce58e99355219a064e101ba10a4275c30ca16b4f7,1,1
42557e0b0da6fec4adba8395d44b84a9576f9f1a473e3e963eea96f644d6b580,1,1
cf90752d2920d9f1ede31584de130387e14b6afc7e6db694b7ecf73c3ac9319c,1,1
a1e71b5daa49b987293c4dfa51116d4c93cb417b6eb759cdca6361fb1abb4d54,1,1
d9cc0ee178a70fc901acf6ec5688353122aba1aff1d1187cca98322cf7618a5c,1,1
8f62fff79b743089db86438b505e4b9b9aaa97d228b073a88b998653ce7dc371,1,1
6d0569733db824172972418dcf9e7051949710efeb270ab108719f6447cb5f4d,1,1
3068e967dd48ffbe0742fb6b81283ed7b8e375d881b34e287b3273c0d4dd19bc,1,1
04af524a160101cb5881c423540dccc55ba8e1f60045b3137820020a51443394,1,1
68109126b8453d42ffaeece4ce23582a9a7c8c6c3e0f9f64837728863870e004,1,1
6a4b531b25ba2141c3d7b3308309c95cc83c76984d1979c5596a15873b576a5c,1,1
b89bc9e6497ff2a94d1e9920a0bf82ee978d3d519a38a5a7da186bada47ad278,1,1
d0da3bcc232617e56471261c2b8a44b6860767ea2dc6e66964fa0dae9bb885f6,1,1
46eac892734a6af220c4e4e59e720086b8becd33adf7cc0c81fcf3f5990b3674,1,1
b28d2a12e8fee7e19f47b6d5a4311d0961ac44d1991047c350e060866fb758e3,1,1
47820bee427b647a7459c096789c9e5547e768bc857af658ba3d85df44d275d4,1,1
708742b6d439cfb36958b55c59e24b45463200307bec8af05d39d77f674a8b08,1,1
b8a6ecb267c8f0c5e72550af7bf802a9dbe6e2d3dafc78a6bc67efd2c79e1e5f,1,1
624db75e04912546a3d30ac19f8538e3092b3506e6abc31c9cbe2e6fc9dc7f2d,1,1
a4863ca11e3960e6c4d50c8aa026fb588e241a94c09ecc55069336645f0895a2,1,1
f94d9770111cfba68e480bbb97bc46ef2ac267f652829bb67b5a56be88229d2c,1,1
955e0a71579c07f2da9053882033c63d074de115cd6bb59461a7ef8b88ee4e6c,1,1
1842404ffae598a076824e53288e2be2256412703f6db516d1f65de1ee1a993a,1,1
5f4346a43c5eb3fee6ecf7264ece16e219cd4ee931873b5adb615c997d0422d6,1,0
3d8bdbb14a39ff8a1ccb710e857a1222b7149539b75485115b3de8e6efd1b23d,1,1
538353a22b2a0bd36b716cf6b9ed6e66f354592a47c5c663b4a5863bd4226524,1,1
daad3eb430694ca359eab2df6ef16471eb10137d43e37310b42c423acde06972,1,1
7780f34597d33bed1586a8d472bf81015d49553e3ebb8d676f7a98238db22e09,1,0
9c3db60e0000aa5b4284221c106ddff084147802ce861aaffc6d4faf9ac37514,1,0
585a3776b6a297841b423f2e09533831a82154a3124dd5f04247fe15d8827fd0,1,1
c5a7a3b31d9e75cfe44abc559035dfe63fa02780f182dad92c9c87f0f9854ccc,1,1
59b4b189d4e1e08dae3348e99a0c6079c711364a0f874dd4b42b7faa9befe417,1,1
8ad80abad1f7409cc3d3a351c43fd9092eb6fd40fab1117b2c011e8903704505,1,1
688931c62364ad13e32da3cf716b61e8b873d6d2c7019b59ec063047847fc8f0,1,1
c616380b7faac0f6aaef8d0237745addfeec6c102118948678a0d34366d67627,1,1
67430a2398250f7b6bbbd09554b5dca1cb4fe9d731f56809d76095cc6d7b181f,1,1
818a57a783e16fe25cea8f0652426f907d32b4d1f1d61f35df42e1bdce06d6b4,1,1
1c8b9191a44e9ca38408472b68a00c44d20ddf0aff55e29291d96381ed92949d,1,1
ac6649b5b77cd1bcaa5136660977779760b035d45f82ceddf02a910e36a647ed,1,1
75a2ee9d675f2fc534f9f261ec6bdade3fba1e4d6da5ebee08a5603e02dad9ef,1,1
ca6e78326f985bdd82904087f0f7cae85c8bc781bb32ef0e37a8bb149fcc5ee7,1,1
e7cf2c474ccb9ba88d077e63b8ed2d4c554ea8ae423f7060ba9e72c282840c2a,1,1
5fe358fccf4fff44f735a452a55b5ba37e0d646263e6dc5053a40d3c9cb144c9,1,1
8da920378806448df1a7ca0773c7f687c8e208c6ce27fc974bc41139b9891b17,1,1
611d11c970a517fc6a9b297a716f45b18e17ac59edc5d723839a3063e0d4a425,1,1
557ee2dc5aea3ef8def1b0e6a397c80810bf806da5705e4ad121559147b899c5,1,1
070d67e81c89f341d8c8f743e8b554448f5f269828f650fe205811fa77a12b17,1,1
e909099cf5606431b1e7640d1682c6ac60c45ddbc4f6df9f4d18cb8da9d606ba,1,1
71181017afc3c425d3740eeace4e9946bd2ceaf65c77c0169389114b2f2add75,1,1
c552a0175515186b3070b97099cc6d6b97077bc297f87fe7b60afd75639efa33,1,1
03736565a62796750750ab4ca69d04ca8bfb322b7dab3ce10ec63cc55719ef8d,1,1
e09a5659b0f9db9c523641e87bfa8f3fc207d1fb4b6bfb1d6643da2b496f07da,1,1
5ec8037d7c5d910b5f160cd376e6d28221c3cee0c315f0f5cc43acfe5e7665b6,1,1
ebfbc0ae853f17f66fdaf5145da16b3978ac1c6e53fcaee8babc1071d56bee4e,1,1
60a958a4c99c9bd584787565b4046e20e2d4461f6fc4d786628dbe9971850a5b,1,0
c01648f0a3667f64bf7efa719db524f56348412abd83f2c994b9dbde76b87a7e,1,1
3d6e207cf62e0fc1548a67e1f17800bc63ac4c28719f7fd6fbe720dc3e3a630a,1,1
f7e3d99aca0ab5338dc7f1cee8f6d0621f23582508ca2d7fea6b1c7f8e848dfe,1,1
37fcd3ffe22d92014c97a9b5a3de67a0ab278a7a0c96e1c37138f7bccc76fc61,1,1
9b3d2475745a63d633418ee02ddd7372d0205925c9292dddbf5b2817cf40c8b8,1,1
e9b8a1cc52581605fc333f2460fc57038d2f6c8013d9ed061af11b31ec5d71f8,1,1
7cfc8a80ac8cf58a77faa5151a950364c59cc1afbe996f34e9a8a3bfdfc96b1a,1,1
26cc02f9743b0a2dbf294ec6de44d03bf538dbb00960efceed822ccb0b2f4344,1,1
161f5b4c36fa6088e725bc1e86afceb97987e46ebfc9d563561aa58ba2ac355f,1,1
a83da1fda2751d94c99167c5a09eca02403c64a6ead599d0ef21520d826079c2,1,1
1b6fe3f1648d6b9db2de98ff0933a7e5cce59a2fbc4139cdb6339ace0c053cf6,1,1
450334ff6a4594849add0c0870720699ef48300bf616dff1ab42f32ad4f46876,1,1
54d479f40a28ab10e388ae7a8209188ded7d4f2303cb3d4f84f133026024f55b,1,1
02b9a1d6428d66bcfe15ff67ba0cd1acb26762bc6c336a284ee0ce9afc4c0693,1,1
d1e1bd95e93cd3cc1115b2660669a0d9fc009890056ef4a96356a949d4a9f893,1,1
d29543fcb5a9a467f8387637712002a14886b4a1713415910d8e7ab9f9ec80a6,1,1
79a2342611a1d4102b266241844e7fbee3c15a2019d6669453ba48bce35c15d1,1,1
7f74291dec1ebd1e95ea81b86aa61873f74a42249f57bd651aed54bd0ba6c27b,1,0
34338fc8ed67ed39831f6f1f0954f582b02ec64460b3b27e1a6d7b7d2e87e161,1,1
c1ea9ce2aac18fcf48a07a80cd28fb22355b660df979a24eaa1d2a1278c18fc8,1,1
6e344c89bd3da8a51d407997d573ab7f12f9405147d3d35d7c4cedd2bbc8ce19,1,1
f84923310cd72eff0b5a23bcd69ffe52ed725b8260a4a63a942ec313fb5181eb,1,0
9a3578fc0e64aa6e9ff073c1557fd703ef8f066c89af661b3ed971a56ee7d34e,1,1
2697b214461f9cdf01ea075008ceb8131486d8c5f22f9750c0839f8bca7045a3,1,1
31620a459c50e1b31ee76a452482631512774118a91f0aee94b7bed56602b6b9,1,1
115b7a368f40207e9d3b7b57413bfe8965d2870fb792acf68cf1ffeab01fed3c,1,1
6720f3f8b28940052ba78950a898650382bf43185dbbb759c895950c985b4cc9,1,1
c6b73c58ca705c503affba4ea8fb52fce8e6a8f835206d3945d0e8f104219494,1,1
5a73612b22eb13f86106e9485d8b58f9a627de81294558b5b5f1f505b63aae82,1,1
c3eba43f608aa58262f1bbcdffb83ad6ea2642cbda22c4135da808594d6faa34,1,1
067ba3b71a73ee4172cd0525cf235618ae612562b545960d5f724efb92ee98be,1,1
f3afa397ed402915089d063a8aa1dd5115769de73a1f3f5b1a8de1093dd7f20f,1,1
781526b1de7791cd568151b27c426aee15af0c3f8fa0cd5cb2a84561304c9b60,1,1
4604b17d15eb4318c74a4a82cadfa79c9e4126857cc8d2083c0cf5c91a916cb0,1,1
15a99ecab5d8cb1e8fc388a923cc0d033849c53e798a91bd0f61ea41565b2f1d,1,1
dfa0633312948d33cef5f3734b7f78a2f8fd42520eec02b4c14d36dd847527b8,1,1
348bc2e2cceccbbdc595cb58c4aec86c44aa479619037c0db50e6c46c35d6663,1,1
0bea3a27c7ccc721885184442cb2e56893cec5d4e30b35998cee7e4d3677651f,1,1
aebc45a632cf570c50000267073b0a5c9a33b513285fbdcf8278eb3a387040e4,1,1
a62f856f39948d9afe72b114b47a6ae28783fe85744ed01a5899d9c4617c6122,1,1
8f28276b12229e3fe5c70f97971c072e2ec957d2c926b6efb59ee1cdc13c228a,1,0
11ba29d667d12d78f4d7acc030effcade4e73ecc9093823b6376e50a4cbd142b,1,1
c25244d3cc833f02c2e09967c3933e5d0e35a2598ec58b57f0c414f8ef2dfbde,1,1
e45cf45731843e4cadbe464b2129ca9b20cfc20c9534776c03091ef43aa0ff40,1,1
dd9abb19283b5de329d34c11e1d9d24e44c90ff8b886248c8687ecf0cf490fe2,1,1
b254966fce062a163c97043284ceaff095bdc6ef9139fd37b53f99427106829f,1,1
89d5f96b26b34ca672105fd2c45f6faa9a0d7ff04436a936c377f091b25c9272,1,1
6b121ec2ba6724141260509f8359b84669a4275e83449e184b8bd52c83dfc9f4,1,1
8c374594ec3afba2f55484d477b57164d09ea7e388856ccc944be00ec8efda37,1,1
cad53685677b6317a3d2ba2aadc824befe64519935efae526437a50b67106e11,1,0
fe247ad33ff713c1c26a65b93e0d3af37c08b24a497de257c85c04ac596447ca,1,1
5ef7375b46c745ac6f973905aa884821ebdec136c803bc30536e2804e4cc1ead,1,1
176033ff87a5a47addbe76d06cc2e70679aa546ec538cd006ea3d8e3c0ef1c7f,1,1
a5b4058fdde741338db43e51b97792a39879f85729773dd0dbf5081e8a186635,1,1
327d959bcebddabcad6cd630b162d6bf7b033b5d0e739fdd140417b0b87c1e0e,1,1
cee11eb99cc303d42d4ac4d6ffd6f3d39bd9603233a2af12a1aebd8fac0f995d,1,1
2eaebf29c1371b944b2dd9cb5d230b3c775ae53b8114a27c761686be886dbc3d,1,1
895804eaa807a7f6bcdb56af07594a16bd695914dc62aef7ef1198cb3931e013,1,1
f83f6ae9a0b2e44a7708274a1e7d0dfcc635da0305ca0dee7eb4b22217799e0d,1,1
dfaba35843b586b7d5688440e4dbc1dffd79f02e3671ff22c64b0b9662eb2b2d,1,1
1a6c6abf0a7786786579a77af6b9359b7d63f7e14c4dabb23713a599c8250467,1,1
c732546b7c4620019db0031778112fc65f49407bd17a375e167f110b229d9686,1,1
22456c84913a23ac369d7214fb7c3f0c63e6eb40916b0e9bc4bdd997e54659b4,1,1
8dbb676b64a7552b49967ab4b0790e5d385ebe82347a246d00cd977352ff93ea,1,1
5362a02d5a1bf6b193e7174b28f56c82f77bdf5f0c48ca64c2f8e3c19f58c44f,1,1
be2123dcc2e0a2f2cffe3ea05e06784f68c3d3eee77ae026a7e545e586e35681,1,1
d551cc9667513ee9dc96f1d6e9e6a88b3fcbf694909cdd0a2dcca1b695109afb,1,1
6eb0aaeb936d2551f265b7e9a2e5aca0213d08ca798e7d42ee5dad5641352ba3,1,1
49415b8550c20edd6bbd6e9181033d7416f2bc3dd8d8ee3b7437afc7b6456c85,1,1
53be75c7d07038adbfc0704b8f680abbe2b41852e523897756e04b92f103b7c3,1,1
f4bc1c28cbce7e99e6bde10ac8aa02a1dd6d62bfc4dc99a3e3584257d7cd1649,1,1
28db26c4500e50901c2072272cd4524db7618f1112a4ccd9b2ce0b11a57f9e88,1,1
62a0f7928fa370e91b62a25c714cb9e8885fc3d5e4ee914c61c54f3aeb8b6b8b,1,1
c8a063887c6244f61c05ed67b0f1f281a439ad1524a4cff9bd90ef03e914b167,1,1
92bd391f7b8055c23b77d209d9988d1e13578fab8ce7bdc69c6129d6960bb1b0,1,1
fa8c2df7b0c1158e57e017a5245e710ebb57d09760f1cf4cfbff8f619735da61,1,1
28d40cf085051e729099d613a27e2e58dd727ca0e1ff3d90031ec7c78bc62343,1,1
a3133affaeff00d118ef8960572bcad2d24bb0558625fcd407ba78e8cda571e1,1,1
488249220db01b0b1e2fe7bb09f09e8b5d4f47bf1f2d6350092e9f6d4d1920d6,1,1
af1463e0d6e04bb51b141bae9572314db03ef298f986f5b0f6d18dfc26e99d9b,1,1
5dcf1a455cfec296f316a96e6ed8a747ee9b4bc6984d22e031c8ab4fd75d54f5,1,1
5aff7aa2e7449b72dd612ad36f84002d37d9feca0d925951efc75f28b85161db,1,1
cb60ac85dea661c28981aa4cfb4b916ef38b39e83a727b4ddacf8e10f17b1bb9,1,1
22a2b9fa3438e2b4b3647abce470f0f36745c391eaaf5af873d47d13999069cd,1,1
e2e18d9cc823899842290a9019ecb7a0ae7fca3708638e95916443750856741b,1,1
28a3d136a811176b76ea90d4208f9ec25365fd4ac86fb9e675ae38e944a60414,1,1
a0f186a8ba6ddd7c56e154ba705ac379586ed525fcd6560b9e8468c5f6d660a0,1,1
e91f57899815bd774b13075c72d98a0c8b657e2031c7fc2cf73ed2d33cd89602,1,1
9da22fd582f0a5f7cd67db1405e3a677149cab4693a9af3e9f9910d2b1c153d2,1,1
2971853b91876fd2c4dd6c126e51a95b38723a822173926fadef97bca68a00eb,1,1
79b767d34e1dad68d4ab9bfb9f589120448644e183b552080b1e9a6fc997afa9,1,1
0f08829fad75b72da0bf4e0d7386103b1cf8b3af216c3c84a2946346070fd15e,1,1
13454deedcf4503af6299ec447973d015b473d0247a5e38590d32699254ae296,1,1
871f2cd6b9bb44632115fe5a0ed2789117aa2307057b5b1af47775aaa4c4fd93,1,1
9b09a5c08f039f7b5cddc36879dde019b4da8480f36c1683efabea11a64d4543,1,1
71b8c66b3874054c03f48d99fb8fe1b88e3141b69ca85e81e7cdafb04f51bab9,1,1
21e37047969367b76a408e205e485fd5155daa825fa26f827a00413f257856d7,1,1
d8b09973de186eb1870a76f0ff24370e8dad7dcfbd1c5ab11970eb64f693e0a5,1,1
062344b092f0faa811f10bb50eecf4880b9c38856de19f402555e879b8f0c7fc,1,1
7471706ef3d9851cd511da62a83ffc55e765c19b535d1295a324cb2c6338df56,1,1
c748f57736a963c30bb16aa261fdaec78a18e398eb2f7334e479e42424469434,1,1
2e87f4a2cd00c05bc161fd339711e8201dc57f1e6a139e4642b2abe7126e67a1,1,1
056f33cf325f176b4c50b3fc80f9389313b46e270c923bb8ab869e38ea662454,1,1
383fa7b893fe6099135375cb689e22e800f12099d265b5184f88cb2fc06403dd,1,1
2d63d350698a1ebc48716813b28afa99a254ac8bf98ecb4064fe8ae1ae3dd465,1,1
0ab8c54cb0852459382f0da6ff4ec787d3985b50e5502d1cccc74f7036c9e4f9,1,1
66bd5ed2c733ab1588e21261b959284469eb7b6b5b19846383d6775f23e707af,1,1
c5e6a9376b005b6acc0c20dc20321c578327748d3dae7f715f5f486418ccc897,1,1
dff5129832e64b1afd6032a0f93271533155ec302080469d59e2ce487c9f9700,1,1
ae8dedd83e612d60b3d90688fa1b737693dd5cb758d704028a2d3e2bc19ca6bb,1,1
df3ae74e3b82ec770b824c81068a94b0fbb5057d2ae11c4ff4511aa5c72456ff,1,1
cf1b461f5a65b01764353aea8c1f1fa9bdb8f88d6cebb40c4b51fb1902553fe7,1,1
b4647890fa16cc039cec6574b65d7a55c29c11f2c1ea2c3a63a77009ec85a6ce,1,1
db5d7a776f20c17312499490475312c31dc582c78d35cd22f5346e0a431fdbdf,1,1
494573f411a9593aece2031d4e3ed1bc6bbe586675ef9f57fc9e4da9470d4027,1,1
f6ae097d31fffbe6501124326bf57300c8b5335417b3f9d6dd857ff31b9e9f90,1,1
0a4d2f07a7897af6c2715a3dc0f78ae203a19a7858265f4a086dc21a5f7aa381,1,1
bbf586d41441439151b4abb2403d72f4bfdadea4a256b8dba9277d2acd07c34e,1,1
d9ae365192b51974efc42daa47adca02980da772db2d7563cb628c001a49a600,1,1
f2e7b1abe666b2e5f53d6ea3e20d45e32c82fcc66876f209dd42b7b3010e2d02,1,1
9d754396f6801c1187c616d4b9e150ba71c29657dae207905df3a6745edfef7d,1,1
4b83d5ca0e65f6809b0c4ecbb93fa4e8848ecc899feeea18fb70012da2a7524b,1,1
cd481357cdfa7e07e0b898b3432665f88a261b790bdfb2b41df5a19702c35932,1,1
c79a59a428e58302522ee77eec7a9487c8b9625a49d7f7782a36b231614353b5,1,1
66b9900fb60ecd15ef5cab16797b6321d1b9a44e7031b3df21647f83832d2ed5,1,1
0cfcd64c91836719aba2a281346b1db11eed303b19e4f5fa1f0517c688a866f2,1,0
0cf65eaf1d44a5d04e57887cc83e1a1c31ec87ab0d7cc887de39f5b7e1e263c4,1,1
24c7494254497ad32725fe44ea69db0a93ccc020903529fa9311461c0e4bb1c9,1,1
6fc01d96ff8ffd8d366eb591f3b445a4d7e08da815403de2eb2c908c1c844b68,1,1
b8f3e2c7435c13dc81de3c6a3c6e43b5593ced711ea0f13b5bfcd7d334bc76ac,1,1
99bfdfd335c6cbb3a9752524ee0a85cad1c6467ffe954e2b26109aa4ff12d284,1,1
08fad792d72bad16864807df36d55e1a57d8b8102c33212a52f4ac0962127db0,1,1
25b181f49a2e63e4f38c519164d7e6dbe0dfcac8bb548b545f5cd38fdc0b3ede,1,1
1df87d822ca966ec639f671bf89dd00406a3e19d69ba1badddedf44749bf8179,1,1
7536003afac3fa55fc76eb8e4d88927bf350a019aa66fcb82f7f53bfbaebc0c6,1,1
9c428f73e4d692973f84c8188ab7fa2fb22d05b3c827aa5a7e0de77998cd8369,1,1
7dcb0b8ca1ade6804466883418b1473d6f73ceb097cb54577f4ffa2815184230,1,1
f3b4bffc7dc920fed3a91e073e025593fa42e98e6b8ce176ab375ae007e82865,1,1
54aeb1a10eb95179425b8e327d2d3e5414aec25df4251282930f1d97f36904c1,1,1
645b5bfaa0db8d900f11715a9dfc8103050c135d33859158df93527bfe5c5ebc,1,1
a4bdf3b87d03872aaa6ba2631149595a52eeae899904ebb9968667b3d98cec88,1,1
5ad21ddb1f799a614d6b31cfab0cf4d43479624934a21eb19a749f3125125fca,1,1
34317925bc9fed07e3e3b68338e33dd971d49db4e19376defe587461a846e21c,1,1
ecaeec563bd7d0964dc03a41693043c054bd01c6d9474ae2c7e44e9d505ae337,1,1
d8b00712108a33a359503fcc0c74f2869960eaf399912a90aa3d7620332115c5,1,1
08c8804e6ea543a9f6915421655e747a46c4efbcb1a0222dbc52c158845219cc,1,1
096f8fff1254bb670b25d9661c8291262fde6431f02d49e7c997e9b738f58e0d,1,1
94f55fa380e5dd21532ff7cf0fb088b90ef90d411446585be5f82f3113d09bd7,1,1
44e21e2ea6cae858e80d6bb046be43f07522d39adbcd398934dcfd138bf54212,1,1
122d614eaf53eff6ba25d13de2e0dc8c6934e45d75303290e3fa43b7125ddcb2,1,1
afc0ab168638449705ccca391f6c916952171f0a6a1cd2f1bfcb1c10f1f3547e,1,1
01829084c2eaa2c805679db01f2ac50785dfd264f582aaab9ff6114c5367a9f4,1,1
bbb47c4d56ce4a37a322de967ff389e15998cb1f241e5bd752a47d8142d5f677,1,1
d170524ea2dfdbf204589bcd35b8060fcfed5e69ef2b569bb0510223d61c3968,1,1
c792356122e062a374a453a19dc5e15111e06b008caa46ca6b00e8dd2ddedb42,1,1
cfd46a640d55af7254a6e84e25d67b0c8b89ea6efe7da236ea8d1356e38d7e53,1,1
8cbe3a48341a21cb786c4ea879653cabff00f6527342971d647aecee4d81d3b4,1,1
58841d3d55a1f213ec52f0c78af81ddd11ebf76e98557ce7655c80890f92c6f0,1,1
35d18e0de132fd62b6fd805cf1bc4ca8ac42aa93d256b8c157d0300a1b1a1e97,1,1
b72b6439073ce4fe8f7f2e9ba99180034e33e9e7c08adc89ded7e0c0b781f7c5,1,1
1f49ffc787683080ce4cac7667247e86f8a155852fd3cfaf94c9c1f3ec85bf22,1,1
54547de62e7b27fd8aecc3d713cd9272841503b2c225a6fdbc8472de389f5bb3,1,1
97e825e67cce0d41f6aabcf715145e76d3ea8eee1a8a9fd9cd296337ca9c9d4b,1,1
e5f2379061c70a21c12ddf7c0c45870363bdb2f1e711c52f036dfd67828e02e4,1,1
7278c6fcd89051529a979296b23677bf4e2254905dd1a8b003d6b1a5a367f6e6,1,1
b344d879fb53836befc0ab47ded9117f02204acb718c5242366a21210dd2a10f,1,1
579b77fd86bbc8a34f69a501a0fc3c6f053b6925d7bc2e816733ee351d0f1782,1,1
f486f5f85209fa204c11f45990a117eb4ea0ca4893eeba429c50786ab78e7f93,1,1
469e97c076c2d0e0e46b9970392c0b27cfc023fc15a35e3e73076b87bc4af3b6,1,1
3c5e22b7c11b928138e76d6622908d0ba588030cdfb73eea247e03239568be94,1,1
fc97f57e522398b8d96186159baa7e2922be02a8f7208b06356ee4c9cdcbe29d,1,1
b1070f32f78de5736819100670ece1ec332a2f4fe1ba8df25f9a4f02cf552d35,1,1
13332f496206aa4a5b1790b1e3d65bf5869d625d54a22a539de3c3134cd0e750,1,1
49d03a60ccf690529432ca8e5b2a38b3ecda1a574641385cd584ef5871f07b52,1,1
124a424886710ca22390b9eea3a0898c569cb1354c18264ff987339ee6c680b9,1,0
3ad2c19300cf1b82e0e15ed3aaac4eeee27c9fa722a4b582b33cd5f7c4b8103e,1,1
236d4d98dcda95e2a5c3aad3c41fa5ced2b8f2be36614b5fc6b757cbfc895055,1,1
d68d9358db411c1867f5e7d3ef9f5a8c12f83855a23aff45e625043190830a21,1,0
3e84fe786f7395e6dd668214684f11c60885cd1358e40fc13a9fa05b3e16d26e,1,1
31b276c8ee984dc8f804b6da5625a2982eef3748250e2d401aabea1c6617d601,1,1
bddce7f740c9df0b5f6069615e6a52a37c6247d7e2e4f935af5eb75e9383ca40,1,1
a7715c490e83f2144295eb6ed0a9759e16a6d6bc28363de5b742c4fce7f1f603,1,1
4333ecc100e0fc6a042abc072c8115a98a1f338d8b3cf8f2d294eb16d15fadc2,1,1
545b272320e2cf684e892d627cf4fddfedaeda4036ea8625691605892cb8fdca,1,1
ce80c1e61d2f19466a4eecbed7286b807cec277ba0a99ec2c2f50f5e4666b6a1,1,1
fb3f77553b197f8c070b70c57250107c478daa576cd4c1a932858d20c2236766,1,1
3cfe43093a0554dafd10afcdb34a47cb0f6076134422f8ad996bec72d8b2eee8,1,1
d3cfd390d2b99a7be3833c15903157fd429eb0e62f24ce5e28871c281c625eb8,1,1
7eed0bf9c96d87878de1dbdf3609106fefbf08a455a9a2949f9f2f5b85e1fda4,1,1
ad885cac1898471cb207eef29d1cda33926e436b96d65f102d017eff527a5ad9,1,1
0a9aa90ab3de779104636b0950fdb058c687260f16078cee578164b27776187a,1,1
ffb04db4c5695c865901f25a1c11f4835a8a94c3e1d1a2ef6112077aa190261e,1,1
f7dcd83347ecff949a3365e237be814845819cd967a637fdea9863cc723b310d,1,1
dfef33e094370b2eb4b456b6334d20f9e445066959b98c89ceadad991021994d,1,1
1296da6e6e71e1871f9fb86ee61ee1de91fd2fe1069bbd7c6cab050c441dcbbf,1,1
af5771c35c43809908976e94ef11636d552bc014c42c22e7c2ae01fe0cf446a5,1,1
039ee195113ced0c961fd8c9e7075470bed23f8bf2e55b434707577f67e29250,1,1
c507780d91e8b05f522a8dff8839382c5b6c459d29ecc16ab5442bec54109fdc,1,1
9ac887cc0e238a4c153338b16d0c01f9187b44648a9fe996dbc57707869f2366,1,1
4202447cc70db8c9e6c1454dc60a9cb7ac3403647b3154311fa20613bba0a319,1,1
f95f862e3a0c60aecd7665cf5d4205e210eb1dc79da527225d839f46833be360,1,1
9755ed7aee7f6ee4cf689d4edfd7581934e3fc24de56707c930d0ef0642a03f1,1,1
ac7a1296d0bcc06cfed18dcc10d6bcd5f21dba72b8baadcb5c3eb41373da6d2c,1,1
1e1511dea3bdff64b4c4f11f49228a071ccc9b5a28e23d8640fc6d2259f8b3f8,1,1
1915b6fa6a71a7111d7203f3962847800de838a0e2b9465c99c96c7880c991c4,1,1
3e9ccb30fbcc26f2b95cd9611793ae0f8522637f242c9f2c520e5602b8b42b16,1,0
e9bea0cac96a70020167492e16f10171c64dfe3fecee1de19a1712e4e219b76f,1,0
026f820be3dec75edf62d86f4d71c6647d28a53ff603deca0070d466cd8d56c3,1,1
6b1b5323fe728489542448c7f4666ddd3e337dd2b3eedabaf5e95c784075d103,1,1
2e85c4c8d235f130bc2e01374402c51a35485f1bf00f46cab278a43a593bff27,1,1
53b4d511dd953a2f6171cdc714c13fa63359355fcfb7bc1589ab4468688b797d,1,1
8427bfa920f51af3fa48299da25feb76c6061e7427af8457cfb6c5c8f15bd8ee,1,1
af7db0952070cb762b4202aa0ae879ad5343c28699c3571161a3f13a78453f01,1,1
379bb57924cd5683b2c5d0b11b4fcf59bd0b90a8039691bd6bdca2a1894cbf92,1,1
17a78fd6f876b26c40c6ffaf9499856e4e41647071300e9eb34163e94ebe9656,1,1
e645c29190ee57c1af3f8499d14f41109d827cc0b70b6367cdd5d4f708014f0b,1,0
deff43acc9ece821b2d1696708dfbb0dc887001c9021c9e90d83109539aea202,1,1
9c4ccb87ad911c9f3441faac25b0137195cb4a655c465e200e027e4ff5db7f1f,1,1
061fd4c59211fd324fd0bd59b66b4b3f082468540b34b33be9dac725898fd7d3,1,1
c9f7076a7cff32af3ecdb22ddf90874233136e62ea945ad956096bc4679a36e0,1,1
a1135b20d3eb55f6c1af32eda90a02c0e22984ebc54c87824c6ec465a1748e1f,1,1
67aaceb446ca40a2496c22bd592d0a43cd63f709a50c08ddc92065589ea29eb1,1,1
baf0852b46ed11a642458d2f86e28249333b2305485af9cc055b5f01fe2bb560,1,1
a7f526bba7a425bded5f3e58bb0d6ef01b852d46a7eab2b3e0016291cca15c17,1,1
43046cce4358d68150a76cffb73ebcfc94caac6ec765d8a9e9577aab540597f2,1,1
7b147076e101fd5ae5dfa252b4a9e97d109872ef46519e5ce6f80db3fdae25fc,1,1
69b4a6753d4ece46c6f4f9eb702e93b4690e58142b13e864c908aa8fa09f7b2e,1,1
9e4cf7de4c543b8100dcf10a934d3120269f4a014029931e4a20112632df7d57,1,1
54a976fa8a733f4b288d9ad1ab7ce78a19c48e9b40c0a18da021f67217474dbb,1,1
92ff1d17408a7e583ee11d00f130ef7d0afe43192476e5af0e3155f46cc6ff61,1,1
4acb4930b83c57f7ae2f7d4b38a38165e8118d43e3b2534c149e90bf7956ae0a,1,1
f66afedbb14698290895bd0713c4f6976970e13057cbe58a327da2523472f283,1,1
77451e8bd60ba82ffc2c2baa26082d9c2f1291ad64f5e20b759c7c46c27ca94c,1,1
ba18b7b890441ae864a58c073c489dad38b75a15c5fcd5fe382bcb36dd77a353,1,1
957340a57b086ee44cb40504a5a31ee7867b87bdeb2216829a915bd1d529212a,1,1
c51f8d9000385a6a5315abb3ea3a3404359c54c96d37010f0e879fce6e9a5cee,1,1
a910278b882c147468f8e0853de4a0448bb1c75669a238467de51e8478d34715,1,1
e33e3b6ec3acbc71e53b5f09ccbea2883f4cd099d8bff843b3dc8f1e1c51ea18,1,1
3e43d4e14a2a4b68bd92f918f1ea5427fa573a6ebd88efcbe191022b55f30a28,1,1
c47c49f843ba77dd5166e4bce979aed617ec3fdd8aac2273371cbc84587ce80f,1,1
cdece5a4f512b727115f8d3ca8c402b2d80e60ae8f46b8a83bd0c26ea0401599,1,1
05b78e0bff350085937e29c3345c108afd1bb8047d9f77ed5529994168640da8,1,1
ee1dd4892054562f775504fe99136d98096c56b7cd6fd43f14021b45c080c2e7,1,1
522e30c70370cdc66a34626481db0e6528b2db2f48be1d0f3137ebfaf123e7a7,1,1
a4bacbdfccf1c0514e8a36f0017d698663439cabe33bd4c37ce08d0ab56a9584,1,1
28ede315c47c5eb09e6b467803520fd2f81b8fa4a1fccdff0f1cb30ccd48ed06,1,0
03d2832d1d8896d8da712be93896e050990d5916403f1feaaa61a41de3b92701,1,1
696dcf8b367a6614ae37da1ab8718fa1ff0221e326cb7c1671e3613f7013ec9c,1,1
75823b7584d560d50ee19030f0b58c34a27eec41db199424c03e65224a4645fc,1,1
faf98b24b7e60a4b7953c58491c3533325de6e1c0a309e962a6568b309ee42ce,1,1
321c313ca5e723d69e9e899597ec9b4bbc977a207102f5660a09ed9ff3520237,1,1
605ee2aabfe1088fa030c75cfbf71261a304b2e6b1b920c40391c9e1ea898a20,1,1
691c55ba96d8241614dcff083e7670df9b6e3a4d75675e954193e1ee1a6dc921,1,1
9e75e463bf396762464ffa018ad9782b0d47e349912549128e99905d6ebeed5b,1,1
f44d0c4ea812f2587073625bd0983f888e23e8d0b3109204fdbed66da3975ed1,1,1
72ac9446a784c5bc9d07c6f73aaebc268b783ecaa985b76eb05b0eafa08c0ff8,1,1
d35569c79417590192b2a044c81b035e52a73004371d9106019bc10d9850a841,1,1
2fcbfe07aab15281ad190437bf6b9c76d06cfeed9b79f072152dd86a8c1bee86,1,1
5a69cb85b6e61ec649a50b98317f31872c8d0136aa121540115b82815c0d22a5,1,1
3cd5219e7f27ef1dc493b24c3cdc535e2651f7c2b9efda8d5cc42f9709403234,1,1
f4050d0a5ad64340310b03c92e10a5fb362cc1a3a2b5cab9d0054ae8ccfd5716,1,1
748684e653af1052d4ea4eedfa10f3ea3c95b2b9b5c7a98c2932d19895f041fd,1,1
e0d993ef1766acda843c15c15a148c2e5bff4f8dfc850cd668e3f18c04d408c4,1,1
737a718c3d26dbcc7c536a3a029e06bdabe23195be53c57e2fdb98477e1b3544,1,1
36a848639248d8a07c5c4bc0cad6eb092156c489116df811e6caeae99825d074,1,1
663b0511d1095458784a88ede568d088aaac1bdaf467d9d65f0622d88f0faaeb,1,1
4940e69528d3cf2f9e0d320e6c062fe47fafd1833c3aea21916a7b28854b1a39,1,1
f259912b1c47af87377eb0a4db2fd64b10edd2f78fdc26a254c389c82aacaf92,1,1
67cc801b2536eea293c6e986a6bb150d88edd717bae9279b1c3484667e575d7c,1,1
f5308afcedece5269fa88e08a4e847b348d2a5a88924cc9a53ea314d561984ef,1,1
d9773233dea89b93e7554f75f3afbe5aff4f226af55500d6da8d9c040739f57d,1,0
5ef4078e002e33e07f41a8d198341f868df2aa3a38c42908105374fb4d02fc05,1,1
701330137460bfab5e326613679ae75fa730613c4c1756af6dcf133ed533d62f,1,1
6482be528fe71cd28136b26c61f07fa3ef2fe006e32699158fdaf922411eb81e,1,1
2f57f4ddc8d8216f6a6cecc8ee9e92ceff48cdaef8e65784ea1d2c1abcd2db41,1,1
f52ca587b9e02299010f3b7e28bf96fd9620205f806f66f543fd39704cd5b392,1,1
5642ec42324d092e2f4dcc9276f86ec63c98d85993e0d4b94e7799bfa178d9a8,1,1
685fb37e2acdc2c518e4a1e5c77f38665df7a11199199d5ee253c5087114d7c1,1,1
a483636ba23bfe8c381eef4696068e0811d731b5ccbcdf6a0a72d76e1a3172e5,1,1
bdb029ed2156b4f93d2dd367bebaaf83c5bfa71b8b27901b8a221ded788b7391,1,1
2fa3836193dc05ac9c5bd24a6293526fbd92fda27e91d02d21f810e197a550fc,1,1
baed997ccb79f51e9ff9b08640efb41a22958e366efcc535462d86f166b26dd6,1,1
e993e7f92457a8b0fff2c17c9a5b654e671eef402d46425db55dc7b4ffc65bda,1,1
e5307e4324f16397338b88d590ace715a9b391e1f58a46b20196c96db80be689,1,1
2c0500b2a561d76b4f70a6203de0aeca44a0a9d17460c8b0ba86224dd6de4a4c,1,1
3309d68976abfa6a3aa6a092654c13f72ab037a65122bef070c4fcce405069aa,1,1
0d6355ff84dfc645e5ab0a5f8af5287f8b880fb89ecd2bc3317226c0659b0c5c,1,1
1305bae09a60dacd71af032f7b00931a7334e99924ed02c8f46e6288fd1660fd,1,1
902953f387508253a8020e306007b35906486a7f3671f97440786767319e3f8d,1,1
be5c24b15fa60222de305b1d43417fac90d9e2834b8b03989d06ab6c5be748c9,1,1
595949196c411b1358da106a064dbbd7b0bd056682660b31e6b2120bf0fda644,1,1
9cf94c7e54b6e6c0e562e60972667e0736a73a0c0c96537825b95036b7e8cd65,1,1
3b02dd043c1041cf5e6510ed9274b86aecf7c01661d141fe420fdc02f652fbd6,1,1
b5b2633e9d870a6fb1a60ddfc2df918da4a13352ac8a1b6a21107cfba9d2c934,1,1
e8a0659c0b4e714bdfb9d98bab41333931c4477bd7fb706e563c786ca0c9d051,1,1
1b52990893c44da41d9e8e77445472c5ef63b952d27d91220a2af5f7de51416f,1,1
a8ef37c916282e47470a2d5c20d973c388cf693ebc9c9fe772f9896b4ab1d33c,1,1
b20dd7e2caae2fcc7eacc881e417c6c788918d2d56ad880c18f0b8fb257e8ae8,1,1
4fd5220fb0462bb31005dae5116ee596bdcd1a30990806ea101d83b5cbec2177,1,1
c1760b4ecf1e47f0554df2624e9c405adaa3bcd6e35a1ca465b3e840388ea6bf,1,0
94f57383cb8d3d67ecb9d7502f361029c425a262cf14ebbb65d2ebad76437ef7,1,1
99f957aa93626405d991bdf984ec974423b6cda9d300457a3bf412ebfc211963,1,1
6c4cabef8138cecf5b9cbf9da800e776231993b30c02ac38d0a03df463540911,1,1
528b5a36090f3aced4a5a4b9f61f8ed59181f2aa19d65115523910a531566839,1,1
57313c080129067ebf1f8d33770f57ccebd2cbb2f69e0088bd0ce9829d138396,1,1
1c145db789739e1b6cb65c678e4cf4ccebae9376868c2d37af6c869afda0e03b,1,1
345ac1410872795969f71d9fa1f58d4c390ae9ffb605ee910e43e4b04b380681,1,1
0b6ce610c3b9faa021c1b130662000237b065526353e7f495102b25e4226500e,1,1
71f02c06dc1d93cb08de4ba8251b9a69aad637ad17a9993037c091ea100941b7,1,1
677ed791e4e6e61d7a2cc9c3d05899204e2de84140f6e5582d321f497e20469d,1,1
90c13d7530b185c7923832f29eddd73033f90d6865255ba815cce452935809c5,1,1
59c5df21006faee193984bbac9c0d46db4569dc5831f112833a1d09b898baa7e,1,1
f0d1b67dbbc02ce2d18389c29471cdebff391e5e0661064ee28e0e58e0640997,1,1
26695ec3e91847f7ae9e141217e45b03c51907b7992526110250818b1b0ae4fa,1,1
ae79b9a2d4e5faac4eea1531a445fb94ee1e14410105970bfb4b9194b8436197,1,1
f9a5f0b0d539a1318e5b89f2b699472f3e3a53fdeff2c8ec883e4799a7280108,1,1
e57e22c72431dc9e822215f81ba0ec8c3fdbb30e3893d2de803b697638dc8fab,1,1
0831bc25ed45fc96eb976e8dac43fa0581f1d75d64d67d60c6bbdba80fd84d03,1,1
841af5f1f089bb1af1bcc78785d498ec974672a92ece7eac9620c58babed57e6,1,1
7694418dc83df39af341d4a5e5aeb12069d3c38388bb1374a3181dbda1a7598b,1,1
11986b3c544ff0146a77741d23a276416d60bbf1b4908dd0832b6a2f67e9f782,1,1
0d2d720b21cf558bbad2280ac6237b4cb0fe440acb0f375f6c3ab82fb73f6a26,1,1
593778622837f90e852ecec06b8a12ece0a00b20b69ccd64ae488c5e442d0822,1,1
ff30e9face1d1a00682e28aa878a99cdf7e6c437ab83d0343f7ec5e01fa1daa9,1,1
d4f01560728c03a15d86f461c43c24499b020c4520e0232b396e0ebc98e42d50,1,1
c7487b79b69e11a5c273e0608bdfbba7069c5eb7edf759a3fcfeed33bf9a1df6,1,1
f55689793e97bd67c8d2bcfb2791806ad128f4b46c122c504d8f9879e43ba5db,1,1
582694e2506a7eac0fb3b65521bf009c78535044e80cc940678c97a3c79e50d9,1,1
99097ffc7161744cd04d341996419715c80aa5193fac400cdb1b4105165573b2,1,1
fb0e84481f3cbe74b13c2c4d7fd9dd35a659b61f7ee4842326b0db79ca37936f,1,1
bc7b05d0a0c923153175a359ac1e397cebde873e863e79e14a13fbdc3e196b8e,1,1
2dac7b2133931c1354d878aca987d7511068ae251144e6c5e5ed6cd941170e1f,1,1
5f602c44688947301cb530cef51bf200141039582d3fa061e2233770028f8a54,1,1
fe65a7f499ae1109387579604933ebc8a98ed0aeaac0b389a84aa42460d62fad,1,1
816b2f020df5d97021b76cadf72cf9763d165a0917f96b8838ad465e22d0c70a,1,1
b13814681e29d9c2ee8b26e62e56253eb112e1b554171d140bb530050c8c672c,1,1
c4cccddf551049580f955e5f4d4f6ca98b12eafe74379d80d890b6cba7e582cc,1,1
0fbad345bf9b026162fd3fd80d435ff1074d808314d82aa7e7a83a5d94c68b01,1,1
7698725c129948f81d85ac48ae87fd09054e5de54a3648308abf73af0440de02,1,1
207b941ff9ad81816e99dedb3ebffdd78d95a7f9d90d8189701bdf6aec8f2d92,1,1
52aefc4fb3c1aa2d09ff15dbfdf16c215001a06ffd108f688494daaa6e8175bb,1,1
dedcc6b108e8fc4d4926b62cdd124fbcf78028258a2fe6995ac46f9cc03986d1,1,1
6f97f8cc2119b78b89b5520edb0bf7bfeceed6d4faea965c6df71188f244f488,1,1
1e00ef1239eaf197d1d7fd7d7262de102c2bb61b9d47fa11e38222dbe7afeb2b,1,1
2c335a729619e715e7f31e4f9b59938231a6160c80a1efd0961d38070cf07729,1,1
0cea07df67ec7434ee8188635f6f0a33f9d9878aef86eaa5412d9c16d278be71,1,1
a8faf8c0f4a624ca3bdb31f526c20b5633baeaf51a931ad78136d6a571eeab94,1,1
8389ebc34cc80c736259ede054b19ab1b6b5fbcaa9586b6f5167c6b21608cc77,1,1
9769582bfa75f265f6772be6758479069fef7340bae424f2a689e587ae52acd2,1,1
50c4f5f507b7447e4e8fc9c874066d24652b551a0298d109b387b5c60c763dbd,1,1
af8e2073e01b0feff7e6901c9ccb45ce5d58f9bdceed9a97dfe4019dae6ad81d,1,1
3defe9c73dec5b780fa0b2c7b33d6e45db45e8f72db4d2406c7a75d6d689d3d8,1,1
b0451dc36391cb6cb0521579f0075358941d74ac97927267f4b978e342f8089a,1,1
d83bc5a69d7f42b35dd609c9c6f6e03bd854ce57d95242ea56f97a726ae55370,1,1
2b3a6fcecdbb73be6d858b9ea7e9d738ce73b9d61933609dd5bbde631aa1d087,1,1
870d54a00f3182e33c55ccd659c6cf0a91a1aefcfd9497e81497f1a6f0ead661,1,1
18ca8767c7116959641e83f3d7b01ee727857d6a59da5710616a8ffefcf5f208,1,1
bfe497c5efdcf21c2f8c32347313776ee5bae5356039beddaeadb1986323fbe4,1,1
2bac4b54953fce5e4a8f4fb250af0ce653d3f3ad9f9089487501490dfee803e3,1,1
50303db00a8fa3137d73e0c33f95115548f86b85789aeb56d37641b3b2267c95,1,1
5e1ca594f745090805382cf49b880ed8e23a9cc902f9b5a4e7d0e3c8401649bf,1,1
83a0c3351782c92ddb5dba546422555fefeb3f6a6dffb90ae6ccb9813f1bb326,1,1
70764ad20c4bcdeec37e705a6a18efa46ded36ca82f98f091f3780e85574b87f,1,1
562dbd3ce1e814f91b27c2b55eb96b51ab85d14152b8c951d5e72fba647dd5aa,1,1
a568a5b09964b269cf96ccf7cdff999e0b51714db07e003ba43d3c206b0317f3,1,1
f3a25e8f280186b4263831c03e39dba9bac7b9bcd22fbe3b5a4976f82d9ee38b,1,1
8f03a94e4ee4ece9be6208ce05b6f21ca23ff703c73c3483718ee04e84645f20,1,1
d023a0a3dd36c0bd4c9a49e0ebfa8c32de68617d677c7987ab4886f9f8c161f8,1,1
6647be681f5e1052d74c6dd993d581f30f657e210abcd6afb5d2ac0e7bb34788,1,1
fea0fdb7331808903b586178407930eda7d677a641df670ac72acb6c80c57af2,1,1
424bcbbb8db1588135af1635f846089e7a59c7c0279dd70c6620cfabae2e588e,1,1
ad211a4097b651ca4c36671756cbcce934d72fbda99301d0010e6fdabf8e2b2e,1,1
697edd66dcf1f1c82a567fd77d87fdd6adc08ce1d8cae2b00463b8de476af46c,1,1
765e579a10210c261b8f0e1273f9117a451a43f8c6064a4072cac12a7f5d3fab,1,1
57af65c1a8de7b257d0c486716fca36a29da4edf0d717b0e3c48fe781dd5bffa,1,1
c59c9976db3dc8643caffb70b4b6145c058e99ead288eff55531302ad49a18ac,1,1
5bd9365e53fce430d6cc6a6f0f53446c2f2cb4d61849484a9d8f1441aa35d4ba,1,1
005ed8ce1d3cacad81fb6310fafd1ab5312afd4d866ba0ba57ac7782a5d44a27,1,1
5081d778fe5e33b7ff80f047ec94848e2df40703103cead1ee919ee85db7a29b,1,1
d3346b38d0147c3aaab0fa5595192478e32b1c79ec3c8fa2dc4d5ef3deffd033,1,1
6cbaeef2f855a5da93ee0a925bf74f872c83b46c539302bb6a27446d96fce2d9,1,1
26787b4690b344512982d231fda081dbec38e909fe8bff711a3c862ea0faf14d,1,1
3a9b555a4cddac4a398c1026e3da0f3632b95de002b6efd9f9f648c550bb887d,1,1
c44e6455126d021b2543415c72c5640b0c7d3aa10cda5b0043a707e40a7877d1,1,1
a95fc62bea273bd16e812179bb3eee290a47ab3779df0eb7b5ab55a41265267a,1,1
7ba15346c9a0dd224a7ddfedddc9075fa5fe007bd88eaa1d2fe7cd89d05e42f3,1,1
3f9797625ca014b3d183ad6f943548d95df08e968c57ce8184b389ab36b0efbf,1,1
8fc2aa9b389b9fb71014c80378a1d09a04b389b6fd3f1e07480e175302d6cf30,1,1
d23563b0d139c51ea2f96e5c4253efe9bff97b13b909bbfb5e0d38b7d8c9ea93,1,1
afe37054f5e63353e15c145db0b48ff8e1fe64b1b636e8fa5457bf863427e1c5,1,1
019e9643c29448bf8101a7fa2d8a0689bbc0dad3829a0764b21d3ca33bf3037a,1,1
8225816151ef622155c7d67e7d007fa5ea5085f04963a330c69631b19c4e83aa,1,1
f9bc7c86f53193f4fe5d73e7ba10a2bd2697785ccd833b5d2a795d4b9d63067e,1,1
f69bacb50e0a05af438609c75f22af46ccb354e55df4c4625a376b9b700560c4,1,0
bc6e9fd104f56c2ba59f2886bf902316f96a49fcc40d84774d3dcf361050bd47,1,1
e39fdb7f09954c29bc1df595d7e8bf53894a1d543fcb1fba2fc624b0e336144c,1,1
6ced71640d53bf5630a3d646dd0c866152b4bc9babfe4a5e1bcf06b59bb3b86a,1,1
613fd714a5a28cc57061792d1c0d56529a218f143296bf2a0edf988b7be6ef2d,1,1
1b9d3b597cd7140ba792bc8eb8c5f3efbbde8a200dc6221b302e93ec5c9e2fd2,1,1
e3be1d8dd4b8e701b37b26a3b9129e5f46be57092861b726c3e627c0740698c3,1,1
e4947b90e920dced748f4adc13915c9ec9c6d236dad77ae9a5243aba55d3fb83,1,1
2cbf173bd02f49e5672d097c59fac453e241e4dd5eac7701de7a69ac795e4d91,1,1
258c6ccbc966e00f7dc2ea7939baddab72f91f534515a05fd89109168fe45d55,1,1
9fa89ce571abec6907c6b69793cf7a0d469bb85233f26bc61facda127cad7176,1,1
b05c419607a75a6a5faa225a984f23933b5df5db18752db653a057ba364806c0,1,1
7e1333605c7deb6bbbb67f2e10a6c7f3e89cd4972c9b4e6b76672b17bd08e8fb,1,1
0deb86b76fdeaedccca520b5cfe7d5565210497f5d225f2046e0ff47b1153428,1,1
657c29909168c0f2336593640ededf1324829556ceb587224a807f0d4d2eb489,1,1
a94ebc16a95f56632d5a1a08ba326ca3173b883f3bf7100c064403a7b732fb62,1,1
50566a094d58b2ece276eea85a5ed2d96073d43cfc19898129c445f5d383dc61,1,1
d98a11531047e86de2b2ad2bffe09726fc0a37690b7336406211b4371d890916,1,1
aaea4a60b03996cfc173ba41354c2913e213d969b5bb3bf2314e6001220534eb,1,1
d056ae5374f8fa2a63a0aae1392e1aca82c36644a4e5b504d6bc9a36bc9085aa,1,1
f1a7333358cee9263b7ae32a8d5c20fd9f692e622a7ccf8d8692e362301e3ae7,1,1
cac6b9bd1bd76f1b4ac5a2dffb87b042813196727e887573391c6ed2cfb53219,1,1
05f1106fb3a7bd0d897a1f5c7701216714186a38a319932fab45c0b109f9c3ae,1,1
20c96e25014ab07e1b2c762b80352b5c8c3164b9fe0c8b540f649544e4978ce8,1,0
16224a3c30a0d32634c0132ae05f1bbba82bce852ade6a267ec38b5f988b0eb5,1,1
0b3c2ea6e598e8875ddb3300f3ac1801703b88e14813f62102641adc62f7a69f,1,1
4609a0a0d6d632caf2fcb5a9f08da8c68c0275a69ad92cec4c78d3268ef8f651,1,1
32e74a56549b52d3768b413de36d7edf374fb0e9fd58804cf13aaf6f297162e9,1,1
8d5d7519248a81b854d0a90e4a8a59c436a2fd4c7b3c44f5e03080529850b66c,1,1
4f88cf8ebf526959b76049efc8590db4f62d0f04c82f7844b1f09cfdf2928382,1,1
a2ec834beb2b2fba567a59d7a87eea28112e793301b920aca96fadf2cb53b0b4,1,1
4d2514a933e9c79f75c70485cc1ebe1ee9f32198758360c03e05179983f51976,1,0
5bbd62f0eddf56c99e6d31a26174802a53b8e7d69c7678cdb0c33c57d1b1759a,1,1
bc23abec1859d6a09df0cfcd0831bf34d1cb4a8639b45cc86c0438230fb1c107,1,1
3a1f41630fc908f672cd64d3077903d73623d17432ce8743b0cb2192e8eae3eb,1,1
545a15c443efb0423609f4191a154109e30dcc1a4f603b98efa628e51b85fec2,1,1
6d2ae0835939312908e10f85f9ccf0e4f07596dd496679078a1e6ee6ab7be39f,1,1
6880f9a45aeb2bd57c58ced63d21ab8397ccea8595c8c13bf500cbe48bfc4123,1,1
24fdf089600bf9e15abf27792d280f047d8880996a44a03fb39f56e42ffbb05a,1,1
3f3645d0b5c90d920083288c8e472af613fdd377e18c43f003dbbf148850946f,1,1
b4e9737e4348de4c7d11798d035bfcf1acc985aa96fe40a12e50d653b9c37b01,1,1
8a2139d19a31f66bcde4d25e6ac654cbaa7bda890d2fdfe9570d6c8900feee6f,1,1
7326cfdce1292964901ef4958068bf012f0358e3bda467c0aa2e0b95bceb9ff6,1,1
37e7ba12a6aef11bc0e64cad82c0b1f1a7b4c7123aac07d2efeec6bf08c8057e,1,1
7001855823f2504e9a1c49d1069b60ada1ad56d673711e45ba66a94801725f96,1,1
6d1a5e5b0f6c3f9a25d0ab87bde78f57a3a251bf0c8adc17f66c4ea9b2e31669,1,1
8061fb634ff7fd1e2466992b441e20534fdfcdc6f5b16ee22d2096818c5d9896,1,1
538767b606ebdc99599c56d0ea92444f16be34ef26600ffc8637ebd06cefcd74,1,0
e4d9c31a5a887e4f1f9508f7a9333571af14e8553115893495047f7c25419904,1,1
7e3e0a8b06a3a91554aa49ce1b294b8be4b1b9195874fbbd2a7d3ec18f7ebe87,1,1
6bbee954bd3b1fdff8c4594490e1784ef7b22c035095a57dcff96a4afc7c5563,1,1
68951667bfd9af1a0e48c90adfb1cd3951e2f794741b039a0aef1a5453857e11,1,1
5d1746c053102c011814c870156f46bc7eb61778095ea790c9af5ba325ac6389,1,1
abcd7c74af04fd50a647292ed77b9d7304e21dfee375dc094cc1a13d14991eca,1,1
9f6343a9ce00f50e0d7951a21b329645710d1a788b51854860b1db5afbf115ad,1,1
e993fa05682aed46c7e55270c87c4d8d9285f4564b6f91e303b3a29e6a00da4e,1,1
1eae0f9d2ef785dd231a8db771bf8bc0f79bdf4edc7afeb814014931e8d58e45,1,1
2964023a5132e73aef011a54e488522cc5ccbddcb0ce4bb753fcddadc4a537f3,1,1
2fc7ab90db272ddb940b4a4f69ef186580ec7db895b90fa86a4bfe9450966408,1,1
969acff687626398e5eb138c161c3c888af765a8fb02d33797b34ed1bbece42b,1,1
425f14383e0dc25ba002f8214239fc049bfbb543b1586d7d7b8bf91a0fb6f39b,1,1
2bf983cb6619616e85269af33d4bda174104843decb6b3788d62dbdea8cc1627,1,1
a316b7c926ae7030a4e830fc38b962b45db737c0a45fd122fef9dc9285594454,1,1
f2eb7cd0b912b55fdc2ca7ceffbfd2672c5e2236bf59f79d43ec3f61b5937253,1,1
353284e4cbfd1f05730dee06e601d79e20fcaa3f13b11f2c038fa73bf0748b20,1,1
66cef86f4a957e98c4f2f97784dfd5be6c108b8beecae2ae305e8652049e0b9c,1,1
14f1ae869f5ff24371080564cad38fb7e3d622cb4902cf0a65bc5dc204639a47,1,1
9dd4639689589f64fdcbf55e919d9b1f466a2c4da1382ac99bdcc8fa89990a97,1,1
1ee226920a86338d737fc3c2ac96ee4899b5571a05f0ea39723ec818d3b0f285,1,1
c7f1daa928ac7bf4355ab92a17ab161d0e74bfd8628e5b20b0e279f93af629ef,1,1
0c64e81869566e08422d165bcdcdd42611a72a7bd46efcfa9d2a359a38b7d5a0,1,1
02d4baba6e3bca5afdb10e17f8fd443245f452ff834bc0b860c17af41a80f759,1,1
31ada4e5d0b16fbfc9cb50d1ad7aa96d45cb8e299ee2c3032cc67c015671bee0,1,1
504d95ba350478e068fccd49e9fa435434d1baebfc031db911aa5b28a55663ce,1,1
27a2a0eb409395eb6e6ed30d9bb5c69007a6ff361f1895c65160f46a42ab78f2,1,1
713c0b64bb2ba65b907da530a793e6b431e68e84c817f9661aeaba97cb00493a,1,1
f7d6d3c1b999b3c6271dd7f11c545098cd9773f474c435e0e6918f30c441c110,1,1
9383ce53697aac0a9cfba389e9ebad28ed066bd807df80a510ce337075ecd093,1,1
cffdc6eea39dc8acd48028be7b894a659c31d978f9f3ea81eb84515d86b70717,1,1
e83206f133f9cc3fe57e7fb19cbcf40a442ef6cf636ae565201c661526cd5a89,1,1
e9a3acbf4a0059316401c7b67b3ab749abbbb4d27952e3c88da5e75df85dcf98,1,1
a3e04088142f2f91a3d170cda14ce29b453f475869e68f7311cfca39d9812fee,1,1
bc3c7d635e6c463a7836781217578f5644c41838ca873e4b42553e705a684c84,1,1
40193d47705d837e3e3b874460ff9b30abb23701c272a3f0f1bb41ab8f8b6223,1,1
7f7a27f16bcc4690e4f47a07a2190af62e499d7c2b1c928a8ffd496ce18ff8d7,1,1
695c8a7aa8d922907e32112703f0fb3eb982aaf2caa3f1338be0fd1ef074694b,1,1
63ac906429b98c4151c29416b82e54f781fa2f8d9c60abe3b25ddeccb876a69d,1,1
cbb65f77ac6bfc23afd6538309910ff5a8eeba221872921a25ba3d5df0b52be1,1,1
1a0a7d5dda9cc955eaeb9424c55fe1a93f4ff9a333cc8af27fa248eb05ddb64c,1,1
f5c218f8cebda2095a2ea44e58f695fa8385d8d394c7edeeaff0807bf6a3b384,1,1
c2ebc9e90673c778885487dddceb18fc03b16b646b015fbeed66d9fa28bfcb70,1,1
11571fd35334ab00c330c4d9daf5733a61246c753cd00c283cc8356a268e60c4,1,1
e16a52001662ac11ccfadbeffcc752335222d8c4db2fee13b1759bd7d0ecc02b,1,1
580b75d09241d37afd8e2cbaa912ae1369651b7219ac73a807afb4414b1dd918,1,1
adea12c4fe3314be5543a1c09701e6a29c50822b3545f110e0c698ade1a407f6,1,1
6334251930b3206d9ff91ea7a41a118d571d0190d572e5a7cf2fdbcdfef05533,1,1
3d41cb782346e0f0dfefff1b346163dddb81c2efecc6c227567e992354e91c4a,1,1
676161c0553d798c5987f4e12b46d0b64a35db349f3f46c80a14ecb01d09c98c,1,1
419a174d5b41524e7ab145690efaff9491fb5be2597c27e39ac26ade4f7f404f,1,1
e4ab28276b2b45fadd4ee9e4fac0cb548000ca0492c9972929499f2bcdaabcf9,1,1
05ab25e02cc157b304279328a618691dfe92a868d7c20948098cbbf7a450fc51,1,1
4ffa71ccbb0d75edbcce17d6526483cb6ce5a92925326f2a5c74d34681e588c4,1,1
ec7ee1f1452736e34e1e340818c46ea65619514abb1bd9aefbdea0801c518b51,0,0
3a565f41182d4c6d27fdd46249e0c7ab141b6d0f85b4be39a9e6679ec642ecbe,0,0
75193b08e43df50f823fa2be8f4bd3b1fee4886772137e7e949fadf9a7d3676f,0,1
605fed29cfb9ef175a3435476b321cd1b49983c9150f5d71a6f2914c8247f5bf,0,0
bf76a68a6ebb63b432f85568a6588408f5bb1d751c97aac12b5d9c3fcdcc4fba,0,0
d72148db84581ad6f1b311c8c02d0c70ebda9adc248f78dd1423e9be63e70a61,0,1
b0386bc702bccbce7a872cadf0b9a2330158a4f761b63ae394e80666f7e30aa1,0,0
478aff3cabb5e87481d1096fa45b486eb8bd4fabb862ab3d2c66c04c992ecf49,0,0
6833c80eb1b33909494d59b1f0ba21439dc20e4e562e0d574c10691df4e74e3d,0,0
10b6cc8e15a84e8d8a5989b959b9d76b69eea2b612e022a0ba27d9589b175e4f,0,0
0d0f45927fc1c9db1933867af63a88bffbf82c355e72a8667df5cca096444a8a,0,0
5d5c26a7cf3229509e2e2375e7deca71d16e12ec812b61e07691570b4eca2d9a,0,0
e421c58ae6c008b0e62ab5b23c28aaf0869e03446302442dd1eab9ca27f43c75,0,0
024e13f2d85e6932e33f44e0857b3fc434621f42e8a9045c6068bb779127762f,0,0
ad93e4cb51084e29d7da53289c9694e6add05054c34333678027a8125d16c777,0,1
3ac63e18b7f27a1c44b52fa4958e284dbe9a957ab03c61d61a3154595146dab3,0,1
13ad5e23a64e12d588a04685627e58b6b318e7f7eabd4a8a1f0062f835482d63,0,1
bc745ecb7fe3321ea137e9a664518de375aa7a97fe3bf56ec2a439dbd22cdca5,0,0
5588bd562ae6d261551610757322f5404d5561cf8be064d0f2078144cc862fdb,0,0
e0536be185153c3c8f9d172283c0f26fab14b1c8ac48ed7a13b9aaaba0845914,0,0
dd3e8723d080886b9d9f2f88056cc4afe65093eb7dc7b7add664a42b80246c90,0,1
0fc74ed0c748354175b0914a3f78c877bbf29f13b8b221d52fbb20a2425e4b1e,0,0
1148b858fe065939b4b3c57efc4b64195217369e194dcd871a42a9fc3b76eff4,0,0
20b9e29ca61bea05b412588548d2a90829aee04fc7be4add9c71ae950a998794,0,1
232aa635fcc4d167c111208e6dff96c77ad1d8830f62a0659ccb4941680705a9,0,0
aec5e00d0e705d7900e5aff3b2f0cce3f2b01e6969306a7284951e4a86bbce78,0,0
3ad0ad49af948c0b9ca341fed9d9fa3d2f393ff946c2bf18c5b1ce93104b5f0e,0,0
d2be4bdb1d108b69a03d1c0f0ae389ccdac8c5d5c191f4288b90d5e082bf938d,0,0
2b6d9ca7918afa8280c9a07550365bd3336c983ebf6223033096c99f699ef3b5,0,0
5ba058211fcd28ee3c9312a2dad3b3181fbc72f5c35e81628cf30c2109344025,0,1
7dd1e8925fdbb1645efcc9cdd4527f7425d0e1793d631b2e736ce9ef6364afa9,0,0
247fff0f485a96c798f5dead9a488d6d49c8e169f4652e1863fe58f8092e6ef9,0,0
18cb92a638d104210e63d75aaa6b52fad17f940eeae47c46dd0f3df37093f7df,0,0
55e3056859946bffce9d9fdbcf6fa8d4fdbbfcad126bd24568f8af196afb2065,0,0
bd1da23f80412a4827adb5d4bf324122d8a202333ada9739cc57d412ad1287da,0,0
510b4b8430451b8cc790ac177101656643f2f22a2d33171e8965364755b5b87e,0,0
cebf0d00013088b10c276dd8e23da9af7bd5ba0eedec2c3d0add93aaa8bb9c70,0,0
73526ea084fd00ef579a3a16b6b2410cbf05fee8c4b243c5bae32c217a381685,0,0
fe5367a4ba7e86375fe6ac7809c176edc8bde0052ea20eb3fd00e48aed52a410,0,0
975bbe88b2ef88b2bae970edd5fe7261f9bcb881f20cddb5ec2a5bb4373c1e2e,0,0
0522f8efc1882e109e4c0bcf8bb0be0a10be2d740065c8399e28cb489cb9d1bb,0,0
c5fed69fcf59a0aa036d91531152a808d70dfc598d726e4afd52e0c9a3775e5e,0,0
3fb29c9f9ab858c8d6636b6f2d4314ac8934e801399ce4ec1a46828585fd5995,0,1
898acea1d3b6a12062777da5f1cfbda0bd22614e8d2d30caa73e2398fd920e90,0,0
064b0a62f0cfd6b33be9535aa4299c2cebeae2e16f4be218eeb7f68df6aec312,0,0
c7c1eeffbb50038c3d8fe54b7ccfba30f5e69128a2efe9869a68567720d494c0,0,1
0f4a002c89d50c9b78f1d5f7f7a43792a44f79b9a95687e6c2b1a0081ced786d,0,0
1e01e7fe277620aae3f127026df88e412a3465a4780339f439ab4d1d56644432,0,0
13c6e130ff1e7e6ca98f328e51eb3ac5e827e15f8479a5711b7055a9106998f8,0,1
bbf9a0f714cecbcff6e523a37ca286a039ffe564fafd14f7b7fe9f9d7b6dfeed,0,0
46b2d8b36461ed62ca8582e68b495eb8907a3c65c0f660587fd0750c4e53ee2b,0,0
ce5e107b2ffa17a53832db12deab89b89f247056a27f81e288c00f88d6ab70f0,0,0
b404f03961e5e338248281b44664219a0d558e5490b0daa0aa34c72fd4d6a5e4,0,0
37b9023af9345b627c47b52f052add15ab9c4c24f4aead2fee3a4801868f5d92,0,0
765d008eb5a3e4b3c4629f647cf35d0704a8c1264c78a6a2060190fb34a3431c,0,0
ff6612abf723c95b1742f284b708e3afa8fa6aadb9f4f0fe48a158dc2dc328dd,0,1
2969e8693d7946b3fcc13d05ee552df16806222df69af88b34f337d15da49dbb,0,0
50cb287ab55768824dedcbd16fb1cb9db2b594889296d6cc1be89a68cb9b4f97,0,1
46708b568f76eafd9a8b66c1612e1e716a4397e8dc56a62490a1eb38869b8a67,0,0
4c9ec680578db43602461b875e35bea91fe9ffad9f10c2fed9886dfa0760dc94,0,0
76a962596ecb7852ade9f0eb70a0eb170b9cfad52a67d9f0f172aea6d927f678,0,0
0273d6daea54f756578d009a44f03fc7bedcd978bbc73cd1c8a6a432b0a1d7e4,0,0
11581a8cee738035edb55a37d906e9d40264f5f69d4682fd9074fa72fb8049b3,0,1
d98675a3ad264427c9630d74fa4eb7f38b453ce24cc07d2b1f433dcd63fb3663,0,1
dd9d91e8a88f9841dbafcb718582325b440e5a9f778beae6b5fea496706ed658,0,0
4fa04762d6e4a7ed164cc2a06a259034e0d8fa3377e6be8b40f0535af8473e2f,0,1
8e903d54ad2584b02588cf5a0c11e2e6497151c6b6f3134b4ec6283b4ba4e458,0,0
e042b70f10c8bd93e54c95b5a02ac1b607b8418d18f53575efe44340a7250ae1,0,0
570e2854d9e4db1359cf9776ab0995c4de5d06efa18327587c04e5c4f52ff2cb,0,0
f41df7398102dddbf603fb353fa552757b9159e4b529d43188b94c915dd7dcaf,0,0
aec15bcda50271dbdabc4e51c43bb59f523a9f8370ff39cb4009ea02b7550328,0,1
d19ab9723d52a9eacc05be8837481a740413e8fa0e2b89d0d6eb27cc6cf13ca4,0,0
10af2ee70cc18a56c557209ea01c0f837e754d942f0d0c39f89a38143ba9aeb0,0,0
7fb631ab1d3799b1578aabeae287e21f3bda66ce6ea8ccf331e8e32ab8bcc229,0,0
434ff1fcc7ac5e775da947f9e5cb3b6e19a51a392f768dbe6d212785d8e9788e,0,0
6a573681ee30725a674c4c28058bb7906ada2ee4e738b0b01ef1df4828ccbe03,0,0
202aea80e3ddff15d68a832423f2d3c0d4167779618081b30faa1409eb1969b7,0,0
d9d6bd71e00b2924e6f8ceabf75a5ed8047581b0d4d06f2a4c5f391955e0a7af,0,0
ccf1462cf186e0da1ec1890b29440a19f95b80bdc1974a738d1c9cc1b0f28042,0,0
b1ad4fe41a3a63597869713d00f00af084125d52e16a333bfd5f1f0cf9d395c5,0,0
0695467bca469bee147783562d5d676d0130171eeb64405417869e0100117136,0,0
e5cd8d295d0d170a682ded3198a4936d052cd2a44fa72b976b1aab0248a2a27c,0,0
d732cdf9f516d91063c8eb032385ed8543ebaaac2131bf544e11d230a31de734,0,0
4d1a248f6ae49a0dafe3341219c05b55a5c636c610ed0b61fa308388204072fa,0,0
37b616bfd78565a6e74ae7d1a7b3618a0369de79677b9e8c7211dc954b4a911a,0,0
b915a0181b450404271050b3046b95aa43d3db885188330da881bd10dea008ad,0,0
84d1aafcd8c20b01fc8b2518d6a88ededd8e620b30855353dc5858b1d935b4f2,0,1
d560471229d9a2875033173e0ecd88e1ce82348feab4bb99cf7de98678e1f965,0,0
600a41de9c904f6d9cde81d086012bc8074a5bb44929862a6cd3a91bc3b66f57,0,0
50c243599387dfbb15cd19f221fd0deb475e89aaa0e24ea19571755d0e9b1a64,0,0
b1259c3f387781865c659c316cf79c24d176dadd338d4774b231c8056cd33553,0,0
fdf8116a5b40effc54869a386da25b268d490b056344baedc2863eedad99e673,0,0
0ea3222fcaebf688f7a2d8cd90eb578ee2a60d45f93ee64747e303bb396042cc,0,0
0774f4f89bd195ae3566e1d4a1125fbb95e73297b1d95dfb7ac190048848a5cb,0,0
75caaeb5c66857b07656d7f9924cc7bc5f5a0ba566f3c019083a5a0316983b4d,0,0
6f4206dbc91356f76d8f36c723036b853266631783d60254c04998ff2e926d06,0,0
7db6adafb2cf3b7d1f6700be9c8a62f4652256cbd073c4718a8b5307e0fce811,0,0
4c481d9257c88a7386bbb6ed4648f593aa6d075423b6c3e7f6403bd325cf4ac5,0,0
7a0c1b57a5ce5dd3cb680e0b276ac1c25bdf3c46cbbb0bc835ec7e9e9ad850c7,0,0
f332b6eabaad7c12084ba714118618ea578542e6e35a59916d98dd7e9270ec9b,0,0
decd38e1c90d3436faaa04dfd1390bf1ccbee4e1fe5c55e434e4d324b6184b45,0,1
0ddc0203c281c9fee8ce3cfb20a05e09b0c96a3577424c157fe081067161bc04,0,0
10f26098f104217470db0acdcb165b843b904727c7bf63f7407652d4a5496985,0,0
bd4d6519e8561a21bd1e8654ee992b89044357145a5a86d55a7c1cbc34184788,0,0
132853aade888d5f2971583bd91718a50d11756dee7355b938487ddf1a13bf89,0,1
eac20c996eb388c435d75e4d9ecd96ffa54615aac4c9e0a568463c8bd0d2485f,0,1
4e3237381608d7491d1015950be1921100a4441ffc82f0a5b8c41a3a82a4640e,0,1
142d363d1ab79adbc07a34e69829347a4b1fa8effb85d0d8a4c2fa9a422312b9,0,0
37e7244347b1fdc82b7f6ce947d02977a5433be4815737ba6b8f09b499b960a5,0,1
e26c2a794e2d6e0fe15bc59a96ba1449760c623e35affef0a682d0b2f615abe0,0,0
71d9e83c763776a7b31317005b0dd91243acf72f18262e6d9e8e60509768d1df,0,0
bafd0d13a1641a8df9f05e0991e403014dd806b608b6463bea6ed038047efb03,0,0
4f61197abc05f7a922430b936d819e1e1aa1080550ca713f2c517bf3c7351cb1,0,0
0786534c220306aa51c95603c982f327c0129c04c4cff2c5e62659df81a88183,0,0
3061f7ce2d5ed4a27283a6abac882df1e20dc1cfc8f21cad79b7f56a066b232e,0,0
13d90436cb215114ddb6f5c4750bd5b2d5aa50d28bbae1519825c72d6da10e63,0,1
c4a092541e48cf37580000757cf56d26d63244da7e6e9cc4120879c963992dda,0,1
c22531f7ef3c7f8902c08e1b9594ba499b9626a85058e7c2965e07d5794cc04c,0,0
2714325795a6e16d9aa119fca323139903c8897f69a34c4e553f10c6b2f9fcac,0,0
83b2be393c0c397f7af40319c6fa1b8dd476ea8a2675f5992eb88424d4653b54,0,0
71ff903bea964b9a2d9102c8f5df8b7e9a55f4ea445a0b6a0549bac4a9d676dc,0,0
51568e2014b8edc84aebfd385e9d19ee4cade12c55152cce87005e82316bf174,0,1
14f7a9b0a23291b1efc84cc35e0d99055010c850131937ac86152027a2aa72f2,0,0
649f4c5f2f1d128aa593024f29512e138aef04f6e2abe4e1f04760f5410b318a,0,0
1301a87cabb6f5ca56c9e59897492b24be94aa37c9c286a20fd47ea87d18d3cb,0,0
72cad8762fb24e1df81478c359112b3c41b759b137f50b8932ad212216b28db7,0,0
741bc4f3fa2e4face3ec318e5078903810ce59dc5a84ab0c34cbbe7db379984c,0,1
2f27b531c437be165e97b606dc65e0104ac6535e71de9e41ca6c6a6c6510a531,0,1
1dfc2d0a4bfd28922afb80556d7e32fef5fbc4a77899ba947fe656666b0f114b,0,0
fc7c7cc56df35f7b05640762c7dca80adc52b58672949f27c220f3139db623a4,0,0
d7fded45d32ea177dd5776e38500a009b94f001ee17d9e63cd69c0f5ccacd774,0,0
00ba839265a37cf6eb5a53bf00691ff9607ed14aad5fe98e733200b425641aa7,0,0
5b7980db355f991efe8cf038cdb1eab126a86bb67aac4686473f48308b5fc5c7,0,0
4211d796a81e7cbb98876f5f910a7637b629377073906418ead4ebf782b01f92,0,0
5fbc9fdcee40dbfe66bc9c897498149b23e9d37d62d3e99561796716bebad172,0,0
5137753cfe3efa99b3a0097f677d9772068575c53a5a67b4a2c963fcb63a64d8,0,0
5d5465a2bcbf85bacec4e337b49543f989a2063f70343ff56e7db5f20002e1bd,0,0
9c6a2a7d3cde767574618263fe7e5a1cce17a2eea149b7bcc530c473ff27d7a1,0,0
6c3c12ca52a1f099a00b781271f545ce7c16b119d6f10231f4764127a661203a,0,0
3aa5de938464fd91a025dff2761741ab3c013dbadac46257585f7f9ccf5192c8,0,0
85c9f29c75aebc8c5abb7669de3f4134222adc425cf95010e9d7057ee0a9867a,0,0
f43a24d2e3325ab8de46d33a341a3fca4de22c22709e3241a715e675a3446f77,0,0
d51293a110f31ed18234aa1e00eaf7a030bd767c66a705954b2fb57b3dce2238,0,0
2480e10c687f2ce4c9c8f0a606b616ed6bfe851a1b28a6799773e3ecaea68c16,0,1
faabfb248eebc98c4dd1113bd73b299849f3b95348cc1330791f07b571e0cfb2,0,0
294d9036dc12901c15af2d8824a438d0408a4da454fc7518edc1f7f9c9f7a2a4,0,0
63b82891df2678a54cc877d56ceb8b3542d6b9d12727274ae5067e102a258680,0,0
3a3b2b526ae3b045a553b11979a5e1b24dfb1cf84b5744e21331c1fb8e3c12cd,0,0
b8c7bc752be0bb43a4d19e920e914b1758122272b6cce5ea396d23f1100874ab,0,1
dbf9e73b5833d74c475e5313c5802755c998354f502a86af659f54fec6e4b865,0,0
f92cfee1582d524e4b49522e677d092eb819ff58d15caa8189e3c612a5f1c5b9,0,1
5ff825190dd45093dc47b658c78933a1087dfb1f144f28bdaf06b236b47bd249,0,0
aed7789656b0205509645d9e234d86d08480a3cf9add0a1eaa40f7ac2a7cf393,0,0
4fba607ebfe568f199db25eaa7d9094775ec52fa0bf1f5052dbde354f286c822,0,0
5c8c4c0bb843d0c018a2c60bc817351adac70ecb865fc23c8db88ce1ef255b0b,0,0
15b168643907ca23544af3ba78793425ce7327428ae05a788ebf78161567f6b8,0,0
13a067007576829bea69b1f63366faf66883f24f0418052f8cd3e9be98b1ca3c,0,0
1ced38cfb3f10f1a7d98adc53037e3efd17cc2756c4c6432d366335e03d84878,0,0
bf7b4fb872dd4c9bfa7fe95e6cbd5922620f3f34a34fb70f579b3d73cf0764be,0,0
827b0de0af12285bb37bb5eac3d9ffdfa0ce9234ab8cd2e0a9eb3f6f6749bc1c,0,0
6a47a9058725d762630355a4398f9703bfabd77ba40bde5c4e8f576dc275da0b,0,0
81ed4bef5af026c092619b0d48a2064fc3c975da2ceff41676a07a2b83f04dd1,0,0
4bb23e125dd33569472983d47ac1b5b8f13fa1ef832d3b31c6e90b126a6d4061,0,0
882a259e1bd4db3157e240651fa6c7f4d67e08aafe8605f4a762f52e77ec7597,0,0
6bbe0601d90981616fd2cd372ee8a51fc4cccebf1d1bc27e74afbbd6d0946555,0,0
557f37ba5c0e8ea2ce8a22f40bffb07b268dd8543cfd71f8e3497a9c0b15d89e,0,0
8a087fa54ea34050061358363a1bdab52fac368962d762b4d31a9999d7d9aa0b,0,1
e5f96826fcf7a75f07bd11e03bfa95664c536bedb1eef9ace7747e7dc7242f66,0,0
f6cd3b893c8580cf03a09c125bd0436b0fd983fee63aaa46432259e3c641b244,0,0
ad0b3bccb83e2351f7ce3ad2d0c2329de321c08615422fed47699c930a91a9a3,0,0
ee669b3a1685da5406b4ba23a39357c624f999e8d8b5eb518428ddc150f621a3,0,0
f7dd610e77f088e7cab788bd080efb1a1b2aba9198563d9794bde05e508ee8c8,0,0
6326d492b918bcab8799b78ad1ef19008a2fc4ed40c76c5bc2afb29507dfc2b0,0,0
5d7cfee1bece1258b23decc0ce65771f3d13ff2cdefdd8478107ba7484902e99,0,0
440763a00cfe3f4c69ef05771f5971d3ab5d1ba4927d8d49d80f95bdf121a5ba,0,0
d4b56d2a32a9a9b3725f042319a185d21972bb6ebd5c5fc87bb6632a6fe7de05,0,0
f7a873d326d58579656a8455f85ecc82e018d949c25b862db59592db74e5d981,0,0
61620ea9c736864cfe9a57cf3dda1e8a4e3e7b520dbf8b6cb4c3fdde1a1809f5,0,1
74b217447c1f66802d7c23bcfedd590ff37b36e8e05edae7f0c9f554bde577dd,0,0
ddcfe3241d782710a748a053ee9f59c36bafbee2ce6f713e4ce4ce9b7220e420,0,0
f3a7c2cd87555d4adbbf8676e6487fb5dddf738c3da0910ca7396f60bc393046,0,0
9c8d283991149800896f1a63ed606fd70ecd4462635da39cc8228a0c589dab86,0,0
5c6f1fa0492261e8c7771ff7a7ba30434e897a602c4f2f275338b31f74b8e388,0,0
5b1acf0bad26275883fe68d5bb4df7f8e32bdd149f55300abac45fad0eb2eb9b,0,0
00f34211f51983141cf02a5ad537644466be6a2ca2414132af88ff90f3cbcf75,0,1
175d596acf98b19b1128155ce4470146338f7ecb897ed8538010cb2e8cce8e73,0,1
41443be367e672ca9e02a4823843eb7c14ad9331af8f07b7c63e8820b0a3a9a7,0,1
00af819d0cf93b5304bcc3bf4d29756f033e04c4e12c86d51f2b3a75ec2736a6,0,0
09a6fafb468d483bdabc70438d87a3a9a2b0711924f1f698216ce6e4389d1ac3,0,0
18ebdcb40b7ca20c5119450a6ba78e1c4d90335ce8f2581e8fb10d218355d5b7,0,0
18c9db2bfa7c340d27fde24db9ef1d4e00763cefb8e2eff789f4b677561653c5,0,0
dd43459c54f525842d8b804a81138c906ba25a1bbfb4a04caefca0a8e27ade63,0,0
17da5b5ca4a1a5a55fbdd56aacfb5c30d48cc7781a709e4202b50ac326a434f8,0,0
e8dde3260d7c9156bcc2a24f37061e153808e7f683f2ab1499a5eb10077f9ac3,0,0
35e718a8cf354f55855e497995266f67bb31157a514c33e204312cc29bdaaa6c,0,0
deb401d2abf7a318c849948fe60f95ee06bc10f800097985f36311febd0f420e,0,0
a373ce74b1e533018ef02d5939b0adbb89d1b68cd34776f92740690e35d4d10a,0,0
a5170cbee9ebd83f1c7a7f537c2a74547b7470de6107fec1aef6f7b4dd3e99de,0,0
7ac6f2ac6dbfde128013a8bf98d7a9f14139d30651362e0e8d13ec3a071f63a8,0,0
f6112ea6bacf4622b6665261c29467a71cd52d9504dc00567cf4c328ac2318b7,0,0
0a969fcc9205798746320a11155446fadc08efee5da8a0d12ab813997330fc7c,0,0
d47d3b3743cee231681190286142e6fcbae4cd65cc5f8a63fb8c6fb431b4e76d,0,0
03e0a56124f1c6340587c3dc7c74179f359fac5a54492515a8d1699068b81ace,0,0
12c1f2018962007bc492370c5934e447ca12805032073fd0ba2ba8d41a8b70b3,0,0
5fdd37ca528a1cd792aba79ccde33ce31060ad55569f56f25fd6def8b25bbcf9,0,0
f1d6f91fb427e727ac8b474c3cbbd77642145120dfe57c3f36c6bfa0bced1d9b,0,0
8d7808e34c5c38ef63578b240b62d81c708f500113fdb8ae53aa7513d78e275f,0,0
44e2d63ea304c88b524c1f8107b2dd8610eabace68c47b76b4b6f592a6240987,0,0
dece288627e470fd365c66b042bf9f48ec42d00f4f26e10c3445882169716cc4,0,0
6f5938af3d8a5bbf8ee4dd125dabfe93379186530ffd8bd971afa685ee772d63,0,0
9a0153aa7222a4b497aec1173945c0c874f40c82483a7f87d8fc0feabaf4f1aa,0,1
54548f1db2e785046b523574ca685d06a1fa4df0af4fb539ea405e03f53c39e6,0,1
6f1b8163c62f414fe3da21bb5ecf7ea1c03989c3dbcb06590608d1b990fe6987,0,1
b4dfbdbd60542a20f7df4916def3f527cf45fe6d76830587735de2eac29b1be9,0,0
02dc12c31163962e20f3e67b4abc30dad20b27aabe32c89f54c89801bc048a3b,0,1
05a062c796e2ba53d9ecb4ff1c75fccc151e1bd1cfda7f92d7787a4d4d5c5528,0,1
091712d2b5bfcce6d036c0479e8ea97ee8e3e1763744fccfd53e96c1bd0c5997,0,0
013aee12cafe064204bb87b0675c1cae7378df916c618b54f2fd18ab17aa2056,0,0
2e68162c89240ebb103cf37627c413a723557f637c706e3216563644227348eb,0,0
c243e9936f9c9b4448e3a802fb9ed02d60d9fb17562cbfa48b30d30967fa0702,0,0
b508498335cc5f0dde4e39fee3896a6c1d01e7df7fae55c54ff2c56da83819ed,0,1
d330fd14c15af1ef737fedfbacfe4aba651725980440f74fd2dd45fcef196a55,0,1
3c05fea05a75d483aa7731f987539a0575ac5187649568d2431fbc6e5ef95670,0,0
a87268219544574159a4f5d05305df7b6fe252ce32d131c01bf0227b2e4b23af,0,0
98c88a3fc3ace6b459e92d9993e0b4100d4ed513af8e0046ed5ca698cdd972d4,0,0
3a957bd87e75ca051c7dd66faa8fb2b804f854069e87f6fc754d2f12ce5e40f2,0,0
21c85ef8b372f258aa95009f5c2f054214bd1bc91f2b89e2b9352d2e4b455921,0,0
c46f07c0c4096a51d4d462cf4ae5f8afb5a393f4e93e349d17f5b3a5b7af5284,0,0
273cab4b3a6da633716409ad98863882f61096ca28ef7a401219bdc2d7af3d9c,0,0
0904cbc46fed37b9f1d2358be196ecf4a1fa1d04a5bf245dd4f8df411f7f7d13,0,0
b9d45f9a021a18890114cd7c3e520b9bc2a645bf6d8c90b5ca9e6ada4549d8fd,0,0
00e478bb98ddb48787fe88b719231f2e4a7f9894335358a8ccb7707b6fdd0684,0,0
037b8c978f6e6ecf82276943f494be1754bf0d07986071baccf70474d7810a0c,0,0
7493c26194912f9cc4170ba1542942e5d6c537c79241f4d303fed6a1e7eca0cd,0,0
9ac84414729f0cc2e9e0f6c12b46b1638cb71e7f315e017a8ff67250cd8dab2a,0,1
b6bff2d8a431ac0a74d007819a418d23c963d6a41f938838266a8b4e2b9f4ecb,0,1
cff3c981301ba666c6668788262a9e409017a296d5d5f8c69a86bc7d386be81c,0,0
8cb1d31b08a35e6a91edfcc2ea8b038b76717af8c15ec9881df4b661261db892,0,0
3a16ecbea229b4cee599fc4b3253f7a3e02809835ded88c51a2c5be6dd60cc32,0,0
b035f9dfc1a3eca9d220d08a3dcf39a94c22cd687d915c82330275640927a761,0,0
1b280a674d40117a557bfec519b85842e8b8ad9273011bc85cb74c4eb31b093e,0,0
8b51ece31a1b805a23cde426feafff8b1e930098291727d2ee89b0f907af1e70,0,0
d9c9d785292c7a08c5fc84061275aa7bc3f75f3ab1ffebc89f84d7eb0ccfda84,0,0
271010cd9ff195d8364cec91e514dbb35b9ffeeb578e226723ab056a71252a9f,0,0
710bfa720132b4e98122ee4b5e2d83cef665eb99651426331d76e9c484deeac4,0,1
d6a3c4359a86979c26af1c70771d44345fdcc5028e0d3f37cc334dc6a8830ee0,0,0
e6180c575b7176ec2f0cc9f9185f67e79e105692e33d34a80b2b15e5ef70aaa5,0,0
904f06ff192b1ff1fa6ab33f79e4343801d04ebb50ccd4e3f4b0643e5812cc11,0,0
0035fec8787c531fa43a14f6f7399588c04c45416ee069d0b88058d09cf3c003,0,0
4e2f2a21637e89c0f16718b9db482f917961b7be89ce5916a6d931bce123240c,0,0
9eb0f606597b2fdb50a05252ffe33e91d438bbe0ac27bbb503b43178db3ae850,0,0
f88676e9a4f073abffd1f6ae77bf59a61e6e2798da20ac52d33b9eafb440d237,0,0
1a51b0aba863ab20ad8a8b0fac78538d0108e611b715d69935d02fa347ada329,0,0
bdde25fcfcc92fc973b65194cd9d79dfc51ea6fa2095f4c53e3e5d4eded8f55a,0,0
2a8d723373699b805ae5b75ec3c0b8972251f5e80a50ce8bc2fe6bee288dcad2,0,0
6b5a80c01622d2da6ae1c2ce9847392a64c841f79c4de31f0ccf86f60429c05a,0,0
b8ea512a20962433a46638506334504edaa6839b4a509c029a6c0f0229e10e6d,0,0
338d4b883cacbc0a794a2be2489e5ce844288214c9ee7f53942ef2d7aa7cade0,0,1
f207d1cfa68dd9106a85ab02947edac7c1a969b94a6ba1187fec88ebe1110fe2,0,0
ed4fc7b3cf96d3e03a372b53949c867e801c44aaac195ad6dac795b39fef2bc9,0,0
581bfdfdd99b7965a961941c04f8cbfb8188e33dd5a8503a6e6ebdbccc7dd216,0,0
75af8b2700c8c66b9f85446f1ebdc7ed911d48ac6649ec17a83dbfec12f6f8a0,0,0
72524ca02b39833e57b67a4e13e4d79995606333ccf37748d8d22be703c380fe,0,0
4411d2be265bdc45fedb6cb3fcfe63178d2e62c650c6e27dd2ab64931a515441,0,0
83486ef672bad3f88d5dc013b9065e36ae2cc66fa50620dd0b2cdf986d1de2e7,0,1
31bf286ff4f86e6233660b59716d2a6528a350a78cc94fa0429a10a2dc18511b,0,0
1d4da49ea5dff5d3845aacee44a2c6aefe1da6b2377a1bff67df4b060a867252,0,0
f8c380c22bc89bcece9626ca3bc0063e7c11d18c70b5ec918bba003d8da1a7a5,0,0
e9a5fbe57382d13c8e9d50867b7a327637e305b3919c25f831a153b469d8648c,0,0
09ddb06457e3eefba819d589a2c4a9988e181a0b0aff5baabae3d45d319877f0,0,0
5a8ea602db197ce6454dde74039e70ae223f76aa6a5e99d242c678469dbbae33,0,1
8a25620528dca43079d9c6cc3f9c9ec22c592c1fee37366c783fc2ca9518582d,0,0
bd16ed0d46c4413a26139ad9bf8bd154111256ea6bf4bb74cb8beae725cbe6ba,0,1
87539bb9c86ab0324a5fd9e32915a7a32e6f82ea58624b875430e31db8b5cea5,0,1
0d6c443d8366a246cd82ae70e0bae9b8541287224fb269a892782ded15b45944,0,0
8280e1f3df89a6aa73e6bca41709ec7a1577a48503b31d1c5600589e424d84f4,0,0
6f824433af89f09ccb536bf1b9ffd45271005cf049bc9421f766a70d65c1f8bd,0,0
486c935d7723e449250d1eb7cd5a16a398e1fd438ca21657b34738ed05f2f03c,0,0
e3768964afdc05058d2cd9e27469748b89f95d2fb064a1104159c76af6a6d340,0,1
036660e0d1cd5b8ca3a112ca44c2f31f25040d022d139c35b95a26e64fb30489,0,0
3911d9243a88fb366f7fc79eda631a906aa1363bea3dd59399b35ab62618837a,0,0
b1c9a24988a730de210a0df1ed48f53c7d7186df38b41ea9d4c0934799a3d5e9,0,1
baf824be58799fb6ba30d6180b6de207e543cc512b7a325bb3231d611142df17,0,0
92ba7bef0c4d0e9a21ec6ffe80d6fb0928d67fa99f50624339f75cc6a4cae349,0,0
b1d23b279bc8b14cc312df82f5bdc066dc3fe8df010a573c867862511b453917,0,0
f5d40422f1e24bef0b378be348e67a43ad2bc83ace23d89b22fa46db30ea7257,0,0
f2e503308863df95780de34eb3b939f021a7fd71e78d4e1637800ba84ce86775,0,1
8907d24ac859a08eeed24011d0e13e52edb1419fcd2d706b87ea895203a9838e,0,0
517cec7d1e48fd9d1651884ca89f4157a1438e5759611104f194feffb0953c2b,0,0
4e04956d76bcaf6f3a5ab5a7f1d8ecb3c5d8b5e727bdcbe9fd3ef2cfc470a39e,0,0
5627fa52461c083f624d5a13717a3446c7ee2b300348398eaa603003606b92e7,0,0
437dbc1030dccecab3cfc86b471747f3c155ab8fb47705326d7bf82f81b62e93,0,0
bc046fc4752bb498760eac59e14c32e4337cc34a8cdb807824acc6e1c0ac8c52,0,0
e9b141353ca057843feaf7d83bfd5ae9f97e9d2c33bbbf30a1f9df8f15d850f2,0,0
26cf70c96709cb240bf12d055c3196608e86240776aa241039f20bb2101e0ede,0,0
8dfbe203e13b69e64a9d2dbe8d6e7dffb34418832ff4be93a314e412d2378cdd,0,0
b69d061a88c7b1e8aed5c34b505c1633282fc6af004ef488bfe8b3f42bce808a,0,0
81cedf9db1aeca8a848b944366b939cd07d146628c01d500b7d96f236701388c,0,0
c28f1d08f605025a0ce664c855efa72fdfaa57bc3a6f6c39b19fc95778cb4423,0,0
bcfdc944025508304596436c1140c210bbc26947f26ae529aa9be0095cd2cb79,0,0
01efb20b4d7da6e28b4e3b4b3e90be7a3ffb42d2f36fff59f668580fc5685828,0,0
b795a5dfe10a6e5da135c798645d22c31c66e01311645b8207a72a15af749c6b,0,0
630e627af880720f7ed8a1875472c4fa60747992044c965a2ee0329588398566,0,0
c642e035988ce1612720d2520ac0831945336909b45dd177101724d71a9681af,0,0
a8dd5c25e08c0209552aa3d9478e2284a129c8a830131937fff1055c5dc90601,0,0
48c1749cd230dccf43b1d6381ecac2a977a254e034ee7afefbb4badabb010c18,0,0
0a21543274b626f919d3875d7b491dee0e2e0618cb0c2c4b823ff27401dc71ee,0,1
9ad158848cdc9d39c4f622601ecbf4038946ecd0b1d7c250dd2ed1cb922922d8,0,1
2d38256fb27b69ab9141d35dfc440cbab0e88657c78ef72d25d5a5bd665e784b,0,1
0af1ac97a7f9da388f18b9a99aaf4350047ab5909647752fb7b774f2634b45e6,0,0
dac46371c33783b1b6d316f3c27e21dfeccae33394a49d6f456ea1e3599c91dd,0,0
c71f584c8300b7ef4755a5dbee9311f01f6865b3d5d290762295dbfb920e42fb,0,0
2d4ed5a573ff3e65dacf8acb46285f03bfca7fbcb56d9a2c6e0493e37be3e4b1,0,0
cd2c104e3f5e582df9f598ba25fe028502b08b6558045ebb3fde03f6d62de023,0,0
b611b9cc2244949c1cb1615c3e70589d51cc3299be71e279c1331ceada1908ae,0,0
8c27953e03b2e082e0b7f5961e23c8368984dea451ec6a19a582b914fe2e7288,0,0
62a711d25f2e1e5ec8bf44098edeae0fedf2f028f8034c515fc4bff791edf831,0,0
13ab41171547380d71fce89b8a535fcc725187786762b8cfa3f39af367c38de4,0,0
9b19da182e75ef2c511d17e5e90fdb6b56d4e113aa79ad157b79be5be297023e,0,0
5265a8db6519998fc1f189f563bd5649b73eebf4522c777fd72e55f581106d8e,0,0
fc8ea73c5d17792486e973ded3d9484bcd286cc7d65747615ab3647f1e06806f,0,0
abbcde6e561f69f7c06b2ca676446865d8efeb1cca57653244ef4d0daaab1789,0,0
7e3416484a9721bfdaaf3f53718e405eb8ddd1b2ecce17187d631c5dc21d8c94,0,0
bba03d3fd9cabbffddc2d5acfab4887a6609c641da69755b4ef37edffaf6ccb5,0,0
1933480293bec82b13aa1cac897289ccd5ac3ac80d95514db691a7d884126cf6,0,0
268178cac2c2224b9cad06cc08cc7b73f11642f8bbb1d0baa5bd0ce43ed6afa0,0,0
cd6e1520b556e56b8c21a38413588fa72ea73fdba297843765b7657978339482,0,0
54768f78c34023206ce699d645ef62d2926abad3fd1d3ccc27a640fc23fb1edd,0,0
5b2944f67594badd0e3f4689064e97efe44c5ecb31187f9152a5e21d5119294a,0,0
a48f9b0654c6dd1f714f28859a5d9a6af89bc11172fc232e3f67ae907f9dbc35,0,0
c45395fcbbfdd491d085996f2bd8a241b0fa4efa4f428e2f8a6ea8e2b2825d38,0,0
083076b42fb2bca00c6450301674cd82d1997788da2dcca463d7cb556bc9e9e2,0,0
71bf3e1f19a151863801709c4aab6196900cd7380d8d62941c810bb17149520f,0,0
92217ac55afaf7ee1cc599abd6e14d05ace9c15c16d9688ccbc19de000f5d45a,0,1
8a4104044238ff8673d01c76e15f4cf19c6fbe84fe31e81e5b5e7eab9a56c244,0,1
928ffed38c8ffc9f751d52b162905b6d480382006d36a1410b0f9214e359a1aa,0,0
475dd945e5fb7f3c2063ed791f67e533fac1bb99737b995bee1d0943fdaa8d94,0,0
30bf92605709be6066c09d842f8878fcac1a18828f98e94e73d1f7feffbdaea0,0,1
eb4a8aaebc2fcc58859a0d76106e25b1ae453218ce3439625624c747c1102cb6,0,1
560ca0c06abba949a1d1a98648eb49265978a3599ff1dc00ecfdc7148d86247a,0,0
7e6373d73913a68bc816d00c640a600d2167e8da11cf19dcae1e4268b82de9f6,0,0
2e3db8dacfb8de361786b3652c14b4b1467ff816c9344933b982ea664977f973,0,0
a192261238318411512d44f5eea1930ca542395fa0606e91a48d2d609949496b,0,1
84046dda515b7eb18a0f139238663d20c6ac869629f5c0bab738f7f2e26ee929,0,0
b9afc5e2404b3542e90f15414acd087348b726946042729e2ce5401b58ccc76d,0,0
366c40ce60697e56d4bf8d676446c4b784b34ea3a7b2b1a06416aaf1deeb3982,0,0
c5f0f1987b7b9158c494eb6acb2e52edabb88fd1f6be7592a418c67289818eff,0,0
ad90259f13de533342a969e8c436810aba5ebafc6435191d4f47a8942afacc1f,0,0
ff1bab9cec75af2b4d455d3e71012de46e88635f4fce0bf395efdd11e0271477,0,0
be0461fab4bde051a0ad5fadc03e4ad12fea104753aabef0a1bd76fc217362a5,0,0
88fafefec325a858089e007f09cbf76d33f7be2d4912e619d71f5e8ef592280d,0,0
d16f6f25a3a833105fdf4fe1d02c3450a50955752ee1bf6696cc684daedc54ae,0,0
d89e9034c3b08a01e5b04680722a1151954f9195586094aae7e9b79f8ccffec9,0,0
a77e182dc1b0d0ba30a31d10e57fda926abeb2b3ad62bc890049e205ac1cd963,0,0
8ebcffb44548c6a44b4cdbed512c26dfed39951fa3424cd4387ca2d1a788a3b5,0,0
d6d9067a67175d335a42ddd406becc2e93eb0e9e9b6de85d8b7b3a8273c8b0f1,0,0
a8c50d6c978a027b79caa464650733b047a208e922bff5afaca98502e7e23cb6,0,1
1bfa1cd2fa94ca796bac81a9389fb4015617109f55decfb33f776befdbb5151f,0,0
4ca0a920e2d87aa84ce60bea9d3a5c32cb453560a75b3c42f87d42993bf48373,0,0
acdaa7131d065fbb3ff32a8f574d3afa593bc582105b0c1e0351dff6d787a550,0,0
6c91b346a6e246dacecc9ec42f50d69863389f919136e99692fb59aad3362c7c,0,0
fa930864f6da22c32efee97712f3cb87ecf2ca36ae273815bc63c5ef55f02321,0,0
9d919fc672e0fe90ef81d438e5dbcb4cef53d42c77e4aa8111019eb368e4bc86,0,0
55646a1398507ada59dbb21ef0a31f012f51b293a77dc3cd6001d241e65d651d,0,0
0045e2c516881097859c4567a13c5628ef40d928ef86cd0d6f6a967baecbf81c,0,0
11ccc63a09913f9d5fae663ef16892e5eff4f072e52542e729bd809541679da5,0,0
ae19580c69800f085ec4f5b56ad0ce8ae192b8383acbb31da759ec945565b1b6,0,0
8830c6a078b0c3645f82529053a953ef59040fefb31eba68398dc34198851ecc,0,0
feca98fe056bfc5c2071e4026ec987dd1e70a9ca2fcd9937acb8e94db9bfebbd,0,0
a0409a1729642cff34b24d8f8656a8c6d3bb4e7bfdc9718120dc28cdb47b2433,0,0
12c02f06e04f1c439a282da52263ed897884f08f3ad45c180053de390abf170c,0,0
2466a6f9233ef5b4706a54a1b74868d4f9b0a26403dc6e4a4c9c4d92fa1c2899,0,0
c854f636eb63753177a14368c50286dc24b64b48dfe8fef5c44675a239474c30,0,0
7ec09e284f3a788cb82f78eb05707ed24920bee82bf26302032e3df23f0111e9,0,0
c0c4c1945cc82215c0a8f9ae8b3fe7ae4c890764af5649e607103df9c871e687,0,1
1bb330ca26c27f3d03bc236bd05a0ab05231ade13fecb6cc3dfe886976cc6ead,0,0
50ba38ee5d8733b1168a361fc2588c37812e9e0734a3a332ca977a6a4d3fc930,0,1
213bf0fe239a80be728d7dcffa9e1ec56b74e1ddd4f862e6418af85921238a23,0,0
b4cf5df2786db4868c527a2ec1b50e65b25e3c3aa53acee25ca155252da8a5d3,0,0
be9bdb5d1f19b8dfccfbb2fda716f2a746758f29c57243b362f051838b0096c2,0,0
790050bae7329779d4e85ab1c49063f7b6c4c7bb12ac827493773ece4385d3b0,0,0
1c7acc3e736f19d481f5889d2424dc2160bfd1b3160a70a836972a160bf88793,0,0
32169e4c4ce75c55186357727306e33b1946930e45d9f073425bb7c5acd2f619,0,1
94d7e1be19561a4fa7ef2c08d08b555600b2c3b5e02afb7ab3b42402d8b9fe82,0,0
1594371b0950612f622f0ca97bd50395368c5325be70249d7bf2dc4f1600b6a0,0,0
63c9c9537f6a7a5cbd8d113c4ffbdede2211cc0578a9818aba5832b27debb1ff,0,0
e253ee021a8f1a37d2608d968fd9fa9d778be90cd0a0373e22593ddf18791d4a,0,0
915bfbe256d30f8fb70e62b6c52f988ffa7467590b557cb35d68444784a2f605,0,0
87e8e010e4604919eb54e096920bfc6f06e968c01f6cf5dfd41a608df1865415,0,0
64d313ad4390edb8878021e64bd2d534d55b9b5db3a487b0e2229db51b7a95f2,0,0
5ec88e2bf6669d6f8a6c78c2f9a3d10bf961f550b87bbec6efe155682e7c7c38,0,0
07191e59e686f2cac352b39d0001249d3024c8c703d4f630afdb3378be05de30,0,0
0cb570d63f4b2d53ef0966068bd47f44272211f660f344f500c6ef9da333bc99,0,0
e7caaaad1ee1981a50ee43e5c52f3766a940a360d998077d3a82594fe43f18a4,0,0
5360bf27e7d5f95d29ac61a18345677a535d3a4dac61c23f66041a625177dd41,0,1
5b1fea3f7d462ef2b51f9389696f1aa98eefb47cf8c6f2b7ccfe2bccbbcea061,0,1
e19b28649e43588c72e3177612eeef54c5643afdc57c9105eff9b0093a734ba3,0,1
9a1286f2922d2e5b148ac09e4f3f31f348b3deec01d7020fb8bfb67ee89271a2,0,1
6e3e02fe65ecb4ae3cd15306c856e7d8de04d7fd90f0983ed9b2cd82819c6006,0,1
7f338903be6cd6d82213a5e62aa4d4c70f43dc54a3f799b6832486eedca9f564,0,0
26d57e7972dfd9f3f016b979666d1ab2a3b77d8134d56534ccd94102d6328609,0,0
c811bcd9ef4a456ed58dbf449205c17c56faabb093137d9cfb2251723973abde,0,0
8ed8b9f4115a2e625febe7c1fb079474f616a448d217962c31a52927ff4f3927,0,0
5e0861fbdcdcdf1b93754f6b55391100613da4e9b0489dfad3db2c0cf7c68c45,0,0
b82a19bb385e245416fac5984c3af8cfa048f08cd8261508911eb27719783df2,0,0
45f891921582386f4578dfdfcc74ec5d9c0bc8ff1726b215076c744b60b94e34,0,0
983af8a2acaf18ad0878d0e0210f5d8f990bfb6df7cd941d4c913516d2530d1d,0,0
cb9ecb902c10887f9facb730e889b55efe22f5e59b9e1d7de8ed050959de0a3f,0,0
c14717537f3241f6d8ec9f12ebfd64a314eb7c51d431e12749608f08207cb625,0,0
051f93939935548de3309ed4e5f53a3ed7f08a3d6c9af096b99e7511bff9dd3a,0,0
e8551c2da72e20ca2becacb608374fdedadff3233242dcb02127c604b74ad791,0,0
31aaa04cafe17918248d850c68d33fc045dabc4e576abd31e1fd70c764c99d12,0,0
d3e3c26139f51993f10fd3d27dd38dc29d66ca1f744a25893c316c470517624c,0,0
c5d3259a498beac8e4af757a7279482c290ecb112c0481852f22a2e4f95b1492,0,0
d8e518ed931801438fba0a3e8250a06927b69f4ae94bf770a676c8b47c2fb421,0,0
8c03ab1b8b36d363b8e5612a6fca74b2693e56c69f4c80870ba78d4320ebbb80,0,1
d7eba74c9d086424b03883c940ae821a0a45dcd6bd5051b6ba4eaa31234a16e6,0,1
5a86217a8d86d9addb9fddbbbb47bdd63f9936087ba67fed5dd83df953b39aed,0,0
8ece2cd0a1104c49e7786d2c1d96888e81f1d204581b3a48f440b507c54442c1,0,0
8f8be68dce855f66dab218d8377a3336d0608e9297adc6ea0f467abcd1df09bf,0,1
a100d0c1c13bda3eb94650d4a9217d251dcc4ac860d2db4b552d8286acf61836,0,0
4e0e1229ad56cc8f8db6171f1df8a3c3d334b058cc49782f172820328ffa9eb2,0,0
18c53889c0a44f172a922c1f7d80a1b3a94fdd739307cabfeb3b12c7f15c8919,0,0
6381bdb7d64a8e64d708d74eaeef6ce859874b00048f90e53ac30e25f0eedc4f,0,0
93f33f308450b2bf105c04d1816148ff8e3c0feaa2b1a4d45d539e43d870797e,0,0
56ab85840cbab885ebae59005daab0ba9b13d4a9e247b7371be68b41638094c8,0,0
bb405a6ade87ae10d562f57adcfcd0d2c4509394daacca19ffcff4a9a56ef5a5,0,0
4be3d08d7ee8d9f90aeebabd245a4cad5d60c44f7ea4a68fa034513dbcd37f15,0,0
7e5d31bf6e33595d5975db03ce9da8b6777d67d95e012e009b1ebda75c7321d8,0,0
f64040158ebc5e63a0820ddf75a327095566267226ec01a94e0f2b70b6d413db,0,0
1a57a715dcf8b983aad7e14f2426cd49e641415ac77df79b44a979f2e662607e,0,0
b9588297c6cf5781a1bf2ce29219e855d6bd7b04cc1a46c9c8afa0daa7ec1fe9,0,0
269f236ff43cf4a5e655aa013a35f720ccdf65b8a83e9dae2dca3cd9c75caad4,0,0
21b05c1706ecc392047d8dae5d636177f66817597edcc8cb986d2c7c728d1dc9,0,0
975857ee7980a80d7181fa22ce275ac01197b85a8135f41cb49585972260c7a0,0,0
7d26e30eba39c6865bf05722f49bb245f2e471f336aaa8fbdca4a98d6aac37cb,0,0
8c61ad7537298658e1dd3783879b8d62bbe59f5b13790f882f11b89d57e05cd0,0,0
00ed47a3352a2379b11d502d40bb72a908bd3c00bb3e4626d08fa0bba776ff59,0,0
b8cf7df8d77a8f58c6266a8d356216478c17f31715491a09668a953dff082b1c,0,0
643dc8601ddcd8096561200c430286d4fef4d365eb8067f73e5ba724f77ec35f,0,1
b0e8507afd6a1c22328861c57cd214766fe2c925a31b342c0d64b65bab4f8ded,0,0
c396ce639d1668ece96a8762b60dbb25fe7d36da5fabf18a900e3264f0229d18,0,1
5e0c1237a6cb754312c1ff25ad85e6c39ac56f2baf0bba634c14d8a5365aeb10,0,0
ee0aecd0961e7bd50ad6004928f3ec05dbb9af6128d5a4c10227a2e9cf583fce,0,0
f3e21efd807ea759a241355a5441076417a62973f1e21c3b7ab60d481f1f36f5,0,1
7b8ec9f022a2b7cc7413cb03e0d3971fb7b9f42c4979afeeafff25820b128842,0,1
ab5ff399f87162988ea58b4fdad48827f5cd0853b9ae2709e653b42ebc89105f,0,1
162f63034dae5c00cb5a2ed0fb99ac0d81278cf183c7022c06b16d4af96a4434,0,0
bca32f9221ef45147e1427c62fadd99afa7e5468f1011d0c7ed9d5178c18cc52,0,0
9fb3c75423a31bded8529ab8ef229753b51af3f2ebb16b7c840ebbf9cd65a850,0,1
0611dda8de7c53a1c9eb4115c7f52746d73043ca096126bd9e68e4dda574b665,0,0
c13afcc29b5eb48a8f306ea97e1d45d59637751dc3d89bb154b470ff24124b9b,0,1
aebe9893a9fd890e1f3e3376504dcb6a398f1d3f366e9dbe4d693f380e82e4d3,0,1
6ed48abd6812a5f416dcb0b6880e3aad3398bd59bcfe3178aa0ef3f0f2c447d3,0,0
734b03c984346400fa32b05886bce2c57a2c93ec58f701d411878766c55de6e0,0,0
edc45729305e58019f6726e084f3cfbae252361ccca028c07b7ceaf770159a89,0,0
efe6d8205cc87a47c72e92f13f6bce332fd0af217e082144bacfd022523f4f17,0,1
9e71a6bb15f0ef1515864c58239dbad8de4c3fd79135252f688b9624bd0d0565,0,0
73f59c405e6cf5625dd9e03a7c2a229c5270a28ce207dcc578a061e2ef76ab0c,0,0
10e5d96cd8361a8f18d0471d76e07268a900eea54b8bfe7f600e9c8408c3cd5f,0,0
f7dc69ecccbb281cbdceccbd79153ac2555ca3e41ef52291357a6df06f760a4c,0,0
10e2f6ccc2baf938a6f37f50fafc3c6050320fda46e080435bc3b25a4891306b,0,0
b35fdd798460104b501432dd9155ebbb15af7ab6dba2f336341fba7152c53885,0,0
2e6d7e9f1f8cdf7b8a79a7c81ceda721a1b3535d2f44f3f04ea892759599dda0,0,0
0c9a4553771aec95abd504b8f06c677e39d207ac139e8610836f5edd4b63be6a,0,0
23a98d3b233d5cc2dcbf36e5b61eddf8e2adb8058aaadb23008cf676358524b4,0,0
521a8ce8980a8b7056339f885e4d9112319a679ede3c0e25e2d08abb244c8871,0,0
e5d60047264f34c3994880cc55527995ad005096c9239d48d9fc55035aad8305,0,0
d14671cc74ea1021148a1349c4f5ccc37ab29f1915ef724089563bf72e7a74ac,0,0
0ef151573605ddac118c6c186e274c581b4faa1c8a935a398b36cc932b36e9b1,0,0
de00ac46b23a52fdf4efb8e83215b5b49562a2f24ab5a0fe9506fd0dfd0db6b2,0,0
83f0e5ded67182ef0a70f3fb0321e0b1571ad160410c2a64d6f23be8dcbfd0e1,0,0
743a71d70e6b57b12d1e8411894111a1151074dc187f5498d4c55f2260e3f1c8,0,0
8b15dced4a5e5cafe8e4e1eca10b59878ad6059ef207fcd335e5ba825ccaa6e8,0,1
a2ba7b5524dff874d1399c424e95abd29c57a51a60a774cd09f8154558088b1c,0,0
4a39a13a3669116eea7b34f4930ae0ff03229a4f4813cf540ac1297f56c22ce0,0,0
93af68bd88492a9bc51b7f6f2219f41c0274cd02c023e078ad58cc76bfc628c5,0,0
599263a66838d8178586cb5c778a821c0f7c9aaa324a1658c5a82cf5ee3e4099,0,1
1c5dfb9e5a8e6485dff1492eafd3b15cfb67abcdedbf37fa9ce4c7d089c5d5de,0,0
dff6e0ab54634624437e8cdbd1400022af8db38c5eb226988d2d2850fbdcb02d,0,0
7614c3ec845ece2b4e5f8ad1ea1ce6ee9ac8e75af98441e39d31213d91a11a74,0,0
05b62adf66f465d2d99f92b9a463ceb0fb01d66505590e375fe633c1c5058829,0,0
4967a82f8eb2aebfa84d1eec0c0ca75393c51f5f8f016d505d9ebbc8513f07b5,0,0
8af0905707fa049901d939c1f2402c6ddf0a47e81f840d5d6cb20b0d822e218c,0,0
24bc26bff595a884a60e63b3bec1099a55216d3f32f5963256429d90fde83e4c,0,0
a3e65f2221dc47997fda3123e1aafb6443bab7dedf16ae7dd81ff617544bca7f,0,1
579278ae5a0bde199b20a5997c841ca53e054103aeddfdacfbf6d4bc20da2ec6,0,0
9c805ccb73e8f3da7125a784434218db3bd06af16ed72adce15d5843e21dbff3,0,0
cee82c9a629b1c32e5ec97201191f7c00fce4997969dbc8627e2fa62d9aeb8df,0,0
b66c2ab25fe5e9a03344616cef07b035699c56466f0467d2e4ba3cf71a941f18,0,0
2487eefe3814d9b9aefa5a273e8ea15d1e4ff27113280a6cdc04042e7291ddc0,0,0
c03ce5eeca15abb792a0fdf043ada0c31dcc53dfe995a9b138dbabf62145fd48,0,0
30a73667d767a5b9029819f38e19b606c25f31f234d5e744eb25d2a0af313629,0,0
f0e618985048affdb6490c1a0b2e46faae9fa3976e48d3404367e8ee2d21941e,0,0
6496363862939964f6a7db696143dfd98840999b3badedbecdaf2ff07a6f7c2d,0,0
a73777bd823e0620e9223a8f25b911e5161aafb349a1e140abcf9688d5ac7fce,0,0
81b3e90324679b74b1148ad14baab929597f3f8e9ce21714b47173bc5525070a,0,0
b7361274eef271ab11e91fe218dcb51f6813f8aa101d9d77f7d5d49e106822cc,0,1
e19b28db3f1e34f8afefe11e73b549ea52f83cb74200adacaf3dc00f026edb38,0,0
56c54f7b4941f5ec7089a8bc615c8e6d4f43253acb610097c0026fcf5e204200,0,0
93202de8174acdf4ca8c171d622ebb3e2ecd2b98bf0e8d9b911272cb0e06d499,0,1
aeb8507af30d822395fb577fc7e5c9b6ea2256f969aa15e24ce116575e470ad4,0,0
3a88edcbead07aad02c40500f2f382ecc9722d989ae36cb15674dbacb4df2245,0,0
80fb4d9493e5e00124a701f25bddb58af2a5893ff29b43a52e260726e8cd4ec3,0,0
87cd445e5af312c7649ff01d5c20db3d0ddfbbc74589190ba08ee45cec707751,0,0
cab879c499de1441558836a910fa42f8abcd2b83ccc6e8f60e6eac34216073d6,0,0
41c2d0da26cafce1062c18ee6fb00a8e2dfb38d0df8ec5936d08b162501a5b26,0,1
6b1e405e36c4bbeaf905862472876af8ff93892d8084e1304496d817a6e54e98,0,0
8e4e930ebb6c29d902b02eddef2604000c89b375bd6653f5e2cff78c288d10fa,0,0
2bbd980661f5aede6f78f3fd950b047efeb5eda7206e99ae39caa3b43bbe58ef,0,0
d07dc73a8373e5611023eff704e2978667c8ff7e76654d4ec29e641a654e3825,0,0
0688e884a2d8e208d2b01419c03baa867d4bf6651481efc18b28d33823261e54,0,1
0a5b202b062e5c7af5a91e77025962e31313d1cd994ccb3905c5cd998cb9157c,0,0
312de4a0eefeaa212bfc44d197ed62a8eb639707c10796b709097b28000a3d1a,0,0
9f7984cbfaa185a68558b391d4e5c0770a4d3a5c04876e5c91ac621f7ed45664,0,0
d77c961d24a3b26beae48d24f823b6181b87bcaa6afc6a6cc710ad6d14af86af,0,0
ba9a0981a3274a5ad05a5463fd64923750d250a2cd59411b48c2df64b98d769a,0,0
523a90575df656854278f7bb9b2d739c7eccd141debbecc7739a441620714bae,0,0
e8c197256a25863276efd926fb80d4531558388c64b66d2e8929926ee047c796,0,0
643c8d8ef465df58b4cfaf0b8c809d53dbed4d4756a1444bad6dce3e468286d6,0,0
6e67c1a566f64775d6a212e9ba1be319e62983729dbac6e63af6f02fa161bf7d,0,0
338824366df3cf1bfef73191277a484ba47394bf1e4467317e909c71bec29a27,0,1
6e7cc18b26e82849f9991e35f03468a67e5fcc6b3ddc6de234d6463cfb59a3ac,0,0
b5ef3f4c9127219015e97062aa67688e1592163e61bd564503585e72064b75de,0,0
fff78d5ab361406d48cd7c0159244f52292acfbdc4d39f97bbcc81fb9aeb9904,0,0
8b44b22b4e71fc88bc032f1f337d92075ff6f83387a4d47f3a1c14f457dba6a8,0,0
fba5f7e6293074ccfafa439490ca4a0b330b840043f3919fc0d7311bb84ac76c,0,0
4fcf276a553caaf0601edbddbb3bb84da7ba58cfc278d46d9a79e642b83c94a6,0,0
ea3d9160c2bf62e65a0565c7377159b8bd191e63fb85e1de7206beece0193767,0,0
c4162f87da573f4415c4b771eccba6dbcd476b95971197f702ac06abb85d1ae7,0,0
7f014266c330e4d0232ed4d5ce496c23036f5a807ac8f399c3983ca0b9123b63,0,0
aa8a8a67817fb46b12d6d512d680ace728e088bd478ee9ca9e1cdacdde5a9a73,0,0
e23e850d38f122ccfed4194fab9674ae36eaf3415e54f341241a7d25ec626112,0,0
99bb8a7e7afb1bc8987aae69f94b6389aadafdf60574fbb495b7cb3a3f4f355c,0,0
e86ae7245da19f25c29bbadda929ac3404ab39c0d5dd208687ea9605f39cc450,0,1
b9bb437044acb00a0f5b0bc6a579a324510bd7095a6c0459adad0ca88eb305a3,0,0
8589c1404225fcc55931e4bbafcdd9bf2541ec907897592aab5b5716da38d45b,0,0
7eb89f3a8c28416d2de3aad2ecfd7a06142e165fd9bd875679cc5417a8a8fa03,0,0
57fd021b87a429c69114640c88a34a858ea391ddf37174751e065de6d5cb1bc2,0,0
9a6f6e397f75f14aec5b6b1dd3291163632f894d6b8349d02132fa94154417e3,0,0
c10b2d4e82ee2588ffc5566dc6513395807b9e78d243b88f0787f2c3a0473dc9,0,0
93881d58c8aa1fd8650eb9f80a88ea2f9dca0f6dec8d86ffbc8fe78bbef9f64e,0,1
3feb969b4937c127f163aeaf9fc43e55d1c6c0867af6ab601dbde0bc268ea198,0,0
1c85a9e5496049bc47c5c15498d88b64cb52671979af79902e79061b25f89b63,0,0
7a9cbca8cb6bd356e259fc6bd13158ec20fe64b92ddd745a402a0fe327fc327b,0,1
95af6b78fd06406c22fded5575dcd1edd92e0e9567d6f751ceddeb76ce8522c3,0,0
a6456e199a2e3362401bf62c98f4e34472f2f841d18ea998721ba1609d371031,0,0
421db6fa7a4644d0d3fd95b76084ca38e03430be4d471d18ee7d7e9c409b4ae1,0,1
5cbc260fd7e91a404f3bf6c57082353bdcd54686d3a8f967c38fbce06fa50bbe,0,1
20f9973758a4afce4c14bf916dc102a10b1da714d1c662ca0c2f9d290d40a9fe,0,0
59e9d6380ba1d63bbaac14df245fe9b7d04d839bafce532cde1c3886168e4238,0,0
2c9af9b98d3c94585862a08a5713d81774774b1b2d70fa0e22f47f039d61fe42,0,1
2924c8b2c10299c7e8d79fa6d8c91a2f43c7fb4c5763d54ed2ba7941c4e0f54b,0,0
aaef94996896e039cd192a15187595f091070237bd05b5b6f0347145098f7301,0,0
dcce3d3e9e83422c722817e3b9659ac4e6c16151094bf612451319fbe662d0c1,0,0
7090a693d8477ce98fd98d4a046e08074b970efd2fe74aac530e003b343a9b6f,0,0
bcb373a3f057a3372a4553c9205ab99210f08c7353543af539df79ca2879eeb5,0,0
a7f7ebec17acd153010e43018de155697da86b4a2cce55ea5ce33f5f7f85e19a,0,0
4af4f6cfbecb7e98aa5e9275119f94b0ebbcb8c593dc4e2f17415eb263f061ff,0,0
89b79c4642f903eb986e79a05c812c976c6aa3a7e1e6cc0cded1310b709cab4c,0,1
25c682aa9ff34cb31f366eb8be0ed26c8e67017fd99d7d98533abc5678ef661f,0,0
8709b525e8bbfa81c2f23e5ea453e9d289caad3c8c8f924a1257ad8f8b340e4d,0,1
0f22b9586dd8d1c1f2e467b25b0782cafd0cb7fdd08052c5f044afa18363b2a6,0,0
b7c4471c5fa86c9e75c06531a6dc577e8d5c706c61896e2ab7cb14b3676478c2,0,0
61c54edd885303e6ef708895e05257948b395700904b6ff1b99fa4f133a34d3a,0,0
78d09e7a98ea504204bf5d006596d697abee340aaa211e9cb2d804700911fbc5,0,0
6f744d5a6406ef851f202d4801eea36d3d0131cf32dacd1820b46ff51ab81b95,0,0
7b937a4b10b623716d7b44382e0dd3622794dde311824e7a1f0204f0370122c5,0,0
1ab895f4f9f90f10ee8c6a54368bc8a09857fde782280eec31f10f3386460dc6,0,0
dbbaf293784720f8c4c98e0af3307f78decd5fd5424eadb177a65192425de487,0,1
0f07fdb5372bd3c3d38183addffe0edea74a02cfe409e219f7c8c1d6c6a211d4,0,0
86ec4ac5193436dc6d3038879bdd997f3702f335f6d346d72bd15d0744f5a88c,0,0
8240f0a783d7aa6f88da9cc0b423a983ab446dc84d40b5dc27fdfbb840f5dcb9,0,0
8f087cc9aa2661ce61df8403a96675209b4bce491bd1d7650e36bf69f0c41a0a,0,0
dcb59842198077ed49fd884058e9e645e0fc9ba10e470561f73d9f017ec5ae11,0,0
e786863dad19502ff169f59ed21ee067b075510747b28d871843a8e498824fc2,0,0
29fd40822e0245f5c0ed006646ab54a595317c4d1c18a74d70f8f96d4f21b484,0,1
c47cae34476db217361434684b0d18981eb5f78fd812acbea0a0f4d54691c500,0,0
b22974b52a8549f21e98b44760a9c4e756079f8d8378505697ea192f6958b57d,0,0
69b15d9f2a7426d03e722387b77a0ae2cafc271b3db8e76fe2edb1a27c1f9ecd,0,0
09f9c1e3d402e0183832ccc6cedc006e53580729815119fe8e8f90a80ac70411,0,0
358c1694ffb5ef942d89559f93ab5847e00112cd293a7d3309e32230ff41f877,0,0
701fbfe488fcef5471812cdf1450d0e869b8e3503d994480b1b1913534ae4622,0,0
d994efa51f8368f74f899546dde6eef74ba6263a4685292d4940c8599d4b4362,0,0
dbbdc13afc23319185224403fe80bbf76ba342ec73ceecf5fd8218467dd51e72,0,0
19e8ac4b85fda5e9ed0f6a2d8d04a7235fb217c5b55256bd4854336e3610cadc,0,0
2889fc64d0ea9bd7c3b59ee2ec0957d657756a5418809bb7802aa3a3bb682227,0,0
66d5a153cc2d9301a40d29b07fcf664f41e5eda2fd5b9da76533703137bc2ee3,0,0
24a2cd7acd36d0f3be32af6a1da668acf1673393d9807bf9e6599cd2e8b28cb9,0,0
d1e1eb35d7a2adf6e0f930d581b15f65671560d930e241a8accbf8fcfb6cbf20,0,0
e59d66e14ca56d4d77e8ebd5af1610f51cd008940c2fe6d25806250446daac9a,0,1
db1888a19d66abfda740ea35e4ff007d3a22cce49f8c0a94b7fb08e242db8169,0,0
caf6a530269e71017a84beb01ff32381c39e3357e6bff8d988fe39abcc417ae5,0,0
42394bcda463d7f11cb9690ac7afa31f916f6846883bd018df397e062b4f8d1c,0,1
f62e0f9911c3cb666f22c0e4dc125e7a6620e27e3e53e955c9deb7de548aec50,0,0
0d69721367381125cb3e45f0cbc4f2b90c310b542714ae1e5352616ceea6da4f,0,0
4c7dcad60892bb0d17d37b6bb435be9bf97ed00ce3d7d737049d44b4ea92c1e1,0,0
c0db422bc950c4c32af0af9945fc12e97c49edabe9f432f2629b7908edb6fc16,0,1
bb2f1375ec5952a5899fd00830e70e87d1a1c8ddc0c6f172a3976c32371f836c,0,0
0c945d2ae7d9c5fde3df74bbd7840f9f8f0c273a5375ec8dabb452abf4576d0b,0,0
845b096a2595f7d8bbf4c41bc1450c310c263c821acd6edec241c0e8fbc6439e,0,0
ec6187d09d9dc1a59393a50c0a140b7daa1cac95f1bc506eccbd940811c294be,0,0
a8f36ffc7ca4022eff03faf6f16410c4a83437d41d66b81ad6091b80fa17e205,0,0
87db5a3064ce0637eadb17df0b96aeaf69f7ddafe3f24e37dfedee65027697fc,0,0
377d094844ebb668a0b801438ddc0f69e66f9b52d8492797433a282f5f91c4b1,0,0
42f888a57b7bcce71741eab8a0e7561310d81fc8796914543facdb0a3aa3f7eb,0,0
b2803558a0c9f65826b0e9645b806ce1591a74581e4febc3b7fa6d3fbd44c596,0,1
959cb8d3bd07035ebf5276ae0b2e3253771c2ebe5d360705ccc932f29940e234,0,1
b0d3eab16b3da01b7cdbf7cf14ea66ec46aff37ea4dc1d45dd60895ad15df093,0,1
5e2e522640d708eb1de4fab60e700604f629d1398eb37d0a4ce48a2cfc587d25,0,1
a6d55ab7c0e6dc4fa00355de138bbbaa2671842fb0c49e0b6ec6ace911d55bdc,0,1
f0589a12ec9aacf4fb894fcce33e44fa06f90d78ddc4f5e34bd8fc71ab419534,0,0
7053adf10fa5cb69b211261bdec7a6e0be6fb436c09753fb0bcd1a1757f6c27c,0,0
1cede79043d411a058ae49b0c3b8c484d905032603cda24e2fc9d1277a169183,0,0
117fcfe18e81e5fd3ee392712aa92403223898f86f691409f60448329fe12bbf,0,0
4a64f9682119fbe6e370ebdb03a91405b067bf18b9f933d3cd3be77191fe46cf,0,0
8a69732d52b3eb18f88bd6b4c4385c77a50d3a6e738ab9e7f0f4596e0af62cd4,0,0
a9e7684793cf69feea71acfadfe002b9a7d2b6e08be67ff247bb79ac9811420e,0,0
43ba99731dadac929ad7952512d0a0bc8563cc9edb73fb0113cb887c349cf2ef,0,0
189dd00e41bffae037213ca1b98a2b8fd7a4b8794b5c84f8d19b28ed96bc2076,0,0
2f8e128830fd12f8e239a5c9580141daa93cff82d2fd3a35688c63f709db4861,0,1
03ced33f477b2a308a654e820009201987dc87b9a9c8517935fc3e12e21150f2,0,0
1b934df53882ad47b942ddde05b733729b24a3adcaa6a3edb78ae0fa864fee3e,0,1
2cd60fc267bd32098ffe65e8ceb4ff43a7f8af8c0dd54bcf1cf4917a82ee58bb,0,0
cbd50b56d4f2f866e3e148331e8f5d3a6af5490e48d468c26b49d64b0ecbd6d9,0,0
8e89d691211d51cabc41ba67076497c3a0dfabb77c2a412ff6cfebaa05965a1e,0,1
16ec5b17f87f156625b9fc10c2acba8577f5b36c38d0931ac3c73ee766badb31,0,0
bef8e5d824ce6f30a768fb4c3484ced6392d7919f5b38d379e9b6ae192992f76,0,0
8f9bd1fb56391a6f801ed097234b592ead468a68a50d63369e6be2087e09e021,0,1
074717b692864ce7de07dde5a2f5ccedde856dfed2bccf974db6218d0323190b,0,0
e62378993bc859ee2b2a3e225c06a144d0d7d99d1c2a8e8c94a5b0c05f67c27f,0,1
95c7814c4c99f0e9fbd96881a4cd2efa1002bccd0de380c2dcc1ce9bbdd48e60,0,1
0a16bc5519dd28c0748e8070efc9f0e1ee6521d91de7be3bfcf780dbc36079b2,0,0
5a8c780f88acdedfdcae9cf7780d354a46f3146faeb9f1e14b000f28ccc7f7f4,0,0
ef9172f94352c4c5ca646a47cdfa55554178796501eab9e5f29fc459b4b9e809,0,0
965aad67b6704536532d4d5cfeabbb573c5da82485b0810bffbd03db006ff002,0,0
d24de22dde3317809c7743216729ac052734f34572c4d6427ae047be9442047c,0,0
672c42806c980c53c061c36843ccbf0a5dc126ea0214156ee8d25fc80153ed1b,0,0
1559a45e58378ff2f9d35cfb444fa1948dddd34eb292b0a69f63cbdf923cc34e,0,0
8e9bdf82b52a7414647f553d7034cd84955b5bd9d6a94dafb95f3612665c5eac,0,1
60f78a946a481739b3551d5cecedfdc0fcf821a31c17cc57298ab67a208d5bb4,0,0
c852aa3c1a6bf525a396249384f1c3ac90dab39c659751d88943d332939822a7,0,0
5c55143fa5f908194a42e07d3c40edd1aad4f6c83866c098cfbde36893055ff6,0,0
bf8c4d931eea296779ab84b2bda0a2ecd956290e46ddef49ea88feac1aa942ee,0,0
2dc5c53b64aafb47f24e224abb014b585c3c5262fb4557d2bd0f3f7dbcf0d8b9,0,0
9f0ad5068f66d16368406566088b3202f879339f1bf3973cd30c21f6182b868a,0,0
662b710a370eada52f754a58160e1f9584a6a872bc49c78f6feda478119e1c8c,0,0
fa6e40262c53d794f1ef6e6e030c5a05a6ca841646e31487cae82e7a08ae078f,0,0
d90e0c15ea4b27a04e6117811686b0d0a6aab8545ab9cedbe97e86128e51c645,0,1
68822d67a5cc5ba20f61c9f2fcba3882f34ae6ae94e38fa2e7a5d57c4d0ff692,0,0
cc02a1d1753252e1e2deea92dc762d5cddeff7df97d8e698eda70eae1ae1309f,0,0
f40aa610f26a89b25d03ad80f7a0a9640a6543be1bc97c2f54489f44a1d37bed,0,0
fbe835a49619e7417814046ed79913d3f91e2e47c979c512d61b2a9c65d18a69,0,0
285eae9746000db71608ae6ae4e9abc36599868a11b12be5820060ec984240a7,0,0
0046ff2738edf138d1726f34db7739be66431af1c840041a64c736acbc55dcb9,0,0
1a439134191225c52e0a86ff4f72f7fdbebc0a6265190c3aa4cad44174f4c0aa,0,0
496224d5e5b4c47b18ec5ea07eb5b5ae755d0dbae54144c544c6b56e875c19c4,0,0
7fe76e0d6a785fe240bce58a0026bc945756d07f7453f081965af72b0daf4732,0,0
331a54345163bf19289bf416b4a7feaa33ad36461d2c2c05d910b2e996c4afe8,0,1
7f3644235f1d4a3339181b249df9303e04fd695a10af3eab0261733ddc776554,0,0
3de9246f13ccb7870087263c29d83f064d47010bffdbec87069fc8601fc055c7,0,0
43049266ee3fda8add68c15c6dd378db1b675508e563df8b72c18755eabd70a0,0,0
dd37def6d08133ea6e286853d0e0703b7a2d81d84e27478f42f668176a6e811b,0,0
896d797d84eef7c5d38dacbedc7db45849ddb80aeb9207fd39ce7e3fb68f7fae,0,0
42d49113224fb9ab6613224fec3dc2942a3c3fb5034eec6b16350a6fead01ce4,0,1
5a4e525bf4769c095f1c793e13ad11dee35ed8cc3b33a26222c0ccaf7a94ae43,0,1
4435ca8398d76eacb25def7517f53148b63ce3a26e8e924b6c6e0c828cc14110,0,0
a3a70a6c444d4786027dd6cd83333685a3555c1c4853440390329465f987fb78,0,0
e4dd8d0383957b39dd4d65dc0bb7ade93d9a88ac012ea3a229ef7849c601bae4,0,0
7f2101e70747a0c0e9faa134e08eda70fd6fe5a3dbf4a7f2b7fff7d8fb3656d4,0,0
00aa1376b59e4bc306cb7ab9941428f5086fb6916ed826b062e306a2f567e655,0,0
2d04de8a5602e1651805d182e03ac982449f20fd97c8ee44dcc279692ef87edf,0,1
521c123c0b0fce61074d190934b3a09eeffbf5b2955e6bc017ca6dfeb09e8e9f,0,0
0c15df37e75826d2feb4eb430668bd8e641d8ce2d5bf7f1aad939f113b0e6ec0,0,1
9840b6830d086af97f174ca698220d9532adeffd812c73d424570e027a3c74b2,0,0
662eea10f7f8f3994a34b71692b86dcc392170bcc96f3b9cff1529bfcc29e37d,0,1
5d7238d63225674685376474c674dc8c83cd595bb001d57ec0896b2fe5a3ea04,0,0
046055b7d54370a1e42459580f9019f8a521917b50f1a1a6a234c0dc2c7446ff,0,0
a3e80412f18ff07d1e4c042ec6d546b730a868a1cdac5896a566b6f94123a63c,0,0
23d5b535bcdd357d81f17ddd2ef80be9379efbd816c0684ca492073c63516061,0,1
2143553ac0224e7cca0ab450c2f3bf62fc228126274bd11848bad90f5e4a4c08,0,1
d06e0e9dda091c9db7471cd6050fa6c6ee7e894ee7f800c7b0f3c013bb287563,0,0
9beeb120b3e1ab0647a439f90c0f3bdc6e6088e0834cad3e85efe3ba5ac2a34c,0,0
20f2a57589f61b1075f883f1c079f459b1b851dd2cd58c70089701e716f051d6,0,0
b1873389df83fef58a15f09cb270b0fe77aaf472004c101c464739489b5a478e,0,0
a60babe9ad18126c8904eb42eec7df3b01af839d0007009103a22920eab8c1a4,0,0
29119926cee468103dc1fb8f83f9bb44a4decda5d8503768e5b4eb1a2284af64,0,0
e1a37517ccedf7d68555607b3d70ccbbe5d9058c5aa68039c596a29ddada289f,0,0
da294bfc5ddc631bdbe887c6615715fd9854299d586676080e2c55f7044be9b0,0,0
f80ff22d0de59731e0b7bd29bf9c7e009c05a888cfcc5ce43e30b9938465093c,0,0
2a26b821666d1da2062ca8248dfa1a09c2b383b228b52997955b7e8243112776,0,0
0f982fa4227a60ae5d0cb5e47c20674b1861239a7e22a93ecb3787280e14f868,0,0
060cf5d4b63541a2aabea66e72a44cff4dea0611d27eb26aedf39081c5dbd12e,0,0
67ea2053653b4b172ebcf95c1accd80e27689422e01a6afc117b085b3a906a8a,0,0
a62ca8a4d469609e30d78259bd552a90b23ccf42ff3fc62c9c1aca8994d0df56,0,0
1fe4994fbb5d4f379904ab242b77e95860de163937915b6897dc367178ecc77f,0,0
e9f0dc84bda1b79ef0964aa7896292603c91a65d74557fb4e77d3514de38c229,0,1
c2b4c7d524e904cdd07fc89f3bda9553815017540ae8b5a98aec51c2aafabe15,0,0
4573f8bf82410fea43dc3b3cea538b9d0c3bd60ba92282819b6469ad04c918c5,0,1
1af327cc732abf525ca61771a12bd7956dec31a5fd7370236978662a6fde4b4e,0,0
92f5cd8760350177c50892749b008f6be9a373a361702c0dc9e839929f8b5803,0,0
ec3f78f5a2831d4df9f7858b8a1c4fbff506f7f46756281f4e230de8a93b720f,0,1
1c72254540012fef494b54b7f92b32115b790c9edd00fe3bac6574e00d70fd4f,0,0
7aca716c5ff352765b96f464d1d0623d9b24ab91ac105b2964e7b36ed24fce98,0,0
0ba6ab412218d142d1ef4b3cead9204b3d7fad85d9dedcf3a947e764380543cd,0,0
2f478bd7edc328371d36f319e72be3aeee4f112caaa563eea0620cea185156b1,0,0
c955f6efb37da4624993493d6e66f6b6c44554833dd4f336a6675b446fda534a,0,0
bba9ee6ba3cfe0e1725303b38230ac439b560e676ddbbb2eb81548609f724bac,0,0
066a1a7836413cc7034b07ea3773e2da930cfb0c831314d1bf79870c150264eb,0,0
38b4a80db9a8114c64d33412102c5ed8b63c16db754f100267efd7c022dae9f8,0,0
622fddb843489b9713fedbae89551f6d69e63c4d9156c0dec7c05acca08cf77e,0,0
a94829b24d5e9c8f676322c1365a58ef6c86fbd301b8d193030ea87ea0b78a57,0,0
6d95eec2c25647e60703932fa45c8e25df7b15643ba22d75075a171cc3e82349,0,0
aad5f5d7e899071637bc604de1d4bf455b1809b76177891a3fcf43ebbf7b456b,0,0
9ebb79215cb1a6af738c4988c0bf269a343da4d29da6718413c3b8c80d522977,0,0
1a254d2fb81bb7c5dd587c51fb5ae9a4ca07af316f4843e639ac114edd684f46,0,0
e6f8b10857057ea1443aa4a1d7757cee823626c1bb63ce01bebf1d96de379357,0,0
03cfd43d6e115541507627c48c011f47f2d95cc8c563b3be0756e98aa4cbc789,0,0
416784d9213f816ce25ce503e76eefb391211fab2c4dfb809831d5bf4f154eff,0,1
16165ee6567864cb06161a8cac604f0cd8738b8b69c8f73956db671dc06573c8,0,0
27b58762e7b1c55fc2ca9f9df205c2e205e6e6bb238df4bdeaefcc7cfa5999c1,0,0
7aa03164ed371d8c009767fcf2810c8ed78c4254d2f0946533fe8899d3cb93c8,0,1
43a1f0eca4dc83217f1d10c6263b8528d1437dfb37541bd18dc5034b4d825534,0,0
713f2cfacbd1a1ae2195a1823b8f899a0c065517fe1423d019b5e2a486310767,0,0
16dc682da37f78ef22483d64473cd34dab4eae5f44d4a927477c8fd02990871f,0,0
91d24628327b362262919d45d16c482cdec5e03103b475f2f3a93021e7fb6053,0,0
f0b3f4f76950a0a4fd84d17e9b15f490a375163b192d331232c681fbcac54452,0,0
202b7d050854266ebaccf789ca67ba572ce6fe103deafe5b38bf5434b0679237,0,0
cb6457dda82f12e8d3eb264d835b742ba32e2b9f62f9e0eae76a7e81c3d04293,0,0
d9313c1bb8945337f1548c076dc07a4f023b0a5c939b3940b641b25fa51e35ae,0,0
6f3c9d8937c70268c23390e2e6543748d4f39d45ac1d2189b9fcbbdd6252e5e7,0,0
6afd614eb1158157064957cd21ca8fc1ad017e124bca1e8b53310d0d13ba7c70,0,1
0a16d2f8fcfb989942d5bd4586e081d415cc95d3c8e109b1c61f8213e2731cca,0,0
2d5fed0da9af4be66e6fc7a84d42605e67b06ee8f9c5b0629efb29ed6aacfcd5,0,0
0e60e4354166e16c2e476c96d8f8d9773173c36239ba583c4776d4eb8b1445e9,0,1
e91e96853f136bca03cf260d1636490d1fcd91d903ec1bbc88a73ff2f0cdf04c,0,1
dc925ebb1c82f8dfc291ce9cd3c9ea23837e08c85734030ce5e9e1dddfbc7d90,0,0
0f3b688390e3a404e57f9de65fcb141466fd44a019871a517d75e855e8e2c803,0,0
3f29890a317f174d95c79f0023ad744b58f5331c7a0116a2d8f3918540192e63,0,1
7eebafabbc3cba7eb526174968a425be2d2b28e8cb83b0e94192ec2acfdfc7f3,0,0
eaf5aacd7d40a3f25ebba8b9e417ed945ca9a79214b7e75469895597172b17a5,0,0
b35097a746296aa3133c92639dae1a243c6c118a363dff52e43350ae0b65fc22,0,0
7d5662da1e5e3ed0fee05b45c42940cabf230118b9909912f5b464741431a1c2,0,0
9430c3fce0580baf999a4f6559d7b4935c073095022d843baba94db13a9041c0,0,1
d9a019f5e699c936de6f8bf6fcbc54657d001e8672c1d002d0218a76ab634c57,0,1
b3feb85f80f2d49434c407316b6cfe7d8e7bd1a1822b546cfc67ccf057752df6,0,0
15428f30d1861d9e67ae2e9c7526022045fb76063bc8a655b8942a764e236814,0,0
1605e7b1c36f73337b0dccbf412a303d494c05fa97ed046836f3313df0674b7d,0,0
68d8c650bd482b709025dd04fe14d713c751a833b5d7972f22e5a5906cf02755,0,0
9e89b5944da701901a87dd13a3e1c01f0bcfd9db8a609cc276c708966ca91cb4,0,0
a9adce24408ad22d75628ca1614c6b059fd9dfe06c35e7c8bca97e0e9fddf0ff,0,0
71b68103d4503840d2b936ff4feaba97d4eefb3caacc989d3f78be14d78070c0,0,1
5f800976a154bc71f1fb4d61a5a046677e1fe045b254b25a52dba42c2563d56e,0,0
f02faec4df911ac5b374ba331cc879f120fe1128ea65c1bd8b4553730a178283,0,0
af297ce250ccfe4ff4cc7e9e1da00910885896e5b9713c9b603ed71973c7340d,0,0
77cbb790f4b0cc64c18797aa722d0ef9a46f50b4310ffc4af459728e012c2cce,0,0
3d96eb7b3bacd82d1397257c3d6a3e26e94c245808319e05e9c061fda6115873,0,1
5b192b918194b4b47c561296d51df0dc41cfd6689467a02455221c9174d046d3,0,0
ef10118e0bdecb99afae8e4c766c3b90a9b0c23627c91fc842c43d0d20880150,0,0
4ba2980f6cdaf03b121caabc95f5d49e51219fa465d6bd35bc14f1bdedefeca4,0,1
5e7cbe08290845e830c699e30744c99d3f54aa40ffdac214b236c0cb2430d00f,0,1
3c08a3f790b4820772dddb2682295a569b5ee33934c65f17091f13ec13a62771,0,0
6e7f55ecbbcad4bc1f03c4394e70e59b8dfdd875113a7ced1aa0a03568362011,0,0
63628d555395f0f8dbf2f3ad3403a91df1f223e288d21d6e7ef8e14f050f9f7e,0,0
236c31ac4d149b8d899926fbd0fa79fe5fea0474cc87e4f4c1af062b46a0f0ad,0,0
9ff741387b7cec765b42baa3921bed280b068d9c1452cb8263d7731f3caf88fb,0,0
61b0339b6a7731530a9b6d910887df1a996d39196ef18804c2ace5994fd2bec9,0,1
6871032fb82c2cc742dd99028db8bd8475e48127a4d7fd65cf710da7f1753ae8,0,0
8b7a5bacbaa8f650c7136c382c5f3a81d71b03b34cf6a838f2717737a512eba1,0,0
919d5974c41509df0a641499c96029f226ecd4e84471059920d2ef01979239e8,0,0
941afd18bdb816b9f7e96d612331436589c5252503472cfe06b59e041f738a65,0,0
ddee68df7fffde13c145dc85e1eae061772c62e435524c91ef859292658221c3,0,0
027196ddd588f0a1bed04480d6b7339c4d38a2f5202d1ddc80e3cccc9f3c18ff,0,0
bcadd9dd49d5e1ffd7f4a5360c0586fdc4633b595d8ee9d41485c5236637da50,0,0
ec7fd233ca4a3fcb4f0d8525134ee0072f716d2d1c9f8e1eb0496e6f5a6192d7,0,0
e7bf51b4033cd56c1a759aef339638cc863594b3357acc8d5845d4545148ff74,0,0
65f0862de443ad525ca323fbf6b47f33ba041de58570284b4e9fcf52f2274899,0,0
25ba2f5c99ad1c314c1a6a67c52b68b5e461547f5091249dfef1aad77bbe92db,0,0
e19532e4d7112419aeeec423471094f4b1173048d74011ea6ea9dcf187afd674,0,0
b2e17a03fc0d98dbbaf21b7f5aabe541c94c1c5a122e09bdaaa2478ccbccdc71,0,0
83614bf6b6810aff2ff4b35224bc09b87071aef547977534e40a9c468d6334a2,0,0
03aa0bcb1b47067ad3ad47afd050a8a268dadfb258443ff9c2b4e36561b54625,0,0
73f5c339080a51d3cab6a6353ce4c0bdfcd3085132ea4606f24e221389408b45,0,0
beda0c60e97087dab3dde1eba9e7a0b3aa053e1c00fe0635b0e69f9c52afd77a,0,0
9dbdf4fa5aa6b3a37a27ace1b7851df571750ce21d97d67a7a98e6f86551f7b6,0,0
63ac212f73c140d022a74321658bd1b110e71e86c1b5495f7ca01dd8f5086c73,0,0
3d055f4aa731a2f83f69e20780a846a798fa78d5bc8be6a338a450150edb4dfc,0,1
ab0101c99842e04c48c250b1f575c966741e420f9ab1bd12930940f1885a839e,0,0
40ece4d756d91368f074002469cb489e5c6419504de9d4b3a65fc762ff110caa,0,0
40b776e3debd283821352bdd05ad9f94e4a26b08047611db251a94baef2dd475,0,0
ac3a5d3e50d16de2b4b98011766fcef7b468a0d88ff4c83aec5262eb388a3cc1,0,0
fe23f9a6e101c2145503e932001b3464cab689b8aec66091399aa36109a985e9,0,0
907eb7fe546efa19f150087bc221b7f89e841278134957cba436bafab877212b,0,0
b5d3a5843933d8780d785414a0b5f679430816047d9fb510a4231c65f27ba347,0,0
080a300ed734db4ccedfa73d95ed8034061f59f301d12e128b568bcf4e38d67a,0,1
a4428cbf3932caeec50f7bbc855a47a59ab16634c3050b03a9a70c925f411287,0,1
45ee9ad23eecd2f27b83feb5145205a3563603db1b82b9bac16205afc0ea93ad,0,0
2110f1a341284e31113363972c750ff72925523133f52768552ae6d613078c87,0,0
55c3175054e7fd0101168118034001d98a6ae09bd657052a86e0a46527e9f403,0,0
5e4f70d42ca72aebcfab0f35ccb1db21aed54d06e3415b5c9ee731b496df74ec,0,0
10d1f0379936cc529edb96ea1a4a6cc6acbe4634e7a9b92570a12c3ba0e04cb0,0,0
bb36dc342c273730793479aa55d98d00f4b3118e6dcaae98cfbd312b871ad67e,0,0
fa22799160c2333bd4d8eb2fb29162fdc8b47ff1a8b8c26a1d3c565899849fb0,0,0
6d99305dd23d36320a59ac79f5fa64d5791cc8c7855c7ff5e2cf4cec048ceb59,0,0
5f3d65a68b1fae5cb94c568ccc703b10e07d6d2f119603163ef9c7ee34ac3042,0,1
67a17acb0c1f6af9fe4c528de172a88011b7aa3592a47097fafb83badd79af5b,0,0
151bf5b6c21de2b854f753def47a34ce2756a34eaec5346ac0e53b32ce68aa87,0,0
bc3d18b922557f26a124375d1f931329b400bfeabf94538fee0fb2a2783fdc0c,0,1
68694dbf565bf091de7be28246e989773afbe7a961c9d2193034910fad8c94ca,0,0
8b4dcf38f8f2640bfc4909c12c020d8df130a7d0411445870923967649244977,0,0
46b0c29c97567d20b554e423d05c422ec4f2b8ac9db5f5a96fa7fd5bdb6af1b3,0,0
24616b5208d411b759fe27c930c4796ef541ef181d3ecb2295c2c1f6947dc0ac,0,0
45e75079bfe22f64ed94fab2167798f49d31f43c0219fa4a2f814d24d603665f,0,1
5671dcd51a53d4935076419baad391a1aef4e6080b44adaa585b056c44b216a3,0,0
d8ed3567cd143983030762f82f4c044d47a5c36129676829635d090a4744a683,0,0
851a13caf41ab803cded94aec1eb43d17f388c19ca4b84b5f0e5da0eac1b1aab,0,0
d433d75ebc70d86eea36a0be227ffa2eabe84e1b47e5a1a99fb47a65d3132443,0,0
b7eef82944726c8a6a63623c3088477b9b249e414db6927ca51d2d6d416f2fa1,0,0
dbd073443e9a2ddfac1cc0c583f9497bcd5d3c8782bbc8ef48f213a221795acc,0,0
4dc22701e11ee48fa7b8bcc662ae340679ce9a9c39b379303cb33a80d7039ed1,0,0
15f34c018c3e81970be6f18428d241db22162a6aa04e8179d024161313092167,0,1
ec4f17673e358f79729eda3c688b344347c0955ed0cea09f5a3b2c676969e466,0,0
1ddb68c175b0eda0f8a6ca49ca2a2b1102dc888c8a98093d4adc7caf83731fae,0,0
e0ce5fd8c3e55f6cbc5a40e654e515a5d1ed750fb0fd6db0ccfda2765d0b83b9,0,0
a798649b976d602b68fb6758213257a8e27945095dc677a1c80864aa0556d375,0,0
bd52d9522ddf04eab9b2e2271ef1bd331bb03f99202592c946950dffff2e4aa3,0,1
84d725e2d7482dbc6e2c6944d942c1653305ca54dd4305cf738a79fd0117bb37,0,0
77f4b57b533e161ce7d5c545f32c66e98b3500239aaea86347da35845fb393cd,0,0
353f724d73e4b98e1a2e74b0d2d41035082b09e725815a8c54c505ffae520327,0,0
3d3ff720fcba62acac22b2df7ead0ec623e770d4c9f8af6b28130b539e417445,0,0
844a5b69424e82f21df77f55b2a9f9e48a03c43c4320c2ebcb679ad67ce41d64,0,0
426844950dc3076badbefb3f4dbf151bd8380c877afad1f21559491533ec30c9,0,0
97cd519f90e5841838f650e041084bbb7a80c9c13e4cf9b00f3eb065596a3fb2,0,0
b9d14eba7579bbf3d4d6b3e2b30f6b10a1f33f9e881368a553491105906554e1,0,0
4a5321bae032e59bb50a40d536caa47dc7c17656b57a578a7e67ceb7631b9cd3,0,0
56e239b6a273b867a8ac5a57398ebb71fc7257b3b349044c4645f0beae8267d5,0,0
bcbcc8ff0265391c0bfd57e1ad6e5dcdee774bbacffa278317a901e30712a4c5,0,0
e10fd1dc7c3e535f7096daccaa3083d1db381111836bfd6aaba97305ded01a37,0,0
abc901ba301ba16953de94be06caec6691e029eb6c32b27fa60ea59ae4d8532e,0,0
ba5d163ca7fe09b938006bd50be80b548e0953ca2903a1a6001846e06a58ea88,0,0
8fc98574976b5ffbe5ed91ae083c4dd6d0d0a097df6a25a1c162903bd4e9229b,0,0
aa040070dccfff81f6f8bd306566aaf847c421ffdfd95c7907f82d397134c33e,0,0
067ee49155bb1274e0c5c77f1debaf474514d4079c697e6ee509f8129592bae1,0,0
1a8892f798b3e1c09047e58126c6575bdd5198d173360699353a8ea51f4a9f0c,0,1
2db0c4f096a9646215734db0ee3faa07a9b698990bf54b69bde089166c2b0248,0,0
865acfa615d551c24f934cb978da1d3cc4e96a029f6927e818cd76a3df713c2e,0,0
6a644d17be6b05fb16a4497f29638518c37158ff675d583be04acf661de2e319,0,1
1c5da403f8a69e88126a9bf004ba03891be67013f357988e24ce571be2137a19,0,0
e00d098e72e23243f9964c36755ab2fdb946968a03ec323d1ed98d8935b1b803,0,0
96cb8ed40e79eaed10636f7045fef9bbfdc3ba5df05909d198361c4422960888,0,0
05a4b6b1a0c33b760bdd8b00ccb34da579c2c401a314875b19b0c693f2093925,0,0
4f16d48700b6a876ad406696ae624ca5d0939ed5710b607ab8187acc11e12756,0,0
422b92c68aa7a3bbf949f9af3c0bbbda1e61a1df0aee86ecfb5869c77395159f,0,0
f4cb8f6a2ccea506475bce8634081bed0ab6c97b9e20e27c9fb8c05576d7fdd8,0,0
6e3f929291cce26d4a1f9cce036d79a65c8e3ce2909d8c8c37d5dd00609f1a9f,0,0
f8bf6af375fbb7055654aa8fb6bf7eabef9564ef4ab70b8678d754c7c5d10a6a,0,0
eb5859faf36f8e3772117686c0dc4f1410efc58389a52d385acef7024dfcf8aa,0,0
6f60d512772307f4653e90c022435529fe468946cdd128c45213966320e852be,0,0
2ba262614f701e928c48b9ab0807e7168317f202bf2b6172f9ee76c5e537a12d,0,0
cf647e9ee16c5e99120af05dbe4748af742492361b629128edfa4afe9d46396f,0,0
a99e39df8d1a7864bba608585aab86603241a1c807985c1f3af9546fea912741,0,0
52974dec589ac28fe4114d8a7dfd3b28d59437db786e70ab7e8a2210e1e96279,0,0
a689b009c5b0f9f287b6cb0f3e5c7f1895ce6177c5f4455c92fbfe462889806a,0,0
ef9c59398ce4c572e756f81e5032a62a7a2b441cd25b7c30aa0b4dccd3aa7bed,0,0
61f3585c668d610ef72fdf3e69d1d124a4481ade3f0856965db1356dab2db435,0,0
6f3dff903d4a39080cee5b5a8e742f846ad020f823eba3e38abc658fccd6fdcc,0,0
ec5544b6cf9e2e53babb9e28a2c0a274c1acbea653c56e905786a9958726137a,0,1
cd71c7b1da2e0c1c89ec7229c59575465a0d83fcf44ed8b715d85b2c285f56ea,0,0
f6c82dfcfeeee6d17bad0af8773958c0979d364dfb5d1ae6546a25393238d80f,0,1
1784b62fd0d853d6819c3318c6fb2762019ec4933a0e5277d169c451198fdb98,0,0
07318ae36e9053861c6c0b0b03e7c3f42c7a673c874d722682a9a0ad0cfc1563,0,0
a4c865fbd14505b7cf859c56cb00db306999a5d1fd7b837929ca738ec9ebc32b,0,0
1bfff582b7e3a8b3eff5533beccdf9eab485cf0d21165a98f2e86e1b935006ed,0,0
c35d499d8c45e2e011f40a5b291d33f15d606c24ebcf4961b0e9c991779a9814,0,0
3024e339421cac64cd747fc59978fc639c28556a41a048e240bdaae3c03e22c7,0,0
4d0d7d7388fa8e9c0d39e1177afa10f84b9cb102cc574fa3ef6ffa3cbe5e300a,0,0
983c769addaf5bd8971d11f5530099b219a2e8bab83d04383ff87baa4bee1a06,0,0
d02315c359355b031adbf361ddd4e22f05c5ab0819af727c3156b8e9700ee8ef,0,0
46695fe55f39a11c5abbb70f7d67d9cad0173967bb2f56d778550cc84a7b8962,0,0
8054b7e6a01758ee437cfe0aea457db04342881a6798e8dfbe5b292548402000,0,0
afa7f386cbbe4bd9a6236bb27cd834f9cb49d8b7496b4f33d714fe0dca5232db,0,0
250a594a421f6310ecefaed7c09196cb49225c0b97e836b8c95d0ddcb2d5a969,0,0
213bab389b63df12ee915bfbbf01b3bd3d53a763355b38b7e5c1ba4be76c28d1,0,0
84296f6f5eed0541dfa4e3ec65f08b2ac2518679dadc462351bf71aae49de4b1,0,0
c31b8ea1f6a6a8e49ae8bdcdd162e4b749df0f6f8bfba0f82675c75cd716d17f,0,0
d280dcfd8bac588dab13ee86220731724e27b9283da05413ccb193c43b6d94b0,0,0
14947656a3f2847bc8b99017b59f679241ce582a8ce69f15e0c103cbbed540e1,0,1
3a2040687695d22a9cc61e5de1f39ad4e49764be04b17daf13dfda2812f8998d,0,0
b80f940afc967156b43f6f6258b84c34c91864b7a1677fa0b16d3f331a52a442,0,0
ec41539cffeba9a4ad9003b1ec50c10b56bc08847e8c96b5ade7fc83e1216dff,0,0
c91b015bee162e0f2fad018d86357d236a214daa1a27673cd7f15da52ef22887,0,1
cd30d8b585a3a86fbc7f438b884964bd0e331bdc90bb46e85eaca1b992957750,0,0
99a3d3076ebd906be1a1fd37fdaf64ae779bd6c82209f037c44b7f6db09f2e4f,0,1
b9bc20151400be3b5f7b4d1f0139aeca24820f114d15a981535a608547abd379,0,0
99d2cd60f959397cc7bc42648ff69d96a4fd2ced7f0bc6a9b0efd0e845d0a48e,0,0
a5dd6e1797fe8c1a76805110c0f7b3fbc480dee2231ec06c5086c611c741aa18,0,0
a92a3141eb94551336b399a66e3bd44668952742fd3867dc81d44f6944bae67e,0,0
e4e5e5e59264e3faa5dc26919650600d3022d19cbc44dc3bd8a8266360e7f895,0,0
557ebb8de975f8f40f9befc2ea7af37e6aed84488d98837a47d416341ec9eaac,0,0
cce7754fdb45acc9110b0e794ccdfb117c1ffcdbb38c38102a46bd46f1952a20,0,0
78ecd13e1fd1cb5d25b9513cd9015ed67fbe2a07003a8d659df2359b419e0f9c,0,0
c606f2203e359e2f18f1776fc5aff9585d75802550f0990851b91989dd457c99,0,1
323f401f0159616a73a8fd81436dc4499af7fb02c19500221af80bea447f0d9d,0,0
8039ff0fc7c36ea800d15e0917dac4fc07855c1e4ab56dab34dff8578db47f51,0,0
3e7ef228bf62d2392d893e01744a6a2f36cc081bf088d921e48daa5acbb8ce10,0,0
4b63b9144669124b7571e0778fc47ea9b07c5e0cea5a712db6329ae7d7ce6e64,0,0
038d9330fb66172002ffb7c2f88084416dc9ecb07339ffad204f3e32f10d4ea3,0,1
ca7aa3c5b7a424f9f558598a1256c558b28c2939bf9bcfa0a3e0155f870319d6,0,1
d27bbb363b38ef4ca1bbd0f2944c5bb9605f442b47154e9a6600c890a75f0792,0,0
c3c90d3e6f62fe5c35dfe102fbe4f37884fa955da7b0bde7319afec70e690b8e,0,1
c4685ce52143ef3afe9e7c66ae0f47e5a4df3107414c526933a2d11432cef0f7,0,0
17f9995187b81c55e38b2dec2e5e6dff4322d2aaace3ef457470cd451a8473bc,0,0
c92d9a53a137a1f7d9464c0df9783bd3ffc635255432bbfd2fde3461e65613ab,0,0
3e65fb9bc966971747702d04ca41b2dc10d0befb34c46bf32ccaebd657e68de1,0,0
441104c8812a2bd247d2b2ac1d474bf9a20a68202d78453db14424fc9b78bd6d,0,1
7cb4c9dcd2482a093117a24adf6f7234b2de705424a0f16ac94181eb4f84097d,0,0
8b8a2da403fb555f32f67d773159efaf0cc7c6d5f70802103d6b08e6caf66db9,0,0
bf562d7ab4308f5a6f53704425a98b4f52cf7fe7248f0af839c5ef7d6926065f,0,0
ebbc96b5b9ff0bea3cceb8279e8534a6726c0021d2c4eb2dc94d1df05889f6a8,0,0
e34979894f86aa6e7378f08bfbcb9dcf2748666f4e4dfe9e31ac12dff9ed9fe2,0,0
6abab806d05137d6d4d52862159ba1789071528f8d7f2fd5063646a5a4f85013,0,1
61330efb915494c096711f1ad936f4ff080d6ee28ec23c567332c598b6b1bf1e,0,0
65ca50dafe149418a6895a9a0dccf16548902af19e7a66b1c42c8e22b8f7f6a5,0,1
7105f40e7c9eb63964315f3ca4c26ca124b7eaac7dc2591ce421e73646714597,0,0
726b31c2f3fc1d26b2a0a35422ca52738cfaea5398da1fd4edfe06d5f0f0e32e,0,0
4bb943b23e72a7e34801f5152bd5744de3421cb1fd4e1246a6422e7ef513fdef,0,1
2861e4fd79c1f85b2f8c4586c814648ba167aff5230c90b65a860435f7232cfb,0,0
d27d3ccaeda25d4c44d56b499253c680a1822a85be9c7e50ee06b1ba2ef8116f,0,1
a53f7f990a7faae0d67059de8b9a3cc7622ebe598a77032de6d10d197034d26b,0,0
177b255d3bc78867878116d72ffbad1f27baf6d277c3a190f15b39b5af6712c1,0,0
3803b0e97f9c98eda9089dcdfe505adef62a7463c1d236a80597999ece4a7137,0,0
23a0083c242963f8e4c86cecd45c0e75fabed8f4bbb7d77e31d2d240ba24e983,0,0
d7801a4692ccd1f18d179fe0e36fe651b03fcf59a6032f1e3a863d8b5cc82bb4,0,0
0324d44e3f60f84eeba35b147c04318e2bd2caf43127ba27b6d2589933262927,0,0
9930f8773d7bceb5a0f1ac31f87ea5d370b25632939a2beeae431e645864b09e,0,0
60a19addef408cf98cc6582662fd7ff663470da89acc5668dbdf059910aeb34b,0,0
9438e8e96fd7fa4f92e96ddf0b8e8a99ce15aa624175000dc7993997afb4ea0f,0,0
fc1ce56f4af4b7504a8d4bcf0256fa7124eb71f5eb3d09dcc63f6ab77d1f5f07,0,0
f57df6b9426f4d12fc375ba3842b8e4cecf67fdbb59133d0e3a31efebb70f01d,0,0
972e68581909f2a4f512c7cbcdd4373cffea74a824cfe2a9e2fc955e2157afad,0,0
a051e6a15ca3630dfc40819866df2d4d27b2627c1a8c46162a992e665bd7f7a2,0,0
9f5e5483fbc0f066fff5369e07dda26449ee4b710fb3bb025298a6cb80b66760,0,0
fbbae1ffe21e1902d540d24dda4d75ac761d003a1cff59e300772beaf2ccdc16,0,0
5b16f1d2a798f1de3f344b7560d5e98692ed7fc1c4315e14809feee54771aa32,0,1
65f4d1bda57a4e2ab973c9ee7d80dfcb44e4400e94ca1aef8429c261b90754b7,0,1
4b0775a6e3f80386c253dfc705b91eb833bea74de7e3f5223f43b8a83dfa43b9,0,0
09659df5e4e391aedb3fa1990f42d7cec1fc76ae103f12c79625ccc8d885790c,0,0
1ad132915ec4525563bdc7b161294bd78aefe8907a45f6370e71d015afb9dd35,0,0
069985f40eb3b41c4a6ecdeb2c8b8c928d58ae4811a1679d2e3c925e96592122,0,0
35cbf3e34b2ebe44a2d6c682997b3ffbc84d705f57eb1eb792ab772315376c5e,0,0
629f951ed650c29c40b5b5090085b4be214026e702c6479c1dcec1a8917ec994,0,0
9814293d8e792a6c3e59882e8d25626d45f776de8d07d71689f19dd48b8014f4,0,1
066dcfc699bdc6f68d504a520f16d6714bb445cd02c241ddddad9c0ff06b3bb6,0,0
59beae12fb1bf5f24a47dd87c98778d27803c3493302fbbb4e633574b3135e2e,0,1
8a8dd2667fe47ce28a374d5a4f2a75102ad0c58aaa13509f0f0bb5589ac682e4,0,0
7c81e8f1a5ebf2656a13da79d68c521720c962a639b0acea0471e542751d4a5a,0,0
9a97fa609fabcad2a0b539c6fac7ff70bf2511ff2d283e06be3b378669c49dc2,0,0
d1096fd300b14961ab4c082ab3014146c2e65fb625153d3ceab243758bd50d9c,0,0
282df7ace989bfc266815836a5c59a464316c1ef2c8fc66c3486619b3af42692,0,1
b30bfa9489516e5b4ef766186786cebcb4925830fc68722b9ba8157559b9813b,0,1
b671a3c5cbf9a7c9754e9dc8516b1efe5c2efc6e48eb77c111bd57f5907e3301,0,0
35182a90b22cf4eb78c29bd76a30b4523ad4805eb53f4e106f16e9d7b962ef82,0,0
15cc9f10b91783fa92516b5d07a20939b4a274099db2edd2a867d2a81f2bc21a,0,0
e45a6719f3dd11019884df554ed2e1233efca3515b283b14556e6ab3af95dcdd,0,0
6a2ab5d9b956935ba4573fd49bfb50be90a72ac1bf31a0712006fb5dca729cb8,0,0
aa4343f038af61fba01ac79a96d088ce4bc8980f9e97971809c888d2d1601a3f,0,0
799a5f890ad69dd056a133a40101691c9f5b2f01c9da23bdf34d6a9b1cc56f30,0,0
dfc343ba135d33ebe2346f8e7b0102aab01ff1ff86e19f3eb4ccb2548d10dd7b,0,0
bd2f87e8e0dbbecc9ac25f97fd53c8a07eda86bcf20095258d2aed7317cc8f57,0,0
6d19fa8e4aeab9c08ebd0b772ffdfa9e26b928ae3976fa358dfebf4c03bca0e7,0,1
cff7cba52ac86db3544a95c766c65ebdf594e141c76ff2fa7bd54f462b4fe58d,0,0
ad851bf0ba9a2bf235dcbccfc81bfd025fd10cdcd91ef8a26971c6d4a2d6658a,0,0
8cf5fb6ea9e1fc2ce90239f829da4dbe99d1705593b215494c737da77e5c0126,0,0
c6d2d00da85e5d36fbce6d4e2363b2b7f07c8c60e97d31273f4f0b362204b781,0,0
b3c6fd3a97193b4e68f5667f4e96f2fe555b137dce26596a4f82fd445b23e3f6,0,1
43a4a8823ac42403351db58292c88c931e6ea80664b5c3aa28e287c6c3fb44f7,0,0
f5c17d77d87cdf1095c56f4c9cc64790c984548406968de406404a08c1907eed,0,0
fae349bedcace306bd4712a33644a3facccf3076e05c6d40c287a3011f1b2193,0,1
ecd81a5785cf9b3c816cd2f738a2f363ebd8c2f982b5aa4dca45051efc1e4eef,0,0
5a86c4388e40ae2399be57e2421fca016711671c72e65b710782f81d3693f4ca,0,0
7e41532412ca3d6cf44f49349cbf864bc5c73fed8479a3e5d63c3d48d40338c9,0,0
aa49ceae25115ba42faaf35f89d558d93b8dddca329dbafa48aab23b7c4e029e,0,1
8b7688e851db7937b9d3e35b94b9e7c813f121945a1ad5b89e109ac20b72caf2,0,0
c350e46cce19d6af17f3ebc36076442703014e6b4d4335e19dce5f92a9c5cf92,0,0
e07ab1faaef1b72531695d1fee9fc9b487c159893101002872f23447150d51b0,0,0
82bb34580741a86bf2cc15ca86a8f4c148e12c4d4308bf9cac42568434696c55,0,1
8052573cb8fe1e0bc116f7a74d794ca59ff0e0ec7a1867c14c97337b50076d1c,0,0
238fb682b10d87a3876e90cac4927f334401624a42229b55357be35a677ecdf7,0,0
a3110cf4c1c1620b8dfdc5dca4b7929550727d00b5928bdd417b959b8cb42dd4,0,0
9153bf80d053bce24c57db162ed1968ee8a827af4ce87be02aa2e2a7e7f53484,0,0
4a684093cb64838aa762258b9db7713f68120e067d1d8522e506c2939ed0c29c,0,0
990dca17d40871275c057025ee9e64b471392d528545ae4786f41feb2e81460a,0,0
0f6fa89f44f4643399e627d30e27b39c01f012b9f0b6be82b0cf8d321c0105e5,0,0
6fc64c01ce52cf85a5c0b2794d5562b5eaeef88d22e35abe9f27fd4ade8853c9,0,0
b5df30ceedfdbd57c76d40b933bf2cb6abd55b468f1406b13ba245e834274c02,0,0
9e0480bf5f125dfa01871df1e670df42c17aac570d59f7635d426f840d849988,0,0
f00c6f4ae7871868846830056e6d3fe8990f0f1b7e21935ee1b7e8e365f450e6,0,0
27116d5ad779367ef0f71f8b43718be2437dcdff906c86dce7eed7cefd94e9fe,0,0
894a4925d899d6e2add9428d14a391e3dd44602c7ba8755122276dc743ebba21,0,0
1e2558b3ca287e6b66d0e23b239987c85fdb91b90f3a9b768a3774410abc3c3e,0,0
2f04ab93e2656a752fd2d9d34e506b77b028d61818da6ec0f7552d97b2b5dd90,0,0
c90f1b6eaf98d254543caec6a01744d5fc7c8ecd4ccbc256c26f383984c81b69,0,0
ae2a2c00dee23b7db76a033f96f82415df091bd686ebe71fd3a4fe86aced91a8,0,0
f447bb7d19b7ce39686c2caab7607a77ad75dc74372f1b2422fbb47d929de2d4,0,0
3a5f6e47e86f0c86fdb2c5515fef3f1ddee8b50929add14ead6436cb86d9434e,0,0
4734201a3232cec8da2abf2b188c5a54c6e09996f20b811f507b253954ba7e94,0,0
d49ec6c062bdd690eb0ce48064b4673689ddcde8b9b35ce276a564327cdebc67,0,0
5739a50d8af2c11ca8449e845a09960a0a29b41cde239936566ec340a0f7ed20,0,0
50c6663034b1358b8c1ddcc2b85f357bd642bfb4d4a39dd1b6e67b3bc809397f,0,0
952e09855573ce9268a69609e20e71f04762f33be2361de2e79f46d5a77822d7,0,0
3dd08630c690ba67d134fcbe467acb96030dfda0b8deac19bdc7da824be75fcc,0,1
309f43b62b62aa7309697c7cccf5caeaaae3b921a1143534162d548e6d0d555f,0,0
75ed4956c124dd0a1de0c6d085005561b3d3d01d000f9cc58b95b4ea62417ddb,0,0
fff389db6a60352cf92addf0eff83f9705c65d758c1dd0c91b9e66124ee83f28,0,0
90d72d01f64ab8ce1e91abb20ca65209a2b7e285dcd553888af435b4b80d4d8c,0,1
e32f0773c153808596c8a42245878185666ca687762bb7113e6c2a5a686a96c7,0,0
ac890877414ec52f8cd696a0eeef6c0c446682ad7da063842e2ae817124fa71f,0,0
ea8db5e2bb5c42948dcb1d7748cb8cba9aff62856d8625c79913bf4c59855f57,0,1
782ce1ef2f9e4272004aa26afbf08b31968ed9a1e03f16596ca43c94c4091bd0,0,0
6b226c56b863b853fe9d71db63c9cb23baa6d20774dd8b2e3c6d84a2f930255e,0,0
10291bb55d1c7141653991eebecbd0cdd5edd2da739725591bde349f73cf93f3,0,0
0a6b509da9c7fb3bbeaf61de052b7e13b9176ef042153f3479aeb37c1cd59db9,0,0
60bcc63e1a8f0db4c4dbda3abd4295ba79404cc35fd23743438fa9ddd75abcf6,0,0
ab548285a289bc9aacf429eece937e3d746739d5a6cfbb3594302381529995c8,0,0
ed7e6b24ad5956eb6f204ad8502126cc7f825a141e3d009c30c10eea8d7a4700,0,0
584b43b1648c3d7b9effeae701e79dcefd81c9a8f42394102e6d49e33b0ad338,0,0
d286fbf1e493b1fb6abbed98087b853aa0dc7138df39553c3effadfc4cea1a86,0,0
a544228cdfaa4c23e50e2c8fc2b1913631813f39f4fca53e13831885ca1a3325,0,1
5e8b1d80f510edcb89d83370ac182b8a2ea530ceacba20688cfc6a067fe38567,0,0
71c1446911a9d68a97222b35d935bb636a7c5e118f3ccffe37e477d82fbed69c,0,0
89eb3d94770153a92742846a75e53e121e820039e6d45170ac3647d09decccf6,0,1
905a1cf9e03b8971f3410830e260beef1b3b42a15ecd70ddb4af764a2491311d,0,0
4fd4fc62be91b80c4f920332a84a6f65d8189b58ae15ee409c8a1fcdf273e2f3,0,0
da45ed4e9d6da940b28ec0b73efa5928837c396a3219d81e8cb94f1323d672af,0,0
d6b7e2cd0d8df89f74ee8ec9e8ac7b7ac5abdb52819a75e8ed3836b04d3fc09b,0,0
5aca9f76ce2461bd0587db980d90b267684ecc8018206fe5858e84811f212b79,0,0
bfa157603ef6128c999375df4a45227ca0ee525b17a3c0ba204fc579585db9b9,0,0
b94544623940f34de2e4445227b7c41705b533b7780630f28e56c986e8d4614c,0,0
1317fa661e97c357158ad001b4ca93157403c238582103e65d88f99068d5d7fe,0,0
388d015d5f7206f019d94e423c0e920c58df444e7e644d1fdce8a70cefd0a114,0,0
acd3a359d91a5fad8eaca24673341012bda37d7f0d0070e3e1d1ebb3e886578a,0,0
4a1e103361908821370810f6c90c7180528991b378afff90e17d8db9e62705ea,0,0
0d41b9717a8f70276f0a5be5189a1ac68095b035480e47e849b679bc8785bd6a,0,0
8c3d753b2daeeb611926c73e3b56a13b05a9dee3ea3d392a982f6a8acfe930f0,0,0
4d37395e17abbf2c457f40b009556a8adf12a4b0d148422d2c8a1028e60f3012,0,0
bb64bc6f10324bb23230835511084b32b22eb5fbf82d290fbcf37fac94838085,0,0
3559f36f1a0a521909cad7a947a162389bac2a992dd581f73085ad09d6347e91,0,0
1bc66c746fc60500a7c690f453063c022eb0f125f4aac95157f717807f9dbffb,0,0
2c83d9db6dea8a3fd5e1406a3b6a354758aac07a9e27d726ca9fa5f181cda606,0,0
ec3a2d0f23331a6c8413be64288524a618a6ab79b02e4ccb3377a33b3a809398,0,0
09bc0d0f1bad7027988e4f71c0aa67886eb485e72fa49c3b8db51c9886ff9d2c,0,0
7925d1aa7c8e15862c2b1dff5bd6e62a0ecdcded8c61fb62e0e2cf4c1e6301a7,0,0
ff1015b9e75b9715430061b36f5c049df7186edbce2806f21f9552be0abf3729,0,0
a147cfcab1daf58eb928897a6c6f45f0b6d8b74d7298a3d8bf228119d60d85ca,0,1
42d7173fe47e0c1a6efbe41140d2f021073d73f5666d6b7cc0a7b4a4489d8d14,0,0
370a71e9ccfd6f99bc6142ab34ce8fb495d004e64d0721f979a2e31b4ed36c28,0,0
769e81627e71a110f69ff243c1884e363e55da6cdba17fcd716097a8ad328950,0,0
85c47c3897451484e80aa56f70f0040dda0d492db2db956e8b227d214e00c25e,0,0
fa4017d4f535f27bf1dd82f7527105fa4c1fdd4fc1132d6a50a6b058fea9d030,0,0
18540d5f800be603e9c862fe8db74543863bfa28844bd685a9ab82e09193c6fa,0,1
854473263c7c653e3516c62231e3e98c1bb91a4ca196546807034d6c66b258fa,0,1
ef9fa9f8d9fe1fb06fbfb41e4f8b285f1aa4a041d5445a258ac58479ae86d548,0,0
2fe517fdba8ad8fb88f0614877d5b7bea02bc9b63c63b8b36e18708a32334c2c,0,0
6eb188fda7301c89a72fa5a44bcedfb9d5986eb9a16152c2482b6e8a5af3d453,0,0
caf6382387d5ebc849f193d71608384f26cc101ea139920cd92baeabe6e80498,0,1
a5b4b40d8a35216205ea22cb86cfcb6318b7158eaba43d324a153e258823b6a2,0,0
95ccf93b2c2004ae4ab05876e10f31fb6a26022f2da290458f9696415dadf4c3,0,0
ed21c15d5739c621c84f89c52dbec2e7f150ac210a19f2d933acaf0bc5c4c6c9,0,0
64948e045384ea043360d95e5df704dc54242b6960e8f42be59179d4830216e1,0,1
992454b4f320b27c8d8d1e688af5f8fdacca69c4339a779e87d6daf38be90a6a,0,0
141936bea11b702b01f495662efb7b1781b660d24d725c042a3faa9ebe954156,0,0
cc69b68a848b6558f85c0afd1bf5d616cd365d397047b7f738c83a553b734ab6,0,0
a5409114cded781207815963036c61eb5180164e140c3cbaa80e925ba7be2ce2,0,0
5407427073ff26170b6ce4973f3052c91b7d22aa7c5f2b9ec0c9f7a724993d2b,0,0
ea37714c3bf3ace2ec10b74acb01a78e636493f457f15ed4930c094bcbfa0499,0,0
6a16ec2c97bc4f397e3170cae4aabd0be71eeef12270e268f3fdd2ac97aa21d3,0,0
24ef9207ebe577f07a3e8f9299bf9c71d5da6d747081dac2916d56a007761d05,0,0
574557061e30d3fb6f2afa799670b38b5d91d706c783cc61ccae96ab19b21a12,0,0
bddf0951f44d64310cb6b266370e24759b5e16aa87358a0e37de00287c5e5c2f,0,1
60a75dc7186c334c1f74ca3b27dd827f5b4aad780e5108c02c9e2ba7a6c3521f,0,0
28558bafe0a08cb2fc8c2f69b63ca5b04dea4369e050b4447b62974da41c6996,0,0
d4b2475deb94fba18df868b31734db1543081aefb6a37f9ac9f775c2e5853fde,0,0
cf6857edf2739aab6e23a9911e4643fac12274504dd50c6af462680267cdf54b,0,0
9ba941de1e0deeb680be1739539eeca258af754e0dc44a2154b52449987abbcf,0,0
5f4956a3416032231d9f65c45270135d8bea8e695e28fa8b0c7ce887ee00e8f0,0,1
d91a89ee620a73af45e7c6d4dce07fee01bacbb45b385993a9fddaea1f0ef721,0,1
447dc1cc2ae054147e2fbd66f49a37ff48e7e7aadfea69a27c5ea71fdbaafff9,0,1
ec65b0f974a4edff2847f1f293bf5e645e2847569dd112571082af273972b46e,0,0
f26e9d74f951333cc5304adb5a7e1e53b869c493edbf2ff1f3746c7066375d67,0,0
aea82109e73a3e65e1a1f3d442f8a4b2441f41aecaf0861fb27f7e757f4316cc,0,0
ce7284c7efa29559e73d70042518d21a042a147f66022ba78d71428dce211ddf,0,0
9d808d0bedd3be80507c5895bce05202b11570473f5bdbe8d654f58b0e3ee172,0,0
fe787b476b598028f444761b2fa07ade68ba35357c876304f5138f7d72038c0f,0,1
2dbd5f129553a5f1265101dbecc849e9f571fc2aeff042c5d92e140947c7e6b0,0,0
4a98f32e75bbced7a1794afb71e7ebfb5111a02445c7ede2fb868c0221f55ee2,0,0
0642e0545834c198e6d8d323037ba5e793926a4c24dba67211d9668474f14183,0,0
8364c14d8f30201cb35cd86fe2c6de1a4954e8d2c1efe9ecd7455b4c78b2871d,0,0
1054f4ee4bafd015f2036e99db17955c05450ef59760edc52768332d9b363ac1,0,1
15b8b092c4312389d7d0263237c3a2fe2773cb1f81ef112fbbf38edce5dd81b3,0,1
c40cc610b33746ee61e405ed86eb6987ace69bff05a29a793490e94a8fb7bcc8,0,0
33974146e10a99acad4910dcc36e3104abbd844fa568d7fe9efbdaf9a4cdf0b4,0,0
52a89c0442f08378baff6403dc3dcd526985e36f7c4abee734ba30ca21707429,0,0
a57d1342c157652136a28fef583b4905f7ce938527f89ef5248ece0e4c43a875,0,0
76e72b6ae07879b3ec52ec75b2009122a056772b70137d431a0b692d0ab34344,0,0
53566ceffd82476cc440774a16b7f85bc5c6efd755b2b33d5df7b0bf55181906,0,0
0a4e2df26e28bd08486b432b8e59be2773f15a638a1b3fb9060d2edb75f3208d,0,0
90cb6afc8a1ab9ba210ffd9afaaf138850b0e7ca92c3559f3cd88ec135ac3337,0,0
9aa7bd19d8ea482cd1015291b136bcc7dc4fb9d99f6022cec9a2b4a46ec7072b,0,0
e555f6d5d6e6dec96d61e05b28eb62c7639054af6e9f7cfaf84d72af36162a62,0,1
ced8b8674a541e97011ff0f600ff86bd168df388c8633357a54c5af3ba012168,0,0
3484cd9896a22423f1a30e7b7e501a5e8375336c7bfb616653ae774c30c2178c,0,0
7399fc3dbd6acca78a6eee470bc0b855a98f00ff80e2afe29dbbe6ce52a7ed40,0,0
fbde96ff49dc54758a83ea25ef0fd52d134929977afec9034329c64e758dd621,0,0
8848152572bb4bf4ee96056ef30543cbd33696f259aca345c497ce1b2b905f12,0,0
b95e509ed6871a926824b1591b782e4c383912803918f5d71e83e929120d7455,0,0
24ed969b2b5c2470b915ccf601962c05ca0d9351492bcc93d9a8bb8faaec3ed3,0,1
c3f1bd880a533d1ec1ee01e5840dee2ac35e17a36b609c39d1c91a1b82f8e9b4,0,1
951745b9ee223f6b3409af20314862b995514a32321b40a9ea1800401d1533b4,0,1
fdaaa537125cf5acd893471bf12c3c49b6c9bd9d83f9a2bf7eec535e64f483e1,0,1
72c037e27813a5dda2b9bf0c253db2be3b15b33516ae975adfafcc5908654f1e,0,0
d0fb190ac500eb404aadab855881b64115f2dcb55333ff30243c953363e6ad2e,0,0
410f3fc69c6e699977843ac989e912dc024b7bc14b7ae7803453a329da79b884,0,0
24a53b45e8d590154fc015aea3a3ac09cc942295a27c5c9ff39e7c22e50471b5,0,0
76718b03e4ca8b11c6377dbe4f871efcc0b9ecb74edf6ce56e5537199d61d677,0,0
e4ea8a3db4eec34b43a64b69cde54608570fd06afd16219356fbbed6ee6267bd,0,0
ed84cf9ef9e4e9c6da00ed04a3d4187b520dfaee7dfae54903506feeeaad2672,0,0
5e3b74ebd62b96189b81a80327d7ff4474c06b032de9b819f935bb78a2a6ce64,0,1
c6224c8b2d560d1d39a8fa60f5200729111d2a4f5deb6cac41c412053ee742e9,0,0
09a0e31100ab22318ad2e3667f7e0566ea0c2e5905ca794a3c33cb44baa70429,0,0
3e1e1f6dc621b899996e8bd3a9bea1583962845efc29e2cc2013ae91da640fef,0,0
e8d6a80c2aaae174b5cfdf8875146618e938657540a7ffcb4da1f7b1a50793e2,0,0
2bf52a3ee8ac12ade2b91f3643f8fa1c35a9b594078160152e111473e58072f6,0,0
25f5c96c3f1d7d066792d850f2bd9982d6065422f6d6a2aebd78b320a2e7667c,0,0
427219777082466019c4e6fcad17932340dab5500106449416ff5b439d330081,0,0
f2cf77ee41365b4ccb128e162dbb1dc9fbb0ea762b1f14cbe8d3f0976ea0a2ca,0,0
f9fafd86f7129e9f221c255a3af1c43e15306823b2d65e37727d006fd0ed7d85,0,0
e9a0e3e3b3c5c6e2fbf23cbd3b61a40350af2c08d0624eda7a0a295810614e84,0,0
c831144f2ca71cfba652ec45b93cfa0283924ee8f755a0ded12acc3ed03568b6,0,0
4a382ecb657443d7a651c96928dd2aec575cb8233251d963e91b3700ace39f1b,0,0
a3ad51fbefac7d6402a7ab3f5574370c8363b24b85a0884a578009cf69e75c5c,0,0
35220cdb5c4f3e329029be38aa73d79002006ba302ddad4108b84cc12b78c1d3,0,0
755956792213dfda31ef7cd6f429c3d6c97d9e1458824c9ea7885d457847c789,0,1
10dec44560bfc23b132fcf16af9c883344c8f8c88a41c88003f21af95187b8ef,0,0
d3fffa9f637d69a2a5ac09538f7eb07e3b12b149b2c3592f2c9426292a844a1a,0,0
135b60a747d4999ed5abbe76e8dd8eacfff675f574429f0001c87324b04d075b,0,0
0ce629403e18dcf28c6dee0ea8093352f36281c84e3596605d92da6d892828db,0,1
1a4daaf7c44b27c8e6db1645625b351d30fae3fd8347b75f7c5399a5f2044359,0,0
71d3da1f67b2c32f726b82ec933ef52023a91b52985205153cbba011b0f7fdd6,0,0
c7fe26fc345413485252013f800d0e9ddb52a0b84e1b2d4d5c16eea3caddd2ca,0,0
2d4f61eb48755aa106ff5c8b4b11fc2213344e1b2cff1f0b8b04d2b4b48dcb2a,0,0
4619c1dc19805c9588f02d82b70ff92777e7b3a5670ad820688339701d27a001,0,1
cf8a2614a1847f8e5b82aea55924dd9548aaf9f95a2878ed287d86f0c824e724,0,0
5fde9afc19f0d312005e83e5b0d7d1044aee0c2cace28ebf1c8d48bd0b408d71,0,0
832f7d47d687af09ea2439d64d932ee4fc312c840961778358aa52f1e8fab2ad,0,0
ea880bcc4e6f8dbbd9e9a296dcd6e917ad2257af3e82fac47de3ceed68ef9029,0,0
ae93b630f688ddf9c6e3ee7465508943a1b18edfa2b7f1bb18dd42de2af2657f,0,0
2c6e1309a0236aad29afac227b9993ccec4efac8c6067cb3554587b46bcb5b7b,0,0
79710d2512229b6c876043e203aca465294b6c481f29a350653b377c21a69e89,0,0
c9a64bd333e874a57952f7bb6364d9afbe16604b058f174b74e81cef5bb64695,0,0
068a40f85bc5f27f24b8843d221e65f19bfffea4359104cc30c31a4ae9e38122,0,0
822cc3d99a01c8b3b833752558ed3ab622eb2562d49e71899583d40e76a78067,0,0
a81a0f1d30d739aebfb11eedf8c7004ac29ccfdb24bdd4f91f125d9372962409,0,0
8735030c0022d3859f74b10c2e8da41f0f1ef2b15b1f629bb6505d3efe4fcfd4,0,1
8f406f6689f72618fad6eac2e0189d79134de03c8586f0cf8c14d5d82d888318,0,1
2d4b138ff7bfedeadce69fe3718530b68669810c54287ec25cf378c8ff3be596,0,1
a156fd240abb2a8d176a033bd2ea345cdfe45cdb53623ef23950c3f16e8f31c1,0,0
aec9b8d216bc36a40e5574c5ea949230bae26fbec9c8ca82a7f47ceadd8d423f,0,1
4002e12498e362281b934dfca1a29827ac5f3523b301cb75bc0ab717dca47f21,0,1
33765ea1f82fcd974050820884395f70573011e984e0f677eb1853159c272d39,0,0
f4de84d4c24083e3c73a63818d1b25a0782646312ba66dee968403f7060fafdd,0,0
977b470da53d31fe98cef2251f2433d5e97fcfe048341e61b3f20e9929319d03,0,0
b0874fad7b9a63d100ab78e3642235129870f0ac05fa7cb772c9bcf54bf465ce,0,1
df9084d091991434e0e5eeeb3062695bf119f58e00e2c17e0adf3839a4ea444f,0,0
8dc0acded9204dfb8164ae5d766f8a471d6392ad8e2d445aebd4d3c3f6acd43e,0,0
a9c21f4a94fe992f8c9b01fc209b8c7338902c59a9684fef1665ccc81df3ae80,0,1
de987d019711ef16ad79dd6043fe161a011bc696a6918a9b4e6c0b308d8b8241,0,0
2bca607f2f9ce4e7cbee325e7c88913783ea66afa9d8f087a8a8ecb1816d16a6,0,0
5252e0c6af640e5a8e86132ce1c859ab4a07ee1b72b857094e64765672ff406b,0,0
b5df342da2b83f83d077e27b99bc8f21a8918812da5ca3e710ffcbaca9199356,0,0
949d65f2d38186597163a629894b73aa00f0e2db7c4409a08ce059cf2d8ab418,0,0
7abe5db04e5ff20f1a53e691bac35f213759ead11442721d81f90bdf2e6434f1,0,1
2dde7b5e9cfe44428e82838d8fef69f36e554055ae2efc57146d7d35758b0142,0,0
f959ecdcf5b844cfcd9183b06ded73bd9d274e8555ef56070a20b86fcdd74464,0,1
8fd180cf2000f7e72c5b94818b1fe622266649fcc191a6dbc1bd0d63bc7528c1,0,1
cf168033077ce7f4a7beca71b44b61f409fe36a68cff575f518fd824bbc1db3a,0,1
8a9f5c90d6dbe6fdeb4c3f3a0d9fb74c12e1501566fa1bbb9f5c5d94debb8bda,0,0
cde578c91f6e18b7acb63200170deb313f5cbba5257bac634162a24dd65a090f,0,0
c33b4253165da2a96c15164061191af068bb1dada6550ed14a122522d049c48d,0,0
e9e7df93d4bef606ecceb8c51e5a5d793f4f10f4c8b68f0b8ed97a1202577299,0,1
6312b9bb62ac3ca54235caed9c46e5be7fe2c6a04b7318c2da1eda63d3bbfef3,0,0
833333306167e0305ab9e48659af3eb7f6f779014efeebfd7d0e05459121939f,0,1
bcc19b11c5db64cc6edb7422e56cc1a7e12442aee05684ed5cff538af4019381,0,0
48b3f5d3db91c3a4e1b96e19a85b85063384f6728ac719aedf5c02a3eb00b37f,0,1
ecd9fecef920ce4eb358896c1f69e6d71a3698ff1e500e6dbebcd95c1f013135,0,0
3cca099e97330648d3439d13f3b469e018776e1f2cff5e65936a56094c2dbee3,0,0
2007db7d8a7402fa8f341157a4c6a2c7be3e728dc1f2746a351f6449efff47d1,0,0
6bc4a733f4facb6afa7a62fe506cacb199afed34d159b86b33fb4bd9778c4412,0,1
a9b3f379d94847bd2ec4d3907b1e5d1c24f6c5ed21fd155c414d12c831adab73,0,0
48754b5ed3fc88c5fbbf56185605d7487909a89635f5b9e6229c2d6db917d98f,0,0
03ee655196ea8c9a266ecdbecc7117e4545f1d32b94e367f6fbdbe75cbf4771a,0,0
fbdbe55754f86d7f4359ae3017391fca7cb05a719c5c491cc60c90faf8f38669,0,0
763f81d9b10a023b2ab211ef9ccbd62e444d8752b095e3ec483dbca8f5978e98,0,0
56feedd616449305d1709f12d317b15c58a8799b1e397e456e025e24ac8ccffe,0,1
2bc39c9177b3148bac29deee13fc09f7df0e935cf71eef0e0fba202f8290dd2d,0,1
1f921eb3d52d35671f4d4c6a898e7ec3a8cac2ace4f929114b025258b30e063c,0,0
93dda4ab1b7cbca89a5cb4f9cddd90974d44540670c97dfcc0482456e357f9e4,0,0
fabd31c98a3affa612601086235a855b267696a44d9fa51451eaaa70be91568f,0,0
c651ba1ab8e44e35a80c7bf734be26767ab5d9a8a76977fcc45124441d0e51ed,0,0
0a303544846893a7c46ac46f3e13c83318dee19986c7769d169f342887397576,0,1
adfefee7f23f0b75cd2a27530129c9ed7806b8c597b6fb8f5a8bb0744afa4d2d,0,0
b750feef79acbcab5eab753dbac7957d45b7f2e75a10d324d82a0dd4b5e17124,0,0
ba8c2e9ef3c6fc4fc36f478eeccda525fec3fcf41b20e893b526e547aa168c2f,0,1
de00f2a026d3d347d9c76e757a3c0839bb5e155fa386ec7b4e8817a68e72d06d,0,0
3042240a04b84d4160e9be43f3c11950a7f8f57120221d4126804e65888a4d4c,0,1
f31cdf1a9ac0e28ebd0d270fdfe340c706f9f21b749597c27394b9ce6acb5f2a,0,1
0bb73600ef817a51edcf10d636b99225af71adb0d66f98e352a91210c527808d,0,1
170fb5abc3b937714c65747b77fcb9694ac19cd164cc35d0f0a2cd23e75f1dc4,0,0
4354125a8fefccdb1d662987ecda84cbf097d72f8577567fbc9ac944b62a78a5,0,0
3fea191708bada56b5f4283dbc157481a4387cdb85d69d6881dcdbb99ba0e891,0,0
4c9906010187803c755b588a059e2c0b512cc824c24cb1b1725106f90edf29bd,0,1
fb30f6809c447b8fad99db7983a3dcbf3addaf41fdc24411b99e954810816056,0,1
75ac00a10603246c80e670b3a41554d195cb1f73b15967ca4bed9bd26c8cd509,0,0
e03db7b878570f914352176b06607d2319f5f34bf8c21f2202ff0087a7577235,0,1
a4dccac8436ea9cf31d23d1965df8964471323d668b4fe169da275394c92e14c,0,1
e52f2fd9d48afed8ddbaf31faae4c132aa62a29b2765538337c66c2eb27c8816,0,1
14828d16ec3df8ebfe4165cc2a16e8af42a6ea6a9bfdea090ac2b8df1b0d44f6,0,0
bbc7173b1ace1d40d8d41227e8c89ceb509ca7a440d6a1271ff39b551812748e,0,0
6176dc365457c213b742c868aa471f098ec2125827009651d036ab4b76422a79,0,1
b18c2ffaf8b666e86b6d8a501954fb1d416a814ed49b2ec936c4c0da4865a241,0,0
8952c66d9faa3298e9618f0f79281742c05ddd288cac9c951c783c1a44fb827b,0,0
65f640dddaf6079c361406240f3bdb5093971de40e2dbe910984ffd8af3405f5,0,1
fd2ebee2c9754e95bc3619cc386d8f09e024a27b28c51ac111e52ed143ba9727,0,1
e06b8823baeb8e9f1dc0423a64b483b45df0f93941250d06f51dd4386135b48e,0,1
7553c320e1f3a0db67e1981fae93a10a4370b7fa2fe3eb962e52399170b291d2,0,0
ebdfd239fcd62af75d797188a40f87c179cd185819b9b75c0bef661367a0b6c4,0,1
649667c64b9dee52010e29decdffedf659797789f847f5966be63e18f7610f4c,0,0
b06229ff7fb1e71c6e7deb246de1381aed0fd0d665fe376904d81a0d2901a0ed,0,0
3a3617d051488aab849d01e489ac21c159231124a8d9d7c4eb847bf5e79fae49,0,1
8a54f19e2fa3e7e8ca7fb0ad78316da6e0125b9d2b05b556ceeefc1ede87caaf,0,0
4ccca8cb594d5fe275ff5123e31244369439162ae19d07364addada32f25c16a,0,0
a7c12cae363301fde6806798c440d32fbd3ded7ace914040e35528349047329e,0,1
3a2034185470c20e1fb99d3edda304ec5937ac3f4d723e9d81d691c85f5d552e,0,0
b00e46be5f4af8f57a50db0e6d0dc982bfde645a8b73362815ba8c8cc9d8ee82,0,0
8e4f2e2c67f5275485fba24c9c375095596b388bd492f28716ac6a8065784c88,0,0
5638aa6d4a41106357a6e701dd7378f86460a20c689e24f2975d4e7551b17eb8,0,0
6111e63a8f1bdd9a67807f9f92857c9209f452dab4ad99cdfc9c1c07280a66d1,0,0
38e4c210146e12f550cd6aef960088b5e730181e31d0b7e078d9933f27348794,0,0
f4b3351b76738ee467cfd57af343d63b34616199f51b76c01370c7aa8c9e2b94,0,0
e510e838b340399ff1b10ea07d90e344ee8a75271a9e1313d212af3c1098d89e,0,0
579fb759a69ca4e8791ffd50e5ac94589d8fe6ddaa06de012b77de57ee1feac5,0,1
1754e03c3c785e616ade4170e579a2d71c54c6e0c882946c740103d6170b1952,0,0
8e3f3611b59bbe325181e700ddfe55b6f9d5260fe6009010037559aedd76c2a7,0,1
7e9165ce1b50414d3ce41a901e23ab89bf983afff8bb5f5a6b7a169e2ad82089,0,1
deac9572488c5f3c1df856cf57b3cd51a20e6b5c4f416940c1ecc488dc2f75b0,0,0
a43181c0406ad154eb339ab9c89086b7eb90ce1211fac7c313aa81cfc2851ec0,0,0
53622a24000c1ca9f47b7d650b51bae8a8251288236c6b44289e68e9fbaa7d85,0,1
c376661a2660d00d72b7a4b00c33449a224ec51d3806d4ba4b29a54955d98639,0,0
8a25acb9e7141bfdb628127ce00580a945efd3781408ff6bbbf4e3fad5cecf92,0,0
573f490ca2bf764d251da4c62a06db1b6d79125ae43885e31b767305edb4baf1,0,1
4078af53d23023bf5ef3b4128bf879190ce9276da9908ecc5c30da303e0b65eb,0,1
e0413f8e33b5ab051febd31a347c5af8b1f6e4c4d4b76e0166bf07672830139f,0,1
ac657782f92fc3490533e2bae04582cb4abe19c13fb6054ee84f0661e5064a70,0,1
5ffca99737f1e427acc0baeabb3a935d15e12952993fcee1e73cefffe1ad4c3d,0,1
bd5b19a0b015e5d1f5c5af069ae156f46102496dc14d4cf1232420d307e93964,0,0
05af0f7296e3cccce855e9271bc39d4cede930f50d4d3e8e8782130133a9fd0e,0,1
ab6264926e8254b5b060e0894c18dabc851642704ac362c02183b78027449489,0,1
a82600964cb7a177291dfa06cbb8f84de0c0864d5a5c0fd65792ae8fba295140,0,0
252c37c8dba5aece20cf30538a58dfd99e1d71f39cf09e3d82f89ed351f61ff8,0,0
7956762e76858461acea8f80946425baefffb5121135dd2f6fb3b53e15a2c33e,0,1
8d5f984208b0100b620196743006ffd5fb8dc31de20e0b649771b4b75f4d0519,0,1
1c64849bc978c6670166a77434ace879f9b31a962410ed8f7ac01c2d911d3563,0,1
bcc3d6fe3f94405c59815c42e38db345753852e5fcbec6a7a1d2963c407deb46,0,0
e008f7748cb3fc88db5d9e0d8e034a85d7695da087cf79145c570fc0ff2c75cf,0,1
204b2e6ff22ec742472d097bc1693707def40debf00d20ed1a6f829ca1d7874c,0,0
95f50f9b3043ba7b6065c3d41306c9edb539a83a2da02688d18aca0ace12196f,0,0
4fb4b797297380781c49893e120985c9ce7fbd2d4243866ee313cb2a6a1b62ac,0,0
095504e71d8d4d398a34c6f587815756adae40e463a05ae4dd1a921dd3b265ea,0,1
4963c057b84e0e40839ba4d3e52664ece588931429422609f20dfabc61e7313d,0,0
a759a7e1592aa18e863bdd6965ceef87c7ac705f4eaa4ddf89d75a15324d9d4d,0,1
47732b567dc043fd1f1d2ff3358f99e74a6dc9ff4cb0d9b24cc5a6c444d2bbae,0,0
a6dcee77156866204c364ac16cbe1dd375cecbcc8d8e910e2374f5470c8bbb7a,0,1
85dfeb586f91811ed42759b85a9622486e93d20626daf590151ef3d9e554edbc,0,0
682d04bb80ed83a70b2ca41c51a69b7017df66f070d34daf24b66d6433f6215e,0,1
67dd6ce0fc7df8799f9a3ac5ce1186542b1589647960c7af5eb9c09e7c1bdb64,0,1
1a11e3a750d8dc66e9368c6331a3fc744dd4e72c17df0734d04a1f53f79c2035,0,0
dcd050eb819bc54cd9b3f19d5545ffa5313912b3a6b2226def12f6f771d08947,0,0
59d99907388ba122169bf1efa3031cc71c5189b2b8fb68905f427f073a99932b,0,0
c32dca64ce6754440c8b8c14e1de14f3eef1ab01c17435f960c1b6e1e6650609,0,0
60571a5184a2dc347cc76afb341dd0c17f9ab400e5450bffd377e57d59fa5afb,0,0
e5d61e8e56f30ea4e2866f1d68e139144a4290d479be96a5957358998fb822e9,0,1
2170f44206e740ee4fac3450551b48363ea16c0bb7e34ce28d0838b297cf9225,0,1
bade37ad0aa944bd9dfd54938cc2169c607b7126589765f67bf0c61777e3c4d4,0,1
8bdf4b102f74f89474fc9ef92321b4beb87d88f5ba867d1b66a10557364c1bc9,0,0
07c957dca59c8a88ec6154a7420668e04007a30d5329ff96d5dc399ff91a82ea,0,0
2584ba3227722c78f729b914f97c6945aee36d0d476a9e3d1460a3e2a1b0724c,0,0
f7099c44c3cd88180b0c4d98629ff8fd37b49e9c73f7d135dcdf6b0bf12ea1e4,0,0
8e84db2a72f2ac9e266e1c7d79e397788ebbe5f19ee84e225ea4f92b1612dc8c,0,1
901760ef672dc84ef4ad574d7754aa8e3d264a9cd3670dd6b14bb27eab68c16a,0,0
d253af04466c16fc07f94adb58031b3e9b6f94bc4ff038eb2c4210bf4e6c28f3,0,1
5fe1f12d0a5ca648e9d190d40a00be99e535087cc5809dc9fa2283f60f013d8d,0,1
cd3fb8bee2129724c46d67fd4d4249bc90544775b5aeb5874cace1b274b37c91,0,0
5577ae2410b5ac216d3e2e11d30644eb26588d4d61fd9c90df200e4e4dfd60dd,0,0
fd7c03a76f3c4004cd5aee97933fd9c27ee3a18eb1dc3d8d0d2561bb4a7671b5,0,1
55ba191b4b35c799ed0d3551be27644446307b95e07d41e31b6cb7e473d35bb1,0,0
998f36c1fcaf720b39756871b61834f747fe13261b11105d76cbd0ffefdbf10b,0,0
babce486af7e767318eb0d10ca432cbf5edaf49e627843a0880d4be3a7db5f1f,0,0
30436f0ac4a07d4b09d84d52af1ac1528a32da638edb4ba91ebb152d6765450e,0,0
68ae375668e44948845e4d4811157f1c5bff417ba466d27d8248c18aab58eee4,0,0
ca1af33c646d477f099f239d37a3e27db090178b9181bfcfb7f2dbe3d695ed95,0,0
13d4a90f2dcf550023e9c484d49255da75314c620c72d72cd215b8e82ecaa3bb,0,0
77c0ab8e22a7df72a80517961797a93cefc553b4db95dc4f2787a7ea7c586f1a,0,0
aef2e1de6d18e2c6087a0ef8f261ec66d061f4254889d620f0dbf229048957e5,0,1
2588db5476fb627838e0284fa2e10cc0a913ff1d4a71cbc6417dd29d7625c645,0,1
c8c4cb6ce66e297b3bbe77f45d751820d8171049c4fe371ebf5170a32086f645,0,1
f17e26853d10a3114eabcdb8b7128a771312114804399d32747bc07c15925036,0,1
db5e3fffad6dc2c97a89dfe75460e4cc0c15624c47e9d072149ec816e83da039,0,0
645250fc5ac485e79f5705710178fb94949f0a465860dfffd40d10a8267f1f93,0,1
beef95717b5284051cd7f81e74f7011f21d2a0689f347878f888bc08d5f19c55,0,1
47d6796de0a282d97c3f607d66cc63f785e905ab4c331d338cbaf00a0a3e087d,0,1
a43b3fc07814d0b1c1baa7dcd2b9385591130ffccaa1e407758941d74bd63a79,0,0
0605d75368f6a25df890cd7c45788032702b5a98131ac736ef12dfa07f667959,0,0
26e121af05e46518ca8507bcfb2393f651485cc58966e3de4a541d028af8017d,0,1
17fde1b390d74aaa4ff504894a747ed7e822fd5a2ddf08c2e75e62f28eeafeb8,0,0
e2da7c49cfde949560d838decf705a481af56101d552c13471b5f6ec12e46ccb,0,0
0bffd51387d3dc80d97dc8b620affb3025298283f5eb31ba7532e3d5181753dc,0,0
1c56f91eef4d04d88752756323818ca7080cf46a5721fec176d96609f9bc2f7b,0,0
3977a4a5b063d25a3ec88620ab8d1aceea4e1cc9189f5c0701266152c294f977,0,0
24a45e5374811c4a2f7c8ce18889f1910a66d62ec219728ea60ca71635de8c06,0,0
829c98adc7a2e1a6e13c2c5e9c97e341e5b6d8bbcb8873e8eb11231026b8820b,0,0
01b756356e94b52ff60dd566708bc42f786c79c1cb2dc59d4bd71c01ce29f93b,0,0
99ed71f996b3f3bb617dc05fba23d7e55f1e646102aa4b7589e2ee1d89b47a42,0,0
a7e9da791ca74cb36d461dadb01741ef36aa5d631fee800831741c7ca44d8f74,0,0
fdad8b89dacee8e804f2bd303c734e90ec0b970c9db833c364b02b53759d03ea,0,1
44a2acc98fafbb3afb9156274a7db297d0cdca2df10eba22ec525bf158220811,0,0
e7a3a47d6b61f10e9f2f9d1faf9d7973b6ae30ffd4b2292e98bce41ed8abd356,0,0
63d563d7b78541e61b182c1aa49d514626f63e63505fdce2a4b5e84da13ef308,0,1
4b562e529175d41ab766f35fb5ed81e09ac52df2a6a73d991bb28bfeca6fa9ae,0,1
48bf063b330e2b9da1de9e11b424ff46783c61c949eed92da1827a811da84f3f,0,1
4301427cd2395be829f132c7366e50aa770588fb8ceda6c106311e8a3594e60a,0,0
7bbf89e031850b77a4085828572a23bfbf5ddccbb9bdbd2230c0852a0db584a4,0,0
343b634b3251815829bc30aaf25ba48928a74079cef40e4df1d995bb7d8f1284,0,0
c50fd905aa07779ca575dc471238a458a8a7af6827f0b7ea763eb38e1885e1a8,0,0
8a8a37ef4cfe3fa4dfd90944a4077c6e0a6f32ea9cdc413e3a164bceb3742210,0,1
a6c290dd3b0a27af2b8210f03d6a135eea49db771f74cdca85ab4d327f648c3b,0,0
c54a064c86c5fb908368b92553fad5a6ef21e0a9c555b2ea6a6dd908764938fd,0,0
4a5b2ee84faf6e1d866dea3f9660f324ed6422879fe275ba6aab6baec0d87723,0,1
27ad53e0c2d05fc2813531e22303b2b532ff34f575a033527a416f829790b72f,0,0
ce45461fdc11d76e2d24f75662d709d408c127b534cdeee9c2f7b190c0bd6f26,0,0
85ab9860bc1fbbe685bea5348b1d455169d8723e787c508ebe12a2b37b591399,0,0
2bb6a11b020371c732cb9ec1fd73a79c92b941de2729dec7e7bfd8c72f5e1b54,0,1
fcb08a49f1bec4e7af9e4bc0a4bd73471bfef8d02f194fee53ddbbf1fbb0f68c,0,0
04570db3f262b96eabd5fa94ccca118d9a821a62ffe520694d93ca6aed7e2c9e,0,0
0c07fb6ad01c9845cd8600a7846eebce8ad738db17a047ba8b3ca28c2b801ff9,0,0
8bc20930e2f90f02b4614b1ec15420fcc940d7dcd69bacadb3c7afcb925ebedc,0,0
e6a088ba0e0e5940e5fb5d32154e2ab383796b4ed6168046bf629dbb40d91590,0,1
e58dad67fd16cb84dcf67397ebff9e8d0c5588f91efeec8a53a724fa96f43cee,0,1
bc631656048ec59a3e9ff979b17846fb89cc46962bb61a7c8c7936d8ce39d096,0,1
71da0f8ef49be7cdcb536d6dc5f4adce245163d46bd5c519831eadf15c43da4f,0,0
2e6cfde6452448d382a840704dedfd702bfe26ce996eace88d5d41e929aecb02,0,1
760e498985796dbcc0c48f0921e93fae737ae137724548bfdfb8be6e2c2a1dfe,0,1
fe5502ed5d926e071a51637645beb4eeff75cb8bd6089900f79f12e2788bdb1d,0,0
2adfd5fd8a39946da72dfc0532fee086768f368f9eb8d5d34c85b57af66c7d94,0,0
8503b7394668522f242a44a7882e3903d25f24eb6d9fdc0c2ead111378fa3a05,0,0
649cfcab7225148f94273276d79d338a715ae72cae4e3e0c874f2f4f1a9d4cc7,0,0
29f3dbdd4f94d32124f197efc64f363241afe81f4910d26ba2bb08f52aedcc3b,0,1
6115071a1ccbdba56c0536efdbccbca23bcfed3b32b7a00e01d25a10565483dd,0,0
7812102f0a2735992becc70f894d6b08e304ea3c5a5762c9ba294c40407a9004,0,1
bec7c2642a2c0f8eab2018c127488f67c7d25749cfae9d0abbf0c7d2772c3533,0,0
0345465ee735d1027576f75ce57e778bf7581e818684e04baa138b1c701e6c4f,0,1
d2f79e83a2ba3238d067c4859e886d1076a58d83e6bab5ee2adde1dc79b84c90,0,1
bf531f4d415a2d9c64b4f207bbc6e162ba200d3c050345fc6f0652afc7eb6d95,0,0
6fe34a26c1d44b8055bec20be4a380f839d2003d9af545a40fb98a53b62bb717,0,0
6a4fa8eea62dd08c594b9b452f60894e9e50f86718fd59d15b14cc3c88d6a1c7,0,1
8bec0cd49939b443847a9fff23927a2467f6f476ad48aab28a70f416a2df78bb,0,0
99771c5c27cfdad869f0fa835a1001cac8890b12b76543a8a60c3737dd39bf7a,0,0
1dd219ccc0d68826aeb7a3b3d3b1e66cf978c9162c5f4b477e50b39726bad8ac,0,1
cef0037ce79c30ec4dd4116ec403d1d7c9d32f9d4485c422d25a72fe6d1c6369,0,0
6cd974b58eae198b93bb009a436516294691f373966f7676d6e184060a3459bd,0,1
a4bdad22eaab80379851ac9b50a1f2aa6bda83e720c75fe1637c3634435e9c35,0,0
ce32227ac60a606214cf090cf448a92a893d67c93fa1ed6be4173c23a7301f16,0,0
1da47897b71f92b64f360ed590145aba78366c26686f7af7c85eacb623f16c94,0,0
09546608a8cbe71321eb2945f47efbe2653e83a466088d7f529ad8de91cd0014,0,0
f9045de9531f7a5a813daab49399c97a00fbe268e8e0ac5c041d2bffcccb7e62,0,0
c2ea6abc16f622a29c7a779b77d41974534240c593f1913f11fa92a11c54c956,0,1
03b9e17aee4fd06b7c6f676489817e3d59f4c60e323855f7dac6b5c9c0378e15,0,0
c1e3d42af0e35abe7ba092cecd19ec76d31b11c9c5543b9a27ae7d1693bbd05d,0,0
fd8391433eb7bba50645cfc58d7af67a043198e8382b3d56bafb40e0e3616295,0,0
509fc3972eac0ff9c830469a71173af8039997f362b57b64471fb163b8cf7a87,0,1
043737e5be5c1989b02ff92bcbf5cc3abc3f9f2cacc6a19b5745e7102b2acc3d,0,0
9e6e1c65da7a53993de996f030d0d2b6f2db911e4a7caae050c81c5c4586b2f3,0,1
66d639564a826225f4fc76cdbbfb5dd2ae9edf1c378a497149de3f1d31a19086,0,1
16576ec93c261dc464d0442b5ade61fe0e77a23d730d8b87fdfb6cac773db4e4,0,1
213716af6d0c6860cbbe0cc9139199943244cea73fdaebf5557cdef934d1dd49,0,0
0b4116f0d68d38743541d3624aa57e5ed2e6e2d7c52330b23303107f70a87c8a,0,0
ba67a9de58960b53699714816442bd44d6ed9270db6ce30d130dc2fa376bb805,0,0
0dc9bc014514735447ede85bd5103457c25f9e28eaad1ef0c57962ef1221eed0,0,1
b9942b4c3c391d8a71076a7871921f02ec7a34a7c9911eec9368315d6d7cf0e3,0,0
14def49ebf1f1b69ddad075862d8062b4c62ae38983573934cb27616d4333a95,0,0
bde8432e6219b01a6efddf4bd348f9573bd6a887ef6dadf0b6edca8eb9cba088,0,0
1bc59ea4e6955b2791ca05537dfc0a9ca928faa62beeb61297b8ebc23542d4a8,0,0
1c2ab55b70fc7a096dfeee6ebec58fbb9c1a233e2c082ff5cdb106621d9d6e55,0,1
54cac779bc1b4c7dfd8da34010fc05aab4b3108eea52b6268101d877203ca366,0,1
c8bd7a0197a6b9afa0cc376f468acc198227023a495842bcdbba890a71257652,0,0
885f431b5e1bb43e347c7e1b07d43751c79dd8d4558009d7292094be94b4bb0e,0,0
44dd7accd4b0f37dab37368f3d79c1d4dbbfbfe09b0b110a43383ef9bf38e578,0,0
2045aaef67d566b49284a49c96b046173275c2d03b7eac3b88b1864d78671697,0,1
9583ad3cbfc83f09816e800b64a07036d52312140e4985979a1e94f36a126524,0,0
1308c10de19ab0fab78ef6bfc05eafc384ad2840d193101c939db88670e554b2,0,1
248109ff3a43a8981cf0795d81acc5d9dab91bb1271bbaa350fccb64436122db,0,0
853f26d2ac4eccb1b5fe3fc485521f2fcd45f05557fea16366f55e3b535cd03e,0,0
d0c1347fc75c0984ae76f3406686ed75f5fb9fadcfd48aefc7875a2d4c5f2329,0,0
3d195ebede1c3f12edb75f1d16fad16af59ba0a1f8d02b87969a10bae7e4776e,0,1
66c76c06c0b5bc77ea2b5a1270b6d569477bf11ca7e477b81320400dd6a8524e,0,1
ba0b54d742ebb165f52b9de4ab98e66b0c4aab9883d2b3163b957de776480093,0,0
95cd390d3f741766ce53aedb7acd3e8504e6de9acce151ad32a55c75a4c28214,0,1
286f531211eed6d7e9e389e4ae7d15dea88137730a63b8ced2fec33aa7945de9,0,0
aeac773b4cea48ab66d15a01b675dadc464c2a322ba773579b55ee76f5a35ba1,0,0
1ef0f9f5285e3a1134bdc62731a53cac1cd2e2160c7aa74970bb97021aeab2dd,0,0
b440c27b1b8054b0082cb60ba0accbf16d156cc75713b47a6efd962bb968bc70,0,0
63191b19d1dfba7c5ca73ad9831840e9addd9a387645fa79d06dc2d7a13e8cb2,0,0
24ce59cb89cc8abc2ee297c34a9d0a50f859ad8ef4588f07fc8be56635d68b5c,0,0
b9ecee6d7955b306df427804a33be928290a4cf339b29166a1ad757428f3d721,0,0
b3c35342ef1046fea718d53b783f4b479e2fda02a12306e2ead52159ad98037b,0,0
8822d724e8f5bdd525925c154a513ee81256b616dc83a347bfdfe2fa4e53128b,0,0
803695f1724f373e969fc66713692e84acc3d5fce4ed4303fadbbdf9ae3838e1,0,0
8b59c539a6e3b5c1d3f024eadaf5ad921ada12ed7283a0e992b8fd504ec5165a,0,0
5d0f548dac4494fe8c2e0f1d289cf1dedf4394f4270b67f4ea7dd4569f8195cd,0,0
ac2cb2ed20f4f4f358dd77f4cea44d618e01efc191afbc3ef3e28719c379549a,0,0
9071f09ed8f4451a26dd52574ded83b902b77a5d690ec9fd1836c27c79f4e793,0,1
c8b62069e1e274f3e073cce3b4503de722a0b456e5f29c6683c3170d0e846aa4,0,1
e120817cb7630acac47264a56496405fefebbc7afae2979fb4f84542ee61e3b0,0,0
7b16d26de126e8f58825d4f91a5028e49e230171d3f973be4e78da15784e1174,0,0
d67fc89483779016cd7cec330c2af749238f98e549595a1b1ede671cf9433854,0,0
5cb9b86bebe88cb96f7b913c315bb9a34a0d3164d2ceaac1a19194e646a82b6e,0,0
0382ee2792b2737828b3b7cf340543849ac1bd760a34aa825b881d88f7515fb3,0,1
c349f06e1f15bd969afdc5e6b73a1386bd0129e3322d0e5a369a7203df2edfae,0,0
6fd34c558d647e4e291099b458bf1986241522ba815247007c7a84d5f672ab3f,0,0
1f9bb48a59155b10ae9350245139abd96f9e624f4d2af64f0b4c949e697e0fad,0,0
41568423f6e6e3be5b2cf0844cd86e420b1508ce092ff04434372e1e5d9ceea7,0,0
1e47d43602ec4efa9b6172d6da85355bc9474fca6d23746860d9b58aaf0c6c76,0,0
782a36ffa2c545dd82efc1c21298762a517d79fcb45e50665113aa0c20414674,0,0
6fe6b8e3a0fb03543929ea151978222dedbd47b6c9e873e2b07ad516e455d8e2,0,1
ece524e77309a93e5385098f0451e2957b017d57aeea8f162f011014ac573bb5,0,1
df1027ea5950d537283d392b47b34a3429804e7736f8ef890ba272e4312fe67a,0,0
411582741ef05857fd720ed1735217a214792372cbe16e609abc831d300f6923,0,1
bc70588b7c818ccdfb3d6b02ece80064ae8f3754d89f2f44e1076898250870cc,0,0
72b6f664d5ac85d5334a6fc360ba3364cbed719aff430d28a4a041ea193274a0,0,1
7241cdec5172e05179c1978a47ba0b51563ed3378b37517d3fe72113785c7518,0,0
9c419c7b2086c8db5c9c4453a4d16ae8acc2ad50bcaa0769e0704218f919b4c6,0,0
b7ed9a6c921e2cb2be27351951526e2ab28bfc2d40fe5b4c7afc0ed2f6a565f0,0,1
f49a89f8514d80f50a2d0ff85b8f6247eefe3bea6184b8abaa0d8993866c6424,0,0
8aab7d8271377b72dc755fa588425600e1b0141e5b84db1c1f8dcffd94510c71,0,0
a675c3815d1b3945ff72dbaf633720e53762931ab11a2eb6a6f14e7fcdc80446,0,1
b3f960c4a90ad507c04b208a3376b2e11a40fcfdcd7b1da518dcf1e87fe4dc00,0,0
5534a02e9964777859e47b1bb9d971fd041e79a9c891e05557a0900d2f96395d,0,1
cc813d84f30a990238323fdf20178c83629cd2ad3fc0a9cb606a654fe99f48a6,0,0
5533b53dfb1f779c89c258b8c9d02db9480ff9da2bb917e1a6477c151abb2bdd,0,0
7e564e2bfd59985b3a73f947bcbbe51e5db77dc860a1d866b3c3437095cf84e2,0,0
fe867506cc7c18e8914edf460885bae04992d361cf2cad4c9ab73fb9e0cfe3c5,0,0
f09d4f36f8c5acf83231061af25ff8eec0064c8713f133c206d9271e4daa773c,0,1
66fef1854424bea902aa7516257f1957f12870dfb60fa7478959058630286950,0,0
ed074a92eddd0aa611d9e82eaaf0cff15ef154fed6f316aa41f8d8a173c0c5dc,0,0
22be6f6653804a0cd5927d3cfbdfa42686a4b5f3692b54fb2a4062e48fcc1ec3,0,0
5365bfa90c044b0ba9853ed6afff4e4242eae69ee35b563a5cb2c82128602284,0,0
3eed2c5b789589ba3d9aad114d2aee902d2d8b1907de7902f52263b70b667d32,0,0
a84049564fd3efbd9467fb7e100e3e8084c70f8cd7d1de2a04d50a565dce219c,0,0
078154b76a365c66a994a84c754f6c6bbe4f084b74d99cda7218c50392fba6e0,0,0
69b88d9fd66ef395cffdd553c4a6d030c02a99d08623eb9e729a6eba802b6c91,0,1
0ff0e8129db9940fda614a0dd2cb3f9fc8c2c9dccfe42dbe28087af4c10fef48,0,0
70688bd0859b2960730f8d071502d427279a4aab47784d23b02eb7c2759a0b85,0,0
1fee28d380bfe79c65284797fc46e998c47414f4f89b897590146627896001a8,0,1
89d94f1d1a98ac9c7cca94a7d4963ba38c47e5a07d0fb7e03e5966676820022a,0,0
18c9688306f25c5e6aadf8dd1111cfde8518e36f6964588cc0bbdf6d0fd9c07b,0,1
c18b33c7bada193e18eab97f39d5b4d33b464ed1cd5cc1ee768da2db52da42af,0,0
c8e3c960d10bda9554cb2c8aca7232be46055f669b2dbfd869760cbfa8a7c0dd,0,0
c8c2201905b0475da7d0cf6ed758e0ef217666d320bc969ddf80bccd27c64478,0,0
3a0b405909ed94517ae1b22306255eb2f42600f10f71b22368e1b00c517510ba,0,0
1d3e395f9dd0e0e575470b27e138e35b7f982bcebdc92927363e6d82ea007c3f,0,0
e37b465713ce0acf1a77a57c91f7f7cdc4a272124fdcf8794512b1c16664c6c3,0,0
5a431e409b426ae3e07c101a4802f977c574c50b5e633c8b4ecb02c157a8b23c,0,1
b602027968f734ce58d574f212320e4ae4682c5be2e19a21d70998dfcfea5b6d,0,1
99b2f67c7296940a76ca6bdfaaba3e243d01e5d755d2f7d1eeed747e1ab61a58,0,0
ed6008223d1837af345d8bad969e557b9580395a7009c84006441060a7e95ded,0,1
08cf8e840f0adda47b7744076e1fea0e589d668e7575aaf3a34addd1d69831cd,0,0
1d13eae04e8aa25af96be916495e69e236f4df997a28346b2d4a11797ec5c3ea,0,0
c6f15ecf089d5a3bd3a4194c0f814cf5669cafa5a1553c8fff5a70ef949af7e2,0,1
a41417a54a5b106d01b130abdd5aed8cde3a74a13f2cb320246802a71bf3feb7,0,0
6134907c6d742efef10e9a66e83ca87c21a45e657defa59504dd3601b5611d32,0,0
efe938aec2320740526a07ec485c27bb1aa8012686da277ce73a80b60229c8ec,0,1
8491b222634af775094db7f597482569d33900b448c6ccd7d770e618ae6e825d,0,0
1cfb364fc7813d70e5d27678a2a3fc10afc416a809514a2328305f7c69accdda,0,0
9d5b95b8007c416eb34cf61ead4fcd8b430517b86c5c943e7ae127f62a295588,0,0
8e8bf12802faa78f4817470981272330436b0d5c123598082924f0104330b7a4,0,1
26b659f9bc2490cab7297d0b4ee95cdbd5d40e5f6820fc4619a91556288cc63b,0,0
