record_id,true_label,predicted_label,model
scipy:1371188,1,1,Ensemble_LR+SVM+CNB
scipy:1371189,1,1,Ensemble_LR+SVM+CNB
scipy:1371190,1,1,Ensemble_LR+SVM+CNB
scipy:1371191,1,1,Ensemble_LR+SVM+CNB
scipy:1371192,1,1,Ensemble_LR+SVM+CNB
scipy:1371193,1,1,Ensemble_LR+SVM+CNB
scipy:1371195,1,1,Ensemble_LR+SVM+CNB
scipy:1371196,1,1,Ensemble_LR+SVM+CNB
scipy:1371197,1,1,Ensemble_LR+SVM+CNB
scipy:1371198,1,1,Ensemble_LR+SVM+CNB
scipy:1371199,1,1,Ensemble_LR+SVM+CNB
scipy:1371200,1,1,Ensemble_LR+SVM+CNB
scipy:1371201,1,1,Ensemble_LR+SVM+CNB
scipy:1371202,1,1,Ensemble_LR+SVM+CNB
scipy:1371203,1,1,Ensemble_LR+SVM+CNB
scipy:1371204,1,1,Ensemble_LR+SVM+CNB
scipy:1371205,1,1,Ensemble_LR+SVM+CNB
scipy:1371206,1,1,Ensemble_LR+SVM+CNB
scipy:1371207,1,1,Ensemble_LR+SVM+CNB
scipy:1371208,1,1,Ensemble_LR+SVM+CNB
scipy:1371209,1,1,Ensemble_LR+SVM+CNB
scipy:1371210,1,1,Ensemble_LR+SVM+CNB
scipy:1371211,1,1,Ensemble_LR+SVM+CNB
scipy:1371212,1,1,Ensemble_LR+SVM+CNB
scipy:1371213,1,1,Ensemble_LR+SVM+CNB
scipy:1371214,1,1,Ensemble_LR+SVM+CNB
scipy:1371215,1,1,Ensemble_LR+SVM+CNB
scipy:1371216,1,0,Ensemble_LR+SVM+CNB
scipy:1371217,1,1,Ensemble_LR+SVM+CNB
scipy:1371218,1,1,Ensemble_LR+SVM+CNB
scipy:1371219,1,1,Ensemble_LR+SVM+CNB
scipy:1371220,1,0,Ensemble_LR+SVM+CNB
scipy:1371221,1,1,Ensemble_LR+SVM+CNB
scipy:1371222,1,1,Ensemble_LR+SVM+CNB
scipy:1371223,1,1,Ensemble_LR+SVM+CNB
scipy:1371224,1,1,Ensemble_LR+SVM+CNB
scipy:1371225,1,1,Ensemble_LR+SVM+CNB
scipy:1371226,1,1,Ensemble_LR+SVM+CNB
scipy:1371227,1,1,Ensemble_LR+SVM+CNB
scipy:1371228,1,1,Ensemble_LR+SVM+CNB
scipy:1371229,1,1,Ensemble_LR+SVM+CNB
scipy:1371230,1,1,Ensemble_LR+SVM+CNB
scipy:1371231,1,1,Ensemble_LR+SVM+CNB
scipy:1371232,1,1,Ensemble_LR+SVM+CNB
scipy:1371233,1,1,Ensemble_LR+SVM+CNB
scipy:1371234,1,1,Ensemble_LR+SVM+CNB
scipy:1371235,1,1,Ensemble_LR+SVM+CNB
scipy:1371236,1,1,Ensemble_LR+SVM+CNB
scipy:1371237,1,1,Ensemble_LR+SVM+CNB
scipy:1371238,1,1,Ensemble_LR+SVM+CNB
scipy:1371239,1,1,Ensemble_LR+SVM+CNB
scipy:1371240,1,1,Ensemble_LR+SVM+CNB
scipy:1371241,1,1,Ensemble_LR+SVM+CNB
scipy:1371242,1,1,Ensemble_LR+SVM+CNB
scipy:1371243,1,1,Ensemble_LR+SVM+CNB
scipy:1371244,1,1,Ensemble_LR+SVM+CNB
scipy:1371245,1,1,Ensemble_LR+SVM+CNB
scipy:1371246,1,1,Ensemble_LR+SVM+CNB
scipy:1371247,1,1,Ensemble_LR+SVM+CNB
scipy:1371248,1,1,Ensemble_LR+SVM+CNB
scipy:1371249,1,0,Ensemble_LR+SVM+CNB
scipy:1371250,1,1,Ensemble_LR+SVM+CNB
scipy:1371251,1,1,Ensemble_LR+SVM+CNB
scipy:1371252,1,1,Ensemble_LR+SVM+CNB
scipy:1371253,1,1,Ensemble_LR+SVM+CNB
scipy:1371254,1,1,Ensemble_LR+SVM+CNB
scipy:1371255,1,1,Ensemble_LR+SVM+CNB
scipy:1371256,1,1,Ensemble_LR+SVM+CNB
scipy:1371257,1,1,Ensemble_LR+SVM+CNB
scipy:1371258,1,1,Ensemble_LR+SVM+CNB
scipy:1371259,1,1,Ensemble_LR+SVM+CNB
scipy:1371260,1,1,Ensemble_LR+SVM+CNB
scipy:1371261,1,1,Ensemble_LR+SVM+CNB
scipy:1371262,1,1,Ensemble_LR+SVM+CNB
scipy:1371263,1,1,Ensemble_LR+SVM+CNB
scipy:1371264,1,1,Ensemble_LR+SVM+CNB
scipy:1371265,1,1,Ensemble_LR+SVM+CNB
scipy:1371266,1,1,Ensemble_LR+SVM+CNB
scipy:1371267,1,1,Ensemble_LR+SVM+CNB
scipy:1371268,1,1,Ensemble_LR+SVM+CNB
scipy:1371269,1,1,Ensemble_LR+SVM+CNB
scipy:1371270,1,1,Ensemble_LR+SVM+CNB
scipy:1371271,1,1,Ensemble_LR+SVM+CNB
scipy:1371272,1,1,Ensemble_LR+SVM+CNB
scipy:1371273,1,1,Ensemble_LR+SVM+CNB
scipy:1371274,1,1,Ensemble_LR+SVM+CNB
scipy:1371275,1,1,Ensemble_LR+SVM+CNB
scipy:1371276,1,1,Ensemble_LR+SVM+CNB
scipy:1371277,1,1,Ensemble_LR+SVM+CNB
scipy:1371278,1,1,Ensemble_LR+SVM+CNB
scipy:1371279,1,1,Ensemble_LR+SVM+CNB
scipy:1371280,1,1,Ensemble_LR+SVM+CNB
scipy:1371281,1,1,Ensemble_LR+SVM+CNB
scipy:1371282,1,1,Ensemble_LR+SVM+CNB
scipy:1371283,1,1,Ensemble_LR+SVM+CNB
scipy:1371284,1,0,Ensemble_LR+SVM+CNB
scipy:1371285,1,1,Ensemble_LR+SVM+CNB
scipy:1371286,1,1,Ensemble_LR+SVM+CNB
scipy:1371287,1,1,Ensemble_LR+SVM+CNB
scipy:1371288,1,1,Ensemble_LR+SVM+CNB
scipy:1371289,1,1,Ensemble_LR+SVM+CNB
scipy:1371290,1,1,Ensemble_LR+SVM+CNB
scipy:1371291,1,1,Ensemble_LR+SVM+CNB
scipy:1371293,1,0,Ensemble_LR+SVM+CNB
scipy:1371294,1,1,Ensemble_LR+SVM+CNB
scipy:1371295,1,1,Ensemble_LR+SVM+CNB
scipy:1371296,1,1,Ensemble_LR+SVM+CNB
scipy:1371297,1,1,Ensemble_LR+SVM+CNB
scipy:1371298,1,1,Ensemble_LR+SVM+CNB
scipy:1371299,1,1,Ensemble_LR+SVM+CNB
scipy:1371300,1,1,Ensemble_LR+SVM+CNB
scipy:1371301,1,1,Ensemble_LR+SVM+CNB
scipy:1371302,1,1,Ensemble_LR+SVM+CNB
scipy:1371303,1,1,Ensemble_LR+SVM+CNB
scipy:1371304,1,1,Ensemble_LR+SVM+CNB
scipy:1371305,1,0,Ensemble_LR+SVM+CNB
scipy:1371306,1,1,Ensemble_LR+SVM+CNB
scipy:1371307,1,1,Ensemble_LR+SVM+CNB
scipy:1371308,1,1,Ensemble_LR+SVM+CNB
scipy:1371309,1,1,Ensemble_LR+SVM+CNB
scipy:1371310,1,1,Ensemble_LR+SVM+CNB
scipy:1371311,1,1,Ensemble_LR+SVM+CNB
scipy:1371312,1,1,Ensemble_LR+SVM+CNB
scipy:1371313,1,1,Ensemble_LR+SVM+CNB
scipy:1371314,1,1,Ensemble_LR+SVM+CNB
scipy:1371315,1,1,Ensemble_LR+SVM+CNB
scipy:1371316,1,1,Ensemble_LR+SVM+CNB
scipy:1371317,1,1,Ensemble_LR+SVM+CNB
scipy:1371318,1,1,Ensemble_LR+SVM+CNB
scipy:1371319,1,1,Ensemble_LR+SVM+CNB
scipy:1371320,1,1,Ensemble_LR+SVM+CNB
scipy:1371321,1,1,Ensemble_LR+SVM+CNB
scipy:1371322,1,0,Ensemble_LR+SVM+CNB
scipy:1371323,1,1,Ensemble_LR+SVM+CNB
scipy:1371324,1,1,Ensemble_LR+SVM+CNB
scipy:1371325,1,1,Ensemble_LR+SVM+CNB
scipy:1371326,1,0,Ensemble_LR+SVM+CNB
scipy:1371327,1,0,Ensemble_LR+SVM+CNB
scipy:1371328,1,0,Ensemble_LR+SVM+CNB
scipy:1371329,1,1,Ensemble_LR+SVM+CNB
scipy:1371330,1,1,Ensemble_LR+SVM+CNB
scipy:1371331,1,1,Ensemble_LR+SVM+CNB
scipy:1371332,1,1,Ensemble_LR+SVM+CNB
scipy:1371333,1,1,Ensemble_LR+SVM+CNB
scipy:1371334,1,1,Ensemble_LR+SVM+CNB
scipy:1371335,1,1,Ensemble_LR+SVM+CNB
scipy:1371336,1,1,Ensemble_LR+SVM+CNB
scipy:1371337,1,0,Ensemble_LR+SVM+CNB
scipy:1371338,1,0,Ensemble_LR+SVM+CNB
scipy:1371339,1,1,Ensemble_LR+SVM+CNB
scipy:1371340,1,1,Ensemble_LR+SVM+CNB
scipy:1371341,1,1,Ensemble_LR+SVM+CNB
scipy:1371342,1,1,Ensemble_LR+SVM+CNB
scipy:1371343,1,1,Ensemble_LR+SVM+CNB
scipy:1371344,1,1,Ensemble_LR+SVM+CNB
scipy:1371345,1,1,Ensemble_LR+SVM+CNB
scipy:1371346,1,1,Ensemble_LR+SVM+CNB
scipy:1371347,1,1,Ensemble_LR+SVM+CNB
scipy:1371348,1,1,Ensemble_LR+SVM+CNB
scipy:1371349,1,1,Ensemble_LR+SVM+CNB
scipy:1371350,1,1,Ensemble_LR+SVM+CNB
scipy:1371351,1,1,Ensemble_LR+SVM+CNB
scipy:1371352,1,1,Ensemble_LR+SVM+CNB
scipy:1371353,1,1,Ensemble_LR+SVM+CNB
scipy:1371354,1,1,Ensemble_LR+SVM+CNB
scipy:1371355,1,1,Ensemble_LR+SVM+CNB
scipy:1371356,1,1,Ensemble_LR+SVM+CNB
scipy:1371357,1,1,Ensemble_LR+SVM+CNB
scipy:1371358,1,1,Ensemble_LR+SVM+CNB
scipy:1371359,1,1,Ensemble_LR+SVM+CNB
scipy:1371360,1,0,Ensemble_LR+SVM+CNB
scipy:1371361,1,1,Ensemble_LR+SVM+CNB
scipy:1371362,1,1,Ensemble_LR+SVM+CNB
scipy:1371363,1,1,Ensemble_LR+SVM+CNB
scipy:1371364,1,1,Ensemble_LR+SVM+CNB
scipy:1371365,1,0,Ensemble_LR+SVM+CNB
scipy:1371366,1,0,Ensemble_LR+SVM+CNB
scipy:1371367,1,1,Ensemble_LR+SVM+CNB
scipy:1371368,1,1,Ensemble_LR+SVM+CNB
scipy:1371369,1,1,Ensemble_LR+SVM+CNB
scipy:1371370,1,1,Ensemble_LR+SVM+CNB
scipy:1371371,1,1,Ensemble_LR+SVM+CNB
scipy:1371372,1,1,Ensemble_LR+SVM+CNB
scipy:1371373,1,1,Ensemble_LR+SVM+CNB
scipy:1371374,1,1,Ensemble_LR+SVM+CNB
scipy:1371375,1,1,Ensemble_LR+SVM+CNB
scipy:1371376,1,1,Ensemble_LR+SVM+CNB
scipy:1371377,1,1,Ensemble_LR+SVM+CNB
scipy:1371378,1,1,Ensemble_LR+SVM+CNB
scipy:1371379,1,1,Ensemble_LR+SVM+CNB
scipy:1371380,1,1,Ensemble_LR+SVM+CNB
scipy:1371381,1,1,Ensemble_LR+SVM+CNB
scipy:1371382,1,1,Ensemble_LR+SVM+CNB
scipy:1371383,1,0,Ensemble_LR+SVM+CNB
scipy:1371384,1,1,Ensemble_LR+SVM+CNB
scipy:1371385,1,1,Ensemble_LR+SVM+CNB
scipy:1371386,1,1,Ensemble_LR+SVM+CNB
scipy:1371387,1,1,Ensemble_LR+SVM+CNB
scipy:1371388,1,0,Ensemble_LR+SVM+CNB
scipy:1371389,1,1,Ensemble_LR+SVM+CNB
scipy:1371391,1,1,Ensemble_LR+SVM+CNB
scipy:1371392,1,1,Ensemble_LR+SVM+CNB
scipy:1371393,1,1,Ensemble_LR+SVM+CNB
scipy:1371394,1,1,Ensemble_LR+SVM+CNB
scipy:1371395,1,0,Ensemble_LR+SVM+CNB
scipy:1371396,1,0,Ensemble_LR+SVM+CNB
scipy:1371397,1,1,Ensemble_LR+SVM+CNB
scipy:1371398,1,1,Ensemble_LR+SVM+CNB
scipy:1371399,1,0,Ensemble_LR+SVM+CNB
scipy:1371400,1,1,Ensemble_LR+SVM+CNB
scipy:1371401,1,1,Ensemble_LR+SVM+CNB
scipy:1371402,1,0,Ensemble_LR+SVM+CNB
scipy:1371403,1,1,Ensemble_LR+SVM+CNB
scipy:1371404,1,1,Ensemble_LR+SVM+CNB
scipy:1371406,1,0,Ensemble_LR+SVM+CNB
scipy:1371407,1,1,Ensemble_LR+SVM+CNB
scipy:1371408,1,1,Ensemble_LR+SVM+CNB
scipy:1371409,1,1,Ensemble_LR+SVM+CNB
scipy:1371410,1,1,Ensemble_LR+SVM+CNB
scipy:1371411,1,1,Ensemble_LR+SVM+CNB
scipy:1371412,1,1,Ensemble_LR+SVM+CNB
scipy:1371413,1,1,Ensemble_LR+SVM+CNB
scipy:1371414,1,0,Ensemble_LR+SVM+CNB
scipy:1371415,1,1,Ensemble_LR+SVM+CNB
scipy:1371416,1,1,Ensemble_LR+SVM+CNB
scipy:1371417,1,1,Ensemble_LR+SVM+CNB
scipy:1371418,1,1,Ensemble_LR+SVM+CNB
scipy:1371419,1,1,Ensemble_LR+SVM+CNB
scipy:1371420,1,1,Ensemble_LR+SVM+CNB
scipy:1371421,1,1,Ensemble_LR+SVM+CNB
scipy:1371422,1,1,Ensemble_LR+SVM+CNB
scipy:1371423,1,1,Ensemble_LR+SVM+CNB
scipy:1371424,1,1,Ensemble_LR+SVM+CNB
scipy:1371425,1,1,Ensemble_LR+SVM+CNB
scipy:1371426,1,1,Ensemble_LR+SVM+CNB
scipy:1371427,1,1,Ensemble_LR+SVM+CNB
scipy:1371428,1,1,Ensemble_LR+SVM+CNB
scipy:1371430,1,1,Ensemble_LR+SVM+CNB
scipy:1371431,1,1,Ensemble_LR+SVM+CNB
scipy:1371432,1,1,Ensemble_LR+SVM+CNB
scipy:1371433,1,1,Ensemble_LR+SVM+CNB
scipy:1371434,1,1,Ensemble_LR+SVM+CNB
scipy:1371435,1,1,Ensemble_LR+SVM+CNB
scipy:1371436,1,1,Ensemble_LR+SVM+CNB
scipy:1371437,1,1,Ensemble_LR+SVM+CNB
scipy:1371438,1,1,Ensemble_LR+SVM+CNB
scipy:1371439,1,1,Ensemble_LR+SVM+CNB
scipy:1371440,1,0,Ensemble_LR+SVM+CNB
scipy:1371441,1,1,Ensemble_LR+SVM+CNB
scipy:1371442,1,0,Ensemble_LR+SVM+CNB
scipy:1371443,1,1,Ensemble_LR+SVM+CNB
scipy:1371444,1,1,Ensemble_LR+SVM+CNB
scipy:1371445,1,1,Ensemble_LR+SVM+CNB
scipy:1371446,1,1,Ensemble_LR+SVM+CNB
scipy:1371447,1,1,Ensemble_LR+SVM+CNB
scipy:1371448,1,1,Ensemble_LR+SVM+CNB
scipy:1371449,1,1,Ensemble_LR+SVM+CNB
scipy:1371450,1,1,Ensemble_LR+SVM+CNB
scipy:1371451,1,0,Ensemble_LR+SVM+CNB
scipy:1371452,1,1,Ensemble_LR+SVM+CNB
scipy:1371453,1,1,Ensemble_LR+SVM+CNB
scipy:1371454,1,0,Ensemble_LR+SVM+CNB
scipy:1371455,1,1,Ensemble_LR+SVM+CNB
scipy:1371456,1,1,Ensemble_LR+SVM+CNB
scipy:1371457,1,1,Ensemble_LR+SVM+CNB
scipy:1371458,1,1,Ensemble_LR+SVM+CNB
scipy:1371459,1,1,Ensemble_LR+SVM+CNB
scipy:1371460,1,1,Ensemble_LR+SVM+CNB
scipy:1371461,1,1,Ensemble_LR+SVM+CNB
scipy:1371462,1,1,Ensemble_LR+SVM+CNB
scipy:1371463,1,0,Ensemble_LR+SVM+CNB
scipy:1371464,1,1,Ensemble_LR+SVM+CNB
scipy:1371465,1,1,Ensemble_LR+SVM+CNB
scipy:1371466,1,0,Ensemble_LR+SVM+CNB
scipy:1371467,1,1,Ensemble_LR+SVM+CNB
scipy:1371468,1,1,Ensemble_LR+SVM+CNB
scipy:1371469,1,1,Ensemble_LR+SVM+CNB
scipy:1371470,1,1,Ensemble_LR+SVM+CNB
scipy:1371471,1,1,Ensemble_LR+SVM+CNB
scipy:1371472,1,1,Ensemble_LR+SVM+CNB
scipy:1371473,1,1,Ensemble_LR+SVM+CNB
scipy:1371474,1,1,Ensemble_LR+SVM+CNB
scipy:1371475,1,1,Ensemble_LR+SVM+CNB
scipy:1371476,1,1,Ensemble_LR+SVM+CNB
scipy:1371477,1,1,Ensemble_LR+SVM+CNB
scipy:1371478,1,1,Ensemble_LR+SVM+CNB
scipy:1371479,1,0,Ensemble_LR+SVM+CNB
scipy:1371480,1,1,Ensemble_LR+SVM+CNB
scipy:1371481,1,1,Ensemble_LR+SVM+CNB
scipy:1371482,1,1,Ensemble_LR+SVM+CNB
scipy:1371483,1,1,Ensemble_LR+SVM+CNB
scipy:1371484,1,1,Ensemble_LR+SVM+CNB
scipy:1371485,1,1,Ensemble_LR+SVM+CNB
scipy:1371486,1,1,Ensemble_LR+SVM+CNB
scipy:1371487,1,1,Ensemble_LR+SVM+CNB
scipy:1371488,1,1,Ensemble_LR+SVM+CNB
scipy:1371489,1,1,Ensemble_LR+SVM+CNB
scipy:1371490,1,1,Ensemble_LR+SVM+CNB
scipy:1371491,1,1,Ensemble_LR+SVM+CNB
scipy:1371492,1,1,Ensemble_LR+SVM+CNB
scipy:1371493,1,1,Ensemble_LR+SVM+CNB
scipy:1371494,1,1,Ensemble_LR+SVM+CNB
scipy:1371495,1,1,Ensemble_LR+SVM+CNB
scipy:1371496,1,1,Ensemble_LR+SVM+CNB
scipy:1371497,1,1,Ensemble_LR+SVM+CNB
scipy:1371498,1,1,Ensemble_LR+SVM+CNB
scipy:1371499,1,1,Ensemble_LR+SVM+CNB
scipy:1371500,1,1,Ensemble_LR+SVM+CNB
scipy:1371501,1,1,Ensemble_LR+SVM+CNB
scipy:1371502,1,1,Ensemble_LR+SVM+CNB
scipy:1371503,1,1,Ensemble_LR+SVM+CNB
scipy:1371504,1,0,Ensemble_LR+SVM+CNB
scipy:1371505,1,1,Ensemble_LR+SVM+CNB
scipy:1371506,1,1,Ensemble_LR+SVM+CNB
scipy:1371507,1,1,Ensemble_LR+SVM+CNB
scipy:1371508,1,1,Ensemble_LR+SVM+CNB
scipy:1371509,1,1,Ensemble_LR+SVM+CNB
scipy:1371510,1,1,Ensemble_LR+SVM+CNB
scipy:1371511,1,0,Ensemble_LR+SVM+CNB
scipy:1371512,1,1,Ensemble_LR+SVM+CNB
scipy:1371513,1,1,Ensemble_LR+SVM+CNB
scipy:1371514,1,1,Ensemble_LR+SVM+CNB
scipy:1371515,1,1,Ensemble_LR+SVM+CNB
scipy:1371516,1,1,Ensemble_LR+SVM+CNB
scipy:1371517,1,1,Ensemble_LR+SVM+CNB
scipy:1371518,1,1,Ensemble_LR+SVM+CNB
scipy:1371519,1,1,Ensemble_LR+SVM+CNB
scipy:1371520,1,0,Ensemble_LR+SVM+CNB
scipy:1371521,1,0,Ensemble_LR+SVM+CNB
scipy:1371522,1,1,Ensemble_LR+SVM+CNB
scipy:1371523,1,1,Ensemble_LR+SVM+CNB
scipy:1371524,1,1,Ensemble_LR+SVM+CNB
scipy:1371525,1,1,Ensemble_LR+SVM+CNB
scipy:1371526,1,1,Ensemble_LR+SVM+CNB
scipy:1371527,1,1,Ensemble_LR+SVM+CNB
scipy:1371528,1,1,Ensemble_LR+SVM+CNB
scipy:1371529,1,1,Ensemble_LR+SVM+CNB
scipy:1371530,1,1,Ensemble_LR+SVM+CNB
scipy:1371531,1,1,Ensemble_LR+SVM+CNB
scipy:1371532,1,1,Ensemble_LR+SVM+CNB
scipy:1371533,1,1,Ensemble_LR+SVM+CNB
scipy:1371534,1,1,Ensemble_LR+SVM+CNB
scipy:1371535,1,1,Ensemble_LR+SVM+CNB
scipy:1371536,1,1,Ensemble_LR+SVM+CNB
scipy:1371537,1,1,Ensemble_LR+SVM+CNB
scipy:1371538,1,1,Ensemble_LR+SVM+CNB
scipy:1371539,1,1,Ensemble_LR+SVM+CNB
scipy:1371540,1,1,Ensemble_LR+SVM+CNB
scipy:1371541,1,0,Ensemble_LR+SVM+CNB
scipy:1371542,1,0,Ensemble_LR+SVM+CNB
scipy:1371543,1,1,Ensemble_LR+SVM+CNB
scipy:1371544,1,1,Ensemble_LR+SVM+CNB
scipy:1371545,1,1,Ensemble_LR+SVM+CNB
scipy:1371546,1,0,Ensemble_LR+SVM+CNB
scipy:1371547,1,1,Ensemble_LR+SVM+CNB
scipy:1371548,1,1,Ensemble_LR+SVM+CNB
scipy:1371549,1,1,Ensemble_LR+SVM+CNB
scipy:1371550,1,1,Ensemble_LR+SVM+CNB
scipy:1371551,1,1,Ensemble_LR+SVM+CNB
scipy:1371552,1,1,Ensemble_LR+SVM+CNB
scipy:1371553,1,1,Ensemble_LR+SVM+CNB
scipy:1371554,1,0,Ensemble_LR+SVM+CNB
scipy:1371555,1,1,Ensemble_LR+SVM+CNB
scipy:1371556,1,1,Ensemble_LR+SVM+CNB
scipy:1371557,1,1,Ensemble_LR+SVM+CNB
scipy:1371558,1,1,Ensemble_LR+SVM+CNB
scipy:1371559,1,1,Ensemble_LR+SVM+CNB
scipy:1371560,1,1,Ensemble_LR+SVM+CNB
scipy:1371561,1,1,Ensemble_LR+SVM+CNB
scipy:1371562,1,0,Ensemble_LR+SVM+CNB
scipy:1371563,1,1,Ensemble_LR+SVM+CNB
scipy:1371564,1,1,Ensemble_LR+SVM+CNB
scipy:1371565,1,1,Ensemble_LR+SVM+CNB
scipy:1371566,1,1,Ensemble_LR+SVM+CNB
scipy:1371567,1,0,Ensemble_LR+SVM+CNB
scipy:1371568,1,1,Ensemble_LR+SVM+CNB
scipy:1371569,1,1,Ensemble_LR+SVM+CNB
scipy:1371570,1,0,Ensemble_LR+SVM+CNB
scipy:1371571,1,1,Ensemble_LR+SVM+CNB
scipy:1371572,1,1,Ensemble_LR+SVM+CNB
scipy:1371573,1,1,Ensemble_LR+SVM+CNB
scipy:1371574,1,1,Ensemble_LR+SVM+CNB
scipy:1371575,1,1,Ensemble_LR+SVM+CNB
scipy:1371576,1,1,Ensemble_LR+SVM+CNB
scipy:1371577,1,1,Ensemble_LR+SVM+CNB
scipy:1371578,1,1,Ensemble_LR+SVM+CNB
scipy:1371579,1,1,Ensemble_LR+SVM+CNB
scipy:1371580,1,1,Ensemble_LR+SVM+CNB
scipy:1371581,1,1,Ensemble_LR+SVM+CNB
scipy:1371582,1,1,Ensemble_LR+SVM+CNB
scipy:1371583,1,1,Ensemble_LR+SVM+CNB
scipy:1371584,1,1,Ensemble_LR+SVM+CNB
scipy:1371585,1,0,Ensemble_LR+SVM+CNB
scipy:1371586,1,0,Ensemble_LR+SVM+CNB
scipy:1371587,1,1,Ensemble_LR+SVM+CNB
scipy:1371588,1,1,Ensemble_LR+SVM+CNB
scipy:1371589,1,0,Ensemble_LR+SVM+CNB
scipy:1371590,1,0,Ensemble_LR+SVM+CNB
scipy:1371591,1,1,Ensemble_LR+SVM+CNB
scipy:1371592,1,1,Ensemble_LR+SVM+CNB
scipy:1371593,1,1,Ensemble_LR+SVM+CNB
scipy:1371594,1,1,Ensemble_LR+SVM+CNB
scipy:1371595,1,0,Ensemble_LR+SVM+CNB
scipy:1371596,1,1,Ensemble_LR+SVM+CNB
scipy:1371597,1,1,Ensemble_LR+SVM+CNB
scipy:1371598,1,1,Ensemble_LR+SVM+CNB
scipy:1371599,1,1,Ensemble_LR+SVM+CNB
scipy:1371600,1,0,Ensemble_LR+SVM+CNB
scipy:1371601,1,1,Ensemble_LR+SVM+CNB
scipy:1371602,1,1,Ensemble_LR+SVM+CNB
scipy:1371603,1,1,Ensemble_LR+SVM+CNB
scipy:1371604,1,1,Ensemble_LR+SVM+CNB
scipy:1371605,1,1,Ensemble_LR+SVM+CNB
scipy:1371606,1,0,Ensemble_LR+SVM+CNB
scipy:1371607,1,1,Ensemble_LR+SVM+CNB
scipy:1371608,1,1,Ensemble_LR+SVM+CNB
scipy:1371609,1,1,Ensemble_LR+SVM+CNB
scipy:1371610,1,1,Ensemble_LR+SVM+CNB
scipy:1371611,1,1,Ensemble_LR+SVM+CNB
scipy:1371612,1,1,Ensemble_LR+SVM+CNB
scipy:1371613,1,1,Ensemble_LR+SVM+CNB
scipy:1371614,1,1,Ensemble_LR+SVM+CNB
scipy:1371615,1,1,Ensemble_LR+SVM+CNB
scipy:1371616,1,1,Ensemble_LR+SVM+CNB
scipy:1371617,1,1,Ensemble_LR+SVM+CNB
scipy:1371618,1,1,Ensemble_LR+SVM+CNB
scipy:1371619,1,1,Ensemble_LR+SVM+CNB
scipy:1371620,1,1,Ensemble_LR+SVM+CNB
scipy:1371621,1,1,Ensemble_LR+SVM+CNB
scipy:1371622,1,1,Ensemble_LR+SVM+CNB
scipy:1371623,1,1,Ensemble_LR+SVM+CNB
scipy:1371624,1,1,Ensemble_LR+SVM+CNB
scipy:1371625,1,1,Ensemble_LR+SVM+CNB
scipy:1371626,1,1,Ensemble_LR+SVM+CNB
scipy:1371627,1,0,Ensemble_LR+SVM+CNB
scipy:1371628,1,1,Ensemble_LR+SVM+CNB
scipy:1371629,1,0,Ensemble_LR+SVM+CNB
scipy:1371630,1,1,Ensemble_LR+SVM+CNB
scipy:1371631,1,1,Ensemble_LR+SVM+CNB
scipy:1371632,1,1,Ensemble_LR+SVM+CNB
scipy:1371633,1,1,Ensemble_LR+SVM+CNB
scipy:1371634,1,1,Ensemble_LR+SVM+CNB
scipy:1371635,1,1,Ensemble_LR+SVM+CNB
scipy:1371636,1,1,Ensemble_LR+SVM+CNB
scipy:1371637,1,1,Ensemble_LR+SVM+CNB
scipy:1371638,1,1,Ensemble_LR+SVM+CNB
scipy:1371639,1,1,Ensemble_LR+SVM+CNB
scipy:1371640,1,1,Ensemble_LR+SVM+CNB
scipy:1371641,1,1,Ensemble_LR+SVM+CNB
scipy:1371642,1,1,Ensemble_LR+SVM+CNB
scipy:1371643,1,1,Ensemble_LR+SVM+CNB
scipy:1371644,1,1,Ensemble_LR+SVM+CNB
scipy:1371645,1,1,Ensemble_LR+SVM+CNB
scipy:1371646,1,1,Ensemble_LR+SVM+CNB
scipy:1371647,1,1,Ensemble_LR+SVM+CNB
scipy:1371648,1,0,Ensemble_LR+SVM+CNB
scipy:1371649,1,1,Ensemble_LR+SVM+CNB
scipy:1371650,1,1,Ensemble_LR+SVM+CNB
scipy:1371651,1,1,Ensemble_LR+SVM+CNB
scipy:1371652,1,1,Ensemble_LR+SVM+CNB
scipy:1371653,1,1,Ensemble_LR+SVM+CNB
scipy:1371654,1,1,Ensemble_LR+SVM+CNB
scipy:1371655,1,1,Ensemble_LR+SVM+CNB
scipy:1371656,1,1,Ensemble_LR+SVM+CNB
scipy:1371657,1,1,Ensemble_LR+SVM+CNB
scipy:1371658,1,1,Ensemble_LR+SVM+CNB
scipy:1371659,1,1,Ensemble_LR+SVM+CNB
scipy:1371660,1,1,Ensemble_LR+SVM+CNB
scipy:1371661,1,1,Ensemble_LR+SVM+CNB
scipy:1371662,1,1,Ensemble_LR+SVM+CNB
scipy:1371663,1,0,Ensemble_LR+SVM+CNB
scipy:1371664,1,0,Ensemble_LR+SVM+CNB
scipy:1371665,1,1,Ensemble_LR+SVM+CNB
scipy:1371666,1,1,Ensemble_LR+SVM+CNB
scipy:1371667,1,1,Ensemble_LR+SVM+CNB
scipy:1371668,1,1,Ensemble_LR+SVM+CNB
scipy:1371669,1,1,Ensemble_LR+SVM+CNB
scipy:1371670,1,1,Ensemble_LR+SVM+CNB
scipy:1371671,1,1,Ensemble_LR+SVM+CNB
scipy:1371672,1,1,Ensemble_LR+SVM+CNB
scipy:1371673,1,1,Ensemble_LR+SVM+CNB
scipy:1371674,1,1,Ensemble_LR+SVM+CNB
scipy:1371675,1,1,Ensemble_LR+SVM+CNB
scipy:1371676,1,1,Ensemble_LR+SVM+CNB
scipy:1371677,1,0,Ensemble_LR+SVM+CNB
scipy:1371678,1,1,Ensemble_LR+SVM+CNB
scipy:1371679,1,0,Ensemble_LR+SVM+CNB
scipy:1371680,1,1,Ensemble_LR+SVM+CNB
scipy:1371681,1,1,Ensemble_LR+SVM+CNB
scipy:1371682,1,1,Ensemble_LR+SVM+CNB
scipy:1371683,1,0,Ensemble_LR+SVM+CNB
scipy:1371684,1,1,Ensemble_LR+SVM+CNB
scipy:1371685,1,0,Ensemble_LR+SVM+CNB
scipy:1371686,1,1,Ensemble_LR+SVM+CNB
scipy:1371687,1,1,Ensemble_LR+SVM+CNB
scipy:1371688,1,1,Ensemble_LR+SVM+CNB
scipy:1371689,1,1,Ensemble_LR+SVM+CNB
scipy:1371690,1,1,Ensemble_LR+SVM+CNB
scipy:1371691,1,0,Ensemble_LR+SVM+CNB
scipy:1371692,1,1,Ensemble_LR+SVM+CNB
scipy:1371693,1,1,Ensemble_LR+SVM+CNB
scipy:1371694,1,1,Ensemble_LR+SVM+CNB
scipy:1371695,1,1,Ensemble_LR+SVM+CNB
scipy:1371696,1,1,Ensemble_LR+SVM+CNB
scipy:1371697,1,1,Ensemble_LR+SVM+CNB
scipy:1371698,1,1,Ensemble_LR+SVM+CNB
scipy:1371699,1,1,Ensemble_LR+SVM+CNB
scipy:1371700,1,1,Ensemble_LR+SVM+CNB
scipy:1371701,1,0,Ensemble_LR+SVM+CNB
scipy:1371702,1,1,Ensemble_LR+SVM+CNB
scipy:1371703,1,0,Ensemble_LR+SVM+CNB
scipy:1371704,1,1,Ensemble_LR+SVM+CNB
scipy:1371705,1,1,Ensemble_LR+SVM+CNB
scipy:1371706,1,0,Ensemble_LR+SVM+CNB
scipy:1371707,1,1,Ensemble_LR+SVM+CNB
scipy:1371708,1,1,Ensemble_LR+SVM+CNB
scipy:1371709,1,1,Ensemble_LR+SVM+CNB
scipy:1371710,1,0,Ensemble_LR+SVM+CNB
scipy:1371711,1,1,Ensemble_LR+SVM+CNB
scipy:1371712,1,1,Ensemble_LR+SVM+CNB
scipy:1371713,1,1,Ensemble_LR+SVM+CNB
scipy:1371714,1,1,Ensemble_LR+SVM+CNB
scipy:1371715,1,1,Ensemble_LR+SVM+CNB
scipy:1371716,1,0,Ensemble_LR+SVM+CNB
scipy:1371717,1,1,Ensemble_LR+SVM+CNB
scipy:1371718,1,1,Ensemble_LR+SVM+CNB
scipy:1371719,1,1,Ensemble_LR+SVM+CNB
scipy:1371720,1,1,Ensemble_LR+SVM+CNB
scipy:1371721,1,1,Ensemble_LR+SVM+CNB
scipy:1371722,1,1,Ensemble_LR+SVM+CNB
scipy:1371723,1,0,Ensemble_LR+SVM+CNB
scipy:1371724,1,1,Ensemble_LR+SVM+CNB
scipy:1371725,1,1,Ensemble_LR+SVM+CNB
scipy:1371726,1,1,Ensemble_LR+SVM+CNB
scipy:1371727,1,1,Ensemble_LR+SVM+CNB
scipy:1371728,1,1,Ensemble_LR+SVM+CNB
scipy:1371729,1,1,Ensemble_LR+SVM+CNB
scipy:1371730,1,1,Ensemble_LR+SVM+CNB
scipy:1371731,1,1,Ensemble_LR+SVM+CNB
scipy:1371732,1,1,Ensemble_LR+SVM+CNB
scipy:1371733,1,0,Ensemble_LR+SVM+CNB
scipy:1371734,1,1,Ensemble_LR+SVM+CNB
scipy:1371735,1,0,Ensemble_LR+SVM+CNB
scipy:1371736,1,1,Ensemble_LR+SVM+CNB
scipy:1371737,1,1,Ensemble_LR+SVM+CNB
scipy:1371738,1,0,Ensemble_LR+SVM+CNB
scipy:1371739,1,1,Ensemble_LR+SVM+CNB
scipy:1371740,1,1,Ensemble_LR+SVM+CNB
scipy:1371741,1,1,Ensemble_LR+SVM+CNB
scipy:1371742,1,1,Ensemble_LR+SVM+CNB
scipy:1371743,1,1,Ensemble_LR+SVM+CNB
scipy:1371744,1,1,Ensemble_LR+SVM+CNB
scipy:1371745,1,1,Ensemble_LR+SVM+CNB
scipy:1371746,1,1,Ensemble_LR+SVM+CNB
scipy:1371747,1,1,Ensemble_LR+SVM+CNB
scipy:1371748,1,1,Ensemble_LR+SVM+CNB
scipy:1371749,1,1,Ensemble_LR+SVM+CNB
scipy:1371750,1,1,Ensemble_LR+SVM+CNB
scipy:1371751,1,1,Ensemble_LR+SVM+CNB
scipy:1371752,1,1,Ensemble_LR+SVM+CNB
scipy:1371753,1,1,Ensemble_LR+SVM+CNB
scipy:1371754,1,0,Ensemble_LR+SVM+CNB
scipy:1371755,1,1,Ensemble_LR+SVM+CNB
scipy:1371756,1,1,Ensemble_LR+SVM+CNB
scipy:1371757,1,0,Ensemble_LR+SVM+CNB
scipy:1371758,1,1,Ensemble_LR+SVM+CNB
scipy:1371759,1,1,Ensemble_LR+SVM+CNB
scipy:1371760,1,1,Ensemble_LR+SVM+CNB
scipy:1371761,1,1,Ensemble_LR+SVM+CNB
scipy:1371762,1,1,Ensemble_LR+SVM+CNB
scipy:1371763,1,1,Ensemble_LR+SVM+CNB
scipy:1371764,1,1,Ensemble_LR+SVM+CNB
scipy:1371765,1,0,Ensemble_LR+SVM+CNB
scipy:1371766,1,1,Ensemble_LR+SVM+CNB
scipy:1371767,1,1,Ensemble_LR+SVM+CNB
scipy:1371768,1,1,Ensemble_LR+SVM+CNB
scipy:1371769,1,1,Ensemble_LR+SVM+CNB
scipy:1371770,1,1,Ensemble_LR+SVM+CNB
scipy:1371771,1,1,Ensemble_LR+SVM+CNB
scipy:1371772,1,1,Ensemble_LR+SVM+CNB
scipy:1371773,1,1,Ensemble_LR+SVM+CNB
scipy:1371774,1,1,Ensemble_LR+SVM+CNB
scipy:1371775,1,1,Ensemble_LR+SVM+CNB
scipy:1371776,1,1,Ensemble_LR+SVM+CNB
scipy:1371777,1,1,Ensemble_LR+SVM+CNB
scipy:1371778,1,1,Ensemble_LR+SVM+CNB
scipy:1371779,1,1,Ensemble_LR+SVM+CNB
scipy:1371780,1,1,Ensemble_LR+SVM+CNB
scipy:1371781,1,1,Ensemble_LR+SVM+CNB
scipy:1371782,1,1,Ensemble_LR+SVM+CNB
scipy:1371783,1,1,Ensemble_LR+SVM+CNB
scipy:1371784,1,1,Ensemble_LR+SVM+CNB
scipy:1371785,1,1,Ensemble_LR+SVM+CNB
scipy:1371786,1,1,Ensemble_LR+SVM+CNB
scipy:1371787,1,1,Ensemble_LR+SVM+CNB
scipy:1371788,1,1,Ensemble_LR+SVM+CNB
scipy:1371789,1,1,Ensemble_LR+SVM+CNB
scipy:1371790,1,1,Ensemble_LR+SVM+CNB
scipy:1371791,1,1,Ensemble_LR+SVM+CNB
scipy:1371792,1,0,Ensemble_LR+SVM+CNB
scipy:1371793,1,1,Ensemble_LR+SVM+CNB
scipy:1371794,1,0,Ensemble_LR+SVM+CNB
scipy:1371795,1,1,Ensemble_LR+SVM+CNB
scipy:1371796,1,0,Ensemble_LR+SVM+CNB
scipy:1371797,1,1,Ensemble_LR+SVM+CNB
scipy:1371798,1,1,Ensemble_LR+SVM+CNB
scipy:1371799,1,1,Ensemble_LR+SVM+CNB
scipy:1371800,1,1,Ensemble_LR+SVM+CNB
scipy:1371801,1,1,Ensemble_LR+SVM+CNB
scipy:1371802,1,1,Ensemble_LR+SVM+CNB
scipy:1371803,1,1,Ensemble_LR+SVM+CNB
scipy:1371804,1,1,Ensemble_LR+SVM+CNB
scipy:1371805,1,1,Ensemble_LR+SVM+CNB
scipy:1371806,1,1,Ensemble_LR+SVM+CNB
scipy:1371807,1,1,Ensemble_LR+SVM+CNB
scipy:1371808,1,1,Ensemble_LR+SVM+CNB
scipy:1371809,1,1,Ensemble_LR+SVM+CNB
scipy:1371810,1,1,Ensemble_LR+SVM+CNB
scipy:1371811,1,1,Ensemble_LR+SVM+CNB
scipy:1371812,1,1,Ensemble_LR+SVM+CNB
scipy:1371813,1,1,Ensemble_LR+SVM+CNB
scipy:1371814,1,1,Ensemble_LR+SVM+CNB
scipy:1371815,1,1,Ensemble_LR+SVM+CNB
scipy:1371816,1,1,Ensemble_LR+SVM+CNB
scipy:1371817,1,1,Ensemble_LR+SVM+CNB
scipy:1371818,1,1,Ensemble_LR+SVM+CNB
scipy:1371819,1,1,Ensemble_LR+SVM+CNB
scipy:1371820,1,1,Ensemble_LR+SVM+CNB
scipy:1371821,1,1,Ensemble_LR+SVM+CNB
scipy:1371822,1,1,Ensemble_LR+SVM+CNB
scipy:1371823,1,1,Ensemble_LR+SVM+CNB
scipy:1371824,1,1,Ensemble_LR+SVM+CNB
scipy:1371825,1,1,Ensemble_LR+SVM+CNB
scipy:1371826,1,1,Ensemble_LR+SVM+CNB
scipy:1371827,1,1,Ensemble_LR+SVM+CNB
scipy:1371828,1,1,Ensemble_LR+SVM+CNB
scipy:1371829,1,1,Ensemble_LR+SVM+CNB
scipy:1371830,1,1,Ensemble_LR+SVM+CNB
scipy:1371831,1,1,Ensemble_LR+SVM+CNB
scipy:1371832,1,1,Ensemble_LR+SVM+CNB
scipy:1371833,1,1,Ensemble_LR+SVM+CNB
scipy:1371834,1,1,Ensemble_LR+SVM+CNB
scipy:1371835,1,1,Ensemble_LR+SVM+CNB
scipy:1371836,1,1,Ensemble_LR+SVM+CNB
scipy:1371837,1,1,Ensemble_LR+SVM+CNB
scipy:1371838,1,1,Ensemble_LR+SVM+CNB
scipy:1371839,1,1,Ensemble_LR+SVM+CNB
scipy:1371840,1,1,Ensemble_LR+SVM+CNB
scipy:1371841,1,1,Ensemble_LR+SVM+CNB
scipy:1371842,1,1,Ensemble_LR+SVM+CNB
scipy:1371843,1,1,Ensemble_LR+SVM+CNB
scipy:1371844,1,1,Ensemble_LR+SVM+CNB
scipy:1371845,1,1,Ensemble_LR+SVM+CNB
scipy:1371846,1,1,Ensemble_LR+SVM+CNB
scipy:1371847,1,1,Ensemble_LR+SVM+CNB
scipy:1371848,1,1,Ensemble_LR+SVM+CNB
scipy:1371849,1,0,Ensemble_LR+SVM+CNB
scipy:1371850,1,1,Ensemble_LR+SVM+CNB
scipy:1371851,1,1,Ensemble_LR+SVM+CNB
scipy:1371852,1,1,Ensemble_LR+SVM+CNB
scipy:1371853,1,1,Ensemble_LR+SVM+CNB
scipy:1371854,1,1,Ensemble_LR+SVM+CNB
scipy:1371855,1,1,Ensemble_LR+SVM+CNB
scipy:1371856,1,1,Ensemble_LR+SVM+CNB
scipy:1371857,1,1,Ensemble_LR+SVM+CNB
scipy:1371858,1,1,Ensemble_LR+SVM+CNB
scipy:1371859,1,1,Ensemble_LR+SVM+CNB
scipy:1371860,1,1,Ensemble_LR+SVM+CNB
scipy:1371861,1,1,Ensemble_LR+SVM+CNB
scipy:1371862,1,0,Ensemble_LR+SVM+CNB
scipy:1371863,1,1,Ensemble_LR+SVM+CNB
scipy:1371864,1,1,Ensemble_LR+SVM+CNB
scipy:1371865,1,1,Ensemble_LR+SVM+CNB
scipy:1371866,1,1,Ensemble_LR+SVM+CNB
scipy:1371867,1,1,Ensemble_LR+SVM+CNB
scipy:1371868,1,1,Ensemble_LR+SVM+CNB
scipy:1371869,1,1,Ensemble_LR+SVM+CNB
scipy:1371870,1,1,Ensemble_LR+SVM+CNB
scipy:1371871,1,0,Ensemble_LR+SVM+CNB
scipy:1371872,1,1,Ensemble_LR+SVM+CNB
scipy:1371873,1,1,Ensemble_LR+SVM+CNB
scipy:1371874,1,1,Ensemble_LR+SVM+CNB
scipy:1371875,1,1,Ensemble_LR+SVM+CNB
scipy:1371876,1,1,Ensemble_LR+SVM+CNB
scipy:1371877,1,1,Ensemble_LR+SVM+CNB
scipy:1371878,1,1,Ensemble_LR+SVM+CNB
scipy:1371879,1,1,Ensemble_LR+SVM+CNB
scipy:1371880,1,1,Ensemble_LR+SVM+CNB
scipy:1371881,1,1,Ensemble_LR+SVM+CNB
scipy:1371882,1,1,Ensemble_LR+SVM+CNB
scipy:1371883,1,1,Ensemble_LR+SVM+CNB
scipy:1371884,1,0,Ensemble_LR+SVM+CNB
scipy:1371885,1,1,Ensemble_LR+SVM+CNB
scipy:1371886,1,1,Ensemble_LR+SVM+CNB
scipy:1371887,1,1,Ensemble_LR+SVM+CNB
scipy:1371888,1,1,Ensemble_LR+SVM+CNB
scipy:1371889,1,1,Ensemble_LR+SVM+CNB
scipy:1371890,1,1,Ensemble_LR+SVM+CNB
scipy:1371891,1,1,Ensemble_LR+SVM+CNB
scipy:1371892,1,1,Ensemble_LR+SVM+CNB
scipy:1371893,1,1,Ensemble_LR+SVM+CNB
scipy:1371894,1,1,Ensemble_LR+SVM+CNB
scipy:1371895,1,1,Ensemble_LR+SVM+CNB
scipy:1371896,1,1,Ensemble_LR+SVM+CNB
scipy:1371897,1,1,Ensemble_LR+SVM+CNB
scipy:1371898,1,1,Ensemble_LR+SVM+CNB
scipy:1371899,1,0,Ensemble_LR+SVM+CNB
scipy:1371900,1,1,Ensemble_LR+SVM+CNB
scipy:1371901,1,1,Ensemble_LR+SVM+CNB
scipy:1371902,1,1,Ensemble_LR+SVM+CNB
scipy:1371903,1,1,Ensemble_LR+SVM+CNB
scipy:1371904,1,1,Ensemble_LR+SVM+CNB
scipy:1371905,1,1,Ensemble_LR+SVM+CNB
scipy:1371906,1,1,Ensemble_LR+SVM+CNB
scipy:1371907,1,1,Ensemble_LR+SVM+CNB
scipy:1371908,1,1,Ensemble_LR+SVM+CNB
scipy:1371909,1,1,Ensemble_LR+SVM+CNB
scipy:1371910,1,1,Ensemble_LR+SVM+CNB
scipy:1371911,1,0,Ensemble_LR+SVM+CNB
scipy:1371912,1,1,Ensemble_LR+SVM+CNB
scipy:1371913,1,1,Ensemble_LR+SVM+CNB
scipy:1371914,1,1,Ensemble_LR+SVM+CNB
scipy:1371915,1,1,Ensemble_LR+SVM+CNB
scipy:1371916,1,1,Ensemble_LR+SVM+CNB
scipy:1371917,1,1,Ensemble_LR+SVM+CNB
scipy:1371918,1,1,Ensemble_LR+SVM+CNB
scipy:1371919,1,1,Ensemble_LR+SVM+CNB
scipy:1371920,1,0,Ensemble_LR+SVM+CNB
scipy:1371921,1,1,Ensemble_LR+SVM+CNB
scipy:1371922,1,1,Ensemble_LR+SVM+CNB
scipy:1371923,1,1,Ensemble_LR+SVM+CNB
scipy:1371924,1,1,Ensemble_LR+SVM+CNB
scipy:1371925,1,1,Ensemble_LR+SVM+CNB
scipy:1371926,1,1,Ensemble_LR+SVM+CNB
scipy:1371927,1,1,Ensemble_LR+SVM+CNB
scipy:1371928,1,1,Ensemble_LR+SVM+CNB
scipy:1371929,1,1,Ensemble_LR+SVM+CNB
scipy:1371930,1,1,Ensemble_LR+SVM+CNB
scipy:1371931,1,1,Ensemble_LR+SVM+CNB
scipy:1371932,1,1,Ensemble_LR+SVM+CNB
scipy:1371933,1,1,Ensemble_LR+SVM+CNB
scipy:1371934,1,1,Ensemble_LR+SVM+CNB
scipy:1371935,1,1,Ensemble_LR+SVM+CNB
scipy:1371936,1,1,Ensemble_LR+SVM+CNB
scipy:1371937,1,1,Ensemble_LR+SVM+CNB
scipy:1371938,1,0,Ensemble_LR+SVM+CNB
scipy:1371939,1,1,Ensemble_LR+SVM+CNB
scipy:1371940,1,1,Ensemble_LR+SVM+CNB
scipy:1371941,1,1,Ensemble_LR+SVM+CNB
scipy:1371942,1,1,Ensemble_LR+SVM+CNB
scipy:1371943,1,1,Ensemble_LR+SVM+CNB
scipy:1371944,1,1,Ensemble_LR+SVM+CNB
scipy:1371946,1,1,Ensemble_LR+SVM+CNB
scipy:1371947,1,1,Ensemble_LR+SVM+CNB
scipy:1371948,1,1,Ensemble_LR+SVM+CNB
scipy:1371949,1,1,Ensemble_LR+SVM+CNB
scipy:1371950,1,0,Ensemble_LR+SVM+CNB
scipy:1371951,1,1,Ensemble_LR+SVM+CNB
scipy:1371952,1,1,Ensemble_LR+SVM+CNB
scipy:1371953,1,1,Ensemble_LR+SVM+CNB
scipy:1371954,1,1,Ensemble_LR+SVM+CNB
scipy:1371955,1,1,Ensemble_LR+SVM+CNB
scipy:1371956,1,1,Ensemble_LR+SVM+CNB
scipy:1371957,1,1,Ensemble_LR+SVM+CNB
scipy:1371958,1,1,Ensemble_LR+SVM+CNB
scipy:1371959,1,1,Ensemble_LR+SVM+CNB
scipy:1371960,1,1,Ensemble_LR+SVM+CNB
scipy:1371961,1,1,Ensemble_LR+SVM+CNB
scipy:1371962,1,1,Ensemble_LR+SVM+CNB
scipy:1371963,1,1,Ensemble_LR+SVM+CNB
scipy:1371964,1,1,Ensemble_LR+SVM+CNB
scipy:1371965,1,1,Ensemble_LR+SVM+CNB
scipy:1371966,1,1,Ensemble_LR+SVM+CNB
scipy:1371967,1,1,Ensemble_LR+SVM+CNB
scipy:1371968,1,1,Ensemble_LR+SVM+CNB
scipy:1371969,1,1,Ensemble_LR+SVM+CNB
scipy:1371970,1,1,Ensemble_LR+SVM+CNB
scipy:1371971,1,1,Ensemble_LR+SVM+CNB
scipy:1371972,1,1,Ensemble_LR+SVM+CNB
scipy:1371973,1,0,Ensemble_LR+SVM+CNB
scipy:1371974,1,1,Ensemble_LR+SVM+CNB
scipy:1371975,1,1,Ensemble_LR+SVM+CNB
scipy:1371976,1,1,Ensemble_LR+SVM+CNB
scipy:1371977,1,1,Ensemble_LR+SVM+CNB
scipy:1371978,1,1,Ensemble_LR+SVM+CNB
scipy:1371979,1,1,Ensemble_LR+SVM+CNB
scipy:1371980,1,1,Ensemble_LR+SVM+CNB
scipy:1371981,1,1,Ensemble_LR+SVM+CNB
scipy:1371982,1,1,Ensemble_LR+SVM+CNB
scipy:1371983,1,1,Ensemble_LR+SVM+CNB
scipy:1371984,1,1,Ensemble_LR+SVM+CNB
scipy:1371985,1,1,Ensemble_LR+SVM+CNB
scipy:1371986,1,1,Ensemble_LR+SVM+CNB
scipy:1371987,1,1,Ensemble_LR+SVM+CNB
scipy:1371988,1,1,Ensemble_LR+SVM+CNB
scipy:1371989,1,1,Ensemble_LR+SVM+CNB
scipy:1371990,1,0,Ensemble_LR+SVM+CNB
scipy:1371991,1,1,Ensemble_LR+SVM+CNB
scipy:1371992,1,1,Ensemble_LR+SVM+CNB
scipy:1371993,1,0,Ensemble_LR+SVM+CNB
scipy:1371994,1,1,Ensemble_LR+SVM+CNB
scipy:1371995,1,0,Ensemble_LR+SVM+CNB
scipy:1371996,1,1,Ensemble_LR+SVM+CNB
scipy:1371997,1,1,Ensemble_LR+SVM+CNB
scipy:1371998,1,1,Ensemble_LR+SVM+CNB
scipy:1371999,1,1,Ensemble_LR+SVM+CNB
scipy:1372000,1,1,Ensemble_LR+SVM+CNB
scipy:1372001,1,1,Ensemble_LR+SVM+CNB
scipy:1372002,1,1,Ensemble_LR+SVM+CNB
scipy:1372003,1,1,Ensemble_LR+SVM+CNB
scipy:1372004,1,1,Ensemble_LR+SVM+CNB
scipy:1372005,1,1,Ensemble_LR+SVM+CNB
scipy:1372006,1,1,Ensemble_LR+SVM+CNB
scipy:1372007,1,1,Ensemble_LR+SVM+CNB
scipy:1372008,1,1,Ensemble_LR+SVM+CNB
scipy:1372009,1,1,Ensemble_LR+SVM+CNB
scipy:1372010,1,1,Ensemble_LR+SVM+CNB
scipy:1372011,1,1,Ensemble_LR+SVM+CNB
scipy:1372012,1,1,Ensemble_LR+SVM+CNB
scipy:1372013,1,1,Ensemble_LR+SVM+CNB
scipy:1372014,1,1,Ensemble_LR+SVM+CNB
scipy:1372015,1,1,Ensemble_LR+SVM+CNB
scipy:1372016,1,1,Ensemble_LR+SVM+CNB
scipy:1372017,1,1,Ensemble_LR+SVM+CNB
scipy:1372018,1,1,Ensemble_LR+SVM+CNB
scipy:1372019,1,1,Ensemble_LR+SVM+CNB
scipy:1372020,1,1,Ensemble_LR+SVM+CNB
scipy:1372021,1,1,Ensemble_LR+SVM+CNB
scipy:1372022,1,1,Ensemble_LR+SVM+CNB
scipy:1372023,1,1,Ensemble_LR+SVM+CNB
scipy:1372024,1,1,Ensemble_LR+SVM+CNB
scipy:1372025,1,1,Ensemble_LR+SVM+CNB
scipy:1372026,1,1,Ensemble_LR+SVM+CNB
scipy:1372027,1,1,Ensemble_LR+SVM+CNB
scipy:1372028,1,1,Ensemble_LR+SVM+CNB
scipy:1372029,1,1,Ensemble_LR+SVM+CNB
scipy:1372030,1,1,Ensemble_LR+SVM+CNB
scipy:1372031,1,1,Ensemble_LR+SVM+CNB
scipy:1372032,1,1,Ensemble_LR+SVM+CNB
scipy:1372033,1,1,Ensemble_LR+SVM+CNB
scipy:1372034,1,1,Ensemble_LR+SVM+CNB
scipy:1372035,1,1,Ensemble_LR+SVM+CNB
scipy:1372036,1,1,Ensemble_LR+SVM+CNB
scipy:1372037,1,0,Ensemble_LR+SVM+CNB
scipy:1372038,1,1,Ensemble_LR+SVM+CNB
scipy:1372039,1,1,Ensemble_LR+SVM+CNB
scipy:1372040,1,1,Ensemble_LR+SVM+CNB
scipy:1372041,1,1,Ensemble_LR+SVM+CNB
scipy:1372042,1,1,Ensemble_LR+SVM+CNB
scipy:1372043,1,0,Ensemble_LR+SVM+CNB
scipy:1372044,1,1,Ensemble_LR+SVM+CNB
scipy:1372045,1,1,Ensemble_LR+SVM+CNB
scipy:1372046,1,1,Ensemble_LR+SVM+CNB
scipy:1372047,1,1,Ensemble_LR+SVM+CNB
scipy:1372048,1,1,Ensemble_LR+SVM+CNB
scipy:1372049,1,1,Ensemble_LR+SVM+CNB
scipy:1372050,1,1,Ensemble_LR+SVM+CNB
scipy:1372051,1,1,Ensemble_LR+SVM+CNB
scipy:1372052,1,1,Ensemble_LR+SVM+CNB
scipy:1372053,1,1,Ensemble_LR+SVM+CNB
scipy:1372054,1,1,Ensemble_LR+SVM+CNB
scipy:1372055,1,1,Ensemble_LR+SVM+CNB
scipy:1372056,1,1,Ensemble_LR+SVM+CNB
scipy:1372057,1,1,Ensemble_LR+SVM+CNB
scipy:1372058,1,0,Ensemble_LR+SVM+CNB
scipy:1372059,1,1,Ensemble_LR+SVM+CNB
scipy:1372060,1,1,Ensemble_LR+SVM+CNB
scipy:1372061,1,1,Ensemble_LR+SVM+CNB
scipy:1372062,1,1,Ensemble_LR+SVM+CNB
scipy:1372063,1,1,Ensemble_LR+SVM+CNB
scipy:1372064,1,1,Ensemble_LR+SVM+CNB
scipy:1372065,1,1,Ensemble_LR+SVM+CNB
scipy:1372066,1,1,Ensemble_LR+SVM+CNB
scipy:1372067,1,1,Ensemble_LR+SVM+CNB
scipy:1372068,1,1,Ensemble_LR+SVM+CNB
scipy:1372069,1,1,Ensemble_LR+SVM+CNB
scipy:1372070,1,0,Ensemble_LR+SVM+CNB
scipy:1372071,1,1,Ensemble_LR+SVM+CNB
scipy:1372072,1,1,Ensemble_LR+SVM+CNB
scipy:1372073,1,1,Ensemble_LR+SVM+CNB
scipy:1372074,1,1,Ensemble_LR+SVM+CNB
scipy:1372075,1,1,Ensemble_LR+SVM+CNB
scipy:1372076,1,1,Ensemble_LR+SVM+CNB
scipy:1372077,1,1,Ensemble_LR+SVM+CNB
scipy:1372078,1,1,Ensemble_LR+SVM+CNB
scipy:1372079,1,0,Ensemble_LR+SVM+CNB
scipy:1372080,1,1,Ensemble_LR+SVM+CNB
scipy:1372081,1,1,Ensemble_LR+SVM+CNB
scipy:1372082,1,1,Ensemble_LR+SVM+CNB
scipy:1372083,1,1,Ensemble_LR+SVM+CNB
scipy:1372084,1,1,Ensemble_LR+SVM+CNB
scipy:1372085,1,1,Ensemble_LR+SVM+CNB
scipy:1372086,1,1,Ensemble_LR+SVM+CNB
scipy:1372087,1,1,Ensemble_LR+SVM+CNB
scipy:1372088,1,1,Ensemble_LR+SVM+CNB
scipy:1372089,1,1,Ensemble_LR+SVM+CNB
scipy:1372090,1,1,Ensemble_LR+SVM+CNB
scipy:1372091,1,1,Ensemble_LR+SVM+CNB
scipy:1372092,1,1,Ensemble_LR+SVM+CNB
scipy:1372093,1,1,Ensemble_LR+SVM+CNB
scipy:1372094,1,1,Ensemble_LR+SVM+CNB
scipy:1372095,1,1,Ensemble_LR+SVM+CNB
scipy:1372096,1,1,Ensemble_LR+SVM+CNB
scipy:1372097,1,1,Ensemble_LR+SVM+CNB
scipy:1372098,1,1,Ensemble_LR+SVM+CNB
scipy:1372099,1,1,Ensemble_LR+SVM+CNB
scipy:1372100,1,1,Ensemble_LR+SVM+CNB
scipy:1372101,1,1,Ensemble_LR+SVM+CNB
scipy:1372102,1,1,Ensemble_LR+SVM+CNB
scipy:1372103,1,1,Ensemble_LR+SVM+CNB
scipy:1372104,1,1,Ensemble_LR+SVM+CNB
scipy:1372105,1,1,Ensemble_LR+SVM+CNB
scipy:1372106,1,1,Ensemble_LR+SVM+CNB
scipy:1372107,1,1,Ensemble_LR+SVM+CNB
scipy:1372108,1,1,Ensemble_LR+SVM+CNB
scipy:1372109,1,1,Ensemble_LR+SVM+CNB
scipy:1372110,1,1,Ensemble_LR+SVM+CNB
scipy:1372111,1,1,Ensemble_LR+SVM+CNB
scipy:1372112,1,0,Ensemble_LR+SVM+CNB
scipy:1372113,1,1,Ensemble_LR+SVM+CNB
scipy:1372114,1,1,Ensemble_LR+SVM+CNB
scipy:1372115,1,1,Ensemble_LR+SVM+CNB
scipy:1372116,1,1,Ensemble_LR+SVM+CNB
scipy:1372117,1,1,Ensemble_LR+SVM+CNB
scipy:1372118,1,1,Ensemble_LR+SVM+CNB
scipy:1372119,1,1,Ensemble_LR+SVM+CNB
scipy:1372120,1,1,Ensemble_LR+SVM+CNB
scipy:1372121,1,1,Ensemble_LR+SVM+CNB
scipy:1372122,1,1,Ensemble_LR+SVM+CNB
scipy:1372123,1,1,Ensemble_LR+SVM+CNB
scipy:1372124,1,1,Ensemble_LR+SVM+CNB
scipy:1372125,1,1,Ensemble_LR+SVM+CNB
scipy:1372126,1,1,Ensemble_LR+SVM+CNB
scipy:1372127,1,1,Ensemble_LR+SVM+CNB
scipy:1372128,1,1,Ensemble_LR+SVM+CNB
scipy:1372129,1,1,Ensemble_LR+SVM+CNB
scipy:1372130,1,1,Ensemble_LR+SVM+CNB
scipy:1372131,1,1,Ensemble_LR+SVM+CNB
scipy:1372132,1,1,Ensemble_LR+SVM+CNB
scipy:1372133,1,1,Ensemble_LR+SVM+CNB
scipy:1372134,1,1,Ensemble_LR+SVM+CNB
scipy:1372135,1,1,Ensemble_LR+SVM+CNB
scipy:1372136,1,1,Ensemble_LR+SVM+CNB
scipy:1372137,1,1,Ensemble_LR+SVM+CNB
scipy:1372138,1,1,Ensemble_LR+SVM+CNB
scipy:1372139,1,1,Ensemble_LR+SVM+CNB
scipy:1372140,1,1,Ensemble_LR+SVM+CNB
scipy:1372141,1,0,Ensemble_LR+SVM+CNB
scipy:1372142,1,1,Ensemble_LR+SVM+CNB
scipy:1372143,1,1,Ensemble_LR+SVM+CNB
scipy:1372144,1,1,Ensemble_LR+SVM+CNB
scipy:1372145,1,1,Ensemble_LR+SVM+CNB
scipy:1372146,1,1,Ensemble_LR+SVM+CNB
scipy:1372147,1,1,Ensemble_LR+SVM+CNB
scipy:1372148,1,1,Ensemble_LR+SVM+CNB
scipy:1372149,1,1,Ensemble_LR+SVM+CNB
scipy:1372150,1,1,Ensemble_LR+SVM+CNB
scipy:1372151,1,1,Ensemble_LR+SVM+CNB
scipy:1372152,1,1,Ensemble_LR+SVM+CNB
scipy:1372153,1,1,Ensemble_LR+SVM+CNB
scipy:1372154,1,1,Ensemble_LR+SVM+CNB
scipy:1372155,1,1,Ensemble_LR+SVM+CNB
scipy:1372156,1,1,Ensemble_LR+SVM+CNB
scipy:1372157,1,1,Ensemble_LR+SVM+CNB
scipy:1372158,1,1,Ensemble_LR+SVM+CNB
scipy:1372159,1,1,Ensemble_LR+SVM+CNB
scipy:1372160,1,1,Ensemble_LR+SVM+CNB
scipy:1372161,1,1,Ensemble_LR+SVM+CNB
scipy:1372162,1,1,Ensemble_LR+SVM+CNB
scipy:1372163,1,1,Ensemble_LR+SVM+CNB
scipy:1372164,1,1,Ensemble_LR+SVM+CNB
scipy:1372165,1,1,Ensemble_LR+SVM+CNB
scipy:1372166,1,1,Ensemble_LR+SVM+CNB
scipy:1372167,1,1,Ensemble_LR+SVM+CNB
scipy:1372168,1,1,Ensemble_LR+SVM+CNB
scipy:1372169,1,1,Ensemble_LR+SVM+CNB
scipy:1372170,1,1,Ensemble_LR+SVM+CNB
scipy:1372171,1,1,Ensemble_LR+SVM+CNB
scipy:1372172,1,1,Ensemble_LR+SVM+CNB
scipy:1372173,1,1,Ensemble_LR+SVM+CNB
scipy:1372174,1,1,Ensemble_LR+SVM+CNB
scipy:1372175,1,1,Ensemble_LR+SVM+CNB
scipy:1372176,1,1,Ensemble_LR+SVM+CNB
scipy:1372177,1,1,Ensemble_LR+SVM+CNB
scipy:1372178,1,1,Ensemble_LR+SVM+CNB
scipy:1372179,1,1,Ensemble_LR+SVM+CNB
scipy:1372180,1,1,Ensemble_LR+SVM+CNB
scipy:1372181,1,1,Ensemble_LR+SVM+CNB
scipy:1372182,1,1,Ensemble_LR+SVM+CNB
scipy:1372183,1,0,Ensemble_LR+SVM+CNB
scipy:1372184,1,1,Ensemble_LR+SVM+CNB
scipy:1372185,1,1,Ensemble_LR+SVM+CNB
scipy:1372186,1,1,Ensemble_LR+SVM+CNB
scipy:1372187,1,1,Ensemble_LR+SVM+CNB
scipy:1372188,1,1,Ensemble_LR+SVM+CNB
scipy:1372189,1,1,Ensemble_LR+SVM+CNB
scipy:1372190,1,1,Ensemble_LR+SVM+CNB
scipy:1372191,1,1,Ensemble_LR+SVM+CNB
scipy:1372192,1,1,Ensemble_LR+SVM+CNB
scipy:1372193,1,1,Ensemble_LR+SVM+CNB
scipy:1372194,1,1,Ensemble_LR+SVM+CNB
scipy:1372195,1,1,Ensemble_LR+SVM+CNB
scipy:1372196,1,1,Ensemble_LR+SVM+CNB
scipy:1372197,1,1,Ensemble_LR+SVM+CNB
scipy:1372198,1,1,Ensemble_LR+SVM+CNB
scipy:1372199,1,1,Ensemble_LR+SVM+CNB
scipy:1372200,1,1,Ensemble_LR+SVM+CNB
scipy:1372201,1,1,Ensemble_LR+SVM+CNB
scipy:1372202,1,1,Ensemble_LR+SVM+CNB
scipy:1372203,1,1,Ensemble_LR+SVM+CNB
scipy:1372204,1,1,Ensemble_LR+SVM+CNB
scipy:1372205,1,1,Ensemble_LR+SVM+CNB
scipy:1372206,1,0,Ensemble_LR+SVM+CNB
scipy:1372207,1,1,Ensemble_LR+SVM+CNB
scipy:1372208,1,0,Ensemble_LR+SVM+CNB
scipy:1372209,1,1,Ensemble_LR+SVM+CNB
scipy:1372210,1,1,Ensemble_LR+SVM+CNB
scipy:1372211,1,1,Ensemble_LR+SVM+CNB
scipy:1372212,1,1,Ensemble_LR+SVM+CNB
scipy:1372213,1,1,Ensemble_LR+SVM+CNB
scipy:1372214,1,1,Ensemble_LR+SVM+CNB
scipy:1372215,1,1,Ensemble_LR+SVM+CNB
scipy:1372216,1,1,Ensemble_LR+SVM+CNB
scipy:1372217,1,1,Ensemble_LR+SVM+CNB
scipy:1372218,1,1,Ensemble_LR+SVM+CNB
scipy:1372219,1,1,Ensemble_LR+SVM+CNB
scipy:1372220,1,1,Ensemble_LR+SVM+CNB
scipy:1372221,1,1,Ensemble_LR+SVM+CNB
scipy:1372222,1,1,Ensemble_LR+SVM+CNB
scipy:1372223,1,1,Ensemble_LR+SVM+CNB
scipy:1372224,1,1,Ensemble_LR+SVM+CNB
scipy:1372225,1,1,Ensemble_LR+SVM+CNB
scipy:1372226,1,1,Ensemble_LR+SVM+CNB
scipy:1372227,1,1,Ensemble_LR+SVM+CNB
scipy:1372228,1,1,Ensemble_LR+SVM+CNB
scipy:1372229,1,1,Ensemble_LR+SVM+CNB
scipy:1372230,1,1,Ensemble_LR+SVM+CNB
scipy:1372231,1,1,Ensemble_LR+SVM+CNB
scipy:1372232,1,1,Ensemble_LR+SVM+CNB
scipy:1372233,1,1,Ensemble_LR+SVM+CNB
scipy:1372234,1,1,Ensemble_LR+SVM+CNB
scipy:1372235,1,1,Ensemble_LR+SVM+CNB
scipy:1372236,1,1,Ensemble_LR+SVM+CNB
scipy:1372237,1,1,Ensemble_LR+SVM+CNB
scipy:1372238,1,1,Ensemble_LR+SVM+CNB
scipy:1372239,1,1,Ensemble_LR+SVM+CNB
scipy:1372240,1,1,Ensemble_LR+SVM+CNB
scipy:1372241,1,1,Ensemble_LR+SVM+CNB
scipy:1372242,1,1,Ensemble_LR+SVM+CNB
scipy:1372243,1,1,Ensemble_LR+SVM+CNB
scipy:1372244,1,1,Ensemble_LR+SVM+CNB
scipy:1372245,1,1,Ensemble_LR+SVM+CNB
scipy:1372246,1,0,Ensemble_LR+SVM+CNB
scipy:1372248,1,1,Ensemble_LR+SVM+CNB
scipy:1372249,1,1,Ensemble_LR+SVM+CNB
scipy:1372250,1,1,Ensemble_LR+SVM+CNB
scipy:1372251,1,1,Ensemble_LR+SVM+CNB
scipy:1372252,1,1,Ensemble_LR+SVM+CNB
scipy:1372253,1,1,Ensemble_LR+SVM+CNB
scipy:1372254,1,1,Ensemble_LR+SVM+CNB
scipy:1372255,1,1,Ensemble_LR+SVM+CNB
scipy:1372256,1,1,Ensemble_LR+SVM+CNB
scipy:1372257,1,1,Ensemble_LR+SVM+CNB
scipy:1372258,1,1,Ensemble_LR+SVM+CNB
scipy:1372259,1,1,Ensemble_LR+SVM+CNB
scipy:1372260,1,1,Ensemble_LR+SVM+CNB
scipy:1372261,1,1,Ensemble_LR+SVM+CNB
scipy:1372262,1,1,Ensemble_LR+SVM+CNB
scipy:1372263,1,1,Ensemble_LR+SVM+CNB
scipy:1372264,1,1,Ensemble_LR+SVM+CNB
scipy:1372265,1,1,Ensemble_LR+SVM+CNB
scipy:1372266,1,1,Ensemble_LR+SVM+CNB
scipy:1372267,1,1,Ensemble_LR+SVM+CNB
scipy:1372268,1,1,Ensemble_LR+SVM+CNB
scipy:1372269,1,1,Ensemble_LR+SVM+CNB
scipy:1372270,1,1,Ensemble_LR+SVM+CNB
scipy:1372271,1,1,Ensemble_LR+SVM+CNB
scipy:1372272,1,1,Ensemble_LR+SVM+CNB
scipy:1372273,1,1,Ensemble_LR+SVM+CNB
scipy:1372274,1,1,Ensemble_LR+SVM+CNB
scipy:1372275,1,1,Ensemble_LR+SVM+CNB
scipy:1372277,1,1,Ensemble_LR+SVM+CNB
scipy:1372278,1,1,Ensemble_LR+SVM+CNB
scipy:1372279,1,1,Ensemble_LR+SVM+CNB
scipy:1372280,1,1,Ensemble_LR+SVM+CNB
scipy:1372281,1,1,Ensemble_LR+SVM+CNB
scipy:1372282,1,1,Ensemble_LR+SVM+CNB
scipy:1372283,1,1,Ensemble_LR+SVM+CNB
scipy:1372284,1,1,Ensemble_LR+SVM+CNB
scipy:1372285,1,1,Ensemble_LR+SVM+CNB
scipy:1372286,1,0,Ensemble_LR+SVM+CNB
scipy:1372287,1,1,Ensemble_LR+SVM+CNB
scipy:1372288,1,1,Ensemble_LR+SVM+CNB
scipy:1372289,1,1,Ensemble_LR+SVM+CNB
scipy:1372290,1,1,Ensemble_LR+SVM+CNB
scipy:1372291,1,1,Ensemble_LR+SVM+CNB
scipy:1372292,1,1,Ensemble_LR+SVM+CNB
scipy:1372293,1,1,Ensemble_LR+SVM+CNB
scipy:1372294,1,1,Ensemble_LR+SVM+CNB
scipy:1372295,1,1,Ensemble_LR+SVM+CNB
scipy:1372296,1,1,Ensemble_LR+SVM+CNB
scipy:1372297,1,1,Ensemble_LR+SVM+CNB
scipy:1372299,1,1,Ensemble_LR+SVM+CNB
scipy:1372300,1,1,Ensemble_LR+SVM+CNB
scipy:1372301,1,1,Ensemble_LR+SVM+CNB
scipy:1372302,1,1,Ensemble_LR+SVM+CNB
scipy:1372303,1,1,Ensemble_LR+SVM+CNB
scipy:1372304,1,1,Ensemble_LR+SVM+CNB
scipy:1372305,1,1,Ensemble_LR+SVM+CNB
scipy:1372306,1,1,Ensemble_LR+SVM+CNB
scipy:1372307,1,1,Ensemble_LR+SVM+CNB
scipy:1372308,1,1,Ensemble_LR+SVM+CNB
scipy:1372309,1,1,Ensemble_LR+SVM+CNB
scipy:1372310,1,1,Ensemble_LR+SVM+CNB
scipy:1372311,1,1,Ensemble_LR+SVM+CNB
scipy:1372312,1,1,Ensemble_LR+SVM+CNB
scipy:1372313,1,1,Ensemble_LR+SVM+CNB
scipy:1372314,1,1,Ensemble_LR+SVM+CNB
scipy:1372315,1,1,Ensemble_LR+SVM+CNB
scipy:1372316,1,1,Ensemble_LR+SVM+CNB
scipy:1372317,1,1,Ensemble_LR+SVM+CNB
scipy:1372318,1,1,Ensemble_LR+SVM+CNB
scipy:1372319,1,1,Ensemble_LR+SVM+CNB
scipy:1372320,1,0,Ensemble_LR+SVM+CNB
scipy:1372321,1,1,Ensemble_LR+SVM+CNB
scipy:1372322,1,1,Ensemble_LR+SVM+CNB
scipy:1372323,1,1,Ensemble_LR+SVM+CNB
scipy:1372324,1,1,Ensemble_LR+SVM+CNB
scipy:1372325,1,1,Ensemble_LR+SVM+CNB
scipy:1372326,1,1,Ensemble_LR+SVM+CNB
scipy:1372327,1,1,Ensemble_LR+SVM+CNB
scipy:1372328,1,1,Ensemble_LR+SVM+CNB
scipy:1372329,1,0,Ensemble_LR+SVM+CNB
scipy:1372330,1,1,Ensemble_LR+SVM+CNB
scipy:1372331,1,1,Ensemble_LR+SVM+CNB
scipy:1372332,1,1,Ensemble_LR+SVM+CNB
scipy:1372333,1,1,Ensemble_LR+SVM+CNB
scipy:1372334,1,1,Ensemble_LR+SVM+CNB
scipy:1372335,1,1,Ensemble_LR+SVM+CNB
scipy:1372336,1,1,Ensemble_LR+SVM+CNB
scipy:1372337,1,1,Ensemble_LR+SVM+CNB
scipy:1372338,1,1,Ensemble_LR+SVM+CNB
scipy:1372339,1,1,Ensemble_LR+SVM+CNB
scipy:1372340,1,1,Ensemble_LR+SVM+CNB
scipy:1372341,1,1,Ensemble_LR+SVM+CNB
scipy:1372342,1,1,Ensemble_LR+SVM+CNB
scipy:1372343,1,1,Ensemble_LR+SVM+CNB
scipy:1372344,1,1,Ensemble_LR+SVM+CNB
scipy:1372345,1,1,Ensemble_LR+SVM+CNB
scipy:1372346,1,1,Ensemble_LR+SVM+CNB
scipy:1372347,1,1,Ensemble_LR+SVM+CNB
scipy:1372348,1,1,Ensemble_LR+SVM+CNB
scipy:1372349,1,1,Ensemble_LR+SVM+CNB
scipy:1372350,1,1,Ensemble_LR+SVM+CNB
scipy:1372351,1,1,Ensemble_LR+SVM+CNB
scipy:1372352,1,1,Ensemble_LR+SVM+CNB
scipy:1372353,1,1,Ensemble_LR+SVM+CNB
scipy:1372354,1,1,Ensemble_LR+SVM+CNB
scipy:1372355,1,0,Ensemble_LR+SVM+CNB
scipy:1372356,1,1,Ensemble_LR+SVM+CNB
scipy:1372357,1,1,Ensemble_LR+SVM+CNB
scipy:1372358,1,1,Ensemble_LR+SVM+CNB
scipy:1372359,1,1,Ensemble_LR+SVM+CNB
scipy:1372360,1,1,Ensemble_LR+SVM+CNB
scipy:1372361,1,0,Ensemble_LR+SVM+CNB
scipy:1372362,1,1,Ensemble_LR+SVM+CNB
scipy:1372363,1,0,Ensemble_LR+SVM+CNB
scipy:1372364,1,1,Ensemble_LR+SVM+CNB
scipy:1372365,1,1,Ensemble_LR+SVM+CNB
scipy:1372366,1,1,Ensemble_LR+SVM+CNB
scipy:1372367,1,1,Ensemble_LR+SVM+CNB
scipy:1372368,1,1,Ensemble_LR+SVM+CNB
scipy:1372369,1,1,Ensemble_LR+SVM+CNB
scipy:1372370,1,1,Ensemble_LR+SVM+CNB
scipy:1372371,1,1,Ensemble_LR+SVM+CNB
scipy:1372372,1,1,Ensemble_LR+SVM+CNB
scipy:1372373,1,1,Ensemble_LR+SVM+CNB
scipy:1372374,1,1,Ensemble_LR+SVM+CNB
scipy:1372375,1,1,Ensemble_LR+SVM+CNB
scipy:1372376,1,1,Ensemble_LR+SVM+CNB
scipy:1372377,1,1,Ensemble_LR+SVM+CNB
scipy:1372378,1,1,Ensemble_LR+SVM+CNB
scipy:1372379,1,1,Ensemble_LR+SVM+CNB
scipy:1372380,1,1,Ensemble_LR+SVM+CNB
scipy:1372381,1,1,Ensemble_LR+SVM+CNB
scipy:1372382,1,1,Ensemble_LR+SVM+CNB
scipy:1372383,1,0,Ensemble_LR+SVM+CNB
scipy:1372384,1,1,Ensemble_LR+SVM+CNB
scipy:1372385,1,1,Ensemble_LR+SVM+CNB
scipy:1372386,1,1,Ensemble_LR+SVM+CNB
scipy:1372387,1,1,Ensemble_LR+SVM+CNB
scipy:1372388,1,1,Ensemble_LR+SVM+CNB
scipy:1372389,1,1,Ensemble_LR+SVM+CNB
scipy:1372390,1,1,Ensemble_LR+SVM+CNB
scipy:1372391,1,1,Ensemble_LR+SVM+CNB
scipy:1372392,1,1,Ensemble_LR+SVM+CNB
scipy:1372393,1,1,Ensemble_LR+SVM+CNB
scipy:1372394,1,1,Ensemble_LR+SVM+CNB
scipy:1372395,1,1,Ensemble_LR+SVM+CNB
scipy:1372396,1,1,Ensemble_LR+SVM+CNB
scipy:1372397,1,1,Ensemble_LR+SVM+CNB
scipy:1372398,1,0,Ensemble_LR+SVM+CNB
scipy:1372399,1,1,Ensemble_LR+SVM+CNB
scipy:1372400,1,1,Ensemble_LR+SVM+CNB
scipy:1372401,1,0,Ensemble_LR+SVM+CNB
scipy:1372402,1,1,Ensemble_LR+SVM+CNB
scipy:1372403,1,1,Ensemble_LR+SVM+CNB
scipy:1372404,1,1,Ensemble_LR+SVM+CNB
scipy:1372405,1,1,Ensemble_LR+SVM+CNB
scipy:1372406,1,1,Ensemble_LR+SVM+CNB
scipy:1372407,1,1,Ensemble_LR+SVM+CNB
scipy:1372408,1,1,Ensemble_LR+SVM+CNB
scipy:1372409,1,1,Ensemble_LR+SVM+CNB
scipy:1372410,1,1,Ensemble_LR+SVM+CNB
scipy:1372411,1,1,Ensemble_LR+SVM+CNB
scipy:1372412,1,1,Ensemble_LR+SVM+CNB
scipy:1372413,1,1,Ensemble_LR+SVM+CNB
scipy:1372414,1,1,Ensemble_LR+SVM+CNB
scipy:1372415,1,1,Ensemble_LR+SVM+CNB
scipy:1372416,1,1,Ensemble_LR+SVM+CNB
scipy:1372417,1,1,Ensemble_LR+SVM+CNB
scipy:1372418,1,1,Ensemble_LR+SVM+CNB
scipy:1372419,1,1,Ensemble_LR+SVM+CNB
scipy:1372420,1,1,Ensemble_LR+SVM+CNB
scipy:1372421,1,1,Ensemble_LR+SVM+CNB
scipy:1372422,1,1,Ensemble_LR+SVM+CNB
scipy:1372423,1,1,Ensemble_LR+SVM+CNB
scipy:1372424,1,1,Ensemble_LR+SVM+CNB
scipy:1372425,1,0,Ensemble_LR+SVM+CNB
scipy:1372426,1,1,Ensemble_LR+SVM+CNB
scipy:1372427,1,1,Ensemble_LR+SVM+CNB
scipy:1372428,1,1,Ensemble_LR+SVM+CNB
scipy:1372429,1,1,Ensemble_LR+SVM+CNB
scipy:1372430,1,1,Ensemble_LR+SVM+CNB
scipy:1372431,1,1,Ensemble_LR+SVM+CNB
scipy:1372432,1,1,Ensemble_LR+SVM+CNB
scipy:1372433,1,1,Ensemble_LR+SVM+CNB
scipy:1372434,1,1,Ensemble_LR+SVM+CNB
scipy:1372435,1,1,Ensemble_LR+SVM+CNB
scipy:1372436,1,1,Ensemble_LR+SVM+CNB
scipy:1372437,1,1,Ensemble_LR+SVM+CNB
scipy:1372438,1,0,Ensemble_LR+SVM+CNB
scipy:1372439,1,1,Ensemble_LR+SVM+CNB
scipy:1372440,1,1,Ensemble_LR+SVM+CNB
scipy:1372441,1,1,Ensemble_LR+SVM+CNB
scipy:1372442,1,1,Ensemble_LR+SVM+CNB
scipy:1372443,1,1,Ensemble_LR+SVM+CNB
scipy:1372444,1,1,Ensemble_LR+SVM+CNB
scipy:1372445,1,1,Ensemble_LR+SVM+CNB
scipy:1372447,1,1,Ensemble_LR+SVM+CNB
scipy:1372448,1,0,Ensemble_LR+SVM+CNB
scipy:1372449,1,1,Ensemble_LR+SVM+CNB
scipy:1372450,1,1,Ensemble_LR+SVM+CNB
scipy:1372451,1,1,Ensemble_LR+SVM+CNB
scipy:1372452,1,1,Ensemble_LR+SVM+CNB
scipy:1372453,1,1,Ensemble_LR+SVM+CNB
scipy:1372454,1,1,Ensemble_LR+SVM+CNB
scipy:1372455,1,1,Ensemble_LR+SVM+CNB
scipy:1372456,1,1,Ensemble_LR+SVM+CNB
scipy:1372457,1,0,Ensemble_LR+SVM+CNB
scipy:1372458,1,1,Ensemble_LR+SVM+CNB
scipy:1372459,1,1,Ensemble_LR+SVM+CNB
scipy:1372461,1,1,Ensemble_LR+SVM+CNB
scipy:1372462,1,1,Ensemble_LR+SVM+CNB
scipy:1372463,1,1,Ensemble_LR+SVM+CNB
scipy:1372464,1,0,Ensemble_LR+SVM+CNB
scipy:1372465,1,0,Ensemble_LR+SVM+CNB
scipy:1372466,1,0,Ensemble_LR+SVM+CNB
scipy:1372467,1,1,Ensemble_LR+SVM+CNB
scipy:1372468,1,1,Ensemble_LR+SVM+CNB
scipy:1372469,1,1,Ensemble_LR+SVM+CNB
scipy:1372470,1,1,Ensemble_LR+SVM+CNB
scipy:1372471,1,1,Ensemble_LR+SVM+CNB
scipy:1372472,1,1,Ensemble_LR+SVM+CNB
scipy:1372473,1,1,Ensemble_LR+SVM+CNB
scipy:1372474,1,1,Ensemble_LR+SVM+CNB
scipy:1372475,1,0,Ensemble_LR+SVM+CNB
scipy:1372476,1,1,Ensemble_LR+SVM+CNB
scipy:1372477,1,1,Ensemble_LR+SVM+CNB
scipy:1372478,1,0,Ensemble_LR+SVM+CNB
scipy:1372479,1,1,Ensemble_LR+SVM+CNB
scipy:1372480,1,1,Ensemble_LR+SVM+CNB
scipy:1372481,1,1,Ensemble_LR+SVM+CNB
scipy:1372482,1,1,Ensemble_LR+SVM+CNB
scipy:1372483,1,1,Ensemble_LR+SVM+CNB
scipy:1372484,1,1,Ensemble_LR+SVM+CNB
scipy:1372485,1,1,Ensemble_LR+SVM+CNB
scipy:1372486,1,1,Ensemble_LR+SVM+CNB
scipy:1372487,1,1,Ensemble_LR+SVM+CNB
scipy:1372488,1,1,Ensemble_LR+SVM+CNB
scipy:1372489,1,1,Ensemble_LR+SVM+CNB
scipy:1372490,1,1,Ensemble_LR+SVM+CNB
scipy:1372491,1,1,Ensemble_LR+SVM+CNB
scipy:1372492,1,1,Ensemble_LR+SVM+CNB
scipy:1372493,1,1,Ensemble_LR+SVM+CNB
scipy:1372494,1,1,Ensemble_LR+SVM+CNB
scipy:1372495,1,1,Ensemble_LR+SVM+CNB
scipy:1372496,1,1,Ensemble_LR+SVM+CNB
scipy:1372498,1,1,Ensemble_LR+SVM+CNB
scipy:1372499,1,1,Ensemble_LR+SVM+CNB
scipy:1372500,1,1,Ensemble_LR+SVM+CNB
scipy:1372501,1,1,Ensemble_LR+SVM+CNB
scipy:1372502,1,1,Ensemble_LR+SVM+CNB
scipy:1372503,1,1,Ensemble_LR+SVM+CNB
scipy:1372504,1,1,Ensemble_LR+SVM+CNB
scipy:1372505,1,1,Ensemble_LR+SVM+CNB
scipy:1372506,1,1,Ensemble_LR+SVM+CNB
scipy:1372507,1,1,Ensemble_LR+SVM+CNB
scipy:1372508,1,0,Ensemble_LR+SVM+CNB
scipy:1372509,1,1,Ensemble_LR+SVM+CNB
scipy:1372510,1,1,Ensemble_LR+SVM+CNB
scipy:1372511,1,1,Ensemble_LR+SVM+CNB
scipy:1372512,1,1,Ensemble_LR+SVM+CNB
scipy:1372513,1,0,Ensemble_LR+SVM+CNB
scipy:1372514,1,1,Ensemble_LR+SVM+CNB
scipy:1372515,1,1,Ensemble_LR+SVM+CNB
scipy:1372516,1,1,Ensemble_LR+SVM+CNB
scipy:1372517,1,1,Ensemble_LR+SVM+CNB
scipy:1372518,1,1,Ensemble_LR+SVM+CNB
scipy:1372519,1,1,Ensemble_LR+SVM+CNB
scipy:1372520,1,1,Ensemble_LR+SVM+CNB
scipy:1372521,1,1,Ensemble_LR+SVM+CNB
scipy:1372522,1,1,Ensemble_LR+SVM+CNB
scipy:1372523,1,1,Ensemble_LR+SVM+CNB
scipy:1372524,1,1,Ensemble_LR+SVM+CNB
scipy:1372525,1,1,Ensemble_LR+SVM+CNB
scipy:1372526,1,1,Ensemble_LR+SVM+CNB
scipy:1372527,1,1,Ensemble_LR+SVM+CNB
scipy:1372528,1,1,Ensemble_LR+SVM+CNB
scipy:1372529,1,1,Ensemble_LR+SVM+CNB
scipy:1372530,1,1,Ensemble_LR+SVM+CNB
scipy:1372531,1,1,Ensemble_LR+SVM+CNB
scipy:1372532,1,1,Ensemble_LR+SVM+CNB
scipy:1372533,1,1,Ensemble_LR+SVM+CNB
scipy:1372534,1,1,Ensemble_LR+SVM+CNB
scipy:1372536,1,1,Ensemble_LR+SVM+CNB
scipy:1372537,1,1,Ensemble_LR+SVM+CNB
scipy:1372538,1,1,Ensemble_LR+SVM+CNB
scipy:1372539,1,0,Ensemble_LR+SVM+CNB
scipy:1372540,1,1,Ensemble_LR+SVM+CNB
scipy:1372541,1,1,Ensemble_LR+SVM+CNB
scipy:1372542,1,1,Ensemble_LR+SVM+CNB
scipy:1372543,1,1,Ensemble_LR+SVM+CNB
scipy:1372544,1,1,Ensemble_LR+SVM+CNB
scipy:1372545,1,1,Ensemble_LR+SVM+CNB
scipy:1372546,1,1,Ensemble_LR+SVM+CNB
scipy:1372547,1,1,Ensemble_LR+SVM+CNB
scipy:1372548,1,0,Ensemble_LR+SVM+CNB
scipy:1372549,1,1,Ensemble_LR+SVM+CNB
scipy:1372550,1,1,Ensemble_LR+SVM+CNB
scipy:1372551,1,0,Ensemble_LR+SVM+CNB
scipy:1372552,1,1,Ensemble_LR+SVM+CNB
scipy:1372553,1,1,Ensemble_LR+SVM+CNB
scipy:1372554,1,1,Ensemble_LR+SVM+CNB
scipy:1372555,1,1,Ensemble_LR+SVM+CNB
scipy:1372556,1,1,Ensemble_LR+SVM+CNB
scipy:1372557,1,1,Ensemble_LR+SVM+CNB
scipy:1372558,1,1,Ensemble_LR+SVM+CNB
scipy:1372559,1,1,Ensemble_LR+SVM+CNB
scipy:1372560,1,1,Ensemble_LR+SVM+CNB
scipy:1372561,1,1,Ensemble_LR+SVM+CNB
scipy:1372562,1,1,Ensemble_LR+SVM+CNB
scipy:1372563,1,1,Ensemble_LR+SVM+CNB
scipy:1372564,1,1,Ensemble_LR+SVM+CNB
scipy:1372565,1,1,Ensemble_LR+SVM+CNB
scipy:1372568,1,1,Ensemble_LR+SVM+CNB
scipy:1372569,1,1,Ensemble_LR+SVM+CNB
scipy:1372570,1,1,Ensemble_LR+SVM+CNB
scipy:1372571,1,0,Ensemble_LR+SVM+CNB
scipy:1372572,1,1,Ensemble_LR+SVM+CNB
scipy:1372573,1,1,Ensemble_LR+SVM+CNB
scipy:1372574,1,1,Ensemble_LR+SVM+CNB
scipy:1372575,1,1,Ensemble_LR+SVM+CNB
scipy:1372576,1,1,Ensemble_LR+SVM+CNB
scipy:1372577,1,1,Ensemble_LR+SVM+CNB
scipy:1372578,1,1,Ensemble_LR+SVM+CNB
scipy:1372579,1,1,Ensemble_LR+SVM+CNB
scipy:1372580,1,1,Ensemble_LR+SVM+CNB
scipy:1372581,1,1,Ensemble_LR+SVM+CNB
scipy:1372582,1,1,Ensemble_LR+SVM+CNB
scipy:1372583,1,1,Ensemble_LR+SVM+CNB
scipy:1372584,1,1,Ensemble_LR+SVM+CNB
scipy:1372585,1,1,Ensemble_LR+SVM+CNB
scipy:1372586,1,1,Ensemble_LR+SVM+CNB
scipy:1372587,1,1,Ensemble_LR+SVM+CNB
scipy:1372588,1,1,Ensemble_LR+SVM+CNB
scipy:1372589,1,1,Ensemble_LR+SVM+CNB
scipy:1372590,1,1,Ensemble_LR+SVM+CNB
scipy:1372592,1,0,Ensemble_LR+SVM+CNB
scipy:1372593,1,0,Ensemble_LR+SVM+CNB
scipy:1372594,1,0,Ensemble_LR+SVM+CNB
scipy:1372595,1,1,Ensemble_LR+SVM+CNB
scipy:1372596,1,0,Ensemble_LR+SVM+CNB
scipy:1372597,1,1,Ensemble_LR+SVM+CNB
scipy:1372598,1,1,Ensemble_LR+SVM+CNB
scipy:1372599,1,1,Ensemble_LR+SVM+CNB
scipy:1372600,1,1,Ensemble_LR+SVM+CNB
scipy:1372601,1,1,Ensemble_LR+SVM+CNB
scipy:1372602,1,1,Ensemble_LR+SVM+CNB
scipy:1372603,1,0,Ensemble_LR+SVM+CNB
scipy:1372604,1,0,Ensemble_LR+SVM+CNB
scipy:1372605,1,0,Ensemble_LR+SVM+CNB
scipy:1372606,1,1,Ensemble_LR+SVM+CNB
scipy:1372607,1,0,Ensemble_LR+SVM+CNB
scipy:1372608,1,0,Ensemble_LR+SVM+CNB
scipy:1372609,1,1,Ensemble_LR+SVM+CNB
scipy:1372610,1,1,Ensemble_LR+SVM+CNB
scipy:1372611,1,1,Ensemble_LR+SVM+CNB
scipy:1372612,1,1,Ensemble_LR+SVM+CNB
scipy:1372613,1,1,Ensemble_LR+SVM+CNB
scipy:1372614,1,1,Ensemble_LR+SVM+CNB
scipy:1372615,1,1,Ensemble_LR+SVM+CNB
scipy:1372616,1,1,Ensemble_LR+SVM+CNB
scipy:1372617,1,1,Ensemble_LR+SVM+CNB
scipy:1372618,1,0,Ensemble_LR+SVM+CNB
scipy:1372621,1,1,Ensemble_LR+SVM+CNB
scipy:1372622,1,1,Ensemble_LR+SVM+CNB
scipy:1372623,1,1,Ensemble_LR+SVM+CNB
scipy:1372624,1,1,Ensemble_LR+SVM+CNB
scipy:1372625,1,1,Ensemble_LR+SVM+CNB
scipy:1372626,1,1,Ensemble_LR+SVM+CNB
scipy:1372627,1,1,Ensemble_LR+SVM+CNB
scipy:1372628,1,1,Ensemble_LR+SVM+CNB
scipy:1372629,1,1,Ensemble_LR+SVM+CNB
scipy:1372630,1,1,Ensemble_LR+SVM+CNB
scipy:1372631,1,1,Ensemble_LR+SVM+CNB
scipy:1372632,1,1,Ensemble_LR+SVM+CNB
scipy:1372633,1,1,Ensemble_LR+SVM+CNB
scipy:1372634,1,1,Ensemble_LR+SVM+CNB
scipy:1372635,1,1,Ensemble_LR+SVM+CNB
scipy:1372636,1,1,Ensemble_LR+SVM+CNB
scipy:1372637,1,1,Ensemble_LR+SVM+CNB
scipy:1372638,1,1,Ensemble_LR+SVM+CNB
scipy:1372639,1,1,Ensemble_LR+SVM+CNB
scipy:1372640,1,1,Ensemble_LR+SVM+CNB
scipy:1372641,1,1,Ensemble_LR+SVM+CNB
scipy:1372642,1,1,Ensemble_LR+SVM+CNB
scipy:1372643,1,1,Ensemble_LR+SVM+CNB
scipy:1372644,1,1,Ensemble_LR+SVM+CNB
scipy:1372645,1,1,Ensemble_LR+SVM+CNB
scipy:1372646,1,1,Ensemble_LR+SVM+CNB
scipy:1372647,1,1,Ensemble_LR+SVM+CNB
scipy:1372648,1,1,Ensemble_LR+SVM+CNB
scipy:1372649,1,1,Ensemble_LR+SVM+CNB
scipy:1372650,1,1,Ensemble_LR+SVM+CNB
scipy:1372651,1,0,Ensemble_LR+SVM+CNB
scipy:1372652,1,1,Ensemble_LR+SVM+CNB
scipy:1372653,1,1,Ensemble_LR+SVM+CNB
scipy:1372654,1,1,Ensemble_LR+SVM+CNB
scipy:1372655,1,1,Ensemble_LR+SVM+CNB
scipy:1372656,1,1,Ensemble_LR+SVM+CNB
scipy:1372657,1,1,Ensemble_LR+SVM+CNB
scipy:1372658,1,1,Ensemble_LR+SVM+CNB
scipy:1372659,1,1,Ensemble_LR+SVM+CNB
scipy:1372660,1,1,Ensemble_LR+SVM+CNB
scipy:1372661,1,0,Ensemble_LR+SVM+CNB
scipy:1372662,1,1,Ensemble_LR+SVM+CNB
scipy:1372663,1,1,Ensemble_LR+SVM+CNB
scipy:1372664,1,1,Ensemble_LR+SVM+CNB
scipy:1372665,1,1,Ensemble_LR+SVM+CNB
scipy:1372666,1,1,Ensemble_LR+SVM+CNB
scipy:1372667,1,1,Ensemble_LR+SVM+CNB
scipy:1372668,1,1,Ensemble_LR+SVM+CNB
scipy:1372669,1,1,Ensemble_LR+SVM+CNB
scipy:1372670,1,1,Ensemble_LR+SVM+CNB
scipy:1372671,1,1,Ensemble_LR+SVM+CNB
scipy:1372672,1,1,Ensemble_LR+SVM+CNB
scipy:1372673,1,1,Ensemble_LR+SVM+CNB
scipy:1372674,1,1,Ensemble_LR+SVM+CNB
scipy:1372675,1,1,Ensemble_LR+SVM+CNB
scipy:1372676,1,1,Ensemble_LR+SVM+CNB
scipy:1372677,1,1,Ensemble_LR+SVM+CNB
scipy:1372678,1,1,Ensemble_LR+SVM+CNB
scipy:1372679,1,1,Ensemble_LR+SVM+CNB
scipy:1372680,1,1,Ensemble_LR+SVM+CNB
scipy:1372681,1,1,Ensemble_LR+SVM+CNB
scipy:1372682,1,1,Ensemble_LR+SVM+CNB
scipy:1372683,1,1,Ensemble_LR+SVM+CNB
scipy:1372684,1,0,Ensemble_LR+SVM+CNB
scipy:1372685,1,1,Ensemble_LR+SVM+CNB
scipy:1372686,1,1,Ensemble_LR+SVM+CNB
scipy:1372687,1,1,Ensemble_LR+SVM+CNB
scipy:1372688,1,1,Ensemble_LR+SVM+CNB
scipy:1372689,1,1,Ensemble_LR+SVM+CNB
scipy:1372690,1,1,Ensemble_LR+SVM+CNB
scipy:1372691,1,1,Ensemble_LR+SVM+CNB
scipy:1372692,1,1,Ensemble_LR+SVM+CNB
scipy:1372693,1,1,Ensemble_LR+SVM+CNB
scipy:1372694,1,0,Ensemble_LR+SVM+CNB
scipy:1372695,1,1,Ensemble_LR+SVM+CNB
scipy:1372696,1,1,Ensemble_LR+SVM+CNB
scipy:1372697,1,1,Ensemble_LR+SVM+CNB
scipy:1372698,1,0,Ensemble_LR+SVM+CNB
scipy:1372699,1,1,Ensemble_LR+SVM+CNB
scipy:1372700,1,1,Ensemble_LR+SVM+CNB
scipy:1372701,1,1,Ensemble_LR+SVM+CNB
scipy:1372702,1,1,Ensemble_LR+SVM+CNB
scipy:1372703,1,1,Ensemble_LR+SVM+CNB
scipy:1372704,1,1,Ensemble_LR+SVM+CNB
scipy:1372705,1,1,Ensemble_LR+SVM+CNB
scipy:1372706,1,1,Ensemble_LR+SVM+CNB
scipy:1372707,1,1,Ensemble_LR+SVM+CNB
scipy:1372708,1,0,Ensemble_LR+SVM+CNB
scipy:1372709,1,1,Ensemble_LR+SVM+CNB
scipy:1372710,1,1,Ensemble_LR+SVM+CNB
scipy:1372711,1,0,Ensemble_LR+SVM+CNB
scipy:1372712,1,1,Ensemble_LR+SVM+CNB
scipy:1372713,1,1,Ensemble_LR+SVM+CNB
scipy:1372714,1,0,Ensemble_LR+SVM+CNB
scipy:1372715,1,1,Ensemble_LR+SVM+CNB
scipy:1372716,1,1,Ensemble_LR+SVM+CNB
scipy:1372717,1,1,Ensemble_LR+SVM+CNB
scipy:1372718,1,1,Ensemble_LR+SVM+CNB
scipy:1372719,1,1,Ensemble_LR+SVM+CNB
scipy:1372720,1,1,Ensemble_LR+SVM+CNB
scipy:1372721,1,1,Ensemble_LR+SVM+CNB
scipy:1372722,1,1,Ensemble_LR+SVM+CNB
scipy:1372723,1,0,Ensemble_LR+SVM+CNB
scipy:1372724,1,1,Ensemble_LR+SVM+CNB
scipy:1372725,1,0,Ensemble_LR+SVM+CNB
scipy:1372726,1,1,Ensemble_LR+SVM+CNB
scipy:1372727,1,1,Ensemble_LR+SVM+CNB
scipy:1372728,1,1,Ensemble_LR+SVM+CNB
scipy:1372729,1,1,Ensemble_LR+SVM+CNB
scipy:1372730,1,1,Ensemble_LR+SVM+CNB
scipy:1372731,1,1,Ensemble_LR+SVM+CNB
scipy:1372732,1,1,Ensemble_LR+SVM+CNB
scipy:1372733,1,0,Ensemble_LR+SVM+CNB
scipy:1372734,1,1,Ensemble_LR+SVM+CNB
scipy:1372735,1,1,Ensemble_LR+SVM+CNB
scipy:1372736,1,1,Ensemble_LR+SVM+CNB
scipy:1372737,1,0,Ensemble_LR+SVM+CNB
scipy:1372738,1,1,Ensemble_LR+SVM+CNB
scipy:1372739,1,1,Ensemble_LR+SVM+CNB
scipy:1372740,1,1,Ensemble_LR+SVM+CNB
scipy:1372741,1,1,Ensemble_LR+SVM+CNB
scipy:1372742,1,1,Ensemble_LR+SVM+CNB
scipy:1372743,1,1,Ensemble_LR+SVM+CNB
scipy:1372744,1,1,Ensemble_LR+SVM+CNB
scipy:1372745,1,1,Ensemble_LR+SVM+CNB
scipy:1372746,1,1,Ensemble_LR+SVM+CNB
scipy:1372747,1,1,Ensemble_LR+SVM+CNB
scipy:1372748,1,1,Ensemble_LR+SVM+CNB
scipy:1372749,1,1,Ensemble_LR+SVM+CNB
scipy:1372750,1,1,Ensemble_LR+SVM+CNB
scipy:1372751,1,1,Ensemble_LR+SVM+CNB
scipy:1372752,1,1,Ensemble_LR+SVM+CNB
scipy:1372753,1,1,Ensemble_LR+SVM+CNB
scipy:1372754,1,1,Ensemble_LR+SVM+CNB
scipy:1372755,1,1,Ensemble_LR+SVM+CNB
scipy:1372756,1,1,Ensemble_LR+SVM+CNB
scipy:1372757,1,1,Ensemble_LR+SVM+CNB
scipy:1372758,1,1,Ensemble_LR+SVM+CNB
scipy:1372759,1,1,Ensemble_LR+SVM+CNB
scipy:1372761,1,1,Ensemble_LR+SVM+CNB
scipy:1372762,1,1,Ensemble_LR+SVM+CNB
scipy:1372763,1,1,Ensemble_LR+SVM+CNB
scipy:1372764,1,1,Ensemble_LR+SVM+CNB
scipy:1372765,1,1,Ensemble_LR+SVM+CNB
scipy:1372766,1,1,Ensemble_LR+SVM+CNB
scipy:1372767,1,1,Ensemble_LR+SVM+CNB
scipy:1372768,1,1,Ensemble_LR+SVM+CNB
scipy:1372769,1,1,Ensemble_LR+SVM+CNB
scipy:1372770,1,1,Ensemble_LR+SVM+CNB
scipy:1372771,1,1,Ensemble_LR+SVM+CNB
scipy:1372772,1,1,Ensemble_LR+SVM+CNB
scipy:1372773,1,1,Ensemble_LR+SVM+CNB
scipy:1372774,1,1,Ensemble_LR+SVM+CNB
scipy:1372775,1,1,Ensemble_LR+SVM+CNB
scipy:1372776,1,1,Ensemble_LR+SVM+CNB
scipy:1372777,1,1,Ensemble_LR+SVM+CNB
scipy:1372778,1,1,Ensemble_LR+SVM+CNB
scipy:1372779,1,1,Ensemble_LR+SVM+CNB
scipy:1372780,1,0,Ensemble_LR+SVM+CNB
scipy:1372781,1,1,Ensemble_LR+SVM+CNB
scipy:1372782,1,1,Ensemble_LR+SVM+CNB
scipy:1372783,1,1,Ensemble_LR+SVM+CNB
scipy:1372784,1,1,Ensemble_LR+SVM+CNB
scipy:1372785,1,1,Ensemble_LR+SVM+CNB
scipy:1372786,1,0,Ensemble_LR+SVM+CNB
scipy:1372787,1,1,Ensemble_LR+SVM+CNB
scipy:1372789,1,1,Ensemble_LR+SVM+CNB
scipy:1372790,1,1,Ensemble_LR+SVM+CNB
scipy:1372791,1,1,Ensemble_LR+SVM+CNB
scipy:1372792,1,1,Ensemble_LR+SVM+CNB
scipy:1372793,1,1,Ensemble_LR+SVM+CNB
scipy:1372794,1,1,Ensemble_LR+SVM+CNB
scipy:1372795,1,1,Ensemble_LR+SVM+CNB
scipy:1372796,1,1,Ensemble_LR+SVM+CNB
scipy:1372797,1,1,Ensemble_LR+SVM+CNB
scipy:1372798,1,1,Ensemble_LR+SVM+CNB
scipy:1372799,1,1,Ensemble_LR+SVM+CNB
scipy:1372800,1,0,Ensemble_LR+SVM+CNB
scipy:1372801,1,1,Ensemble_LR+SVM+CNB
scipy:1372802,1,1,Ensemble_LR+SVM+CNB
scipy:1372803,1,1,Ensemble_LR+SVM+CNB
scipy:1372804,1,1,Ensemble_LR+SVM+CNB
scipy:1372805,1,0,Ensemble_LR+SVM+CNB
scipy:1372806,1,1,Ensemble_LR+SVM+CNB
scipy:1372807,1,1,Ensemble_LR+SVM+CNB
scipy:1372808,1,1,Ensemble_LR+SVM+CNB
scipy:1372809,1,1,Ensemble_LR+SVM+CNB
scipy:1372810,1,0,Ensemble_LR+SVM+CNB
scipy:1372811,1,1,Ensemble_LR+SVM+CNB
scipy:1372812,1,1,Ensemble_LR+SVM+CNB
scipy:1372813,1,1,Ensemble_LR+SVM+CNB
scipy:1372814,1,1,Ensemble_LR+SVM+CNB
scipy:1372815,1,1,Ensemble_LR+SVM+CNB
scipy:1372816,1,1,Ensemble_LR+SVM+CNB
scipy:1372817,1,1,Ensemble_LR+SVM+CNB
scipy:1372818,1,1,Ensemble_LR+SVM+CNB
scipy:1372819,1,1,Ensemble_LR+SVM+CNB
scipy:1372820,1,1,Ensemble_LR+SVM+CNB
scipy:1372821,1,0,Ensemble_LR+SVM+CNB
scipy:1372822,1,1,Ensemble_LR+SVM+CNB
scipy:1372823,1,1,Ensemble_LR+SVM+CNB
scipy:1372824,1,1,Ensemble_LR+SVM+CNB
scipy:1372825,1,1,Ensemble_LR+SVM+CNB
scipy:1372826,1,0,Ensemble_LR+SVM+CNB
scipy:1372827,1,1,Ensemble_LR+SVM+CNB
scipy:1372828,1,1,Ensemble_LR+SVM+CNB
scipy:1372829,1,1,Ensemble_LR+SVM+CNB
scipy:1372830,1,1,Ensemble_LR+SVM+CNB
scipy:1372831,1,1,Ensemble_LR+SVM+CNB
scipy:1372832,1,0,Ensemble_LR+SVM+CNB
scipy:1372833,1,1,Ensemble_LR+SVM+CNB
scipy:1372834,1,1,Ensemble_LR+SVM+CNB
scipy:1372835,1,1,Ensemble_LR+SVM+CNB
scipy:1372836,1,1,Ensemble_LR+SVM+CNB
scipy:1372837,1,1,Ensemble_LR+SVM+CNB
scipy:1372838,1,1,Ensemble_LR+SVM+CNB
scipy:1372839,1,1,Ensemble_LR+SVM+CNB
scipy:1372840,1,1,Ensemble_LR+SVM+CNB
scipy:1372841,1,1,Ensemble_LR+SVM+CNB
scipy:1372842,1,1,Ensemble_LR+SVM+CNB
scipy:1372843,1,1,Ensemble_LR+SVM+CNB
scipy:1372844,1,1,Ensemble_LR+SVM+CNB
scipy:1372845,1,1,Ensemble_LR+SVM+CNB
scipy:1372846,1,1,Ensemble_LR+SVM+CNB
scipy:1372847,1,1,Ensemble_LR+SVM+CNB
scipy:1372848,1,1,Ensemble_LR+SVM+CNB
scipy:1372849,1,1,Ensemble_LR+SVM+CNB
scipy:1372850,1,1,Ensemble_LR+SVM+CNB
scipy:1372851,1,0,Ensemble_LR+SVM+CNB
scipy:1372852,1,1,Ensemble_LR+SVM+CNB
scipy:1372853,1,1,Ensemble_LR+SVM+CNB
scipy:1372854,1,1,Ensemble_LR+SVM+CNB
scipy:1372855,1,1,Ensemble_LR+SVM+CNB
scipy:1372856,1,1,Ensemble_LR+SVM+CNB
scipy:1372857,1,1,Ensemble_LR+SVM+CNB
scipy:1372858,1,1,Ensemble_LR+SVM+CNB
scipy:1372859,1,1,Ensemble_LR+SVM+CNB
scipy:1372860,1,1,Ensemble_LR+SVM+CNB
scipy:1372861,1,1,Ensemble_LR+SVM+CNB
scipy:1372862,1,1,Ensemble_LR+SVM+CNB
scipy:1372863,1,1,Ensemble_LR+SVM+CNB
scipy:1372864,1,1,Ensemble_LR+SVM+CNB
scipy:1372865,1,1,Ensemble_LR+SVM+CNB
scipy:1372866,1,1,Ensemble_LR+SVM+CNB
scipy:1372867,1,0,Ensemble_LR+SVM+CNB
scipy:1372868,1,0,Ensemble_LR+SVM+CNB
scipy:1372869,1,1,Ensemble_LR+SVM+CNB
scipy:1372870,1,1,Ensemble_LR+SVM+CNB
scipy:1372871,1,1,Ensemble_LR+SVM+CNB
scipy:1372872,1,1,Ensemble_LR+SVM+CNB
scipy:1372873,1,1,Ensemble_LR+SVM+CNB
scipy:1372874,1,1,Ensemble_LR+SVM+CNB
scipy:1372875,1,1,Ensemble_LR+SVM+CNB
scipy:1372876,1,1,Ensemble_LR+SVM+CNB
scipy:1372877,1,1,Ensemble_LR+SVM+CNB
scipy:1372878,1,1,Ensemble_LR+SVM+CNB
scipy:1372879,1,1,Ensemble_LR+SVM+CNB
scipy:1372880,1,1,Ensemble_LR+SVM+CNB
scipy:1372881,1,1,Ensemble_LR+SVM+CNB
scipy:1372882,1,1,Ensemble_LR+SVM+CNB
scipy:1372883,1,1,Ensemble_LR+SVM+CNB
scipy:1372884,1,1,Ensemble_LR+SVM+CNB
scipy:1372885,1,1,Ensemble_LR+SVM+CNB
scipy:1372886,1,1,Ensemble_LR+SVM+CNB
scipy:1372887,1,1,Ensemble_LR+SVM+CNB
scipy:1372888,1,1,Ensemble_LR+SVM+CNB
scipy:1372889,1,1,Ensemble_LR+SVM+CNB
scipy:1372890,1,1,Ensemble_LR+SVM+CNB
scipy:1372891,1,1,Ensemble_LR+SVM+CNB
scipy:1372892,1,1,Ensemble_LR+SVM+CNB
scipy:1372893,1,1,Ensemble_LR+SVM+CNB
scipy:1372894,1,1,Ensemble_LR+SVM+CNB
scipy:1372895,1,1,Ensemble_LR+SVM+CNB
scipy:1372896,1,1,Ensemble_LR+SVM+CNB
scipy:1372897,1,1,Ensemble_LR+SVM+CNB
scipy:1372898,1,1,Ensemble_LR+SVM+CNB
scipy:1372899,1,1,Ensemble_LR+SVM+CNB
scipy:1372900,1,1,Ensemble_LR+SVM+CNB
scipy:1372901,1,1,Ensemble_LR+SVM+CNB
scipy:1372902,1,1,Ensemble_LR+SVM+CNB
scipy:1372903,1,1,Ensemble_LR+SVM+CNB
scipy:1372905,1,1,Ensemble_LR+SVM+CNB
scipy:1372906,1,0,Ensemble_LR+SVM+CNB
scipy:1372907,1,1,Ensemble_LR+SVM+CNB
scipy:1372908,1,1,Ensemble_LR+SVM+CNB
scipy:1372909,1,1,Ensemble_LR+SVM+CNB
scipy:1372910,1,1,Ensemble_LR+SVM+CNB
scipy:1372911,1,1,Ensemble_LR+SVM+CNB
scipy:1372912,1,1,Ensemble_LR+SVM+CNB
scipy:1372913,1,1,Ensemble_LR+SVM+CNB
scipy:1372914,1,1,Ensemble_LR+SVM+CNB
scipy:1372915,1,1,Ensemble_LR+SVM+CNB
scipy:1372916,1,1,Ensemble_LR+SVM+CNB
scipy:1372917,1,1,Ensemble_LR+SVM+CNB
scipy:1372918,1,0,Ensemble_LR+SVM+CNB
scipy:1372919,1,1,Ensemble_LR+SVM+CNB
scipy:1372920,1,1,Ensemble_LR+SVM+CNB
scipy:1372921,1,1,Ensemble_LR+SVM+CNB
scipy:1372922,1,1,Ensemble_LR+SVM+CNB
scipy:1372923,1,1,Ensemble_LR+SVM+CNB
scipy:1372924,1,1,Ensemble_LR+SVM+CNB
scipy:1372925,1,1,Ensemble_LR+SVM+CNB
scipy:1372926,1,1,Ensemble_LR+SVM+CNB
scipy:1372927,1,1,Ensemble_LR+SVM+CNB
scipy:1372928,1,0,Ensemble_LR+SVM+CNB
scipy:1372929,1,1,Ensemble_LR+SVM+CNB
scipy:1372930,1,1,Ensemble_LR+SVM+CNB
scipy:1372931,1,1,Ensemble_LR+SVM+CNB
scipy:1372932,1,1,Ensemble_LR+SVM+CNB
scipy:1372933,1,1,Ensemble_LR+SVM+CNB
scipy:1372934,1,1,Ensemble_LR+SVM+CNB
scipy:1372935,1,1,Ensemble_LR+SVM+CNB
scipy:1372936,1,1,Ensemble_LR+SVM+CNB
scipy:1372937,1,1,Ensemble_LR+SVM+CNB
scipy:1372938,1,1,Ensemble_LR+SVM+CNB
scipy:1372939,1,1,Ensemble_LR+SVM+CNB
scipy:1372940,1,1,Ensemble_LR+SVM+CNB
scipy:1372941,1,1,Ensemble_LR+SVM+CNB
scipy:1372942,1,1,Ensemble_LR+SVM+CNB
scipy:1372943,1,1,Ensemble_LR+SVM+CNB
scipy:1372944,1,1,Ensemble_LR+SVM+CNB
scipy:1372945,1,1,Ensemble_LR+SVM+CNB
scipy:1372946,1,1,Ensemble_LR+SVM+CNB
scipy:1372947,1,0,Ensemble_LR+SVM+CNB
scipy:1372948,1,1,Ensemble_LR+SVM+CNB
scipy:1372949,1,0,Ensemble_LR+SVM+CNB
scipy:1372950,1,1,Ensemble_LR+SVM+CNB
scipy:1372951,1,1,Ensemble_LR+SVM+CNB
scipy:1372952,1,1,Ensemble_LR+SVM+CNB
scipy:1372953,1,1,Ensemble_LR+SVM+CNB
scipy:1372954,1,1,Ensemble_LR+SVM+CNB
scipy:1372955,1,1,Ensemble_LR+SVM+CNB
scipy:1372956,1,1,Ensemble_LR+SVM+CNB
scipy:1372957,1,1,Ensemble_LR+SVM+CNB
scipy:1372958,1,1,Ensemble_LR+SVM+CNB
scipy:1372959,1,1,Ensemble_LR+SVM+CNB
scipy:1372960,1,1,Ensemble_LR+SVM+CNB
scipy:1372961,1,1,Ensemble_LR+SVM+CNB
scipy:1372962,1,1,Ensemble_LR+SVM+CNB
scipy:1372963,1,1,Ensemble_LR+SVM+CNB
scipy:1372964,1,1,Ensemble_LR+SVM+CNB
scipy:1372965,1,1,Ensemble_LR+SVM+CNB
scipy:1372966,1,1,Ensemble_LR+SVM+CNB
scipy:1372967,1,1,Ensemble_LR+SVM+CNB
scipy:1372968,1,1,Ensemble_LR+SVM+CNB
scipy:1372969,1,1,Ensemble_LR+SVM+CNB
scipy:1372970,1,1,Ensemble_LR+SVM+CNB
scipy:1372971,1,1,Ensemble_LR+SVM+CNB
scipy:1372972,1,1,Ensemble_LR+SVM+CNB
scipy:1372973,1,1,Ensemble_LR+SVM+CNB
scipy:1372974,1,1,Ensemble_LR+SVM+CNB
scipy:1372975,1,1,Ensemble_LR+SVM+CNB
scipy:1372976,1,1,Ensemble_LR+SVM+CNB
scipy:1372977,1,1,Ensemble_LR+SVM+CNB
scipy:1372978,1,1,Ensemble_LR+SVM+CNB
scipy:1372979,1,1,Ensemble_LR+SVM+CNB
scipy:1372980,1,1,Ensemble_LR+SVM+CNB
scipy:1372981,1,1,Ensemble_LR+SVM+CNB
scipy:1372982,1,1,Ensemble_LR+SVM+CNB
scipy:1372983,1,1,Ensemble_LR+SVM+CNB
scipy:1372984,1,1,Ensemble_LR+SVM+CNB
scipy:1372985,1,1,Ensemble_LR+SVM+CNB
scipy:1372986,1,1,Ensemble_LR+SVM+CNB
scipy:1372987,1,0,Ensemble_LR+SVM+CNB
scipy:1372988,1,1,Ensemble_LR+SVM+CNB
scipy:1372989,1,1,Ensemble_LR+SVM+CNB
scipy:1372990,1,1,Ensemble_LR+SVM+CNB
scipy:1372991,1,1,Ensemble_LR+SVM+CNB
scipy:1372992,1,1,Ensemble_LR+SVM+CNB
scipy:1372993,1,1,Ensemble_LR+SVM+CNB
scipy:1372994,1,1,Ensemble_LR+SVM+CNB
scipy:1372995,1,1,Ensemble_LR+SVM+CNB
scipy:1372996,1,1,Ensemble_LR+SVM+CNB
scipy:1372997,1,1,Ensemble_LR+SVM+CNB
scipy:1372998,1,1,Ensemble_LR+SVM+CNB
scipy:1372999,1,1,Ensemble_LR+SVM+CNB
scipy:1373000,1,1,Ensemble_LR+SVM+CNB
scipy:1373001,1,1,Ensemble_LR+SVM+CNB
scipy:1373002,1,1,Ensemble_LR+SVM+CNB
scipy:1373003,1,1,Ensemble_LR+SVM+CNB
scipy:1373004,1,1,Ensemble_LR+SVM+CNB
scipy:1373005,1,1,Ensemble_LR+SVM+CNB
scipy:1373006,1,1,Ensemble_LR+SVM+CNB
scipy:1373007,1,1,Ensemble_LR+SVM+CNB
scipy:1373008,1,1,Ensemble_LR+SVM+CNB
scipy:1373009,1,1,Ensemble_LR+SVM+CNB
scipy:1373010,1,1,Ensemble_LR+SVM+CNB
scipy:1373011,1,1,Ensemble_LR+SVM+CNB
scipy:1373012,1,1,Ensemble_LR+SVM+CNB
scipy:1373013,1,1,Ensemble_LR+SVM+CNB
scipy:1373014,1,1,Ensemble_LR+SVM+CNB
scipy:1373015,1,1,Ensemble_LR+SVM+CNB
scipy:1373016,1,1,Ensemble_LR+SVM+CNB
scipy:1373017,1,1,Ensemble_LR+SVM+CNB
scipy:1373018,1,1,Ensemble_LR+SVM+CNB
scipy:1373019,1,1,Ensemble_LR+SVM+CNB
scipy:1373020,1,1,Ensemble_LR+SVM+CNB
scipy:1373021,1,1,Ensemble_LR+SVM+CNB
scipy:1373022,1,1,Ensemble_LR+SVM+CNB
scipy:1373023,1,1,Ensemble_LR+SVM+CNB
scipy:1373024,1,1,Ensemble_LR+SVM+CNB
scipy:1373025,1,1,Ensemble_LR+SVM+CNB
scipy:1373026,1,1,Ensemble_LR+SVM+CNB
scipy:1373027,1,0,Ensemble_LR+SVM+CNB
scipy:1373028,1,1,Ensemble_LR+SVM+CNB
scipy:1373029,1,1,Ensemble_LR+SVM+CNB
scipy:1373030,1,1,Ensemble_LR+SVM+CNB
scipy:1373031,1,1,Ensemble_LR+SVM+CNB
scipy:1373032,1,1,Ensemble_LR+SVM+CNB
scipy:1373033,1,1,Ensemble_LR+SVM+CNB
scipy:1373034,1,1,Ensemble_LR+SVM+CNB
scipy:1373035,1,1,Ensemble_LR+SVM+CNB
scipy:1373036,1,1,Ensemble_LR+SVM+CNB
scipy:1373037,1,1,Ensemble_LR+SVM+CNB
scipy:1373038,1,1,Ensemble_LR+SVM+CNB
scipy:1373039,1,1,Ensemble_LR+SVM+CNB
scipy:1373040,1,0,Ensemble_LR+SVM+CNB
scipy:1373041,1,1,Ensemble_LR+SVM+CNB
scipy:1373042,1,1,Ensemble_LR+SVM+CNB
scipy:1373043,1,1,Ensemble_LR+SVM+CNB
scipy:1373044,1,1,Ensemble_LR+SVM+CNB
scipy:1373045,1,1,Ensemble_LR+SVM+CNB
scipy:1373046,1,1,Ensemble_LR+SVM+CNB
scipy:1373047,1,1,Ensemble_LR+SVM+CNB
scipy:1373048,1,1,Ensemble_LR+SVM+CNB
scipy:1373049,1,1,Ensemble_LR+SVM+CNB
scipy:1373050,1,1,Ensemble_LR+SVM+CNB
scipy:1373051,1,1,Ensemble_LR+SVM+CNB
scipy:1373052,1,1,Ensemble_LR+SVM+CNB
scipy:1373053,1,1,Ensemble_LR+SVM+CNB
scipy:1373054,1,1,Ensemble_LR+SVM+CNB
scipy:1373055,1,1,Ensemble_LR+SVM+CNB
scipy:1373056,1,1,Ensemble_LR+SVM+CNB
scipy:1373057,1,1,Ensemble_LR+SVM+CNB
scipy:1373058,1,1,Ensemble_LR+SVM+CNB
scipy:1373059,1,1,Ensemble_LR+SVM+CNB
scipy:1373060,1,1,Ensemble_LR+SVM+CNB
scipy:1373061,1,1,Ensemble_LR+SVM+CNB
scipy:1373062,1,1,Ensemble_LR+SVM+CNB
scipy:1373063,1,1,Ensemble_LR+SVM+CNB
scipy:1373064,1,1,Ensemble_LR+SVM+CNB
scipy:1373065,1,1,Ensemble_LR+SVM+CNB
scipy:1373066,1,1,Ensemble_LR+SVM+CNB
scipy:1373067,1,1,Ensemble_LR+SVM+CNB
scipy:1373068,1,1,Ensemble_LR+SVM+CNB
scipy:1373069,1,1,Ensemble_LR+SVM+CNB
scipy:1373070,1,1,Ensemble_LR+SVM+CNB
scipy:1373071,1,1,Ensemble_LR+SVM+CNB
scipy:1373072,1,1,Ensemble_LR+SVM+CNB
scipy:1373073,1,1,Ensemble_LR+SVM+CNB
scipy:1373074,1,1,Ensemble_LR+SVM+CNB
scipy:1373075,1,1,Ensemble_LR+SVM+CNB
scipy:1373076,1,1,Ensemble_LR+SVM+CNB
scipy:1373077,1,1,Ensemble_LR+SVM+CNB
scipy:1373078,1,1,Ensemble_LR+SVM+CNB
scipy:1373079,1,1,Ensemble_LR+SVM+CNB
scipy:1373080,1,1,Ensemble_LR+SVM+CNB
scipy:1373081,1,1,Ensemble_LR+SVM+CNB
scipy:1373082,1,0,Ensemble_LR+SVM+CNB
scipy:1373083,1,1,Ensemble_LR+SVM+CNB
scipy:1373084,1,1,Ensemble_LR+SVM+CNB
scipy:1373085,1,1,Ensemble_LR+SVM+CNB
scipy:1373086,1,1,Ensemble_LR+SVM+CNB
scipy:1373087,1,1,Ensemble_LR+SVM+CNB
scipy:1373088,1,1,Ensemble_LR+SVM+CNB
scipy:1373089,1,1,Ensemble_LR+SVM+CNB
scipy:1373090,1,1,Ensemble_LR+SVM+CNB
scipy:1373091,1,1,Ensemble_LR+SVM+CNB
scipy:1373092,1,1,Ensemble_LR+SVM+CNB
scipy:1373093,1,1,Ensemble_LR+SVM+CNB
scipy:1373094,1,1,Ensemble_LR+SVM+CNB
scipy:1373095,1,1,Ensemble_LR+SVM+CNB
scipy:1373096,1,1,Ensemble_LR+SVM+CNB
scipy:1373097,1,1,Ensemble_LR+SVM+CNB
scipy:1373098,1,1,Ensemble_LR+SVM+CNB
scipy:1373099,1,1,Ensemble_LR+SVM+CNB
scipy:1373100,1,1,Ensemble_LR+SVM+CNB
scipy:1373101,1,1,Ensemble_LR+SVM+CNB
scipy:1373102,1,1,Ensemble_LR+SVM+CNB
scipy:1373103,1,1,Ensemble_LR+SVM+CNB
scipy:1373104,1,1,Ensemble_LR+SVM+CNB
scipy:1373105,1,1,Ensemble_LR+SVM+CNB
scipy:1373106,1,1,Ensemble_LR+SVM+CNB
scipy:1373107,1,1,Ensemble_LR+SVM+CNB
scipy:1373108,1,1,Ensemble_LR+SVM+CNB
scipy:1373109,1,1,Ensemble_LR+SVM+CNB
scipy:1373110,1,1,Ensemble_LR+SVM+CNB
scipy:1373111,1,1,Ensemble_LR+SVM+CNB
scipy:1373112,1,1,Ensemble_LR+SVM+CNB
scipy:1373113,1,1,Ensemble_LR+SVM+CNB
scipy:1373114,1,1,Ensemble_LR+SVM+CNB
scipy:1373115,1,1,Ensemble_LR+SVM+CNB
scipy:1373116,1,1,Ensemble_LR+SVM+CNB
scipy:1373117,1,1,Ensemble_LR+SVM+CNB
scipy:1373118,1,0,Ensemble_LR+SVM+CNB
scipy:1373119,1,1,Ensemble_LR+SVM+CNB
scipy:1373120,1,1,Ensemble_LR+SVM+CNB
scipy:1373121,1,1,Ensemble_LR+SVM+CNB
scipy:1373122,1,1,Ensemble_LR+SVM+CNB
scipy:1373123,1,1,Ensemble_LR+SVM+CNB
scipy:1373124,1,1,Ensemble_LR+SVM+CNB
scipy:1373125,1,1,Ensemble_LR+SVM+CNB
scipy:1373126,1,1,Ensemble_LR+SVM+CNB
scipy:1373127,1,1,Ensemble_LR+SVM+CNB
scipy:1373128,1,1,Ensemble_LR+SVM+CNB
scipy:1373129,1,1,Ensemble_LR+SVM+CNB
scipy:1373130,1,1,Ensemble_LR+SVM+CNB
scipy:1373131,1,1,Ensemble_LR+SVM+CNB
scipy:1373132,1,1,Ensemble_LR+SVM+CNB
scipy:1373133,1,1,Ensemble_LR+SVM+CNB
scipy:1373134,1,1,Ensemble_LR+SVM+CNB
scipy:1373135,1,1,Ensemble_LR+SVM+CNB
scipy:1373136,1,1,Ensemble_LR+SVM+CNB
scipy:1373137,1,1,Ensemble_LR+SVM+CNB
scipy:1373138,1,1,Ensemble_LR+SVM+CNB
scipy:1373139,1,1,Ensemble_LR+SVM+CNB
scipy:1373140,1,0,Ensemble_LR+SVM+CNB
scipy:1373141,1,1,Ensemble_LR+SVM+CNB
scipy:1373142,1,1,Ensemble_LR+SVM+CNB
scipy:1373143,1,1,Ensemble_LR+SVM+CNB
scipy:1373144,1,1,Ensemble_LR+SVM+CNB
scipy:1373145,1,1,Ensemble_LR+SVM+CNB
scipy:1373146,1,1,Ensemble_LR+SVM+CNB
scipy:1373147,1,1,Ensemble_LR+SVM+CNB
scipy:1373148,1,1,Ensemble_LR+SVM+CNB
scipy:1373149,1,1,Ensemble_LR+SVM+CNB
scipy:1373150,1,1,Ensemble_LR+SVM+CNB
scipy:1373151,1,1,Ensemble_LR+SVM+CNB
scipy:1373152,1,1,Ensemble_LR+SVM+CNB
scipy:1373153,1,1,Ensemble_LR+SVM+CNB
scipy:1373154,1,1,Ensemble_LR+SVM+CNB
scipy:1373155,1,1,Ensemble_LR+SVM+CNB
scipy:1373156,1,1,Ensemble_LR+SVM+CNB
scipy:1373157,1,1,Ensemble_LR+SVM+CNB
scipy:1373158,1,1,Ensemble_LR+SVM+CNB
scipy:1373159,1,1,Ensemble_LR+SVM+CNB
scipy:1373160,1,1,Ensemble_LR+SVM+CNB
scipy:1373161,1,1,Ensemble_LR+SVM+CNB
scipy:1373162,1,1,Ensemble_LR+SVM+CNB
scipy:1373163,1,1,Ensemble_LR+SVM+CNB
scipy:1373164,1,1,Ensemble_LR+SVM+CNB
scipy:1373165,1,1,Ensemble_LR+SVM+CNB
scipy:1373166,1,1,Ensemble_LR+SVM+CNB
scipy:1373167,1,1,Ensemble_LR+SVM+CNB
scipy:1373168,1,1,Ensemble_LR+SVM+CNB
scipy:1373169,1,1,Ensemble_LR+SVM+CNB
scipy:1373170,1,1,Ensemble_LR+SVM+CNB
scipy:1373171,1,1,Ensemble_LR+SVM+CNB
scipy:1373172,1,1,Ensemble_LR+SVM+CNB
scipy:1373173,1,1,Ensemble_LR+SVM+CNB
scipy:1373174,1,1,Ensemble_LR+SVM+CNB
scipy:1373175,1,1,Ensemble_LR+SVM+CNB
scipy:1373176,1,1,Ensemble_LR+SVM+CNB
scipy:1373177,1,1,Ensemble_LR+SVM+CNB
scipy:1373178,1,1,Ensemble_LR+SVM+CNB
scipy:1373179,1,1,Ensemble_LR+SVM+CNB
scipy:1373180,1,1,Ensemble_LR+SVM+CNB
scipy:1373181,1,1,Ensemble_LR+SVM+CNB
scipy:1373182,1,1,Ensemble_LR+SVM+CNB
scipy:1373183,1,1,Ensemble_LR+SVM+CNB
scipy:1373184,1,1,Ensemble_LR+SVM+CNB
scipy:1373185,1,1,Ensemble_LR+SVM+CNB
scipy:1373186,1,1,Ensemble_LR+SVM+CNB
scipy:1373187,1,1,Ensemble_LR+SVM+CNB
scipy:1373188,1,1,Ensemble_LR+SVM+CNB
scipy:1373189,1,1,Ensemble_LR+SVM+CNB
scipy:1373190,1,1,Ensemble_LR+SVM+CNB
scipy:1373191,1,1,Ensemble_LR+SVM+CNB
scipy:1373192,1,1,Ensemble_LR+SVM+CNB
scipy:1373193,1,1,Ensemble_LR+SVM+CNB
scipy:1373194,1,1,Ensemble_LR+SVM+CNB
scipy:1373195,1,1,Ensemble_LR+SVM+CNB
scipy:1373196,1,1,Ensemble_LR+SVM+CNB
scipy:1373197,1,1,Ensemble_LR+SVM+CNB
scipy:1373198,1,1,Ensemble_LR+SVM+CNB
scipy:1373199,1,1,Ensemble_LR+SVM+CNB
scipy:1373200,1,1,Ensemble_LR+SVM+CNB
scipy:1373201,1,1,Ensemble_LR+SVM+CNB
scipy:1373202,1,1,Ensemble_LR+SVM+CNB
scipy:1373203,1,1,Ensemble_LR+SVM+CNB
scipy:1373204,1,1,Ensemble_LR+SVM+CNB
scipy:1373205,1,1,Ensemble_LR+SVM+CNB
scipy:1373206,1,1,Ensemble_LR+SVM+CNB
scipy:1373207,1,1,Ensemble_LR+SVM+CNB
scipy:1373208,1,1,Ensemble_LR+SVM+CNB
scipy:1373209,1,1,Ensemble_LR+SVM+CNB
scipy:1373210,1,1,Ensemble_LR+SVM+CNB
scipy:1373211,1,1,Ensemble_LR+SVM+CNB
scipy:1373212,1,1,Ensemble_LR+SVM+CNB
scipy:1373213,1,1,Ensemble_LR+SVM+CNB
scipy:1373214,1,1,Ensemble_LR+SVM+CNB
scipy:1373215,1,1,Ensemble_LR+SVM+CNB
scipy:1373216,1,1,Ensemble_LR+SVM+CNB
scipy:1373217,1,0,Ensemble_LR+SVM+CNB
scipy:1373218,1,1,Ensemble_LR+SVM+CNB
scipy:1373219,1,1,Ensemble_LR+SVM+CNB
scipy:1373220,1,1,Ensemble_LR+SVM+CNB
scipy:1373221,1,0,Ensemble_LR+SVM+CNB
scipy:1373222,1,1,Ensemble_LR+SVM+CNB
scipy:1373223,1,1,Ensemble_LR+SVM+CNB
scipy:1373224,1,1,Ensemble_LR+SVM+CNB
scipy:1373225,1,1,Ensemble_LR+SVM+CNB
scipy:1373226,1,1,Ensemble_LR+SVM+CNB
scipy:1373227,1,1,Ensemble_LR+SVM+CNB
scipy:1373228,1,1,Ensemble_LR+SVM+CNB
scipy:1373229,1,1,Ensemble_LR+SVM+CNB
scipy:1373230,1,1,Ensemble_LR+SVM+CNB
scipy:1373231,1,1,Ensemble_LR+SVM+CNB
scipy:1373232,1,1,Ensemble_LR+SVM+CNB
scipy:1373233,1,1,Ensemble_LR+SVM+CNB
scipy:1373234,1,1,Ensemble_LR+SVM+CNB
scipy:1373235,1,1,Ensemble_LR+SVM+CNB
scipy:1373236,1,1,Ensemble_LR+SVM+CNB
scipy:1373237,1,1,Ensemble_LR+SVM+CNB
scipy:1373238,1,1,Ensemble_LR+SVM+CNB
scipy:1373239,1,1,Ensemble_LR+SVM+CNB
scipy:1373240,1,1,Ensemble_LR+SVM+CNB
scipy:1373241,1,1,Ensemble_LR+SVM+CNB
scipy:1373242,1,1,Ensemble_LR+SVM+CNB
scipy:1373243,1,1,Ensemble_LR+SVM+CNB
scipy:1373244,1,1,Ensemble_LR+SVM+CNB
scipy:1373245,1,1,Ensemble_LR+SVM+CNB
scipy:1373246,1,1,Ensemble_LR+SVM+CNB
scipy:1373247,1,1,Ensemble_LR+SVM+CNB
scipy:1373248,1,1,Ensemble_LR+SVM+CNB
scipy:1373249,1,1,Ensemble_LR+SVM+CNB
scipy:1373250,1,1,Ensemble_LR+SVM+CNB
scipy:1373251,1,1,Ensemble_LR+SVM+CNB
scipy:1373252,1,1,Ensemble_LR+SVM+CNB
scipy:1373253,1,1,Ensemble_LR+SVM+CNB
scipy:1373254,1,1,Ensemble_LR+SVM+CNB
scipy:1373255,1,1,Ensemble_LR+SVM+CNB
scipy:1373256,1,1,Ensemble_LR+SVM+CNB
scipy:1373257,1,1,Ensemble_LR+SVM+CNB
scipy:1373258,1,1,Ensemble_LR+SVM+CNB
scipy:1373259,1,1,Ensemble_LR+SVM+CNB
scipy:1373260,1,1,Ensemble_LR+SVM+CNB
scipy:1373261,1,1,Ensemble_LR+SVM+CNB
scipy:1373262,1,1,Ensemble_LR+SVM+CNB
scipy:1373263,1,1,Ensemble_LR+SVM+CNB
scipy:1373264,1,1,Ensemble_LR+SVM+CNB
scipy:1373265,1,1,Ensemble_LR+SVM+CNB
scipy:1373266,1,0,Ensemble_LR+SVM+CNB
scipy:1373267,1,1,Ensemble_LR+SVM+CNB
scipy:1373268,1,1,Ensemble_LR+SVM+CNB
scipy:1373269,1,1,Ensemble_LR+SVM+CNB
scipy:1373270,1,1,Ensemble_LR+SVM+CNB
scipy:1373271,1,1,Ensemble_LR+SVM+CNB
scipy:1373272,1,1,Ensemble_LR+SVM+CNB
scipy:1373273,1,1,Ensemble_LR+SVM+CNB
scipy:1373274,1,1,Ensemble_LR+SVM+CNB
scipy:1373275,1,1,Ensemble_LR+SVM+CNB
scipy:1373276,1,1,Ensemble_LR+SVM+CNB
scipy:1373277,1,1,Ensemble_LR+SVM+CNB
scipy:1373278,1,1,Ensemble_LR+SVM+CNB
scipy:1373279,1,1,Ensemble_LR+SVM+CNB
scipy:1373280,1,1,Ensemble_LR+SVM+CNB
scipy:1373281,1,1,Ensemble_LR+SVM+CNB
scipy:1373282,1,1,Ensemble_LR+SVM+CNB
scipy:1373283,1,1,Ensemble_LR+SVM+CNB
scipy:1373284,1,1,Ensemble_LR+SVM+CNB
scipy:1373285,1,1,Ensemble_LR+SVM+CNB
scipy:1373286,1,1,Ensemble_LR+SVM+CNB
scipy:1373287,1,1,Ensemble_LR+SVM+CNB
scipy:1373288,1,1,Ensemble_LR+SVM+CNB
scipy:1373289,1,1,Ensemble_LR+SVM+CNB
scipy:1373290,1,1,Ensemble_LR+SVM+CNB
scipy:1373291,1,1,Ensemble_LR+SVM+CNB
scipy:1373292,1,1,Ensemble_LR+SVM+CNB
scipy:1373293,1,1,Ensemble_LR+SVM+CNB
scipy:1373294,1,1,Ensemble_LR+SVM+CNB
scipy:1373295,1,1,Ensemble_LR+SVM+CNB
scipy:1373296,1,1,Ensemble_LR+SVM+CNB
scipy:1373297,1,1,Ensemble_LR+SVM+CNB
scipy:1373298,1,1,Ensemble_LR+SVM+CNB
scipy:1373299,1,1,Ensemble_LR+SVM+CNB
scipy:1373300,1,1,Ensemble_LR+SVM+CNB
scipy:1373301,1,1,Ensemble_LR+SVM+CNB
scipy:1373302,1,1,Ensemble_LR+SVM+CNB
scipy:1373303,1,1,Ensemble_LR+SVM+CNB
scipy:1373304,1,1,Ensemble_LR+SVM+CNB
scipy:1373305,1,1,Ensemble_LR+SVM+CNB
scipy:1373306,1,1,Ensemble_LR+SVM+CNB
scipy:1373307,1,1,Ensemble_LR+SVM+CNB
scipy:1373308,1,1,Ensemble_LR+SVM+CNB
scipy:1373309,1,1,Ensemble_LR+SVM+CNB
scipy:1373310,1,1,Ensemble_LR+SVM+CNB
scipy:1373311,1,1,Ensemble_LR+SVM+CNB
scipy:1373312,1,0,Ensemble_LR+SVM+CNB
scipy:1373313,1,1,Ensemble_LR+SVM+CNB
scipy:1373314,1,1,Ensemble_LR+SVM+CNB
scipy:1373315,1,1,Ensemble_LR+SVM+CNB
scipy:1373316,1,1,Ensemble_LR+SVM+CNB
scipy:1373317,1,1,Ensemble_LR+SVM+CNB
scipy:1373318,1,1,Ensemble_LR+SVM+CNB
scipy:1373319,1,1,Ensemble_LR+SVM+CNB
scipy:1373320,1,1,Ensemble_LR+SVM+CNB
scipy:1373321,1,1,Ensemble_LR+SVM+CNB
scipy:1373322,1,1,Ensemble_LR+SVM+CNB
scipy:1373323,1,1,Ensemble_LR+SVM+CNB
scipy:1373324,1,1,Ensemble_LR+SVM+CNB
scipy:1373325,1,1,Ensemble_LR+SVM+CNB
scipy:1373326,1,1,Ensemble_LR+SVM+CNB
scipy:1373327,1,1,Ensemble_LR+SVM+CNB
scipy:1373328,1,1,Ensemble_LR+SVM+CNB
scipy:1373329,1,1,Ensemble_LR+SVM+CNB
scipy:1373330,1,1,Ensemble_LR+SVM+CNB
scipy:1373331,1,1,Ensemble_LR+SVM+CNB
scipy:1373332,1,1,Ensemble_LR+SVM+CNB
scipy:1373333,1,1,Ensemble_LR+SVM+CNB
scipy:1373334,1,1,Ensemble_LR+SVM+CNB
scipy:1373335,1,1,Ensemble_LR+SVM+CNB
scipy:1373336,1,1,Ensemble_LR+SVM+CNB
scipy:1373337,1,1,Ensemble_LR+SVM+CNB
scipy:1373338,1,1,Ensemble_LR+SVM+CNB
scipy:1373339,1,1,Ensemble_LR+SVM+CNB
scipy:1373340,1,1,Ensemble_LR+SVM+CNB
scipy:1373341,1,1,Ensemble_LR+SVM+CNB
scipy:1373342,1,1,Ensemble_LR+SVM+CNB
scipy:1373343,1,1,Ensemble_LR+SVM+CNB
scipy:1373344,1,1,Ensemble_LR+SVM+CNB
scipy:1373345,1,1,Ensemble_LR+SVM+CNB
scipy:1373346,1,1,Ensemble_LR+SVM+CNB
scipy:1373347,1,1,Ensemble_LR+SVM+CNB
scipy:1373348,1,1,Ensemble_LR+SVM+CNB
scipy:1373349,1,1,Ensemble_LR+SVM+CNB
scipy:1373350,1,1,Ensemble_LR+SVM+CNB
scipy:1373351,1,1,Ensemble_LR+SVM+CNB
scipy:1373352,1,1,Ensemble_LR+SVM+CNB
scipy:1373353,1,1,Ensemble_LR+SVM+CNB
scipy:1373354,1,1,Ensemble_LR+SVM+CNB
scipy:1373355,1,1,Ensemble_LR+SVM+CNB
scipy:1373356,1,1,Ensemble_LR+SVM+CNB
scipy:1373357,1,1,Ensemble_LR+SVM+CNB
scipy:1373358,1,1,Ensemble_LR+SVM+CNB
scipy:1373359,1,1,Ensemble_LR+SVM+CNB
scipy:1373360,1,1,Ensemble_LR+SVM+CNB
scipy:1373361,1,1,Ensemble_LR+SVM+CNB
scipy:1373362,1,1,Ensemble_LR+SVM+CNB
scipy:1373363,1,1,Ensemble_LR+SVM+CNB
scipy:1373364,1,1,Ensemble_LR+SVM+CNB
scipy:1373365,1,1,Ensemble_LR+SVM+CNB
scipy:1373366,1,1,Ensemble_LR+SVM+CNB
scipy:1373367,1,1,Ensemble_LR+SVM+CNB
scipy:1373368,1,1,Ensemble_LR+SVM+CNB
scipy:1373369,1,1,Ensemble_LR+SVM+CNB
scipy:1373370,1,1,Ensemble_LR+SVM+CNB
scipy:1373371,1,1,Ensemble_LR+SVM+CNB
scipy:1373372,1,1,Ensemble_LR+SVM+CNB
scipy:1373373,1,1,Ensemble_LR+SVM+CNB
scipy:1373374,1,1,Ensemble_LR+SVM+CNB
scipy:1373375,1,1,Ensemble_LR+SVM+CNB
scipy:1373376,1,1,Ensemble_LR+SVM+CNB
scipy:1373377,1,1,Ensemble_LR+SVM+CNB
scipy:1373378,1,1,Ensemble_LR+SVM+CNB
scipy:1373379,1,1,Ensemble_LR+SVM+CNB
scipy:1373380,1,1,Ensemble_LR+SVM+CNB
scipy:1373381,1,1,Ensemble_LR+SVM+CNB
scipy:1373382,1,0,Ensemble_LR+SVM+CNB
scipy:1373383,1,1,Ensemble_LR+SVM+CNB
scipy:1373384,1,1,Ensemble_LR+SVM+CNB
scipy:1373385,1,1,Ensemble_LR+SVM+CNB
scipy:1373386,1,1,Ensemble_LR+SVM+CNB
scipy:1373387,1,1,Ensemble_LR+SVM+CNB
scipy:1373388,1,1,Ensemble_LR+SVM+CNB
scipy:1373389,1,0,Ensemble_LR+SVM+CNB
scipy:1373390,1,1,Ensemble_LR+SVM+CNB
scipy:1373391,1,1,Ensemble_LR+SVM+CNB
scipy:1373392,1,1,Ensemble_LR+SVM+CNB
scipy:1373393,1,1,Ensemble_LR+SVM+CNB
scipy:1373394,1,1,Ensemble_LR+SVM+CNB
scipy:1373395,1,1,Ensemble_LR+SVM+CNB
scipy:1373396,1,1,Ensemble_LR+SVM+CNB
scipy:1373397,1,1,Ensemble_LR+SVM+CNB
scipy:1373398,1,1,Ensemble_LR+SVM+CNB
scipy:1373399,1,1,Ensemble_LR+SVM+CNB
scipy:1373400,1,1,Ensemble_LR+SVM+CNB
scipy:1373401,1,1,Ensemble_LR+SVM+CNB
scipy:1373402,1,1,Ensemble_LR+SVM+CNB
scipy:1373403,1,1,Ensemble_LR+SVM+CNB
scipy:1373404,1,1,Ensemble_LR+SVM+CNB
scipy:1373405,1,1,Ensemble_LR+SVM+CNB
scipy:1373406,1,1,Ensemble_LR+SVM+CNB
scipy:1373407,1,1,Ensemble_LR+SVM+CNB
scipy:1373408,1,1,Ensemble_LR+SVM+CNB
scipy:1373409,1,1,Ensemble_LR+SVM+CNB
scipy:1373410,1,1,Ensemble_LR+SVM+CNB
scipy:1373411,1,1,Ensemble_LR+SVM+CNB
scipy:1373412,1,1,Ensemble_LR+SVM+CNB
scipy:1373413,1,1,Ensemble_LR+SVM+CNB
scipy:1373414,1,1,Ensemble_LR+SVM+CNB
scipy:1373415,1,1,Ensemble_LR+SVM+CNB
scipy:1373416,1,1,Ensemble_LR+SVM+CNB
scipy:1373417,1,1,Ensemble_LR+SVM+CNB
scipy:1373418,1,1,Ensemble_LR+SVM+CNB
scipy:1373419,1,1,Ensemble_LR+SVM+CNB
scipy:1373420,1,0,Ensemble_LR+SVM+CNB
scipy:1373421,1,1,Ensemble_LR+SVM+CNB
scipy:1373422,1,1,Ensemble_LR+SVM+CNB
scipy:1373423,1,1,Ensemble_LR+SVM+CNB
scipy:1373424,1,1,Ensemble_LR+SVM+CNB
scipy:1373425,1,1,Ensemble_LR+SVM+CNB
scipy:1373426,1,1,Ensemble_LR+SVM+CNB
scipy:1373427,1,1,Ensemble_LR+SVM+CNB
scipy:1373428,1,1,Ensemble_LR+SVM+CNB
scipy:1373429,1,0,Ensemble_LR+SVM+CNB
scipy:1373430,1,1,Ensemble_LR+SVM+CNB
scipy:1373431,1,1,Ensemble_LR+SVM+CNB
scipy:1373432,1,1,Ensemble_LR+SVM+CNB
scipy:1373433,1,1,Ensemble_LR+SVM+CNB
scipy:1373434,1,1,Ensemble_LR+SVM+CNB
scipy:1373435,1,1,Ensemble_LR+SVM+CNB
scipy:1373436,1,1,Ensemble_LR+SVM+CNB
scipy:1373437,1,1,Ensemble_LR+SVM+CNB
scipy:1373438,1,1,Ensemble_LR+SVM+CNB
scipy:1373439,1,1,Ensemble_LR+SVM+CNB
scipy:1373440,1,1,Ensemble_LR+SVM+CNB
scipy:1373441,1,1,Ensemble_LR+SVM+CNB
scipy:1373442,1,1,Ensemble_LR+SVM+CNB
scipy:1373443,1,1,Ensemble_LR+SVM+CNB
scipy:1373444,1,1,Ensemble_LR+SVM+CNB
scipy:1373445,1,1,Ensemble_LR+SVM+CNB
scipy:1373446,1,1,Ensemble_LR+SVM+CNB
scipy:1373447,1,1,Ensemble_LR+SVM+CNB
scipy:1373448,1,1,Ensemble_LR+SVM+CNB
scipy:1373449,1,1,Ensemble_LR+SVM+CNB
scipy:1373450,1,1,Ensemble_LR+SVM+CNB
scipy:1373451,1,1,Ensemble_LR+SVM+CNB
scipy:1373452,1,1,Ensemble_LR+SVM+CNB
scipy:1373453,1,1,Ensemble_LR+SVM+CNB
scipy:1373454,1,1,Ensemble_LR+SVM+CNB
scipy:1373455,1,1,Ensemble_LR+SVM+CNB
scipy:1373456,1,1,Ensemble_LR+SVM+CNB
scipy:1373457,1,1,Ensemble_LR+SVM+CNB
scipy:1373458,1,1,Ensemble_LR+SVM+CNB
scipy:1373459,1,1,Ensemble_LR+SVM+CNB
scipy:1373460,1,1,Ensemble_LR+SVM+CNB
scipy:1373461,1,1,Ensemble_LR+SVM+CNB
scipy:1373462,1,1,Ensemble_LR+SVM+CNB
scipy:1373463,1,1,Ensemble_LR+SVM+CNB
scipy:1373464,1,1,Ensemble_LR+SVM+CNB
scipy:1373465,1,1,Ensemble_LR+SVM+CNB
scipy:1373466,1,1,Ensemble_LR+SVM+CNB
scipy:1373467,1,1,Ensemble_LR+SVM+CNB
scipy:1373468,1,1,Ensemble_LR+SVM+CNB
scipy:1373469,1,1,Ensemble_LR+SVM+CNB
scipy:1373470,1,1,Ensemble_LR+SVM+CNB
scipy:1373471,1,1,Ensemble_LR+SVM+CNB
scipy:1373472,1,1,Ensemble_LR+SVM+CNB
scipy:1373473,1,1,Ensemble_LR+SVM+CNB
scipy:1373474,1,1,Ensemble_LR+SVM+CNB
scipy:1373475,1,1,Ensemble_LR+SVM+CNB
scipy:1373476,1,1,Ensemble_LR+SVM+CNB
scipy:1373477,1,1,Ensemble_LR+SVM+CNB
scipy:1373478,1,1,Ensemble_LR+SVM+CNB
scipy:1373479,1,1,Ensemble_LR+SVM+CNB
scipy:1373480,1,1,Ensemble_LR+SVM+CNB
scipy:1373481,1,1,Ensemble_LR+SVM+CNB
scipy:1373482,1,1,Ensemble_LR+SVM+CNB
scipy:1373483,1,1,Ensemble_LR+SVM+CNB
scipy:1373484,1,1,Ensemble_LR+SVM+CNB
scipy:1373485,1,1,Ensemble_LR+SVM+CNB
scipy:1373486,1,1,Ensemble_LR+SVM+CNB
scipy:1373487,1,1,Ensemble_LR+SVM+CNB
scipy:1373488,1,1,Ensemble_LR+SVM+CNB
scipy:1373489,1,1,Ensemble_LR+SVM+CNB
scipy:1373490,1,1,Ensemble_LR+SVM+CNB
scipy:1373491,1,1,Ensemble_LR+SVM+CNB
scipy:1373492,1,1,Ensemble_LR+SVM+CNB
scipy:1373493,1,1,Ensemble_LR+SVM+CNB
scipy:1373494,1,1,Ensemble_LR+SVM+CNB
scipy:1373495,1,1,Ensemble_LR+SVM+CNB
scipy:1373496,1,1,Ensemble_LR+SVM+CNB
scipy:1373497,1,1,Ensemble_LR+SVM+CNB
scipy:1373498,1,1,Ensemble_LR+SVM+CNB
scipy:1373499,1,1,Ensemble_LR+SVM+CNB
scipy:1373500,1,1,Ensemble_LR+SVM+CNB
scipy:1373501,1,0,Ensemble_LR+SVM+CNB
scipy:1373502,1,1,Ensemble_LR+SVM+CNB
scipy:1373503,1,1,Ensemble_LR+SVM+CNB
scipy:1373504,1,1,Ensemble_LR+SVM+CNB
scipy:1373505,1,1,Ensemble_LR+SVM+CNB
scipy:1373506,1,1,Ensemble_LR+SVM+CNB
scipy:1373507,1,1,Ensemble_LR+SVM+CNB
scipy:1373508,1,1,Ensemble_LR+SVM+CNB
scipy:1373509,1,1,Ensemble_LR+SVM+CNB
scipy:1373510,1,1,Ensemble_LR+SVM+CNB
scipy:1373511,1,1,Ensemble_LR+SVM+CNB
scipy:1373512,1,1,Ensemble_LR+SVM+CNB
scipy:1373513,1,1,Ensemble_LR+SVM+CNB
scipy:1373514,1,1,Ensemble_LR+SVM+CNB
scipy:1373515,1,1,Ensemble_LR+SVM+CNB
scipy:1373516,1,1,Ensemble_LR+SVM+CNB
scipy:1373517,1,1,Ensemble_LR+SVM+CNB
scipy:1373518,1,1,Ensemble_LR+SVM+CNB
scipy:1373519,1,1,Ensemble_LR+SVM+CNB
scipy:1373520,1,1,Ensemble_LR+SVM+CNB
scipy:1373521,1,1,Ensemble_LR+SVM+CNB
scipy:1373522,1,1,Ensemble_LR+SVM+CNB
scipy:1373523,1,1,Ensemble_LR+SVM+CNB
scipy:1373524,1,1,Ensemble_LR+SVM+CNB
scipy:1373525,1,1,Ensemble_LR+SVM+CNB
scipy:1373526,1,1,Ensemble_LR+SVM+CNB
scipy:1373527,1,1,Ensemble_LR+SVM+CNB
scipy:1373528,1,1,Ensemble_LR+SVM+CNB
scipy:1373529,1,1,Ensemble_LR+SVM+CNB
scipy:1373530,1,1,Ensemble_LR+SVM+CNB
scipy:1373531,1,1,Ensemble_LR+SVM+CNB
scipy:1373532,1,1,Ensemble_LR+SVM+CNB
scipy:1373533,1,1,Ensemble_LR+SVM+CNB
scipy:1373534,1,1,Ensemble_LR+SVM+CNB
scipy:1373535,1,1,Ensemble_LR+SVM+CNB
scipy:1373536,1,1,Ensemble_LR+SVM+CNB
scipy:1373537,1,1,Ensemble_LR+SVM+CNB
scipy:1373538,1,1,Ensemble_LR+SVM+CNB
scipy:1373539,1,1,Ensemble_LR+SVM+CNB
scipy:1373540,1,1,Ensemble_LR+SVM+CNB
scipy:1373541,1,1,Ensemble_LR+SVM+CNB
scipy:1373542,1,1,Ensemble_LR+SVM+CNB
scipy:1373543,1,1,Ensemble_LR+SVM+CNB
scipy:1373544,1,1,Ensemble_LR+SVM+CNB
scipy:1373545,1,1,Ensemble_LR+SVM+CNB
scipy:1373546,1,1,Ensemble_LR+SVM+CNB
scipy:1373547,1,1,Ensemble_LR+SVM+CNB
scipy:1373548,1,1,Ensemble_LR+SVM+CNB
scipy:1373549,1,1,Ensemble_LR+SVM+CNB
scipy:1373550,1,1,Ensemble_LR+SVM+CNB
scipy:1373551,1,1,Ensemble_LR+SVM+CNB
scipy:1373552,1,1,Ensemble_LR+SVM+CNB
scipy:1373553,1,1,Ensemble_LR+SVM+CNB
scipy:1373554,1,1,Ensemble_LR+SVM+CNB
scipy:1373555,1,1,Ensemble_LR+SVM+CNB
scipy:1373556,1,1,Ensemble_LR+SVM+CNB
scipy:1373557,1,1,Ensemble_LR+SVM+CNB
scipy:1373558,1,1,Ensemble_LR+SVM+CNB
scipy:1373559,1,1,Ensemble_LR+SVM+CNB
scipy:1373560,1,1,Ensemble_LR+SVM+CNB
scipy:1373561,1,1,Ensemble_LR+SVM+CNB
scipy:1373562,1,1,Ensemble_LR+SVM+CNB
scipy:1373563,1,1,Ensemble_LR+SVM+CNB
scipy:1373564,1,1,Ensemble_LR+SVM+CNB
scipy:1373565,1,1,Ensemble_LR+SVM+CNB
scipy:1373566,1,1,Ensemble_LR+SVM+CNB
scipy:1373567,1,1,Ensemble_LR+SVM+CNB
scipy:1373568,1,1,Ensemble_LR+SVM+CNB
scipy:1373569,1,1,Ensemble_LR+SVM+CNB
scipy:1373570,1,1,Ensemble_LR+SVM+CNB
scipy:1373571,1,1,Ensemble_LR+SVM+CNB
scipy:1373572,1,1,Ensemble_LR+SVM+CNB
scipy:1373573,1,1,Ensemble_LR+SVM+CNB
scipy:1373574,1,1,Ensemble_LR+SVM+CNB
scipy:1373575,1,1,Ensemble_LR+SVM+CNB
scipy:1373576,1,1,Ensemble_LR+SVM+CNB
scipy:1373577,1,1,Ensemble_LR+SVM+CNB
scipy:1373578,1,1,Ensemble_LR+SVM+CNB
scipy:1373579,1,1,Ensemble_LR+SVM+CNB
scipy:1373580,1,1,Ensemble_LR+SVM+CNB
scipy:1373581,1,1,Ensemble_LR+SVM+CNB
scipy:1373582,1,1,Ensemble_LR+SVM+CNB
scipy:1373583,1,1,Ensemble_LR+SVM+CNB
scipy:1373584,1,1,Ensemble_LR+SVM+CNB
scipy:1373585,1,1,Ensemble_LR+SVM+CNB
scipy:1373586,1,1,Ensemble_LR+SVM+CNB
scipy:1373587,1,1,Ensemble_LR+SVM+CNB
scipy:1373588,1,1,Ensemble_LR+SVM+CNB
scipy:1373589,1,1,Ensemble_LR+SVM+CNB
scipy:1373590,1,1,Ensemble_LR+SVM+CNB
scipy:1373591,1,1,Ensemble_LR+SVM+CNB
scipy:1373592,1,1,Ensemble_LR+SVM+CNB
scipy:1373593,1,1,Ensemble_LR+SVM+CNB
scipy:1373594,1,1,Ensemble_LR+SVM+CNB
scipy:1373595,1,1,Ensemble_LR+SVM+CNB
scipy:1373596,1,1,Ensemble_LR+SVM+CNB
scipy:1373597,1,0,Ensemble_LR+SVM+CNB
scipy:1373598,1,0,Ensemble_LR+SVM+CNB
scipy:1373599,1,1,Ensemble_LR+SVM+CNB
scipy:1373600,1,1,Ensemble_LR+SVM+CNB
scipy:1373601,1,1,Ensemble_LR+SVM+CNB
scipy:1373602,1,1,Ensemble_LR+SVM+CNB
scipy:1373603,1,1,Ensemble_LR+SVM+CNB
scipy:1373604,1,1,Ensemble_LR+SVM+CNB
scipy:1373605,1,1,Ensemble_LR+SVM+CNB
scipy:1373606,1,1,Ensemble_LR+SVM+CNB
scipy:1373607,1,1,Ensemble_LR+SVM+CNB
scipy:1373608,1,1,Ensemble_LR+SVM+CNB
scipy:1373609,1,1,Ensemble_LR+SVM+CNB
scipy:1373610,1,1,Ensemble_LR+SVM+CNB
scipy:1373611,1,1,Ensemble_LR+SVM+CNB
scipy:1373612,1,1,Ensemble_LR+SVM+CNB
scipy:1373613,1,1,Ensemble_LR+SVM+CNB
scipy:1373614,1,1,Ensemble_LR+SVM+CNB
scipy:1373615,1,1,Ensemble_LR+SVM+CNB
scipy:1373616,1,1,Ensemble_LR+SVM+CNB
scipy:1373617,1,1,Ensemble_LR+SVM+CNB
scipy:1373618,1,1,Ensemble_LR+SVM+CNB
scipy:1373619,1,1,Ensemble_LR+SVM+CNB
scipy:1373620,1,1,Ensemble_LR+SVM+CNB
scipy:1373621,1,1,Ensemble_LR+SVM+CNB
scipy:1373622,1,1,Ensemble_LR+SVM+CNB
scipy:1373623,1,1,Ensemble_LR+SVM+CNB
scipy:1373624,1,1,Ensemble_LR+SVM+CNB
scipy:1373625,1,1,Ensemble_LR+SVM+CNB
scipy:1373626,1,1,Ensemble_LR+SVM+CNB
scipy:1373627,1,1,Ensemble_LR+SVM+CNB
scipy:1373628,1,1,Ensemble_LR+SVM+CNB
scipy:1373629,1,1,Ensemble_LR+SVM+CNB
scipy:1373630,1,1,Ensemble_LR+SVM+CNB
scipy:1373631,1,1,Ensemble_LR+SVM+CNB
scipy:1373632,1,1,Ensemble_LR+SVM+CNB
scipy:1373633,1,1,Ensemble_LR+SVM+CNB
scipy:1373634,1,1,Ensemble_LR+SVM+CNB
scipy:1373635,1,1,Ensemble_LR+SVM+CNB
scipy:1373636,1,1,Ensemble_LR+SVM+CNB
scipy:1373637,1,1,Ensemble_LR+SVM+CNB
scipy:1373638,1,1,Ensemble_LR+SVM+CNB
scipy:1373639,1,1,Ensemble_LR+SVM+CNB
scipy:1373640,1,1,Ensemble_LR+SVM+CNB
scipy:1373641,1,1,Ensemble_LR+SVM+CNB
scipy:1373642,1,1,Ensemble_LR+SVM+CNB
scipy:1373643,1,1,Ensemble_LR+SVM+CNB
scipy:1373644,1,1,Ensemble_LR+SVM+CNB
scipy:1373645,1,1,Ensemble_LR+SVM+CNB
scipy:1373646,1,1,Ensemble_LR+SVM+CNB
scipy:1373647,1,1,Ensemble_LR+SVM+CNB
scipy:1373648,1,1,Ensemble_LR+SVM+CNB
scipy:1373649,1,1,Ensemble_LR+SVM+CNB
scipy:1373650,1,1,Ensemble_LR+SVM+CNB
scipy:1373651,1,1,Ensemble_LR+SVM+CNB
scipy:1373652,1,1,Ensemble_LR+SVM+CNB
scipy:1373653,1,1,Ensemble_LR+SVM+CNB
scipy:1373654,1,1,Ensemble_LR+SVM+CNB
scipy:1373655,1,1,Ensemble_LR+SVM+CNB
scipy:1373656,1,1,Ensemble_LR+SVM+CNB
scipy:1373657,1,1,Ensemble_LR+SVM+CNB
scipy:1373658,1,1,Ensemble_LR+SVM+CNB
scipy:1373659,1,1,Ensemble_LR+SVM+CNB
scipy:1373660,1,1,Ensemble_LR+SVM+CNB
scipy:1373661,1,1,Ensemble_LR+SVM+CNB
scipy:1373662,1,1,Ensemble_LR+SVM+CNB
scipy:1373663,1,1,Ensemble_LR+SVM+CNB
scipy:1373664,1,1,Ensemble_LR+SVM+CNB
scipy:1373665,1,1,Ensemble_LR+SVM+CNB
scipy:1373666,1,1,Ensemble_LR+SVM+CNB
scipy:1373667,1,1,Ensemble_LR+SVM+CNB
scipy:1373668,1,1,Ensemble_LR+SVM+CNB
scipy:1373669,1,1,Ensemble_LR+SVM+CNB
scipy:1373670,1,1,Ensemble_LR+SVM+CNB
scipy:1373671,1,1,Ensemble_LR+SVM+CNB
scipy:1373672,1,1,Ensemble_LR+SVM+CNB
scipy:1373673,1,1,Ensemble_LR+SVM+CNB
scipy:1373674,1,1,Ensemble_LR+SVM+CNB
scipy:1373675,1,1,Ensemble_LR+SVM+CNB
scipy:1373676,1,1,Ensemble_LR+SVM+CNB
scipy:1373677,1,1,Ensemble_LR+SVM+CNB
scipy:1373678,1,0,Ensemble_LR+SVM+CNB
scipy:1373679,1,1,Ensemble_LR+SVM+CNB
scipy:1373680,1,1,Ensemble_LR+SVM+CNB
scipy:1373681,1,1,Ensemble_LR+SVM+CNB
scipy:1373682,1,1,Ensemble_LR+SVM+CNB
scipy:1373683,1,1,Ensemble_LR+SVM+CNB
scipy:1373684,1,1,Ensemble_LR+SVM+CNB
scipy:1373685,1,1,Ensemble_LR+SVM+CNB
scipy:1373686,1,1,Ensemble_LR+SVM+CNB
scipy:1373687,1,1,Ensemble_LR+SVM+CNB
scipy:1373688,1,1,Ensemble_LR+SVM+CNB
scipy:1373689,1,0,Ensemble_LR+SVM+CNB
scipy:1373690,1,1,Ensemble_LR+SVM+CNB
scipy:1373691,1,1,Ensemble_LR+SVM+CNB
scipy:1373692,1,1,Ensemble_LR+SVM+CNB
scipy:1373693,1,1,Ensemble_LR+SVM+CNB
scipy:1373694,1,1,Ensemble_LR+SVM+CNB
scipy:1373695,1,1,Ensemble_LR+SVM+CNB
scipy:1373696,1,1,Ensemble_LR+SVM+CNB
scipy:1373697,1,1,Ensemble_LR+SVM+CNB
scipy:1373698,1,0,Ensemble_LR+SVM+CNB
scipy:1373699,1,1,Ensemble_LR+SVM+CNB
scipy:1373700,1,1,Ensemble_LR+SVM+CNB
scipy:1373701,1,1,Ensemble_LR+SVM+CNB
scipy:1373702,1,1,Ensemble_LR+SVM+CNB
scipy:1373703,1,1,Ensemble_LR+SVM+CNB
scipy:1373704,1,1,Ensemble_LR+SVM+CNB
scipy:1373705,1,1,Ensemble_LR+SVM+CNB
scipy:1373706,1,1,Ensemble_LR+SVM+CNB
scipy:1373707,1,1,Ensemble_LR+SVM+CNB
scipy:1373708,1,1,Ensemble_LR+SVM+CNB
scipy:1373709,1,1,Ensemble_LR+SVM+CNB
scipy:1373710,1,1,Ensemble_LR+SVM+CNB
scipy:1373711,1,1,Ensemble_LR+SVM+CNB
scipy:1373712,1,1,Ensemble_LR+SVM+CNB
scipy:1373713,1,1,Ensemble_LR+SVM+CNB
scipy:1373714,1,1,Ensemble_LR+SVM+CNB
scipy:1373715,1,1,Ensemble_LR+SVM+CNB
scipy:1373716,1,1,Ensemble_LR+SVM+CNB
scipy:1373717,1,1,Ensemble_LR+SVM+CNB
scipy:1373718,1,1,Ensemble_LR+SVM+CNB
scipy:1373719,1,1,Ensemble_LR+SVM+CNB
scipy:1373720,1,1,Ensemble_LR+SVM+CNB
scipy:1373721,1,1,Ensemble_LR+SVM+CNB
scipy:1373722,1,1,Ensemble_LR+SVM+CNB
scipy:1373723,1,1,Ensemble_LR+SVM+CNB
scipy:1373724,1,1,Ensemble_LR+SVM+CNB
scipy:1373725,1,1,Ensemble_LR+SVM+CNB
scipy:1373726,1,1,Ensemble_LR+SVM+CNB
scipy:1373727,1,1,Ensemble_LR+SVM+CNB
scipy:1373728,1,1,Ensemble_LR+SVM+CNB
scipy:1373729,1,1,Ensemble_LR+SVM+CNB
scipy:1373730,1,1,Ensemble_LR+SVM+CNB
scipy:1373731,1,1,Ensemble_LR+SVM+CNB
scipy:1373732,1,1,Ensemble_LR+SVM+CNB
scipy:1373733,1,1,Ensemble_LR+SVM+CNB
scipy:1373734,1,1,Ensemble_LR+SVM+CNB
scipy:1373735,1,1,Ensemble_LR+SVM+CNB
scipy:1373736,1,1,Ensemble_LR+SVM+CNB
scipy:1373737,1,1,Ensemble_LR+SVM+CNB
scipy:1373738,1,1,Ensemble_LR+SVM+CNB
scipy:1373739,1,1,Ensemble_LR+SVM+CNB
scipy:1373740,1,1,Ensemble_LR+SVM+CNB
scipy:1373741,1,1,Ensemble_LR+SVM+CNB
scipy:1373742,1,1,Ensemble_LR+SVM+CNB
scipy:1373743,1,1,Ensemble_LR+SVM+CNB
scipy:1373744,1,1,Ensemble_LR+SVM+CNB
scipy:1373745,1,1,Ensemble_LR+SVM+CNB
scipy:1373746,1,1,Ensemble_LR+SVM+CNB
scipy:1373747,1,1,Ensemble_LR+SVM+CNB
scipy:1373748,1,1,Ensemble_LR+SVM+CNB
scipy:1373749,1,1,Ensemble_LR+SVM+CNB
scipy:1373750,1,1,Ensemble_LR+SVM+CNB
scipy:1373751,1,1,Ensemble_LR+SVM+CNB
scipy:1373752,1,1,Ensemble_LR+SVM+CNB
scipy:1373753,1,0,Ensemble_LR+SVM+CNB
scipy:1373754,1,1,Ensemble_LR+SVM+CNB
scipy:1373755,1,1,Ensemble_LR+SVM+CNB
scipy:1373756,1,1,Ensemble_LR+SVM+CNB
scipy:1373757,1,1,Ensemble_LR+SVM+CNB
scipy:1373758,1,1,Ensemble_LR+SVM+CNB
scipy:1373759,1,1,Ensemble_LR+SVM+CNB
scipy:1373760,1,1,Ensemble_LR+SVM+CNB
scipy:1373761,1,1,Ensemble_LR+SVM+CNB
scipy:1373762,1,1,Ensemble_LR+SVM+CNB
scipy:1373763,1,0,Ensemble_LR+SVM+CNB
scipy:1373764,1,1,Ensemble_LR+SVM+CNB
scipy:1373765,1,1,Ensemble_LR+SVM+CNB
scipy:1373766,1,1,Ensemble_LR+SVM+CNB
scipy:1373767,1,1,Ensemble_LR+SVM+CNB
scipy:1373768,1,1,Ensemble_LR+SVM+CNB
scipy:1373769,1,1,Ensemble_LR+SVM+CNB
scipy:1373770,1,1,Ensemble_LR+SVM+CNB
scipy:1373771,1,1,Ensemble_LR+SVM+CNB
scipy:1373772,1,1,Ensemble_LR+SVM+CNB
scipy:1373773,1,1,Ensemble_LR+SVM+CNB
scipy:1373774,1,1,Ensemble_LR+SVM+CNB
scipy:1373775,1,1,Ensemble_LR+SVM+CNB
scipy:1373776,1,1,Ensemble_LR+SVM+CNB
scipy:1373777,1,1,Ensemble_LR+SVM+CNB
scipy:1373778,1,1,Ensemble_LR+SVM+CNB
scipy:1373779,1,1,Ensemble_LR+SVM+CNB
scipy:1373780,1,1,Ensemble_LR+SVM+CNB
scipy:1373781,1,1,Ensemble_LR+SVM+CNB
scipy:1373782,1,1,Ensemble_LR+SVM+CNB
scipy:1373783,1,1,Ensemble_LR+SVM+CNB
scipy:1373784,1,1,Ensemble_LR+SVM+CNB
scipy:1373785,1,1,Ensemble_LR+SVM+CNB
scipy:1373786,1,1,Ensemble_LR+SVM+CNB
scipy:1373787,1,1,Ensemble_LR+SVM+CNB
scipy:1373788,1,0,Ensemble_LR+SVM+CNB
scipy:1373789,1,1,Ensemble_LR+SVM+CNB
scipy:1373790,1,1,Ensemble_LR+SVM+CNB
scipy:1373791,1,1,Ensemble_LR+SVM+CNB
scipy:1373792,1,1,Ensemble_LR+SVM+CNB
scipy:1373793,1,1,Ensemble_LR+SVM+CNB
scipy:1373794,1,1,Ensemble_LR+SVM+CNB
scipy:1373795,1,1,Ensemble_LR+SVM+CNB
scipy:1373796,1,1,Ensemble_LR+SVM+CNB
scipy:1373797,1,1,Ensemble_LR+SVM+CNB
scipy:1373798,1,1,Ensemble_LR+SVM+CNB
scipy:1373799,1,1,Ensemble_LR+SVM+CNB
scipy:1373800,1,1,Ensemble_LR+SVM+CNB
scipy:1373801,1,1,Ensemble_LR+SVM+CNB
scipy:1373802,1,1,Ensemble_LR+SVM+CNB
scipy:1373803,1,1,Ensemble_LR+SVM+CNB
scipy:1373804,1,1,Ensemble_LR+SVM+CNB
scipy:1373805,1,1,Ensemble_LR+SVM+CNB
scipy:1373806,1,1,Ensemble_LR+SVM+CNB
scipy:1373807,1,1,Ensemble_LR+SVM+CNB
scipy:1373808,1,1,Ensemble_LR+SVM+CNB
scipy:1373809,1,1,Ensemble_LR+SVM+CNB
scipy:1373810,1,1,Ensemble_LR+SVM+CNB
scipy:1373811,1,1,Ensemble_LR+SVM+CNB
scipy:1373812,1,1,Ensemble_LR+SVM+CNB
scipy:1373813,1,1,Ensemble_LR+SVM+CNB
scipy:1373814,1,1,Ensemble_LR+SVM+CNB
scipy:1373815,1,1,Ensemble_LR+SVM+CNB
scipy:1373816,1,1,Ensemble_LR+SVM+CNB
scipy:1373817,1,1,Ensemble_LR+SVM+CNB
scipy:1373818,1,1,Ensemble_LR+SVM+CNB
scipy:1373819,1,1,Ensemble_LR+SVM+CNB
scipy:1373820,1,1,Ensemble_LR+SVM+CNB
scipy:1373821,1,1,Ensemble_LR+SVM+CNB
scipy:1373822,1,1,Ensemble_LR+SVM+CNB
scipy:1373823,1,1,Ensemble_LR+SVM+CNB
scipy:1373824,1,1,Ensemble_LR+SVM+CNB
scipy:1373825,1,1,Ensemble_LR+SVM+CNB
scipy:1373826,1,1,Ensemble_LR+SVM+CNB
scipy:1373827,1,1,Ensemble_LR+SVM+CNB
scipy:1373828,1,1,Ensemble_LR+SVM+CNB
scipy:1373829,1,1,Ensemble_LR+SVM+CNB
scipy:1373830,1,0,Ensemble_LR+SVM+CNB
scipy:1373831,1,1,Ensemble_LR+SVM+CNB
scipy:1373832,1,1,Ensemble_LR+SVM+CNB
scipy:1373833,1,1,Ensemble_LR+SVM+CNB
scipy:1373834,1,1,Ensemble_LR+SVM+CNB
scipy:1373835,1,1,Ensemble_LR+SVM+CNB
scipy:1373836,1,1,Ensemble_LR+SVM+CNB
scipy:1373837,1,1,Ensemble_LR+SVM+CNB
scipy:1373838,1,1,Ensemble_LR+SVM+CNB
scipy:1373839,1,0,Ensemble_LR+SVM+CNB
scipy:1373840,1,1,Ensemble_LR+SVM+CNB
scipy:1373841,1,1,Ensemble_LR+SVM+CNB
scipy:1373842,1,1,Ensemble_LR+SVM+CNB
scipy:1373843,1,1,Ensemble_LR+SVM+CNB
scipy:1373844,1,1,Ensemble_LR+SVM+CNB
scipy:1373845,1,1,Ensemble_LR+SVM+CNB
scipy:1373846,1,1,Ensemble_LR+SVM+CNB
scipy:1373847,1,1,Ensemble_LR+SVM+CNB
scipy:1373848,1,1,Ensemble_LR+SVM+CNB
scipy:1373849,1,1,Ensemble_LR+SVM+CNB
scipy:1373850,1,1,Ensemble_LR+SVM+CNB
scipy:1373851,1,1,Ensemble_LR+SVM+CNB
scipy:1373852,1,1,Ensemble_LR+SVM+CNB
scipy:1373853,1,1,Ensemble_LR+SVM+CNB
scipy:1373854,1,1,Ensemble_LR+SVM+CNB
scipy:1373855,1,1,Ensemble_LR+SVM+CNB
scipy:1373856,1,1,Ensemble_LR+SVM+CNB
scipy:1373857,1,1,Ensemble_LR+SVM+CNB
scipy:1373858,1,1,Ensemble_LR+SVM+CNB
scipy:1373859,1,1,Ensemble_LR+SVM+CNB
scipy:1373860,1,1,Ensemble_LR+SVM+CNB
scipy:1373861,1,1,Ensemble_LR+SVM+CNB
scipy:1373862,1,1,Ensemble_LR+SVM+CNB
scipy:1373863,1,1,Ensemble_LR+SVM+CNB
scipy:1373864,1,1,Ensemble_LR+SVM+CNB
scipy:1373865,1,1,Ensemble_LR+SVM+CNB
scipy:1373866,1,1,Ensemble_LR+SVM+CNB
scipy:1373867,1,1,Ensemble_LR+SVM+CNB
scipy:1373868,1,1,Ensemble_LR+SVM+CNB
scipy:1373869,1,1,Ensemble_LR+SVM+CNB
scipy:1373870,1,1,Ensemble_LR+SVM+CNB
scipy:1373871,1,1,Ensemble_LR+SVM+CNB
scipy:1373872,1,1,Ensemble_LR+SVM+CNB
scipy:1373873,1,1,Ensemble_LR+SVM+CNB
scipy:1373874,1,1,Ensemble_LR+SVM+CNB
scipy:1373875,1,1,Ensemble_LR+SVM+CNB
scipy:1373876,1,0,Ensemble_LR+SVM+CNB
scipy:1373877,1,1,Ensemble_LR+SVM+CNB
scipy:1373878,1,1,Ensemble_LR+SVM+CNB
scipy:1373879,1,1,Ensemble_LR+SVM+CNB
scipy:1373880,1,1,Ensemble_LR+SVM+CNB
scipy:1373881,1,1,Ensemble_LR+SVM+CNB
scipy:1373882,1,1,Ensemble_LR+SVM+CNB
scipy:1373883,1,1,Ensemble_LR+SVM+CNB
scipy:1373884,1,1,Ensemble_LR+SVM+CNB
scipy:1373885,1,1,Ensemble_LR+SVM+CNB
scipy:1373886,1,1,Ensemble_LR+SVM+CNB
scipy:1373887,1,1,Ensemble_LR+SVM+CNB
scipy:1373888,1,1,Ensemble_LR+SVM+CNB
scipy:1373889,1,1,Ensemble_LR+SVM+CNB
scipy:1373890,1,1,Ensemble_LR+SVM+CNB
scipy:1373891,1,1,Ensemble_LR+SVM+CNB
scipy:1373892,1,1,Ensemble_LR+SVM+CNB
scipy:1373893,1,1,Ensemble_LR+SVM+CNB
scipy:1373894,1,1,Ensemble_LR+SVM+CNB
scipy:1373895,1,1,Ensemble_LR+SVM+CNB
scipy:1373896,1,1,Ensemble_LR+SVM+CNB
scipy:1373897,1,1,Ensemble_LR+SVM+CNB
scipy:1373898,1,1,Ensemble_LR+SVM+CNB
scipy:1373899,1,1,Ensemble_LR+SVM+CNB
scipy:1373900,1,1,Ensemble_LR+SVM+CNB
scipy:1373901,1,1,Ensemble_LR+SVM+CNB
scipy:1373902,1,1,Ensemble_LR+SVM+CNB
scipy:1373903,1,1,Ensemble_LR+SVM+CNB
scipy:1373904,1,1,Ensemble_LR+SVM+CNB
scipy:1373905,1,1,Ensemble_LR+SVM+CNB
scipy:1373906,1,0,Ensemble_LR+SVM+CNB
scipy:1373907,1,1,Ensemble_LR+SVM+CNB
scipy:1373908,1,1,Ensemble_LR+SVM+CNB
scipy:1373909,1,1,Ensemble_LR+SVM+CNB
scipy:1373910,1,1,Ensemble_LR+SVM+CNB
scipy:1373911,1,1,Ensemble_LR+SVM+CNB
scipy:1373912,1,1,Ensemble_LR+SVM+CNB
scipy:1373913,1,1,Ensemble_LR+SVM+CNB
scipy:1373914,1,1,Ensemble_LR+SVM+CNB
scipy:1373915,1,1,Ensemble_LR+SVM+CNB
scipy:1373916,1,1,Ensemble_LR+SVM+CNB
scipy:1373917,1,1,Ensemble_LR+SVM+CNB
scipy:1373918,1,1,Ensemble_LR+SVM+CNB
scipy:1373919,1,1,Ensemble_LR+SVM+CNB
scipy:1373920,1,1,Ensemble_LR+SVM+CNB
scipy:1373921,1,1,Ensemble_LR+SVM+CNB
scipy:1373922,1,1,Ensemble_LR+SVM+CNB
scipy:1373923,1,1,Ensemble_LR+SVM+CNB
scipy:1373924,1,1,Ensemble_LR+SVM+CNB
scipy:1373925,1,1,Ensemble_LR+SVM+CNB
scipy:1373926,1,1,Ensemble_LR+SVM+CNB
scipy:1373927,1,1,Ensemble_LR+SVM+CNB
scipy:1373928,1,1,Ensemble_LR+SVM+CNB
scipy:1373929,1,1,Ensemble_LR+SVM+CNB
scipy:1373930,1,1,Ensemble_LR+SVM+CNB
scipy:1373931,1,1,Ensemble_LR+SVM+CNB
scipy:1373932,1,1,Ensemble_LR+SVM+CNB
scipy:1373933,1,1,Ensemble_LR+SVM+CNB
scipy:1373934,1,1,Ensemble_LR+SVM+CNB
scipy:1373935,1,1,Ensemble_LR+SVM+CNB
scipy:1373936,1,1,Ensemble_LR+SVM+CNB
scipy:1373937,1,1,Ensemble_LR+SVM+CNB
scipy:1373938,1,1,Ensemble_LR+SVM+CNB
scipy:1373939,1,1,Ensemble_LR+SVM+CNB
scipy:1373940,1,1,Ensemble_LR+SVM+CNB
scipy:1373941,1,1,Ensemble_LR+SVM+CNB
scipy:1373942,1,1,Ensemble_LR+SVM+CNB
scipy:1373943,1,1,Ensemble_LR+SVM+CNB
scipy:1373944,1,1,Ensemble_LR+SVM+CNB
scipy:1373945,1,1,Ensemble_LR+SVM+CNB
scipy:1373946,1,1,Ensemble_LR+SVM+CNB
scipy:1373947,1,1,Ensemble_LR+SVM+CNB
scipy:1373948,1,1,Ensemble_LR+SVM+CNB
scipy:1373949,1,1,Ensemble_LR+SVM+CNB
scipy:1373950,1,1,Ensemble_LR+SVM+CNB
scipy:1373951,1,1,Ensemble_LR+SVM+CNB
scipy:1373952,1,1,Ensemble_LR+SVM+CNB
scipy:1373953,1,1,Ensemble_LR+SVM+CNB
scipy:1373954,1,1,Ensemble_LR+SVM+CNB
scipy:1373955,1,1,Ensemble_LR+SVM+CNB
scipy:1373956,1,1,Ensemble_LR+SVM+CNB
scipy:1373957,1,1,Ensemble_LR+SVM+CNB
scipy:1373958,1,1,Ensemble_LR+SVM+CNB
scipy:1373959,1,1,Ensemble_LR+SVM+CNB
scipy:1373960,1,1,Ensemble_LR+SVM+CNB
scipy:1373961,1,1,Ensemble_LR+SVM+CNB
scipy:1373962,1,1,Ensemble_LR+SVM+CNB
scipy:1373963,1,1,Ensemble_LR+SVM+CNB
scipy:1373964,1,1,Ensemble_LR+SVM+CNB
scipy:1373965,1,1,Ensemble_LR+SVM+CNB
scipy:1373966,1,1,Ensemble_LR+SVM+CNB
scipy:1373967,1,0,Ensemble_LR+SVM+CNB
scipy:1373968,1,1,Ensemble_LR+SVM+CNB
scipy:1373969,1,1,Ensemble_LR+SVM+CNB
scipy:1373970,1,1,Ensemble_LR+SVM+CNB
scipy:1373971,1,1,Ensemble_LR+SVM+CNB
scipy:1373972,1,1,Ensemble_LR+SVM+CNB
scipy:1373973,1,1,Ensemble_LR+SVM+CNB
scipy:1373974,1,1,Ensemble_LR+SVM+CNB
scipy:1373975,1,1,Ensemble_LR+SVM+CNB
scipy:1373976,1,1,Ensemble_LR+SVM+CNB
scipy:1373977,1,1,Ensemble_LR+SVM+CNB
scipy:1373978,1,1,Ensemble_LR+SVM+CNB
scipy:1373979,1,1,Ensemble_LR+SVM+CNB
scipy:1373980,1,1,Ensemble_LR+SVM+CNB
scipy:1373981,1,1,Ensemble_LR+SVM+CNB
scipy:1373982,1,1,Ensemble_LR+SVM+CNB
scipy:1373983,1,1,Ensemble_LR+SVM+CNB
scipy:1373984,1,1,Ensemble_LR+SVM+CNB
scipy:1373985,1,1,Ensemble_LR+SVM+CNB
scipy:1373986,1,1,Ensemble_LR+SVM+CNB
scipy:1373987,1,1,Ensemble_LR+SVM+CNB
scipy:1373988,1,1,Ensemble_LR+SVM+CNB
scipy:1373989,1,1,Ensemble_LR+SVM+CNB
scipy:1373990,1,1,Ensemble_LR+SVM+CNB
scipy:1373991,1,1,Ensemble_LR+SVM+CNB
scipy:1373992,1,1,Ensemble_LR+SVM+CNB
scipy:1373993,1,1,Ensemble_LR+SVM+CNB
scipy:1373994,1,1,Ensemble_LR+SVM+CNB
scipy:1373995,1,1,Ensemble_LR+SVM+CNB
scipy:1373996,1,1,Ensemble_LR+SVM+CNB
scipy:1373997,1,0,Ensemble_LR+SVM+CNB
scipy:1373998,1,1,Ensemble_LR+SVM+CNB
scipy:1373999,1,1,Ensemble_LR+SVM+CNB
scipy:1374000,1,1,Ensemble_LR+SVM+CNB
scipy:1374001,1,1,Ensemble_LR+SVM+CNB
scipy:1374002,1,1,Ensemble_LR+SVM+CNB
scipy:1374003,1,1,Ensemble_LR+SVM+CNB
scipy:1374004,1,1,Ensemble_LR+SVM+CNB
scipy:1374005,1,0,Ensemble_LR+SVM+CNB
scipy:1374006,1,1,Ensemble_LR+SVM+CNB
scipy:1374007,1,1,Ensemble_LR+SVM+CNB
scipy:1374008,1,1,Ensemble_LR+SVM+CNB
scipy:1374009,1,1,Ensemble_LR+SVM+CNB
scipy:1374010,1,1,Ensemble_LR+SVM+CNB
scipy:1374011,1,1,Ensemble_LR+SVM+CNB
scipy:1374012,1,1,Ensemble_LR+SVM+CNB
scipy:1374013,1,1,Ensemble_LR+SVM+CNB
scipy:1374014,1,1,Ensemble_LR+SVM+CNB
scipy:1374015,1,1,Ensemble_LR+SVM+CNB
scipy:1374016,1,1,Ensemble_LR+SVM+CNB
scipy:1374017,1,1,Ensemble_LR+SVM+CNB
scipy:1374018,1,1,Ensemble_LR+SVM+CNB
scipy:1374019,1,1,Ensemble_LR+SVM+CNB
scipy:1374020,1,1,Ensemble_LR+SVM+CNB
scipy:1374021,1,1,Ensemble_LR+SVM+CNB
scipy:1374022,1,1,Ensemble_LR+SVM+CNB
scipy:1374023,1,1,Ensemble_LR+SVM+CNB
scipy:1374024,1,1,Ensemble_LR+SVM+CNB
scipy:1374025,1,1,Ensemble_LR+SVM+CNB
scipy:1374026,1,1,Ensemble_LR+SVM+CNB
scipy:1374027,1,1,Ensemble_LR+SVM+CNB
scipy:1374028,1,1,Ensemble_LR+SVM+CNB
scipy:1374029,1,1,Ensemble_LR+SVM+CNB
scipy:1374030,1,1,Ensemble_LR+SVM+CNB
scipy:1374031,1,1,Ensemble_LR+SVM+CNB
scipy:1374032,1,1,Ensemble_LR+SVM+CNB
scipy:1374033,1,1,Ensemble_LR+SVM+CNB
scipy:1374034,1,1,Ensemble_LR+SVM+CNB
scipy:1374035,1,1,Ensemble_LR+SVM+CNB
scipy:1374036,1,1,Ensemble_LR+SVM+CNB
scipy:1374037,1,1,Ensemble_LR+SVM+CNB
scipy:1374038,1,1,Ensemble_LR+SVM+CNB
scipy:1374039,1,1,Ensemble_LR+SVM+CNB
scipy:1374040,1,1,Ensemble_LR+SVM+CNB
scipy:1374041,1,1,Ensemble_LR+SVM+CNB
scipy:1374042,1,1,Ensemble_LR+SVM+CNB
scipy:1374043,1,1,Ensemble_LR+SVM+CNB
scipy:1374044,1,1,Ensemble_LR+SVM+CNB
scipy:1374045,1,1,Ensemble_LR+SVM+CNB
scipy:1374046,1,1,Ensemble_LR+SVM+CNB
scipy:1374047,1,1,Ensemble_LR+SVM+CNB
scipy:1374048,1,1,Ensemble_LR+SVM+CNB
scipy:1374049,1,1,Ensemble_LR+SVM+CNB
scipy:1374050,1,1,Ensemble_LR+SVM+CNB
scipy:1374051,1,1,Ensemble_LR+SVM+CNB
scipy:1374052,1,1,Ensemble_LR+SVM+CNB
scipy:1374053,1,1,Ensemble_LR+SVM+CNB
scipy:1374054,1,1,Ensemble_LR+SVM+CNB
scipy:1374055,1,1,Ensemble_LR+SVM+CNB
scipy:1374056,1,1,Ensemble_LR+SVM+CNB
scipy:1374057,1,1,Ensemble_LR+SVM+CNB
scipy:1374058,1,1,Ensemble_LR+SVM+CNB
scipy:1374059,1,1,Ensemble_LR+SVM+CNB
scipy:1374060,1,0,Ensemble_LR+SVM+CNB
scipy:1374061,1,1,Ensemble_LR+SVM+CNB
scipy:1374062,1,1,Ensemble_LR+SVM+CNB
scipy:1374063,1,1,Ensemble_LR+SVM+CNB
scipy:1374064,1,1,Ensemble_LR+SVM+CNB
scipy:1374065,1,1,Ensemble_LR+SVM+CNB
scipy:1374066,1,1,Ensemble_LR+SVM+CNB
scipy:1374067,1,1,Ensemble_LR+SVM+CNB
scipy:1374068,1,0,Ensemble_LR+SVM+CNB
scipy:1374069,1,1,Ensemble_LR+SVM+CNB
scipy:1374070,1,1,Ensemble_LR+SVM+CNB
scipy:1374071,1,1,Ensemble_LR+SVM+CNB
scipy:1374072,1,1,Ensemble_LR+SVM+CNB
scipy:1374073,1,1,Ensemble_LR+SVM+CNB
scipy:1374074,1,1,Ensemble_LR+SVM+CNB
scipy:1374075,1,1,Ensemble_LR+SVM+CNB
scipy:1374076,1,1,Ensemble_LR+SVM+CNB
scipy:1374077,1,1,Ensemble_LR+SVM+CNB
scipy:1374078,1,1,Ensemble_LR+SVM+CNB
scipy:1374079,1,1,Ensemble_LR+SVM+CNB
scipy:1374080,1,1,Ensemble_LR+SVM+CNB
scipy:1374081,1,1,Ensemble_LR+SVM+CNB
scipy:1374082,1,1,Ensemble_LR+SVM+CNB
scipy:1374083,1,1,Ensemble_LR+SVM+CNB
scipy:1374084,1,1,Ensemble_LR+SVM+CNB
scipy:1374085,1,0,Ensemble_LR+SVM+CNB
scipy:1374086,1,1,Ensemble_LR+SVM+CNB
scipy:1374087,1,0,Ensemble_LR+SVM+CNB
scipy:1374088,1,1,Ensemble_LR+SVM+CNB
scipy:1374089,1,1,Ensemble_LR+SVM+CNB
scipy:1374090,1,1,Ensemble_LR+SVM+CNB
scipy:1374091,1,1,Ensemble_LR+SVM+CNB
scipy:1374092,1,1,Ensemble_LR+SVM+CNB
scipy:1374093,1,1,Ensemble_LR+SVM+CNB
scipy:1374094,1,1,Ensemble_LR+SVM+CNB
scipy:1374095,1,1,Ensemble_LR+SVM+CNB
scipy:1374096,1,1,Ensemble_LR+SVM+CNB
scipy:1374097,1,1,Ensemble_LR+SVM+CNB
scipy:1374098,1,1,Ensemble_LR+SVM+CNB
scipy:1374099,1,0,Ensemble_LR+SVM+CNB
scipy:1374100,1,1,Ensemble_LR+SVM+CNB
scipy:1374101,1,1,Ensemble_LR+SVM+CNB
scipy:1374102,1,1,Ensemble_LR+SVM+CNB
scipy:1374103,1,1,Ensemble_LR+SVM+CNB
scipy:1374104,1,1,Ensemble_LR+SVM+CNB
scipy:1374105,1,1,Ensemble_LR+SVM+CNB
scipy:1374106,1,1,Ensemble_LR+SVM+CNB
scipy:1374107,1,1,Ensemble_LR+SVM+CNB
scipy:1374108,1,1,Ensemble_LR+SVM+CNB
scipy:1374109,1,1,Ensemble_LR+SVM+CNB
scipy:1374110,1,1,Ensemble_LR+SVM+CNB
scipy:1374111,1,1,Ensemble_LR+SVM+CNB
scipy:1374112,1,1,Ensemble_LR+SVM+CNB
scipy:1374113,1,1,Ensemble_LR+SVM+CNB
scipy:1374114,1,1,Ensemble_LR+SVM+CNB
scipy:1374115,1,1,Ensemble_LR+SVM+CNB
scipy:1374116,1,1,Ensemble_LR+SVM+CNB
scipy:1374117,1,1,Ensemble_LR+SVM+CNB
scipy:1374118,1,1,Ensemble_LR+SVM+CNB
scipy:1374119,1,1,Ensemble_LR+SVM+CNB
scipy:1374120,1,1,Ensemble_LR+SVM+CNB
scipy:1374121,1,1,Ensemble_LR+SVM+CNB
scipy:1374122,1,1,Ensemble_LR+SVM+CNB
scipy:1374123,1,1,Ensemble_LR+SVM+CNB
scipy:1374124,1,1,Ensemble_LR+SVM+CNB
scipy:1374125,1,1,Ensemble_LR+SVM+CNB
scipy:1374126,1,1,Ensemble_LR+SVM+CNB
scipy:1374127,1,1,Ensemble_LR+SVM+CNB
scipy:1374128,1,1,Ensemble_LR+SVM+CNB
scipy:1374129,1,1,Ensemble_LR+SVM+CNB
scipy:1374130,1,1,Ensemble_LR+SVM+CNB
scipy:1374131,1,1,Ensemble_LR+SVM+CNB
scipy:1374132,1,1,Ensemble_LR+SVM+CNB
scipy:1374133,1,1,Ensemble_LR+SVM+CNB
scipy:1374134,1,1,Ensemble_LR+SVM+CNB
scipy:1374135,1,1,Ensemble_LR+SVM+CNB
scipy:1374136,1,1,Ensemble_LR+SVM+CNB
scipy:1374137,1,1,Ensemble_LR+SVM+CNB
scipy:1374138,1,1,Ensemble_LR+SVM+CNB
scipy:1374139,1,1,Ensemble_LR+SVM+CNB
scipy:1374140,1,1,Ensemble_LR+SVM+CNB
scipy:1374141,1,1,Ensemble_LR+SVM+CNB
scipy:1374142,1,1,Ensemble_LR+SVM+CNB
scipy:1374143,1,1,Ensemble_LR+SVM+CNB
scipy:1374144,1,1,Ensemble_LR+SVM+CNB
scipy:1374145,1,1,Ensemble_LR+SVM+CNB
scipy:1374146,1,1,Ensemble_LR+SVM+CNB
scipy:1374147,1,1,Ensemble_LR+SVM+CNB
scipy:1374148,1,1,Ensemble_LR+SVM+CNB
scipy:1374149,1,1,Ensemble_LR+SVM+CNB
scipy:1374150,1,1,Ensemble_LR+SVM+CNB
scipy:1374151,1,1,Ensemble_LR+SVM+CNB
scipy:1374152,1,1,Ensemble_LR+SVM+CNB
scipy:1374153,1,1,Ensemble_LR+SVM+CNB
scipy:1374154,1,1,Ensemble_LR+SVM+CNB
scipy:1374155,1,1,Ensemble_LR+SVM+CNB
scipy:1374156,1,1,Ensemble_LR+SVM+CNB
scipy:1374157,1,1,Ensemble_LR+SVM+CNB
scipy:1374158,1,1,Ensemble_LR+SVM+CNB
scipy:1374159,1,1,Ensemble_LR+SVM+CNB
scipy:1374160,1,1,Ensemble_LR+SVM+CNB
scipy:1374161,1,1,Ensemble_LR+SVM+CNB
scipy:1374162,1,1,Ensemble_LR+SVM+CNB
scipy:1374163,1,1,Ensemble_LR+SVM+CNB
scipy:1374164,1,1,Ensemble_LR+SVM+CNB
scipy:1374165,1,1,Ensemble_LR+SVM+CNB
scipy:1374166,1,1,Ensemble_LR+SVM+CNB
scipy:1374167,1,1,Ensemble_LR+SVM+CNB
scipy:1374168,1,1,Ensemble_LR+SVM+CNB
scipy:1374169,1,1,Ensemble_LR+SVM+CNB
scipy:1374170,1,1,Ensemble_LR+SVM+CNB
scipy:1374171,1,1,Ensemble_LR+SVM+CNB
scipy:1374172,1,1,Ensemble_LR+SVM+CNB
scipy:1374173,1,1,Ensemble_LR+SVM+CNB
scipy:1374174,1,1,Ensemble_LR+SVM+CNB
scipy:1374175,1,1,Ensemble_LR+SVM+CNB
scipy:1374176,1,1,Ensemble_LR+SVM+CNB
scipy:1374177,1,1,Ensemble_LR+SVM+CNB
scipy:1374178,1,1,Ensemble_LR+SVM+CNB
scipy:1374179,1,1,Ensemble_LR+SVM+CNB
scipy:1374180,1,1,Ensemble_LR+SVM+CNB
scipy:1374181,1,1,Ensemble_LR+SVM+CNB
scipy:1374182,1,1,Ensemble_LR+SVM+CNB
scipy:1374183,1,1,Ensemble_LR+SVM+CNB
scipy:1374184,1,1,Ensemble_LR+SVM+CNB
scipy:1374185,1,0,Ensemble_LR+SVM+CNB
scipy:1374186,1,1,Ensemble_LR+SVM+CNB
scipy:1374187,1,1,Ensemble_LR+SVM+CNB
scipy:1374188,1,1,Ensemble_LR+SVM+CNB
scipy:1374189,1,1,Ensemble_LR+SVM+CNB
scipy:1374190,1,1,Ensemble_LR+SVM+CNB
scipy:1374191,1,1,Ensemble_LR+SVM+CNB
scipy:1374192,1,1,Ensemble_LR+SVM+CNB
scipy:1374193,1,1,Ensemble_LR+SVM+CNB
scipy:1374194,1,1,Ensemble_LR+SVM+CNB
scipy:1374195,1,1,Ensemble_LR+SVM+CNB
scipy:1374196,1,0,Ensemble_LR+SVM+CNB
scipy:1374197,1,1,Ensemble_LR+SVM+CNB
scipy:1374198,1,1,Ensemble_LR+SVM+CNB
scipy:1374199,1,1,Ensemble_LR+SVM+CNB
scipy:1374200,1,1,Ensemble_LR+SVM+CNB
scipy:1374201,1,1,Ensemble_LR+SVM+CNB
scipy:1374202,1,1,Ensemble_LR+SVM+CNB
scipy:1374203,1,1,Ensemble_LR+SVM+CNB
scipy:1374204,1,1,Ensemble_LR+SVM+CNB
scipy:1374205,1,1,Ensemble_LR+SVM+CNB
scipy:1374206,1,1,Ensemble_LR+SVM+CNB
scipy:1374207,1,1,Ensemble_LR+SVM+CNB
scipy:1374208,1,1,Ensemble_LR+SVM+CNB
scipy:1374209,1,1,Ensemble_LR+SVM+CNB
scipy:1374210,1,1,Ensemble_LR+SVM+CNB
scipy:1374211,1,1,Ensemble_LR+SVM+CNB
scipy:1374212,1,1,Ensemble_LR+SVM+CNB
scipy:1374213,1,1,Ensemble_LR+SVM+CNB
scipy:1374214,1,1,Ensemble_LR+SVM+CNB
scipy:1374215,1,1,Ensemble_LR+SVM+CNB
scipy:1374216,1,1,Ensemble_LR+SVM+CNB
scipy:1374217,1,1,Ensemble_LR+SVM+CNB
scipy:1374218,1,1,Ensemble_LR+SVM+CNB
scipy:1374219,1,1,Ensemble_LR+SVM+CNB
scipy:1374220,1,1,Ensemble_LR+SVM+CNB
scipy:1374221,1,1,Ensemble_LR+SVM+CNB
scipy:1374222,1,1,Ensemble_LR+SVM+CNB
scipy:1374223,1,1,Ensemble_LR+SVM+CNB
scipy:1374224,1,1,Ensemble_LR+SVM+CNB
scipy:1374225,1,1,Ensemble_LR+SVM+CNB
scipy:1374226,1,1,Ensemble_LR+SVM+CNB
scipy:1374227,1,1,Ensemble_LR+SVM+CNB
scipy:1374228,1,1,Ensemble_LR+SVM+CNB
scipy:1374229,1,1,Ensemble_LR+SVM+CNB
scipy:1374230,1,1,Ensemble_LR+SVM+CNB
scipy:1374231,1,1,Ensemble_LR+SVM+CNB
scipy:1374232,1,1,Ensemble_LR+SVM+CNB
scipy:1374233,1,1,Ensemble_LR+SVM+CNB
scipy:1374234,1,1,Ensemble_LR+SVM+CNB
scipy:1374235,1,0,Ensemble_LR+SVM+CNB
scipy:1374236,1,1,Ensemble_LR+SVM+CNB
scipy:1374237,1,1,Ensemble_LR+SVM+CNB
scipy:1374238,1,1,Ensemble_LR+SVM+CNB
scipy:1374239,1,1,Ensemble_LR+SVM+CNB
scipy:1374240,1,1,Ensemble_LR+SVM+CNB
scipy:1374241,1,1,Ensemble_LR+SVM+CNB
scipy:1374242,1,1,Ensemble_LR+SVM+CNB
scipy:1374243,1,1,Ensemble_LR+SVM+CNB
scipy:1374244,1,1,Ensemble_LR+SVM+CNB
scipy:1374245,1,1,Ensemble_LR+SVM+CNB
scipy:1374246,1,1,Ensemble_LR+SVM+CNB
scipy:1374247,1,1,Ensemble_LR+SVM+CNB
scipy:1374248,1,1,Ensemble_LR+SVM+CNB
scipy:1374249,1,1,Ensemble_LR+SVM+CNB
scipy:1374250,1,1,Ensemble_LR+SVM+CNB
scipy:1374251,1,1,Ensemble_LR+SVM+CNB
scipy:1374252,1,1,Ensemble_LR+SVM+CNB
scipy:1374253,1,1,Ensemble_LR+SVM+CNB
scipy:1374254,1,1,Ensemble_LR+SVM+CNB
scipy:1374255,1,1,Ensemble_LR+SVM+CNB
scipy:1374256,1,1,Ensemble_LR+SVM+CNB
scipy:1374257,1,1,Ensemble_LR+SVM+CNB
scipy:1374258,1,1,Ensemble_LR+SVM+CNB
scipy:1374259,1,1,Ensemble_LR+SVM+CNB
scipy:1374260,1,1,Ensemble_LR+SVM+CNB
scipy:1374261,1,1,Ensemble_LR+SVM+CNB
scipy:1374262,1,1,Ensemble_LR+SVM+CNB
scipy:1374263,1,1,Ensemble_LR+SVM+CNB
scipy:1374264,1,1,Ensemble_LR+SVM+CNB
scipy:1374265,1,1,Ensemble_LR+SVM+CNB
scipy:1374266,1,1,Ensemble_LR+SVM+CNB
scipy:1374267,1,1,Ensemble_LR+SVM+CNB
scipy:1374268,1,1,Ensemble_LR+SVM+CNB
scipy:1374269,1,1,Ensemble_LR+SVM+CNB
scipy:1374270,1,1,Ensemble_LR+SVM+CNB
scipy:1374271,1,1,Ensemble_LR+SVM+CNB
scipy:1374272,1,1,Ensemble_LR+SVM+CNB
scipy:1374273,1,1,Ensemble_LR+SVM+CNB
scipy:1374274,1,1,Ensemble_LR+SVM+CNB
scipy:1374275,1,1,Ensemble_LR+SVM+CNB
scipy:1374276,1,1,Ensemble_LR+SVM+CNB
scipy:1374277,1,1,Ensemble_LR+SVM+CNB
scipy:1374278,1,1,Ensemble_LR+SVM+CNB
scipy:1374279,1,1,Ensemble_LR+SVM+CNB
scipy:1374280,1,1,Ensemble_LR+SVM+CNB
scipy:1374281,1,1,Ensemble_LR+SVM+CNB
scipy:1374282,1,1,Ensemble_LR+SVM+CNB
scipy:1374283,1,1,Ensemble_LR+SVM+CNB
scipy:1374284,1,1,Ensemble_LR+SVM+CNB
scipy:1374285,0,0,Ensemble_LR+SVM+CNB
scipy:1374286,0,0,Ensemble_LR+SVM+CNB
scipy:1374287,0,1,Ensemble_LR+SVM+CNB
scipy:1374288,0,0,Ensemble_LR+SVM+CNB
scipy:1374289,0,0,Ensemble_LR+SVM+CNB
scipy:1374290,0,1,Ensemble_LR+SVM+CNB
scipy:1374291,0,0,Ensemble_LR+SVM+CNB
scipy:1374292,0,0,Ensemble_LR+SVM+CNB
scipy:1374293,0,0,Ensemble_LR+SVM+CNB
scipy:1374294,0,1,Ensemble_LR+SVM+CNB
scipy:1374295,0,0,Ensemble_LR+SVM+CNB
scipy:1374296,0,0,Ensemble_LR+SVM+CNB
scipy:1374297,0,0,Ensemble_LR+SVM+CNB
scipy:1374298,0,0,Ensemble_LR+SVM+CNB
scipy:1374299,0,0,Ensemble_LR+SVM+CNB
scipy:1374300,0,0,Ensemble_LR+SVM+CNB
scipy:1374301,0,1,Ensemble_LR+SVM+CNB
scipy:1374302,0,0,Ensemble_LR+SVM+CNB
scipy:1374303,0,0,Ensemble_LR+SVM+CNB
scipy:1374304,0,0,Ensemble_LR+SVM+CNB
scipy:1374305,0,0,Ensemble_LR+SVM+CNB
scipy:1374306,0,0,Ensemble_LR+SVM+CNB
scipy:1374307,0,0,Ensemble_LR+SVM+CNB
scipy:1374308,0,0,Ensemble_LR+SVM+CNB
scipy:1374309,0,0,Ensemble_LR+SVM+CNB
scipy:1374310,0,0,Ensemble_LR+SVM+CNB
scipy:1374311,0,0,Ensemble_LR+SVM+CNB
scipy:1374312,0,0,Ensemble_LR+SVM+CNB
scipy:1374313,0,0,Ensemble_LR+SVM+CNB
scipy:1374314,0,0,Ensemble_LR+SVM+CNB
scipy:1374315,0,1,Ensemble_LR+SVM+CNB
scipy:1374316,0,0,Ensemble_LR+SVM+CNB
scipy:1374317,0,0,Ensemble_LR+SVM+CNB
scipy:1374318,0,0,Ensemble_LR+SVM+CNB
scipy:1374319,0,0,Ensemble_LR+SVM+CNB
scipy:1374320,0,0,Ensemble_LR+SVM+CNB
scipy:1374321,0,0,Ensemble_LR+SVM+CNB
scipy:1374322,0,0,Ensemble_LR+SVM+CNB
scipy:1374323,0,0,Ensemble_LR+SVM+CNB
scipy:1374324,0,0,Ensemble_LR+SVM+CNB
scipy:1374325,0,0,Ensemble_LR+SVM+CNB
scipy:1374326,0,0,Ensemble_LR+SVM+CNB
scipy:1374327,0,1,Ensemble_LR+SVM+CNB
scipy:1374328,0,0,Ensemble_LR+SVM+CNB
scipy:1374329,0,0,Ensemble_LR+SVM+CNB
scipy:1374330,0,1,Ensemble_LR+SVM+CNB
scipy:1374331,0,0,Ensemble_LR+SVM+CNB
scipy:1374332,0,0,Ensemble_LR+SVM+CNB
scipy:1374333,0,1,Ensemble_LR+SVM+CNB
scipy:1374334,0,0,Ensemble_LR+SVM+CNB
scipy:1374335,0,0,Ensemble_LR+SVM+CNB
scipy:1374336,0,0,Ensemble_LR+SVM+CNB
scipy:1374337,0,0,Ensemble_LR+SVM+CNB
scipy:1374338,0,0,Ensemble_LR+SVM+CNB
scipy:1374339,0,0,Ensemble_LR+SVM+CNB
scipy:1374340,0,1,Ensemble_LR+SVM+CNB
scipy:1374341,0,0,Ensemble_LR+SVM+CNB
scipy:1374342,0,0,Ensemble_LR+SVM+CNB
scipy:1374343,0,0,Ensemble_LR+SVM+CNB
scipy:1374344,0,0,Ensemble_LR+SVM+CNB
scipy:1374345,0,0,Ensemble_LR+SVM+CNB
scipy:1374346,0,0,Ensemble_LR+SVM+CNB
scipy:1374347,0,0,Ensemble_LR+SVM+CNB
scipy:1374348,0,0,Ensemble_LR+SVM+CNB
scipy:1374349,0,0,Ensemble_LR+SVM+CNB
scipy:1374350,0,0,Ensemble_LR+SVM+CNB
scipy:1374351,0,0,Ensemble_LR+SVM+CNB
scipy:1374352,0,0,Ensemble_LR+SVM+CNB
scipy:1374353,0,0,Ensemble_LR+SVM+CNB
scipy:1374354,0,0,Ensemble_LR+SVM+CNB
scipy:1374355,0,0,Ensemble_LR+SVM+CNB
scipy:1374356,0,1,Ensemble_LR+SVM+CNB
scipy:1374357,0,0,Ensemble_LR+SVM+CNB
scipy:1374358,0,0,Ensemble_LR+SVM+CNB
scipy:1374359,0,0,Ensemble_LR+SVM+CNB
scipy:1374360,0,0,Ensemble_LR+SVM+CNB
scipy:1374361,0,0,Ensemble_LR+SVM+CNB
scipy:1374362,0,0,Ensemble_LR+SVM+CNB
scipy:1374363,0,0,Ensemble_LR+SVM+CNB
scipy:1374365,0,0,Ensemble_LR+SVM+CNB
scipy:1374366,0,0,Ensemble_LR+SVM+CNB
scipy:1374367,0,0,Ensemble_LR+SVM+CNB
scipy:1374368,0,0,Ensemble_LR+SVM+CNB
scipy:1374369,0,0,Ensemble_LR+SVM+CNB
scipy:1374370,0,0,Ensemble_LR+SVM+CNB
scipy:1374371,0,0,Ensemble_LR+SVM+CNB
scipy:1374372,0,1,Ensemble_LR+SVM+CNB
scipy:1374373,0,0,Ensemble_LR+SVM+CNB
scipy:1374374,0,0,Ensemble_LR+SVM+CNB
scipy:1374375,0,1,Ensemble_LR+SVM+CNB
scipy:1374376,0,0,Ensemble_LR+SVM+CNB
scipy:1374377,0,0,Ensemble_LR+SVM+CNB
scipy:1374378,0,0,Ensemble_LR+SVM+CNB
scipy:1374379,0,0,Ensemble_LR+SVM+CNB
scipy:1374380,0,0,Ensemble_LR+SVM+CNB
scipy:1374381,0,0,Ensemble_LR+SVM+CNB
scipy:1374382,0,0,Ensemble_LR+SVM+CNB
scipy:1374383,0,0,Ensemble_LR+SVM+CNB
scipy:1374384,0,0,Ensemble_LR+SVM+CNB
scipy:1374385,0,1,Ensemble_LR+SVM+CNB
scipy:1374386,0,0,Ensemble_LR+SVM+CNB
scipy:1374387,0,0,Ensemble_LR+SVM+CNB
scipy:1374388,0,0,Ensemble_LR+SVM+CNB
scipy:1374389,0,0,Ensemble_LR+SVM+CNB
scipy:1374390,0,0,Ensemble_LR+SVM+CNB
scipy:1374391,0,0,Ensemble_LR+SVM+CNB
scipy:1374392,0,1,Ensemble_LR+SVM+CNB
scipy:1374393,0,0,Ensemble_LR+SVM+CNB
scipy:1374394,0,1,Ensemble_LR+SVM+CNB
scipy:1374395,0,1,Ensemble_LR+SVM+CNB
scipy:1374396,0,0,Ensemble_LR+SVM+CNB
scipy:1374397,0,0,Ensemble_LR+SVM+CNB
scipy:1374398,0,0,Ensemble_LR+SVM+CNB
scipy:1374400,0,0,Ensemble_LR+SVM+CNB
scipy:1374401,0,0,Ensemble_LR+SVM+CNB
scipy:1374402,0,1,Ensemble_LR+SVM+CNB
scipy:1374403,0,1,Ensemble_LR+SVM+CNB
scipy:1374404,0,0,Ensemble_LR+SVM+CNB
scipy:1374405,0,0,Ensemble_LR+SVM+CNB
scipy:1374406,0,0,Ensemble_LR+SVM+CNB
scipy:1374407,0,0,Ensemble_LR+SVM+CNB
scipy:1374408,0,1,Ensemble_LR+SVM+CNB
scipy:1374409,0,0,Ensemble_LR+SVM+CNB
scipy:1374410,0,1,Ensemble_LR+SVM+CNB
scipy:1374411,0,0,Ensemble_LR+SVM+CNB
scipy:1374412,0,0,Ensemble_LR+SVM+CNB
scipy:1374413,0,1,Ensemble_LR+SVM+CNB
scipy:1374414,0,0,Ensemble_LR+SVM+CNB
scipy:1374415,0,0,Ensemble_LR+SVM+CNB
scipy:1374416,0,1,Ensemble_LR+SVM+CNB
scipy:1374417,0,0,Ensemble_LR+SVM+CNB
scipy:1374418,0,1,Ensemble_LR+SVM+CNB
scipy:1374419,0,0,Ensemble_LR+SVM+CNB
scipy:1374420,0,0,Ensemble_LR+SVM+CNB
scipy:1374422,0,0,Ensemble_LR+SVM+CNB
scipy:1374423,0,0,Ensemble_LR+SVM+CNB
scipy:1374424,0,0,Ensemble_LR+SVM+CNB
scipy:1374425,0,0,Ensemble_LR+SVM+CNB
scipy:1374426,0,0,Ensemble_LR+SVM+CNB
scipy:1374427,0,0,Ensemble_LR+SVM+CNB
scipy:1374428,0,0,Ensemble_LR+SVM+CNB
scipy:1374429,0,0,Ensemble_LR+SVM+CNB
scipy:1374430,0,0,Ensemble_LR+SVM+CNB
scipy:1374431,0,0,Ensemble_LR+SVM+CNB
scipy:1374432,0,0,Ensemble_LR+SVM+CNB
scipy:1374433,0,0,Ensemble_LR+SVM+CNB
scipy:1374436,0,0,Ensemble_LR+SVM+CNB
scipy:1374437,0,0,Ensemble_LR+SVM+CNB
scipy:1374438,0,0,Ensemble_LR+SVM+CNB
scipy:1374439,0,0,Ensemble_LR+SVM+CNB
scipy:1374440,0,1,Ensemble_LR+SVM+CNB
scipy:1374441,0,0,Ensemble_LR+SVM+CNB
scipy:1374442,0,0,Ensemble_LR+SVM+CNB
scipy:1374443,0,0,Ensemble_LR+SVM+CNB
scipy:1374445,0,0,Ensemble_LR+SVM+CNB
scipy:1374446,0,0,Ensemble_LR+SVM+CNB
scipy:1374447,0,0,Ensemble_LR+SVM+CNB
scipy:1374448,0,0,Ensemble_LR+SVM+CNB
scipy:1374449,0,0,Ensemble_LR+SVM+CNB
scipy:1374450,0,0,Ensemble_LR+SVM+CNB
scipy:1374451,0,0,Ensemble_LR+SVM+CNB
scipy:1374452,0,0,Ensemble_LR+SVM+CNB
scipy:1374454,0,0,Ensemble_LR+SVM+CNB
scipy:1374455,0,0,Ensemble_LR+SVM+CNB
scipy:1374456,0,0,Ensemble_LR+SVM+CNB
scipy:1374457,0,1,Ensemble_LR+SVM+CNB
scipy:1374458,0,1,Ensemble_LR+SVM+CNB
scipy:1374459,0,0,Ensemble_LR+SVM+CNB
scipy:1374460,0,0,Ensemble_LR+SVM+CNB
scipy:1374461,0,0,Ensemble_LR+SVM+CNB
scipy:1374462,0,0,Ensemble_LR+SVM+CNB
scipy:1374463,0,0,Ensemble_LR+SVM+CNB
scipy:1374464,0,0,Ensemble_LR+SVM+CNB
scipy:1374465,0,0,Ensemble_LR+SVM+CNB
scipy:1374466,0,0,Ensemble_LR+SVM+CNB
scipy:1374467,0,0,Ensemble_LR+SVM+CNB
scipy:1374468,0,0,Ensemble_LR+SVM+CNB
scipy:1374469,0,0,Ensemble_LR+SVM+CNB
scipy:1374470,0,0,Ensemble_LR+SVM+CNB
scipy:1374471,0,0,Ensemble_LR+SVM+CNB
scipy:1374472,0,0,Ensemble_LR+SVM+CNB
scipy:1374473,0,0,Ensemble_LR+SVM+CNB
scipy:1374474,0,0,Ensemble_LR+SVM+CNB
scipy:1374475,0,1,Ensemble_LR+SVM+CNB
scipy:1374476,0,0,Ensemble_LR+SVM+CNB
scipy:1374477,0,0,Ensemble_LR+SVM+CNB
scipy:1374478,0,1,Ensemble_LR+SVM+CNB
scipy:1374479,0,0,Ensemble_LR+SVM+CNB
scipy:1374480,0,0,Ensemble_LR+SVM+CNB
scipy:1374481,0,0,Ensemble_LR+SVM+CNB
scipy:1374482,0,1,Ensemble_LR+SVM+CNB
scipy:1374483,0,0,Ensemble_LR+SVM+CNB
scipy:1374484,0,0,Ensemble_LR+SVM+CNB
scipy:1374485,0,0,Ensemble_LR+SVM+CNB
scipy:1374486,0,0,Ensemble_LR+SVM+CNB
scipy:1374487,0,0,Ensemble_LR+SVM+CNB
scipy:1374488,0,0,Ensemble_LR+SVM+CNB
scipy:1374489,0,1,Ensemble_LR+SVM+CNB
scipy:1374490,0,0,Ensemble_LR+SVM+CNB
scipy:1374491,0,0,Ensemble_LR+SVM+CNB
scipy:1374492,0,0,Ensemble_LR+SVM+CNB
scipy:1374493,0,0,Ensemble_LR+SVM+CNB
scipy:1374494,0,0,Ensemble_LR+SVM+CNB
scipy:1374495,0,0,Ensemble_LR+SVM+CNB
scipy:1374496,0,0,Ensemble_LR+SVM+CNB
scipy:1374497,0,0,Ensemble_LR+SVM+CNB
scipy:1374498,0,0,Ensemble_LR+SVM+CNB
scipy:1374499,0,0,Ensemble_LR+SVM+CNB
scipy:1374500,0,0,Ensemble_LR+SVM+CNB
scipy:1374501,0,0,Ensemble_LR+SVM+CNB
scipy:1374502,0,1,Ensemble_LR+SVM+CNB
scipy:1374503,0,0,Ensemble_LR+SVM+CNB
scipy:1374504,0,0,Ensemble_LR+SVM+CNB
scipy:1374505,0,0,Ensemble_LR+SVM+CNB
scipy:1374506,0,1,Ensemble_LR+SVM+CNB
scipy:1374507,0,0,Ensemble_LR+SVM+CNB
scipy:1374508,0,0,Ensemble_LR+SVM+CNB
scipy:1374509,0,1,Ensemble_LR+SVM+CNB
scipy:1374510,0,1,Ensemble_LR+SVM+CNB
scipy:1374511,0,0,Ensemble_LR+SVM+CNB
scipy:1374512,0,1,Ensemble_LR+SVM+CNB
scipy:1374513,0,0,Ensemble_LR+SVM+CNB
scipy:1374514,0,0,Ensemble_LR+SVM+CNB
scipy:1374515,0,0,Ensemble_LR+SVM+CNB
scipy:1374516,0,0,Ensemble_LR+SVM+CNB
scipy:1374517,0,0,Ensemble_LR+SVM+CNB
scipy:1374518,0,0,Ensemble_LR+SVM+CNB
scipy:1374519,0,1,Ensemble_LR+SVM+CNB
scipy:1374520,0,0,Ensemble_LR+SVM+CNB
scipy:1374521,0,0,Ensemble_LR+SVM+CNB
scipy:1374522,0,1,Ensemble_LR+SVM+CNB
scipy:1374523,0,0,Ensemble_LR+SVM+CNB
scipy:1374524,0,0,Ensemble_LR+SVM+CNB
scipy:1374525,0,0,Ensemble_LR+SVM+CNB
scipy:1374526,0,1,Ensemble_LR+SVM+CNB
scipy:1374527,0,1,Ensemble_LR+SVM+CNB
scipy:1374528,0,0,Ensemble_LR+SVM+CNB
scipy:1374529,0,0,Ensemble_LR+SVM+CNB
scipy:1374530,0,0,Ensemble_LR+SVM+CNB
scipy:1374531,0,0,Ensemble_LR+SVM+CNB
scipy:1374532,0,0,Ensemble_LR+SVM+CNB
scipy:1374533,0,0,Ensemble_LR+SVM+CNB
scipy:1374534,0,0,Ensemble_LR+SVM+CNB
scipy:1374535,0,0,Ensemble_LR+SVM+CNB
scipy:1374536,0,1,Ensemble_LR+SVM+CNB
scipy:1374537,0,0,Ensemble_LR+SVM+CNB
scipy:1374538,0,0,Ensemble_LR+SVM+CNB
scipy:1374539,0,0,Ensemble_LR+SVM+CNB
scipy:1374540,0,0,Ensemble_LR+SVM+CNB
scipy:1374541,0,0,Ensemble_LR+SVM+CNB
scipy:1374542,0,0,Ensemble_LR+SVM+CNB
scipy:1374543,0,0,Ensemble_LR+SVM+CNB
scipy:1374544,0,0,Ensemble_LR+SVM+CNB
scipy:1374545,0,0,Ensemble_LR+SVM+CNB
scipy:1374546,0,0,Ensemble_LR+SVM+CNB
scipy:1374547,0,0,Ensemble_LR+SVM+CNB
scipy:1374548,0,0,Ensemble_LR+SVM+CNB
scipy:1374549,0,0,Ensemble_LR+SVM+CNB
scipy:1374550,0,1,Ensemble_LR+SVM+CNB
scipy:1374551,0,1,Ensemble_LR+SVM+CNB
scipy:1374552,0,0,Ensemble_LR+SVM+CNB
scipy:1374553,0,0,Ensemble_LR+SVM+CNB
scipy:1374554,0,0,Ensemble_LR+SVM+CNB
scipy:1374555,0,0,Ensemble_LR+SVM+CNB
scipy:1374556,0,1,Ensemble_LR+SVM+CNB
scipy:1374557,0,0,Ensemble_LR+SVM+CNB
scipy:1374558,0,0,Ensemble_LR+SVM+CNB
scipy:1374559,0,1,Ensemble_LR+SVM+CNB
scipy:1374560,0,0,Ensemble_LR+SVM+CNB
scipy:1374561,0,0,Ensemble_LR+SVM+CNB
scipy:1374562,0,0,Ensemble_LR+SVM+CNB
scipy:1374563,0,0,Ensemble_LR+SVM+CNB
scipy:1374564,0,0,Ensemble_LR+SVM+CNB
scipy:1374565,0,1,Ensemble_LR+SVM+CNB
scipy:1374566,0,0,Ensemble_LR+SVM+CNB
scipy:1374567,0,0,Ensemble_LR+SVM+CNB
scipy:1374568,0,0,Ensemble_LR+SVM+CNB
scipy:1374569,0,0,Ensemble_LR+SVM+CNB
scipy:1374570,0,1,Ensemble_LR+SVM+CNB
scipy:1374571,0,0,Ensemble_LR+SVM+CNB
scipy:1374572,0,0,Ensemble_LR+SVM+CNB
scipy:1374573,0,1,Ensemble_LR+SVM+CNB
scipy:1374574,0,0,Ensemble_LR+SVM+CNB
scipy:1374575,0,0,Ensemble_LR+SVM+CNB
scipy:1374576,0,0,Ensemble_LR+SVM+CNB
scipy:1374577,0,0,Ensemble_LR+SVM+CNB
scipy:1374578,0,1,Ensemble_LR+SVM+CNB
scipy:1374579,0,0,Ensemble_LR+SVM+CNB
scipy:1374580,0,1,Ensemble_LR+SVM+CNB
scipy:1374581,0,0,Ensemble_LR+SVM+CNB
scipy:1374582,0,0,Ensemble_LR+SVM+CNB
scipy:1374583,0,0,Ensemble_LR+SVM+CNB
scipy:1374584,0,0,Ensemble_LR+SVM+CNB
scipy:1374585,0,0,Ensemble_LR+SVM+CNB
scipy:1374586,0,0,Ensemble_LR+SVM+CNB
scipy:1374587,0,0,Ensemble_LR+SVM+CNB
scipy:1374588,0,0,Ensemble_LR+SVM+CNB
scipy:1374589,0,0,Ensemble_LR+SVM+CNB
scipy:1374590,0,0,Ensemble_LR+SVM+CNB
scipy:1374591,0,0,Ensemble_LR+SVM+CNB
scipy:1374592,0,0,Ensemble_LR+SVM+CNB
scipy:1374593,0,0,Ensemble_LR+SVM+CNB
scipy:1374594,0,1,Ensemble_LR+SVM+CNB
scipy:1374595,0,0,Ensemble_LR+SVM+CNB
scipy:1374596,0,0,Ensemble_LR+SVM+CNB
scipy:1374597,0,0,Ensemble_LR+SVM+CNB
scipy:1374598,0,1,Ensemble_LR+SVM+CNB
scipy:1374599,0,1,Ensemble_LR+SVM+CNB
scipy:1374600,0,1,Ensemble_LR+SVM+CNB
scipy:1374601,0,1,Ensemble_LR+SVM+CNB
scipy:1374602,0,0,Ensemble_LR+SVM+CNB
scipy:1374603,0,0,Ensemble_LR+SVM+CNB
scipy:1374604,0,0,Ensemble_LR+SVM+CNB
scipy:1374605,0,0,Ensemble_LR+SVM+CNB
scipy:1374606,0,0,Ensemble_LR+SVM+CNB
scipy:1374607,0,0,Ensemble_LR+SVM+CNB
scipy:1374608,0,0,Ensemble_LR+SVM+CNB
scipy:1374609,0,0,Ensemble_LR+SVM+CNB
scipy:1374610,0,0,Ensemble_LR+SVM+CNB
scipy:1374611,0,0,Ensemble_LR+SVM+CNB
scipy:1374612,0,0,Ensemble_LR+SVM+CNB
scipy:1374613,0,0,Ensemble_LR+SVM+CNB
scipy:1374614,0,0,Ensemble_LR+SVM+CNB
scipy:1374615,0,0,Ensemble_LR+SVM+CNB
scipy:1374616,0,0,Ensemble_LR+SVM+CNB
scipy:1374617,0,0,Ensemble_LR+SVM+CNB
scipy:1374618,0,0,Ensemble_LR+SVM+CNB
scipy:1374619,0,0,Ensemble_LR+SVM+CNB
scipy:1374620,0,1,Ensemble_LR+SVM+CNB
scipy:1374621,0,0,Ensemble_LR+SVM+CNB
scipy:1374622,0,0,Ensemble_LR+SVM+CNB
scipy:1374623,0,0,Ensemble_LR+SVM+CNB
scipy:1374624,0,0,Ensemble_LR+SVM+CNB
scipy:1374625,0,0,Ensemble_LR+SVM+CNB
scipy:1374626,0,1,Ensemble_LR+SVM+CNB
scipy:1374627,0,0,Ensemble_LR+SVM+CNB
scipy:1374628,0,0,Ensemble_LR+SVM+CNB
scipy:1374629,0,1,Ensemble_LR+SVM+CNB
scipy:1374630,0,0,Ensemble_LR+SVM+CNB
scipy:1374631,0,0,Ensemble_LR+SVM+CNB
scipy:1374632,0,0,Ensemble_LR+SVM+CNB
scipy:1374633,0,0,Ensemble_LR+SVM+CNB
scipy:1374634,0,0,Ensemble_LR+SVM+CNB
scipy:1374635,0,0,Ensemble_LR+SVM+CNB
scipy:1374636,0,0,Ensemble_LR+SVM+CNB
scipy:1374637,0,0,Ensemble_LR+SVM+CNB
scipy:1374638,0,0,Ensemble_LR+SVM+CNB
scipy:1374639,0,0,Ensemble_LR+SVM+CNB
scipy:1374640,0,0,Ensemble_LR+SVM+CNB
scipy:1374641,0,0,Ensemble_LR+SVM+CNB
scipy:1374642,0,0,Ensemble_LR+SVM+CNB
scipy:1374643,0,0,Ensemble_LR+SVM+CNB
scipy:1374644,0,0,Ensemble_LR+SVM+CNB
scipy:1374645,0,0,Ensemble_LR+SVM+CNB
scipy:1374646,0,0,Ensemble_LR+SVM+CNB
scipy:1374647,0,0,Ensemble_LR+SVM+CNB
scipy:1374648,0,0,Ensemble_LR+SVM+CNB
scipy:1374649,0,1,Ensemble_LR+SVM+CNB
scipy:1374650,0,0,Ensemble_LR+SVM+CNB
scipy:1374651,0,0,Ensemble_LR+SVM+CNB
scipy:1374652,0,1,Ensemble_LR+SVM+CNB
scipy:1374653,0,0,Ensemble_LR+SVM+CNB
scipy:1374654,0,0,Ensemble_LR+SVM+CNB
scipy:1374655,0,0,Ensemble_LR+SVM+CNB
scipy:1374656,0,0,Ensemble_LR+SVM+CNB
scipy:1374657,0,0,Ensemble_LR+SVM+CNB
scipy:1374658,0,0,Ensemble_LR+SVM+CNB
scipy:1374659,0,0,Ensemble_LR+SVM+CNB
scipy:1374660,0,0,Ensemble_LR+SVM+CNB
scipy:1374661,0,0,Ensemble_LR+SVM+CNB
scipy:1374662,0,0,Ensemble_LR+SVM+CNB
scipy:1374663,0,0,Ensemble_LR+SVM+CNB
scipy:1374664,0,0,Ensemble_LR+SVM+CNB
scipy:1374665,0,0,Ensemble_LR+SVM+CNB
scipy:1374666,0,1,Ensemble_LR+SVM+CNB
scipy:1374667,0,0,Ensemble_LR+SVM+CNB
scipy:1374668,0,0,Ensemble_LR+SVM+CNB
scipy:1374669,0,0,Ensemble_LR+SVM+CNB
scipy:1374670,0,0,Ensemble_LR+SVM+CNB
scipy:1374671,0,0,Ensemble_LR+SVM+CNB
scipy:1374672,0,0,Ensemble_LR+SVM+CNB
scipy:1374673,0,0,Ensemble_LR+SVM+CNB
scipy:1374674,0,1,Ensemble_LR+SVM+CNB
scipy:1374675,0,0,Ensemble_LR+SVM+CNB
scipy:1374676,0,0,Ensemble_LR+SVM+CNB
scipy:1374677,0,0,Ensemble_LR+SVM+CNB
scipy:1374678,0,0,Ensemble_LR+SVM+CNB
scipy:1374679,0,0,Ensemble_LR+SVM+CNB
scipy:1374680,0,0,Ensemble_LR+SVM+CNB
scipy:1374681,0,0,Ensemble_LR+SVM+CNB
scipy:1374682,0,0,Ensemble_LR+SVM+CNB
scipy:1374683,0,0,Ensemble_LR+SVM+CNB
scipy:1374684,0,0,Ensemble_LR+SVM+CNB
scipy:1374685,0,0,Ensemble_LR+SVM+CNB
scipy:1374686,0,0,Ensemble_LR+SVM+CNB
scipy:1374687,0,1,Ensemble_LR+SVM+CNB
scipy:1374688,0,0,Ensemble_LR+SVM+CNB
scipy:1374689,0,0,Ensemble_LR+SVM+CNB
scipy:1374690,0,0,Ensemble_LR+SVM+CNB
scipy:1374691,0,0,Ensemble_LR+SVM+CNB
scipy:1374692,0,0,Ensemble_LR+SVM+CNB
scipy:1374693,0,0,Ensemble_LR+SVM+CNB
scipy:1374694,0,0,Ensemble_LR+SVM+CNB
scipy:1374695,0,0,Ensemble_LR+SVM+CNB
scipy:1374696,0,0,Ensemble_LR+SVM+CNB
scipy:1374697,0,0,Ensemble_LR+SVM+CNB
scipy:1374698,0,0,Ensemble_LR+SVM+CNB
scipy:1374699,0,0,Ensemble_LR+SVM+CNB
scipy:1374700,0,0,Ensemble_LR+SVM+CNB
scipy:1374701,0,1,Ensemble_LR+SVM+CNB
scipy:1374702,0,0,Ensemble_LR+SVM+CNB
scipy:1374703,0,0,Ensemble_LR+SVM+CNB
scipy:1374704,0,0,Ensemble_LR+SVM+CNB
scipy:1374705,0,0,Ensemble_LR+SVM+CNB
scipy:1374706,0,0,Ensemble_LR+SVM+CNB
scipy:1374707,0,0,Ensemble_LR+SVM+CNB
scipy:1374708,0,0,Ensemble_LR+SVM+CNB
scipy:1374709,0,0,Ensemble_LR+SVM+CNB
scipy:1374710,0,0,Ensemble_LR+SVM+CNB
scipy:1374711,0,0,Ensemble_LR+SVM+CNB
scipy:1374712,0,0,Ensemble_LR+SVM+CNB
scipy:1374713,0,0,Ensemble_LR+SVM+CNB
scipy:1374714,0,0,Ensemble_LR+SVM+CNB
scipy:1374715,0,0,Ensemble_LR+SVM+CNB
scipy:1374716,0,0,Ensemble_LR+SVM+CNB
scipy:1374717,0,0,Ensemble_LR+SVM+CNB
scipy:1374718,0,0,Ensemble_LR+SVM+CNB
scipy:1374719,0,0,Ensemble_LR+SVM+CNB
scipy:1374720,0,0,Ensemble_LR+SVM+CNB
scipy:1374721,0,0,Ensemble_LR+SVM+CNB
scipy:1374722,0,0,Ensemble_LR+SVM+CNB
scipy:1374723,0,0,Ensemble_LR+SVM+CNB
scipy:1374724,0,0,Ensemble_LR+SVM+CNB
scipy:1374725,0,0,Ensemble_LR+SVM+CNB
scipy:1374726,0,0,Ensemble_LR+SVM+CNB
scipy:1374727,0,0,Ensemble_LR+SVM+CNB
scipy:1374728,0,0,Ensemble_LR+SVM+CNB
scipy:1374729,0,0,Ensemble_LR+SVM+CNB
scipy:1374730,0,1,Ensemble_LR+SVM+CNB
scipy:1374731,0,0,Ensemble_LR+SVM+CNB
scipy:1374732,0,0,Ensemble_LR+SVM+CNB
scipy:1374733,0,0,Ensemble_LR+SVM+CNB
scipy:1374734,0,0,Ensemble_LR+SVM+CNB
scipy:1374735,0,0,Ensemble_LR+SVM+CNB
scipy:1374736,0,1,Ensemble_LR+SVM+CNB
scipy:1374737,0,0,Ensemble_LR+SVM+CNB
scipy:1374738,0,1,Ensemble_LR+SVM+CNB
scipy:1374739,0,0,Ensemble_LR+SVM+CNB
scipy:1374740,0,0,Ensemble_LR+SVM+CNB
scipy:1374741,0,1,Ensemble_LR+SVM+CNB
scipy:1374742,0,0,Ensemble_LR+SVM+CNB
scipy:1374743,0,0,Ensemble_LR+SVM+CNB
scipy:1374744,0,1,Ensemble_LR+SVM+CNB
scipy:1374745,0,0,Ensemble_LR+SVM+CNB
scipy:1374746,0,0,Ensemble_LR+SVM+CNB
scipy:1374747,0,0,Ensemble_LR+SVM+CNB
scipy:1374748,0,1,Ensemble_LR+SVM+CNB
scipy:1374749,0,0,Ensemble_LR+SVM+CNB
scipy:1374750,0,0,Ensemble_LR+SVM+CNB
scipy:1374751,0,1,Ensemble_LR+SVM+CNB
scipy:1374752,0,0,Ensemble_LR+SVM+CNB
scipy:1374753,0,0,Ensemble_LR+SVM+CNB
scipy:1374754,0,0,Ensemble_LR+SVM+CNB
scipy:1374755,0,0,Ensemble_LR+SVM+CNB
scipy:1374756,0,0,Ensemble_LR+SVM+CNB
scipy:1374757,0,0,Ensemble_LR+SVM+CNB
scipy:1374758,0,0,Ensemble_LR+SVM+CNB
scipy:1374759,0,0,Ensemble_LR+SVM+CNB
scipy:1374760,0,0,Ensemble_LR+SVM+CNB
scipy:1374761,0,0,Ensemble_LR+SVM+CNB
scipy:1374762,0,0,Ensemble_LR+SVM+CNB
scipy:1374763,0,1,Ensemble_LR+SVM+CNB
scipy:1374764,0,0,Ensemble_LR+SVM+CNB
scipy:1374765,0,0,Ensemble_LR+SVM+CNB
scipy:1374766,0,0,Ensemble_LR+SVM+CNB
scipy:1374767,0,0,Ensemble_LR+SVM+CNB
scipy:1374768,0,0,Ensemble_LR+SVM+CNB
scipy:1374769,0,1,Ensemble_LR+SVM+CNB
scipy:1374770,0,0,Ensemble_LR+SVM+CNB
scipy:1374771,0,0,Ensemble_LR+SVM+CNB
scipy:1374772,0,1,Ensemble_LR+SVM+CNB
scipy:1374773,0,1,Ensemble_LR+SVM+CNB
scipy:1374774,0,0,Ensemble_LR+SVM+CNB
scipy:1374775,0,1,Ensemble_LR+SVM+CNB
scipy:1374776,0,0,Ensemble_LR+SVM+CNB
scipy:1374777,0,0,Ensemble_LR+SVM+CNB
scipy:1374778,0,0,Ensemble_LR+SVM+CNB
scipy:1374779,0,0,Ensemble_LR+SVM+CNB
scipy:1374780,0,0,Ensemble_LR+SVM+CNB
scipy:1374781,0,0,Ensemble_LR+SVM+CNB
scipy:1374782,0,0,Ensemble_LR+SVM+CNB
scipy:1374783,0,1,Ensemble_LR+SVM+CNB
scipy:1374784,0,0,Ensemble_LR+SVM+CNB
scipy:1374785,0,0,Ensemble_LR+SVM+CNB
scipy:1374786,0,0,Ensemble_LR+SVM+CNB
scipy:1374787,0,0,Ensemble_LR+SVM+CNB
scipy:1374788,0,0,Ensemble_LR+SVM+CNB
scipy:1374789,0,0,Ensemble_LR+SVM+CNB
scipy:1374790,0,0,Ensemble_LR+SVM+CNB
scipy:1374791,0,0,Ensemble_LR+SVM+CNB
scipy:1374792,0,0,Ensemble_LR+SVM+CNB
scipy:1374793,0,0,Ensemble_LR+SVM+CNB
scipy:1374794,0,0,Ensemble_LR+SVM+CNB
scipy:1374795,0,0,Ensemble_LR+SVM+CNB
scipy:1374796,0,0,Ensemble_LR+SVM+CNB
scipy:1374797,0,0,Ensemble_LR+SVM+CNB
scipy:1374798,0,0,Ensemble_LR+SVM+CNB
scipy:1374799,0,0,Ensemble_LR+SVM+CNB
scipy:1374800,0,0,Ensemble_LR+SVM+CNB
scipy:1374801,0,0,Ensemble_LR+SVM+CNB
scipy:1374803,0,0,Ensemble_LR+SVM+CNB
scipy:1374804,0,1,Ensemble_LR+SVM+CNB
scipy:1374805,0,0,Ensemble_LR+SVM+CNB
scipy:1374806,0,0,Ensemble_LR+SVM+CNB
scipy:1374807,0,0,Ensemble_LR+SVM+CNB
scipy:1374808,0,0,Ensemble_LR+SVM+CNB
scipy:1374809,0,0,Ensemble_LR+SVM+CNB
scipy:1374810,0,0,Ensemble_LR+SVM+CNB
scipy:1374811,0,0,Ensemble_LR+SVM+CNB
scipy:1374812,0,0,Ensemble_LR+SVM+CNB
scipy:1374813,0,0,Ensemble_LR+SVM+CNB
scipy:1374814,0,1,Ensemble_LR+SVM+CNB
scipy:1374815,0,0,Ensemble_LR+SVM+CNB
scipy:1374816,0,0,Ensemble_LR+SVM+CNB
scipy:1374817,0,0,Ensemble_LR+SVM+CNB
scipy:1374818,0,0,Ensemble_LR+SVM+CNB
scipy:1374819,0,0,Ensemble_LR+SVM+CNB
scipy:1374820,0,0,Ensemble_LR+SVM+CNB
scipy:1374821,0,0,Ensemble_LR+SVM+CNB
scipy:1374822,0,0,Ensemble_LR+SVM+CNB
scipy:1374823,0,0,Ensemble_LR+SVM+CNB
scipy:1374824,0,0,Ensemble_LR+SVM+CNB
scipy:1374825,0,0,Ensemble_LR+SVM+CNB
scipy:1374826,0,0,Ensemble_LR+SVM+CNB
scipy:1374827,0,0,Ensemble_LR+SVM+CNB
scipy:1374828,0,0,Ensemble_LR+SVM+CNB
scipy:1374829,0,0,Ensemble_LR+SVM+CNB
scipy:1374830,0,0,Ensemble_LR+SVM+CNB
scipy:1374831,0,0,Ensemble_LR+SVM+CNB
scipy:1374832,0,0,Ensemble_LR+SVM+CNB
scipy:1374833,0,0,Ensemble_LR+SVM+CNB
scipy:1374834,0,1,Ensemble_LR+SVM+CNB
scipy:1374835,0,0,Ensemble_LR+SVM+CNB
scipy:1374836,0,0,Ensemble_LR+SVM+CNB
scipy:1374837,0,1,Ensemble_LR+SVM+CNB
scipy:1374838,0,0,Ensemble_LR+SVM+CNB
scipy:1374839,0,0,Ensemble_LR+SVM+CNB
scipy:1374840,0,0,Ensemble_LR+SVM+CNB
scipy:1374841,0,1,Ensemble_LR+SVM+CNB
scipy:1374842,0,0,Ensemble_LR+SVM+CNB
scipy:1374843,0,0,Ensemble_LR+SVM+CNB
scipy:1374844,0,1,Ensemble_LR+SVM+CNB
scipy:1374845,0,0,Ensemble_LR+SVM+CNB
scipy:1374846,0,0,Ensemble_LR+SVM+CNB
scipy:1374847,0,0,Ensemble_LR+SVM+CNB
scipy:1374848,0,0,Ensemble_LR+SVM+CNB
scipy:1374849,0,0,Ensemble_LR+SVM+CNB
scipy:1374850,0,0,Ensemble_LR+SVM+CNB
scipy:1374851,0,0,Ensemble_LR+SVM+CNB
scipy:1374852,0,1,Ensemble_LR+SVM+CNB
scipy:1374853,0,0,Ensemble_LR+SVM+CNB
scipy:1374854,0,1,Ensemble_LR+SVM+CNB
scipy:1374855,0,0,Ensemble_LR+SVM+CNB
scipy:1374857,0,0,Ensemble_LR+SVM+CNB
scipy:1374858,0,0,Ensemble_LR+SVM+CNB
scipy:1374859,0,0,Ensemble_LR+SVM+CNB
scipy:1374860,0,0,Ensemble_LR+SVM+CNB
scipy:1374861,0,0,Ensemble_LR+SVM+CNB
scipy:1374862,0,0,Ensemble_LR+SVM+CNB
scipy:1374863,0,0,Ensemble_LR+SVM+CNB
scipy:1374864,0,0,Ensemble_LR+SVM+CNB
scipy:1374865,0,0,Ensemble_LR+SVM+CNB
scipy:1374866,0,0,Ensemble_LR+SVM+CNB
scipy:1374867,0,0,Ensemble_LR+SVM+CNB
scipy:1374868,0,0,Ensemble_LR+SVM+CNB
scipy:1374869,0,0,Ensemble_LR+SVM+CNB
scipy:1374870,0,1,Ensemble_LR+SVM+CNB
scipy:1374871,0,0,Ensemble_LR+SVM+CNB
scipy:1374872,0,0,Ensemble_LR+SVM+CNB
scipy:1374873,0,0,Ensemble_LR+SVM+CNB
scipy:1374874,0,0,Ensemble_LR+SVM+CNB
scipy:1374875,0,0,Ensemble_LR+SVM+CNB
scipy:1374876,0,0,Ensemble_LR+SVM+CNB
scipy:1374877,0,0,Ensemble_LR+SVM+CNB
scipy:1374878,0,1,Ensemble_LR+SVM+CNB
scipy:1374879,0,0,Ensemble_LR+SVM+CNB
scipy:1374880,0,0,Ensemble_LR+SVM+CNB
scipy:1374881,0,0,Ensemble_LR+SVM+CNB
scipy:1374882,0,0,Ensemble_LR+SVM+CNB
scipy:1374883,0,0,Ensemble_LR+SVM+CNB
scipy:1374884,0,0,Ensemble_LR+SVM+CNB
scipy:1374885,0,0,Ensemble_LR+SVM+CNB
scipy:1374886,0,0,Ensemble_LR+SVM+CNB
scipy:1374887,0,1,Ensemble_LR+SVM+CNB
scipy:1374888,0,0,Ensemble_LR+SVM+CNB
scipy:1374889,0,0,Ensemble_LR+SVM+CNB
scipy:1374890,0,0,Ensemble_LR+SVM+CNB
scipy:1374891,0,1,Ensemble_LR+SVM+CNB
scipy:1374892,0,0,Ensemble_LR+SVM+CNB
scipy:1374893,0,0,Ensemble_LR+SVM+CNB
scipy:1374894,0,0,Ensemble_LR+SVM+CNB
scipy:1374895,0,0,Ensemble_LR+SVM+CNB
scipy:1374896,0,0,Ensemble_LR+SVM+CNB
scipy:1374897,0,0,Ensemble_LR+SVM+CNB
scipy:1374898,0,0,Ensemble_LR+SVM+CNB
scipy:1374900,0,0,Ensemble_LR+SVM+CNB
scipy:1374901,0,1,Ensemble_LR+SVM+CNB
scipy:1374902,0,0,Ensemble_LR+SVM+CNB
scipy:1374903,0,1,Ensemble_LR+SVM+CNB
scipy:1374904,0,1,Ensemble_LR+SVM+CNB
scipy:1374905,0,0,Ensemble_LR+SVM+CNB
scipy:1374906,0,0,Ensemble_LR+SVM+CNB
scipy:1374907,0,0,Ensemble_LR+SVM+CNB
scipy:1374908,0,0,Ensemble_LR+SVM+CNB
scipy:1374909,0,0,Ensemble_LR+SVM+CNB
scipy:1374910,0,0,Ensemble_LR+SVM+CNB
scipy:1374911,0,0,Ensemble_LR+SVM+CNB
scipy:1374912,0,0,Ensemble_LR+SVM+CNB
scipy:1374913,0,0,Ensemble_LR+SVM+CNB
scipy:1374914,0,0,Ensemble_LR+SVM+CNB
scipy:1374915,0,1,Ensemble_LR+SVM+CNB
scipy:1374916,0,0,Ensemble_LR+SVM+CNB
scipy:1374917,0,1,Ensemble_LR+SVM+CNB
scipy:1374918,0,0,Ensemble_LR+SVM+CNB
scipy:1374919,0,0,Ensemble_LR+SVM+CNB
scipy:1374920,0,1,Ensemble_LR+SVM+CNB
scipy:1374921,0,0,Ensemble_LR+SVM+CNB
scipy:1374922,0,0,Ensemble_LR+SVM+CNB
scipy:1374923,0,0,Ensemble_LR+SVM+CNB
scipy:1374924,0,0,Ensemble_LR+SVM+CNB
scipy:1374925,0,0,Ensemble_LR+SVM+CNB
scipy:1374926,0,1,Ensemble_LR+SVM+CNB
scipy:1374927,0,0,Ensemble_LR+SVM+CNB
scipy:1374928,0,0,Ensemble_LR+SVM+CNB
scipy:1374929,0,0,Ensemble_LR+SVM+CNB
scipy:1374930,0,1,Ensemble_LR+SVM+CNB
scipy:1374931,0,0,Ensemble_LR+SVM+CNB
scipy:1374932,0,0,Ensemble_LR+SVM+CNB
scipy:1374933,0,0,Ensemble_LR+SVM+CNB
scipy:1374934,0,1,Ensemble_LR+SVM+CNB
scipy:1374935,0,0,Ensemble_LR+SVM+CNB
scipy:1374936,0,0,Ensemble_LR+SVM+CNB
scipy:1374937,0,0,Ensemble_LR+SVM+CNB
scipy:1374938,0,0,Ensemble_LR+SVM+CNB
scipy:1374939,0,0,Ensemble_LR+SVM+CNB
scipy:1374940,0,0,Ensemble_LR+SVM+CNB
scipy:1374941,0,0,Ensemble_LR+SVM+CNB
scipy:1374942,0,0,Ensemble_LR+SVM+CNB
scipy:1374943,0,1,Ensemble_LR+SVM+CNB
scipy:1374944,0,0,Ensemble_LR+SVM+CNB
scipy:1374945,0,0,Ensemble_LR+SVM+CNB
scipy:1374946,0,0,Ensemble_LR+SVM+CNB
scipy:1374947,0,0,Ensemble_LR+SVM+CNB
scipy:1374948,0,0,Ensemble_LR+SVM+CNB
scipy:1374949,0,0,Ensemble_LR+SVM+CNB
scipy:1374950,0,0,Ensemble_LR+SVM+CNB
scipy:1374951,0,0,Ensemble_LR+SVM+CNB
scipy:1374952,0,0,Ensemble_LR+SVM+CNB
scipy:1374953,0,1,Ensemble_LR+SVM+CNB
scipy:1374954,0,0,Ensemble_LR+SVM+CNB
scipy:1374955,0,0,Ensemble_LR+SVM+CNB
scipy:1374956,0,0,Ensemble_LR+SVM+CNB
scipy:1374957,0,0,Ensemble_LR+SVM+CNB
scipy:1374958,0,0,Ensemble_LR+SVM+CNB
scipy:1374959,0,1,Ensemble_LR+SVM+CNB
scipy:1374960,0,0,Ensemble_LR+SVM+CNB
scipy:1374961,0,0,Ensemble_LR+SVM+CNB
scipy:1374963,0,0,Ensemble_LR+SVM+CNB
scipy:1374964,0,0,Ensemble_LR+SVM+CNB
scipy:1374965,0,0,Ensemble_LR+SVM+CNB
scipy:1374966,0,0,Ensemble_LR+SVM+CNB
scipy:1374967,0,0,Ensemble_LR+SVM+CNB
scipy:1374968,0,0,Ensemble_LR+SVM+CNB
scipy:1374969,0,1,Ensemble_LR+SVM+CNB
scipy:1374970,0,1,Ensemble_LR+SVM+CNB
scipy:1374971,0,1,Ensemble_LR+SVM+CNB
scipy:1374972,0,1,Ensemble_LR+SVM+CNB
scipy:1374973,0,0,Ensemble_LR+SVM+CNB
scipy:1374974,0,0,Ensemble_LR+SVM+CNB
scipy:1374975,0,0,Ensemble_LR+SVM+CNB
scipy:1374976,0,0,Ensemble_LR+SVM+CNB
scipy:1374977,0,0,Ensemble_LR+SVM+CNB
scipy:1374978,0,0,Ensemble_LR+SVM+CNB
scipy:1374979,0,0,Ensemble_LR+SVM+CNB
scipy:1374980,0,0,Ensemble_LR+SVM+CNB
scipy:1374981,0,0,Ensemble_LR+SVM+CNB
scipy:1374982,0,0,Ensemble_LR+SVM+CNB
scipy:1374983,0,1,Ensemble_LR+SVM+CNB
scipy:1374984,0,0,Ensemble_LR+SVM+CNB
scipy:1374985,0,0,Ensemble_LR+SVM+CNB
scipy:1374986,0,0,Ensemble_LR+SVM+CNB
scipy:1374987,0,0,Ensemble_LR+SVM+CNB
scipy:1374988,0,0,Ensemble_LR+SVM+CNB
scipy:1374989,0,0,Ensemble_LR+SVM+CNB
scipy:1374990,0,0,Ensemble_LR+SVM+CNB
scipy:1374991,0,0,Ensemble_LR+SVM+CNB
scipy:1374992,0,1,Ensemble_LR+SVM+CNB
scipy:1374993,0,0,Ensemble_LR+SVM+CNB
scipy:1374994,0,1,Ensemble_LR+SVM+CNB
scipy:1374995,0,0,Ensemble_LR+SVM+CNB
scipy:1374996,0,0,Ensemble_LR+SVM+CNB
scipy:1374997,0,0,Ensemble_LR+SVM+CNB
scipy:1374998,0,0,Ensemble_LR+SVM+CNB
scipy:1374999,0,0,Ensemble_LR+SVM+CNB
scipy:1375000,0,0,Ensemble_LR+SVM+CNB
scipy:1375002,0,0,Ensemble_LR+SVM+CNB
scipy:1375003,0,0,Ensemble_LR+SVM+CNB
scipy:1375004,0,0,Ensemble_LR+SVM+CNB
scipy:1375005,0,0,Ensemble_LR+SVM+CNB
scipy:1375006,0,0,Ensemble_LR+SVM+CNB
scipy:1375007,0,0,Ensemble_LR+SVM+CNB
scipy:1375008,0,0,Ensemble_LR+SVM+CNB
scipy:1375009,0,0,Ensemble_LR+SVM+CNB
scipy:1375010,0,0,Ensemble_LR+SVM+CNB
scipy:1375011,0,0,Ensemble_LR+SVM+CNB
scipy:1375012,0,0,Ensemble_LR+SVM+CNB
scipy:1375014,0,0,Ensemble_LR+SVM+CNB
scipy:1375015,0,0,Ensemble_LR+SVM+CNB
scipy:1375016,0,0,Ensemble_LR+SVM+CNB
scipy:1375018,0,0,Ensemble_LR+SVM+CNB
scipy:1375019,0,0,Ensemble_LR+SVM+CNB
scipy:1375020,0,1,Ensemble_LR+SVM+CNB
scipy:1375021,0,0,Ensemble_LR+SVM+CNB
scipy:1375022,0,0,Ensemble_LR+SVM+CNB
scipy:1375023,0,0,Ensemble_LR+SVM+CNB
scipy:1375024,0,1,Ensemble_LR+SVM+CNB
scipy:1375025,0,0,Ensemble_LR+SVM+CNB
scipy:1375026,0,0,Ensemble_LR+SVM+CNB
scipy:1375027,0,0,Ensemble_LR+SVM+CNB
scipy:1375029,0,0,Ensemble_LR+SVM+CNB
scipy:1375030,0,0,Ensemble_LR+SVM+CNB
scipy:1375031,0,0,Ensemble_LR+SVM+CNB
scipy:1375032,0,0,Ensemble_LR+SVM+CNB
scipy:1375033,0,0,Ensemble_LR+SVM+CNB
scipy:1375034,0,1,Ensemble_LR+SVM+CNB
scipy:1375035,0,0,Ensemble_LR+SVM+CNB
scipy:1375036,0,0,Ensemble_LR+SVM+CNB
scipy:1375037,0,0,Ensemble_LR+SVM+CNB
scipy:1375038,0,1,Ensemble_LR+SVM+CNB
scipy:1375039,0,0,Ensemble_LR+SVM+CNB
scipy:1375040,0,0,Ensemble_LR+SVM+CNB
scipy:1375041,0,0,Ensemble_LR+SVM+CNB
scipy:1375042,0,0,Ensemble_LR+SVM+CNB
scipy:1375043,0,1,Ensemble_LR+SVM+CNB
scipy:1375044,0,1,Ensemble_LR+SVM+CNB
scipy:1375045,0,0,Ensemble_LR+SVM+CNB
scipy:1375046,0,0,Ensemble_LR+SVM+CNB
scipy:1375048,0,0,Ensemble_LR+SVM+CNB
scipy:1375049,0,0,Ensemble_LR+SVM+CNB
scipy:1375050,0,0,Ensemble_LR+SVM+CNB
scipy:1375051,0,0,Ensemble_LR+SVM+CNB
scipy:1375052,0,1,Ensemble_LR+SVM+CNB
scipy:1375053,0,0,Ensemble_LR+SVM+CNB
scipy:1375054,0,0,Ensemble_LR+SVM+CNB
scipy:1375055,0,0,Ensemble_LR+SVM+CNB
scipy:1375056,0,0,Ensemble_LR+SVM+CNB
scipy:1375057,0,1,Ensemble_LR+SVM+CNB
scipy:1375058,0,0,Ensemble_LR+SVM+CNB
scipy:1375059,0,0,Ensemble_LR+SVM+CNB
scipy:1375060,0,1,Ensemble_LR+SVM+CNB
scipy:1375061,0,1,Ensemble_LR+SVM+CNB
scipy:1375062,0,0,Ensemble_LR+SVM+CNB
scipy:1375063,0,0,Ensemble_LR+SVM+CNB
scipy:1375064,0,1,Ensemble_LR+SVM+CNB
scipy:1375065,0,0,Ensemble_LR+SVM+CNB
scipy:1375066,0,0,Ensemble_LR+SVM+CNB
scipy:1375067,0,0,Ensemble_LR+SVM+CNB
scipy:1375068,0,0,Ensemble_LR+SVM+CNB
scipy:1375069,0,0,Ensemble_LR+SVM+CNB
scipy:1375070,0,0,Ensemble_LR+SVM+CNB
scipy:1375071,0,0,Ensemble_LR+SVM+CNB
scipy:1375072,0,0,Ensemble_LR+SVM+CNB
scipy:1375073,0,1,Ensemble_LR+SVM+CNB
scipy:1375074,0,0,Ensemble_LR+SVM+CNB
scipy:1375075,0,0,Ensemble_LR+SVM+CNB
scipy:1375076,0,0,Ensemble_LR+SVM+CNB
scipy:1375077,0,0,Ensemble_LR+SVM+CNB
scipy:1375078,0,0,Ensemble_LR+SVM+CNB
scipy:1375079,0,0,Ensemble_LR+SVM+CNB
scipy:1375080,0,0,Ensemble_LR+SVM+CNB
scipy:1375081,0,0,Ensemble_LR+SVM+CNB
scipy:1375082,0,0,Ensemble_LR+SVM+CNB
scipy:1375083,0,0,Ensemble_LR+SVM+CNB
scipy:1375084,0,0,Ensemble_LR+SVM+CNB
scipy:1375085,0,0,Ensemble_LR+SVM+CNB
scipy:1375086,0,0,Ensemble_LR+SVM+CNB
scipy:1375087,0,1,Ensemble_LR+SVM+CNB
scipy:1375088,0,0,Ensemble_LR+SVM+CNB
scipy:1375089,0,0,Ensemble_LR+SVM+CNB
scipy:1375090,0,0,Ensemble_LR+SVM+CNB
scipy:1375091,0,0,Ensemble_LR+SVM+CNB
scipy:1375092,0,0,Ensemble_LR+SVM+CNB
scipy:1375093,0,0,Ensemble_LR+SVM+CNB
scipy:1375094,0,0,Ensemble_LR+SVM+CNB
scipy:1375095,0,1,Ensemble_LR+SVM+CNB
scipy:1375096,0,1,Ensemble_LR+SVM+CNB
scipy:1375097,0,0,Ensemble_LR+SVM+CNB
scipy:1375098,0,0,Ensemble_LR+SVM+CNB
scipy:1375099,0,0,Ensemble_LR+SVM+CNB
scipy:1375100,0,0,Ensemble_LR+SVM+CNB
scipy:1375101,0,0,Ensemble_LR+SVM+CNB
scipy:1375102,0,0,Ensemble_LR+SVM+CNB
scipy:1375103,0,0,Ensemble_LR+SVM+CNB
scipy:1375104,0,0,Ensemble_LR+SVM+CNB
scipy:1375105,0,0,Ensemble_LR+SVM+CNB
scipy:1375106,0,0,Ensemble_LR+SVM+CNB
scipy:1375108,0,0,Ensemble_LR+SVM+CNB
scipy:1375110,0,0,Ensemble_LR+SVM+CNB
scipy:1375111,0,0,Ensemble_LR+SVM+CNB
scipy:1375112,0,0,Ensemble_LR+SVM+CNB
scipy:1375113,0,0,Ensemble_LR+SVM+CNB
scipy:1375114,0,0,Ensemble_LR+SVM+CNB
scipy:1375115,0,1,Ensemble_LR+SVM+CNB
scipy:1375116,0,0,Ensemble_LR+SVM+CNB
scipy:1375117,0,0,Ensemble_LR+SVM+CNB
scipy:1375118,0,0,Ensemble_LR+SVM+CNB
scipy:1375119,0,0,Ensemble_LR+SVM+CNB
scipy:1375120,0,0,Ensemble_LR+SVM+CNB
scipy:1375121,0,0,Ensemble_LR+SVM+CNB
scipy:1375122,0,0,Ensemble_LR+SVM+CNB
scipy:1375123,0,0,Ensemble_LR+SVM+CNB
scipy:1375124,0,0,Ensemble_LR+SVM+CNB
scipy:1375125,0,0,Ensemble_LR+SVM+CNB
scipy:1375126,0,0,Ensemble_LR+SVM+CNB
scipy:1375127,0,0,Ensemble_LR+SVM+CNB
scipy:1375128,0,1,Ensemble_LR+SVM+CNB
scipy:1375129,0,0,Ensemble_LR+SVM+CNB
scipy:1375130,0,0,Ensemble_LR+SVM+CNB
scipy:1375131,0,0,Ensemble_LR+SVM+CNB
scipy:1375133,0,0,Ensemble_LR+SVM+CNB
scipy:1375134,0,0,Ensemble_LR+SVM+CNB
scipy:1375135,0,0,Ensemble_LR+SVM+CNB
scipy:1375136,0,0,Ensemble_LR+SVM+CNB
scipy:1375137,0,0,Ensemble_LR+SVM+CNB
scipy:1375138,0,0,Ensemble_LR+SVM+CNB
scipy:1375139,0,0,Ensemble_LR+SVM+CNB
scipy:1375140,0,0,Ensemble_LR+SVM+CNB
scipy:1375142,0,0,Ensemble_LR+SVM+CNB
scipy:1375143,0,0,Ensemble_LR+SVM+CNB
scipy:1375144,0,0,Ensemble_LR+SVM+CNB
scipy:1375145,0,0,Ensemble_LR+SVM+CNB
scipy:1375146,0,0,Ensemble_LR+SVM+CNB
scipy:1375147,0,0,Ensemble_LR+SVM+CNB
scipy:1375148,0,0,Ensemble_LR+SVM+CNB
scipy:1375149,0,0,Ensemble_LR+SVM+CNB
scipy:1375150,0,0,Ensemble_LR+SVM+CNB
scipy:1375151,0,1,Ensemble_LR+SVM+CNB
scipy:1375152,0,0,Ensemble_LR+SVM+CNB
scipy:1375153,0,0,Ensemble_LR+SVM+CNB
scipy:1375154,0,0,Ensemble_LR+SVM+CNB
scipy:1375155,0,0,Ensemble_LR+SVM+CNB
scipy:1375156,0,0,Ensemble_LR+SVM+CNB
scipy:1375157,0,0,Ensemble_LR+SVM+CNB
scipy:1375158,0,0,Ensemble_LR+SVM+CNB
scipy:1375159,0,0,Ensemble_LR+SVM+CNB
scipy:1375160,0,0,Ensemble_LR+SVM+CNB
scipy:1375161,0,0,Ensemble_LR+SVM+CNB
scipy:1375162,0,0,Ensemble_LR+SVM+CNB
scipy:1375163,0,0,Ensemble_LR+SVM+CNB
scipy:1375164,0,0,Ensemble_LR+SVM+CNB
scipy:1375165,0,0,Ensemble_LR+SVM+CNB
scipy:1375166,0,0,Ensemble_LR+SVM+CNB
scipy:1375167,0,0,Ensemble_LR+SVM+CNB
scipy:1375168,0,0,Ensemble_LR+SVM+CNB
scipy:1375169,0,0,Ensemble_LR+SVM+CNB
scipy:1375170,0,0,Ensemble_LR+SVM+CNB
scipy:1375171,0,0,Ensemble_LR+SVM+CNB
scipy:1375172,0,0,Ensemble_LR+SVM+CNB
scipy:1375173,0,1,Ensemble_LR+SVM+CNB
scipy:1375174,0,0,Ensemble_LR+SVM+CNB
scipy:1375175,0,0,Ensemble_LR+SVM+CNB
scipy:1375176,0,0,Ensemble_LR+SVM+CNB
scipy:1375177,0,0,Ensemble_LR+SVM+CNB
scipy:1375178,0,0,Ensemble_LR+SVM+CNB
scipy:1375179,0,1,Ensemble_LR+SVM+CNB
scipy:1375180,0,0,Ensemble_LR+SVM+CNB
scipy:1375181,0,0,Ensemble_LR+SVM+CNB
scipy:1375182,0,1,Ensemble_LR+SVM+CNB
scipy:1375183,0,0,Ensemble_LR+SVM+CNB
scipy:1375184,0,0,Ensemble_LR+SVM+CNB
scipy:1375185,0,0,Ensemble_LR+SVM+CNB
scipy:1375186,0,0,Ensemble_LR+SVM+CNB
scipy:1375187,0,0,Ensemble_LR+SVM+CNB
scipy:1375188,0,0,Ensemble_LR+SVM+CNB
scipy:1375189,0,0,Ensemble_LR+SVM+CNB
scipy:1375190,0,0,Ensemble_LR+SVM+CNB
scipy:1375191,0,0,Ensemble_LR+SVM+CNB
scipy:1375192,0,0,Ensemble_LR+SVM+CNB
scipy:1375193,0,0,Ensemble_LR+SVM+CNB
scipy:1375194,0,0,Ensemble_LR+SVM+CNB
scipy:1375195,0,0,Ensemble_LR+SVM+CNB
scipy:1375196,0,0,Ensemble_LR+SVM+CNB
scipy:1375197,0,1,Ensemble_LR+SVM+CNB
scipy:1375198,0,0,Ensemble_LR+SVM+CNB
scipy:1375199,0,0,Ensemble_LR+SVM+CNB
scipy:1375200,0,0,Ensemble_LR+SVM+CNB
scipy:1375201,0,1,Ensemble_LR+SVM+CNB
scipy:1375202,0,0,Ensemble_LR+SVM+CNB
scipy:1375203,0,0,Ensemble_LR+SVM+CNB
scipy:1375204,0,0,Ensemble_LR+SVM+CNB
scipy:1375205,0,0,Ensemble_LR+SVM+CNB
scipy:1375206,0,0,Ensemble_LR+SVM+CNB
scipy:1375207,0,0,Ensemble_LR+SVM+CNB
scipy:1375208,0,1,Ensemble_LR+SVM+CNB
scipy:1375209,0,0,Ensemble_LR+SVM+CNB
scipy:1375210,0,0,Ensemble_LR+SVM+CNB
scipy:1375211,0,1,Ensemble_LR+SVM+CNB
scipy:1375212,0,0,Ensemble_LR+SVM+CNB
scipy:1375213,0,0,Ensemble_LR+SVM+CNB
scipy:1375214,0,0,Ensemble_LR+SVM+CNB
scipy:1375215,0,0,Ensemble_LR+SVM+CNB
scipy:1375216,0,0,Ensemble_LR+SVM+CNB
scipy:1375217,0,0,Ensemble_LR+SVM+CNB
scipy:1375218,0,0,Ensemble_LR+SVM+CNB
scipy:1375219,0,0,Ensemble_LR+SVM+CNB
scipy:1375221,0,0,Ensemble_LR+SVM+CNB
scipy:1375222,0,0,Ensemble_LR+SVM+CNB
scipy:1375223,0,0,Ensemble_LR+SVM+CNB
scipy:1375224,0,0,Ensemble_LR+SVM+CNB
scipy:1375225,0,0,Ensemble_LR+SVM+CNB
scipy:1375226,0,1,Ensemble_LR+SVM+CNB
scipy:1375227,0,0,Ensemble_LR+SVM+CNB
scipy:1375228,0,0,Ensemble_LR+SVM+CNB
scipy:1375229,0,0,Ensemble_LR+SVM+CNB
scipy:1375230,0,0,Ensemble_LR+SVM+CNB
scipy:1375231,0,0,Ensemble_LR+SVM+CNB
scipy:1375232,0,0,Ensemble_LR+SVM+CNB
scipy:1375233,0,1,Ensemble_LR+SVM+CNB
scipy:1375234,0,0,Ensemble_LR+SVM+CNB
scipy:1375235,0,0,Ensemble_LR+SVM+CNB
scipy:1375236,0,1,Ensemble_LR+SVM+CNB
scipy:1375237,0,0,Ensemble_LR+SVM+CNB
scipy:1375238,0,0,Ensemble_LR+SVM+CNB
scipy:1375239,0,0,Ensemble_LR+SVM+CNB
scipy:1375240,0,1,Ensemble_LR+SVM+CNB
scipy:1375241,0,0,Ensemble_LR+SVM+CNB
scipy:1375242,0,0,Ensemble_LR+SVM+CNB
scipy:1375243,0,0,Ensemble_LR+SVM+CNB
scipy:1375244,0,0,Ensemble_LR+SVM+CNB
scipy:1375245,0,0,Ensemble_LR+SVM+CNB
scipy:1375246,0,0,Ensemble_LR+SVM+CNB
scipy:1375247,0,0,Ensemble_LR+SVM+CNB
scipy:1375248,0,0,Ensemble_LR+SVM+CNB
scipy:1375250,0,0,Ensemble_LR+SVM+CNB
scipy:1375251,0,0,Ensemble_LR+SVM+CNB
scipy:1375252,0,0,Ensemble_LR+SVM+CNB
scipy:1375253,0,0,Ensemble_LR+SVM+CNB
scipy:1375254,0,0,Ensemble_LR+SVM+CNB
scipy:1375255,0,0,Ensemble_LR+SVM+CNB
scipy:1375256,0,0,Ensemble_LR+SVM+CNB
scipy:1375257,0,0,Ensemble_LR+SVM+CNB
scipy:1375258,0,1,Ensemble_LR+SVM+CNB
scipy:1375259,0,0,Ensemble_LR+SVM+CNB
scipy:1375260,0,1,Ensemble_LR+SVM+CNB
scipy:1375261,0,0,Ensemble_LR+SVM+CNB
scipy:1375262,0,0,Ensemble_LR+SVM+CNB
scipy:1375263,0,0,Ensemble_LR+SVM+CNB
scipy:1375264,0,0,Ensemble_LR+SVM+CNB
scipy:1375265,0,0,Ensemble_LR+SVM+CNB
scipy:1375266,0,0,Ensemble_LR+SVM+CNB
scipy:1375267,0,0,Ensemble_LR+SVM+CNB
scipy:1375268,0,0,Ensemble_LR+SVM+CNB
scipy:1375269,0,0,Ensemble_LR+SVM+CNB
scipy:1375270,0,0,Ensemble_LR+SVM+CNB
scipy:1375271,0,0,Ensemble_LR+SVM+CNB
scipy:1375272,0,0,Ensemble_LR+SVM+CNB
scipy:1375273,0,1,Ensemble_LR+SVM+CNB
scipy:1375274,0,0,Ensemble_LR+SVM+CNB
scipy:1375275,0,0,Ensemble_LR+SVM+CNB
scipy:1375276,0,1,Ensemble_LR+SVM+CNB
scipy:1375277,0,0,Ensemble_LR+SVM+CNB
scipy:1375278,0,0,Ensemble_LR+SVM+CNB
scipy:1375279,0,0,Ensemble_LR+SVM+CNB
scipy:1375280,0,0,Ensemble_LR+SVM+CNB
scipy:1375281,0,0,Ensemble_LR+SVM+CNB
scipy:1375282,0,0,Ensemble_LR+SVM+CNB
scipy:1375283,0,1,Ensemble_LR+SVM+CNB
scipy:1375284,0,1,Ensemble_LR+SVM+CNB
scipy:1375285,0,0,Ensemble_LR+SVM+CNB
scipy:1375286,0,0,Ensemble_LR+SVM+CNB
scipy:1375287,0,0,Ensemble_LR+SVM+CNB
scipy:1375288,0,1,Ensemble_LR+SVM+CNB
scipy:1375289,0,0,Ensemble_LR+SVM+CNB
scipy:1375290,0,0,Ensemble_LR+SVM+CNB
scipy:1375291,0,1,Ensemble_LR+SVM+CNB
scipy:1375292,0,1,Ensemble_LR+SVM+CNB
scipy:1375293,0,0,Ensemble_LR+SVM+CNB
scipy:1375294,0,0,Ensemble_LR+SVM+CNB
scipy:1375295,0,1,Ensemble_LR+SVM+CNB
scipy:1375296,0,0,Ensemble_LR+SVM+CNB
scipy:1375297,0,0,Ensemble_LR+SVM+CNB
scipy:1375298,0,0,Ensemble_LR+SVM+CNB
scipy:1375299,0,0,Ensemble_LR+SVM+CNB
scipy:1375300,0,0,Ensemble_LR+SVM+CNB
scipy:1375301,0,0,Ensemble_LR+SVM+CNB
scipy:1375302,0,0,Ensemble_LR+SVM+CNB
scipy:1375303,0,0,Ensemble_LR+SVM+CNB
scipy:1375304,0,0,Ensemble_LR+SVM+CNB
scipy:1375305,0,0,Ensemble_LR+SVM+CNB
scipy:1375306,0,0,Ensemble_LR+SVM+CNB
scipy:1375307,0,0,Ensemble_LR+SVM+CNB
scipy:1375308,0,1,Ensemble_LR+SVM+CNB
scipy:1375309,0,0,Ensemble_LR+SVM+CNB
scipy:1375310,0,0,Ensemble_LR+SVM+CNB
scipy:1375311,0,0,Ensemble_LR+SVM+CNB
scipy:1375312,0,1,Ensemble_LR+SVM+CNB
scipy:1375313,0,0,Ensemble_LR+SVM+CNB
scipy:1375314,0,0,Ensemble_LR+SVM+CNB
scipy:1375315,0,0,Ensemble_LR+SVM+CNB
scipy:1375316,0,0,Ensemble_LR+SVM+CNB
scipy:1375317,0,1,Ensemble_LR+SVM+CNB
scipy:1375318,0,0,Ensemble_LR+SVM+CNB
scipy:1375319,0,0,Ensemble_LR+SVM+CNB
scipy:1375320,0,0,Ensemble_LR+SVM+CNB
scipy:1375321,0,0,Ensemble_LR+SVM+CNB
scipy:1375322,0,0,Ensemble_LR+SVM+CNB
scipy:1375323,0,0,Ensemble_LR+SVM+CNB
scipy:1375324,0,0,Ensemble_LR+SVM+CNB
scipy:1375325,0,0,Ensemble_LR+SVM+CNB
scipy:1375326,0,0,Ensemble_LR+SVM+CNB
scipy:1375327,0,0,Ensemble_LR+SVM+CNB
scipy:1375328,0,0,Ensemble_LR+SVM+CNB
scipy:1375329,0,0,Ensemble_LR+SVM+CNB
scipy:1375330,0,0,Ensemble_LR+SVM+CNB
scipy:1375331,0,0,Ensemble_LR+SVM+CNB
scipy:1375332,0,0,Ensemble_LR+SVM+CNB
scipy:1375333,0,0,Ensemble_LR+SVM+CNB
scipy:1375335,0,1,Ensemble_LR+SVM+CNB
scipy:1375336,0,0,Ensemble_LR+SVM+CNB
scipy:1375337,0,0,Ensemble_LR+SVM+CNB
scipy:1375338,0,0,Ensemble_LR+SVM+CNB
scipy:1375339,0,0,Ensemble_LR+SVM+CNB
scipy:1375340,0,0,Ensemble_LR+SVM+CNB
scipy:1375341,0,0,Ensemble_LR+SVM+CNB
scipy:1375342,0,0,Ensemble_LR+SVM+CNB
scipy:1375343,0,0,Ensemble_LR+SVM+CNB
scipy:1375344,0,0,Ensemble_LR+SVM+CNB
scipy:1375345,0,0,Ensemble_LR+SVM+CNB
scipy:1375346,0,0,Ensemble_LR+SVM+CNB
scipy:1375348,0,0,Ensemble_LR+SVM+CNB
scipy:1375349,0,0,Ensemble_LR+SVM+CNB
scipy:1375350,0,0,Ensemble_LR+SVM+CNB
scipy:1375351,0,0,Ensemble_LR+SVM+CNB
scipy:1375352,0,1,Ensemble_LR+SVM+CNB
scipy:1375353,0,0,Ensemble_LR+SVM+CNB
scipy:1375354,0,0,Ensemble_LR+SVM+CNB
scipy:1375355,0,0,Ensemble_LR+SVM+CNB
scipy:1375356,0,0,Ensemble_LR+SVM+CNB
scipy:1375357,0,0,Ensemble_LR+SVM+CNB
scipy:1375358,0,0,Ensemble_LR+SVM+CNB
scipy:1375359,0,0,Ensemble_LR+SVM+CNB
scipy:1375360,0,0,Ensemble_LR+SVM+CNB
scipy:1375361,0,0,Ensemble_LR+SVM+CNB
scipy:1375362,0,0,Ensemble_LR+SVM+CNB
scipy:1375363,0,0,Ensemble_LR+SVM+CNB
scipy:1375364,0,1,Ensemble_LR+SVM+CNB
scipy:1375365,0,0,Ensemble_LR+SVM+CNB
scipy:1375366,0,0,Ensemble_LR+SVM+CNB
scipy:1375367,0,1,Ensemble_LR+SVM+CNB
scipy:1375368,0,1,Ensemble_LR+SVM+CNB
scipy:1375369,0,0,Ensemble_LR+SVM+CNB
scipy:1375370,0,0,Ensemble_LR+SVM+CNB
scipy:1375371,0,0,Ensemble_LR+SVM+CNB
scipy:1375373,0,0,Ensemble_LR+SVM+CNB
scipy:1375374,0,1,Ensemble_LR+SVM+CNB
scipy:1375375,0,0,Ensemble_LR+SVM+CNB
scipy:1375376,0,0,Ensemble_LR+SVM+CNB
scipy:1375377,0,0,Ensemble_LR+SVM+CNB
scipy:1375378,0,0,Ensemble_LR+SVM+CNB
scipy:1375379,0,0,Ensemble_LR+SVM+CNB
scipy:1375380,0,0,Ensemble_LR+SVM+CNB
scipy:1375381,0,0,Ensemble_LR+SVM+CNB
scipy:1375383,0,0,Ensemble_LR+SVM+CNB
scipy:1375384,0,0,Ensemble_LR+SVM+CNB
scipy:1375385,0,0,Ensemble_LR+SVM+CNB
scipy:1375386,0,0,Ensemble_LR+SVM+CNB
scipy:1375387,0,1,Ensemble_LR+SVM+CNB
scipy:1375388,0,0,Ensemble_LR+SVM+CNB
scipy:1375389,0,1,Ensemble_LR+SVM+CNB
scipy:1375390,0,0,Ensemble_LR+SVM+CNB
scipy:1375391,0,0,Ensemble_LR+SVM+CNB
scipy:1375392,0,0,Ensemble_LR+SVM+CNB
scipy:1375393,0,0,Ensemble_LR+SVM+CNB
scipy:1375394,0,0,Ensemble_LR+SVM+CNB
scipy:1375395,0,1,Ensemble_LR+SVM+CNB
scipy:1375396,0,1,Ensemble_LR+SVM+CNB
scipy:1375397,0,1,Ensemble_LR+SVM+CNB
scipy:1375398,0,1,Ensemble_LR+SVM+CNB
scipy:1375399,0,0,Ensemble_LR+SVM+CNB
scipy:1375400,0,1,Ensemble_LR+SVM+CNB
scipy:1375401,0,0,Ensemble_LR+SVM+CNB
scipy:1375402,0,0,Ensemble_LR+SVM+CNB
scipy:1375403,0,1,Ensemble_LR+SVM+CNB
scipy:1375404,0,0,Ensemble_LR+SVM+CNB
scipy:1375405,0,0,Ensemble_LR+SVM+CNB
scipy:1375406,0,0,Ensemble_LR+SVM+CNB
scipy:1375407,0,0,Ensemble_LR+SVM+CNB
scipy:1375408,0,1,Ensemble_LR+SVM+CNB
scipy:1375409,0,1,Ensemble_LR+SVM+CNB
scipy:1375410,0,0,Ensemble_LR+SVM+CNB
scipy:1375411,0,0,Ensemble_LR+SVM+CNB
scipy:1375412,0,0,Ensemble_LR+SVM+CNB
scipy:1375413,0,0,Ensemble_LR+SVM+CNB
scipy:1375414,0,0,Ensemble_LR+SVM+CNB
scipy:1375415,0,0,Ensemble_LR+SVM+CNB
scipy:1375416,0,0,Ensemble_LR+SVM+CNB
scipy:1375417,0,1,Ensemble_LR+SVM+CNB
scipy:1375418,0,0,Ensemble_LR+SVM+CNB
scipy:1375419,0,0,Ensemble_LR+SVM+CNB
scipy:1375420,0,0,Ensemble_LR+SVM+CNB
scipy:1375421,0,0,Ensemble_LR+SVM+CNB
scipy:1375422,0,0,Ensemble_LR+SVM+CNB
scipy:1375423,0,1,Ensemble_LR+SVM+CNB
scipy:1375424,0,0,Ensemble_LR+SVM+CNB
scipy:1375425,0,0,Ensemble_LR+SVM+CNB
scipy:1375426,0,1,Ensemble_LR+SVM+CNB
scipy:1375427,0,1,Ensemble_LR+SVM+CNB
scipy:1375428,0,0,Ensemble_LR+SVM+CNB
scipy:1375429,0,0,Ensemble_LR+SVM+CNB
scipy:1375430,0,0,Ensemble_LR+SVM+CNB
scipy:1375431,0,0,Ensemble_LR+SVM+CNB
scipy:1375432,0,0,Ensemble_LR+SVM+CNB
scipy:1375433,0,0,Ensemble_LR+SVM+CNB
scipy:1375434,0,0,Ensemble_LR+SVM+CNB
scipy:1375435,0,0,Ensemble_LR+SVM+CNB
scipy:1375436,0,0,Ensemble_LR+SVM+CNB
scipy:1375437,0,1,Ensemble_LR+SVM+CNB
scipy:1375438,0,0,Ensemble_LR+SVM+CNB
scipy:1375439,0,0,Ensemble_LR+SVM+CNB
scipy:1375440,0,0,Ensemble_LR+SVM+CNB
scipy:1375442,0,0,Ensemble_LR+SVM+CNB
scipy:1375443,0,0,Ensemble_LR+SVM+CNB
scipy:1375444,0,0,Ensemble_LR+SVM+CNB
scipy:1375445,0,0,Ensemble_LR+SVM+CNB
scipy:1375446,0,0,Ensemble_LR+SVM+CNB
scipy:1375447,0,0,Ensemble_LR+SVM+CNB
scipy:1375448,0,0,Ensemble_LR+SVM+CNB
scipy:1375449,0,0,Ensemble_LR+SVM+CNB
scipy:1375450,0,0,Ensemble_LR+SVM+CNB
scipy:1375451,0,0,Ensemble_LR+SVM+CNB
scipy:1375452,0,0,Ensemble_LR+SVM+CNB
scipy:1375453,0,0,Ensemble_LR+SVM+CNB
scipy:1375454,0,0,Ensemble_LR+SVM+CNB
scipy:1375455,0,0,Ensemble_LR+SVM+CNB
scipy:1375457,0,0,Ensemble_LR+SVM+CNB
scipy:1375458,0,0,Ensemble_LR+SVM+CNB
scipy:1375459,0,0,Ensemble_LR+SVM+CNB
scipy:1375460,0,0,Ensemble_LR+SVM+CNB
scipy:1375461,0,0,Ensemble_LR+SVM+CNB
scipy:1375462,0,0,Ensemble_LR+SVM+CNB
scipy:1375463,0,1,Ensemble_LR+SVM+CNB
scipy:1375464,0,0,Ensemble_LR+SVM+CNB
scipy:1375466,0,0,Ensemble_LR+SVM+CNB
scipy:1375467,0,0,Ensemble_LR+SVM+CNB
scipy:1375468,0,0,Ensemble_LR+SVM+CNB
scipy:1375469,0,0,Ensemble_LR+SVM+CNB
scipy:1375470,0,0,Ensemble_LR+SVM+CNB
scipy:1375471,0,0,Ensemble_LR+SVM+CNB
scipy:1375472,0,1,Ensemble_LR+SVM+CNB
scipy:1375473,0,0,Ensemble_LR+SVM+CNB
scipy:1375474,0,0,Ensemble_LR+SVM+CNB
scipy:1375475,0,0,Ensemble_LR+SVM+CNB
scipy:1375476,0,1,Ensemble_LR+SVM+CNB
scipy:1375477,0,1,Ensemble_LR+SVM+CNB
scipy:1375478,0,1,Ensemble_LR+SVM+CNB
scipy:1375479,0,0,Ensemble_LR+SVM+CNB
scipy:1375480,0,0,Ensemble_LR+SVM+CNB
scipy:1375481,0,1,Ensemble_LR+SVM+CNB
scipy:1375482,0,0,Ensemble_LR+SVM+CNB
scipy:1375483,0,0,Ensemble_LR+SVM+CNB
scipy:1375484,0,0,Ensemble_LR+SVM+CNB
scipy:1375485,0,1,Ensemble_LR+SVM+CNB
scipy:1375486,0,0,Ensemble_LR+SVM+CNB
scipy:1375487,0,0,Ensemble_LR+SVM+CNB
scipy:1375488,0,1,Ensemble_LR+SVM+CNB
scipy:1375489,0,0,Ensemble_LR+SVM+CNB
scipy:1375490,0,0,Ensemble_LR+SVM+CNB
scipy:1375491,0,0,Ensemble_LR+SVM+CNB
scipy:1375492,0,0,Ensemble_LR+SVM+CNB
scipy:1375493,0,0,Ensemble_LR+SVM+CNB
scipy:1375494,0,1,Ensemble_LR+SVM+CNB
scipy:1375495,0,0,Ensemble_LR+SVM+CNB
scipy:1375496,0,0,Ensemble_LR+SVM+CNB
scipy:1375497,0,1,Ensemble_LR+SVM+CNB
scipy:1375498,0,0,Ensemble_LR+SVM+CNB
scipy:1375499,0,0,Ensemble_LR+SVM+CNB
scipy:1375500,0,0,Ensemble_LR+SVM+CNB
scipy:1375501,0,0,Ensemble_LR+SVM+CNB
scipy:1375502,0,1,Ensemble_LR+SVM+CNB
scipy:1375503,0,0,Ensemble_LR+SVM+CNB
scipy:1375504,0,0,Ensemble_LR+SVM+CNB
scipy:1375505,0,0,Ensemble_LR+SVM+CNB
scipy:1375506,0,0,Ensemble_LR+SVM+CNB
scipy:1375507,0,0,Ensemble_LR+SVM+CNB
scipy:1375508,0,0,Ensemble_LR+SVM+CNB
scipy:1375509,0,0,Ensemble_LR+SVM+CNB
scipy:1375510,0,0,Ensemble_LR+SVM+CNB
scipy:1375511,0,0,Ensemble_LR+SVM+CNB
scipy:1375512,0,1,Ensemble_LR+SVM+CNB
scipy:1375513,0,0,Ensemble_LR+SVM+CNB
scipy:1375514,0,1,Ensemble_LR+SVM+CNB
scipy:1375515,0,0,Ensemble_LR+SVM+CNB
scipy:1375516,0,0,Ensemble_LR+SVM+CNB
scipy:1375517,0,1,Ensemble_LR+SVM+CNB
scipy:1375518,0,0,Ensemble_LR+SVM+CNB
scipy:1375519,0,1,Ensemble_LR+SVM+CNB
scipy:1375520,0,0,Ensemble_LR+SVM+CNB
scipy:1375521,0,0,Ensemble_LR+SVM+CNB
scipy:1375522,0,1,Ensemble_LR+SVM+CNB
scipy:1375523,0,1,Ensemble_LR+SVM+CNB
scipy:1375524,0,0,Ensemble_LR+SVM+CNB
scipy:1375525,0,1,Ensemble_LR+SVM+CNB
scipy:1375526,0,0,Ensemble_LR+SVM+CNB
scipy:1375527,0,1,Ensemble_LR+SVM+CNB
scipy:1375528,0,0,Ensemble_LR+SVM+CNB
scipy:1375529,0,1,Ensemble_LR+SVM+CNB
scipy:1375530,0,0,Ensemble_LR+SVM+CNB
scipy:1375531,0,0,Ensemble_LR+SVM+CNB
scipy:1375532,0,0,Ensemble_LR+SVM+CNB
scipy:1375533,0,1,Ensemble_LR+SVM+CNB
scipy:1375534,0,1,Ensemble_LR+SVM+CNB
scipy:1375535,0,0,Ensemble_LR+SVM+CNB
scipy:1375536,0,1,Ensemble_LR+SVM+CNB
scipy:1375537,0,1,Ensemble_LR+SVM+CNB
scipy:1375538,0,1,Ensemble_LR+SVM+CNB
scipy:1375539,0,1,Ensemble_LR+SVM+CNB
scipy:1375540,0,1,Ensemble_LR+SVM+CNB
scipy:1375541,0,0,Ensemble_LR+SVM+CNB
scipy:1375542,0,0,Ensemble_LR+SVM+CNB
scipy:1375543,0,0,Ensemble_LR+SVM+CNB
scipy:1375544,0,1,Ensemble_LR+SVM+CNB
scipy:1375545,0,1,Ensemble_LR+SVM+CNB
scipy:1375546,0,1,Ensemble_LR+SVM+CNB
scipy:1375547,0,0,Ensemble_LR+SVM+CNB
scipy:1375548,0,1,Ensemble_LR+SVM+CNB
scipy:1375549,0,0,Ensemble_LR+SVM+CNB
scipy:1375550,0,0,Ensemble_LR+SVM+CNB
scipy:1375551,0,0,Ensemble_LR+SVM+CNB
scipy:1375552,0,0,Ensemble_LR+SVM+CNB
scipy:1375553,0,0,Ensemble_LR+SVM+CNB
scipy:1375554,0,1,Ensemble_LR+SVM+CNB
scipy:1375555,0,0,Ensemble_LR+SVM+CNB
scipy:1375556,0,0,Ensemble_LR+SVM+CNB
scipy:1375557,0,0,Ensemble_LR+SVM+CNB
scipy:1375558,0,0,Ensemble_LR+SVM+CNB
scipy:1375559,0,0,Ensemble_LR+SVM+CNB
scipy:1375560,0,0,Ensemble_LR+SVM+CNB
scipy:1375561,0,0,Ensemble_LR+SVM+CNB
scipy:1375562,0,1,Ensemble_LR+SVM+CNB
scipy:1375563,0,1,Ensemble_LR+SVM+CNB
scipy:1375564,0,1,Ensemble_LR+SVM+CNB
scipy:1375565,0,1,Ensemble_LR+SVM+CNB
scipy:1375566,0,1,Ensemble_LR+SVM+CNB
scipy:1375567,0,0,Ensemble_LR+SVM+CNB
scipy:1375568,0,0,Ensemble_LR+SVM+CNB
scipy:1375569,0,1,Ensemble_LR+SVM+CNB
scipy:1375570,0,0,Ensemble_LR+SVM+CNB
scipy:1375571,0,1,Ensemble_LR+SVM+CNB
scipy:1375572,0,1,Ensemble_LR+SVM+CNB
scipy:1375573,0,1,Ensemble_LR+SVM+CNB
scipy:1375574,0,0,Ensemble_LR+SVM+CNB
scipy:1375575,0,0,Ensemble_LR+SVM+CNB
scipy:1375576,0,0,Ensemble_LR+SVM+CNB
scipy:1375577,0,0,Ensemble_LR+SVM+CNB
scipy:1375578,0,0,Ensemble_LR+SVM+CNB
scipy:1375579,0,1,Ensemble_LR+SVM+CNB
scipy:1375580,0,0,Ensemble_LR+SVM+CNB
scipy:1375581,0,0,Ensemble_LR+SVM+CNB
scipy:1375582,0,1,Ensemble_LR+SVM+CNB
scipy:1375583,0,1,Ensemble_LR+SVM+CNB
scipy:1375584,0,1,Ensemble_LR+SVM+CNB
scipy:1375585,0,0,Ensemble_LR+SVM+CNB
scipy:1375586,0,0,Ensemble_LR+SVM+CNB
scipy:1375587,0,0,Ensemble_LR+SVM+CNB
scipy:1375588,0,0,Ensemble_LR+SVM+CNB
scipy:1375589,0,0,Ensemble_LR+SVM+CNB
scipy:1375590,0,1,Ensemble_LR+SVM+CNB
scipy:1375591,0,1,Ensemble_LR+SVM+CNB
scipy:1375592,0,1,Ensemble_LR+SVM+CNB
scipy:1375593,0,0,Ensemble_LR+SVM+CNB
scipy:1375594,0,1,Ensemble_LR+SVM+CNB
scipy:1375595,0,0,Ensemble_LR+SVM+CNB
scipy:1375596,0,1,Ensemble_LR+SVM+CNB
scipy:1375597,0,1,Ensemble_LR+SVM+CNB
scipy:1375598,0,0,Ensemble_LR+SVM+CNB
scipy:1375599,0,0,Ensemble_LR+SVM+CNB
scipy:1375600,0,0,Ensemble_LR+SVM+CNB
scipy:1375601,0,1,Ensemble_LR+SVM+CNB
scipy:1375602,0,0,Ensemble_LR+SVM+CNB
scipy:1375603,0,0,Ensemble_LR+SVM+CNB
scipy:1375604,0,1,Ensemble_LR+SVM+CNB
scipy:1375605,0,1,Ensemble_LR+SVM+CNB
scipy:1375606,0,0,Ensemble_LR+SVM+CNB
scipy:1375607,0,0,Ensemble_LR+SVM+CNB
scipy:1375608,0,1,Ensemble_LR+SVM+CNB
scipy:1375609,0,0,Ensemble_LR+SVM+CNB
scipy:1375610,0,1,Ensemble_LR+SVM+CNB
scipy:1375611,0,0,Ensemble_LR+SVM+CNB
scipy:1375612,0,1,Ensemble_LR+SVM+CNB
scipy:1375613,0,0,Ensemble_LR+SVM+CNB
scipy:1375614,0,0,Ensemble_LR+SVM+CNB
scipy:1375615,0,1,Ensemble_LR+SVM+CNB
scipy:1375616,0,1,Ensemble_LR+SVM+CNB
scipy:1375617,0,0,Ensemble_LR+SVM+CNB
scipy:1375618,0,0,Ensemble_LR+SVM+CNB
scipy:1375619,0,0,Ensemble_LR+SVM+CNB
scipy:1375620,0,1,Ensemble_LR+SVM+CNB
scipy:1375621,0,0,Ensemble_LR+SVM+CNB
scipy:1375622,0,0,Ensemble_LR+SVM+CNB
scipy:1375623,0,1,Ensemble_LR+SVM+CNB
scipy:1375624,0,0,Ensemble_LR+SVM+CNB
scipy:1375625,0,1,Ensemble_LR+SVM+CNB
scipy:1375626,0,0,Ensemble_LR+SVM+CNB
scipy:1375627,0,1,Ensemble_LR+SVM+CNB
scipy:1375628,0,1,Ensemble_LR+SVM+CNB
scipy:1375629,0,0,Ensemble_LR+SVM+CNB
scipy:1375630,0,1,Ensemble_LR+SVM+CNB
scipy:1375631,0,0,Ensemble_LR+SVM+CNB
scipy:1375632,0,1,Ensemble_LR+SVM+CNB
scipy:1375633,0,0,Ensemble_LR+SVM+CNB
scipy:1375634,0,0,Ensemble_LR+SVM+CNB
scipy:1375635,0,1,Ensemble_LR+SVM+CNB
scipy:1375636,0,1,Ensemble_LR+SVM+CNB
scipy:1375637,0,0,Ensemble_LR+SVM+CNB
scipy:1375638,0,0,Ensemble_LR+SVM+CNB
scipy:1375639,0,0,Ensemble_LR+SVM+CNB
scipy:1375640,0,0,Ensemble_LR+SVM+CNB
scipy:1375641,0,0,Ensemble_LR+SVM+CNB
scipy:1375642,0,0,Ensemble_LR+SVM+CNB
scipy:1375643,0,0,Ensemble_LR+SVM+CNB
scipy:1375644,0,0,Ensemble_LR+SVM+CNB
scipy:1375645,0,0,Ensemble_LR+SVM+CNB
scipy:1375646,0,1,Ensemble_LR+SVM+CNB
scipy:1375647,0,0,Ensemble_LR+SVM+CNB
scipy:1375648,0,1,Ensemble_LR+SVM+CNB
scipy:1375649,0,0,Ensemble_LR+SVM+CNB
scipy:1375650,0,1,Ensemble_LR+SVM+CNB
scipy:1375651,0,1,Ensemble_LR+SVM+CNB
scipy:1375652,0,0,Ensemble_LR+SVM+CNB
scipy:1375653,0,1,Ensemble_LR+SVM+CNB
scipy:1375654,0,0,Ensemble_LR+SVM+CNB
scipy:1375655,0,1,Ensemble_LR+SVM+CNB
scipy:1375656,0,1,Ensemble_LR+SVM+CNB
scipy:1375657,0,0,Ensemble_LR+SVM+CNB
scipy:1375658,0,0,Ensemble_LR+SVM+CNB
scipy:1375659,0,1,Ensemble_LR+SVM+CNB
scipy:1375660,0,0,Ensemble_LR+SVM+CNB
scipy:1375661,0,1,Ensemble_LR+SVM+CNB
scipy:1375662,0,0,Ensemble_LR+SVM+CNB
scipy:1375663,0,1,Ensemble_LR+SVM+CNB
scipy:1375664,0,0,Ensemble_LR+SVM+CNB
scipy:1375665,0,0,Ensemble_LR+SVM+CNB
scipy:1375666,0,0,Ensemble_LR+SVM+CNB
scipy:1375667,0,0,Ensemble_LR+SVM+CNB
scipy:1375668,0,1,Ensemble_LR+SVM+CNB
scipy:1375669,0,1,Ensemble_LR+SVM+CNB
scipy:1375670,0,0,Ensemble_LR+SVM+CNB
scipy:1375671,0,1,Ensemble_LR+SVM+CNB
scipy:1375672,0,0,Ensemble_LR+SVM+CNB
scipy:1375673,0,1,Ensemble_LR+SVM+CNB
scipy:1375674,0,0,Ensemble_LR+SVM+CNB
scipy:1375675,0,0,Ensemble_LR+SVM+CNB
scipy:1375676,0,0,Ensemble_LR+SVM+CNB
scipy:1375677,0,1,Ensemble_LR+SVM+CNB
scipy:1375678,0,1,Ensemble_LR+SVM+CNB
scipy:1375679,0,0,Ensemble_LR+SVM+CNB
scipy:1375680,0,0,Ensemble_LR+SVM+CNB
scipy:1375681,0,0,Ensemble_LR+SVM+CNB
scipy:1375682,0,1,Ensemble_LR+SVM+CNB
scipy:1375683,0,1,Ensemble_LR+SVM+CNB
scipy:1375684,0,1,Ensemble_LR+SVM+CNB
scipy:1375685,0,0,Ensemble_LR+SVM+CNB
scipy:1375686,0,1,Ensemble_LR+SVM+CNB
scipy:1375687,0,0,Ensemble_LR+SVM+CNB
scipy:1375688,0,0,Ensemble_LR+SVM+CNB
scipy:1375689,0,1,Ensemble_LR+SVM+CNB
scipy:1375690,0,1,Ensemble_LR+SVM+CNB
scipy:1375691,0,1,Ensemble_LR+SVM+CNB
scipy:1375692,0,0,Ensemble_LR+SVM+CNB
scipy:1375693,0,0,Ensemble_LR+SVM+CNB
scipy:1375694,0,0,Ensemble_LR+SVM+CNB
scipy:1375695,0,0,Ensemble_LR+SVM+CNB
scipy:1375696,0,0,Ensemble_LR+SVM+CNB
scipy:1375697,0,1,Ensemble_LR+SVM+CNB
scipy:1375698,0,0,Ensemble_LR+SVM+CNB
scipy:1375699,0,0,Ensemble_LR+SVM+CNB
scipy:1375700,0,0,Ensemble_LR+SVM+CNB
scipy:1375701,0,1,Ensemble_LR+SVM+CNB
scipy:1375702,0,0,Ensemble_LR+SVM+CNB
scipy:1375703,0,1,Ensemble_LR+SVM+CNB
scipy:1375704,0,1,Ensemble_LR+SVM+CNB
scipy:1375705,0,1,Ensemble_LR+SVM+CNB
scipy:1375706,0,0,Ensemble_LR+SVM+CNB
scipy:1375707,0,1,Ensemble_LR+SVM+CNB
scipy:1375708,0,0,Ensemble_LR+SVM+CNB
scipy:1375709,0,1,Ensemble_LR+SVM+CNB
scipy:1375710,0,1,Ensemble_LR+SVM+CNB
scipy:1375711,0,0,Ensemble_LR+SVM+CNB
scipy:1375712,0,0,Ensemble_LR+SVM+CNB
scipy:1375713,0,0,Ensemble_LR+SVM+CNB
scipy:1375714,0,1,Ensemble_LR+SVM+CNB
scipy:1375715,0,1,Ensemble_LR+SVM+CNB
scipy:1375716,0,1,Ensemble_LR+SVM+CNB
scipy:1375717,0,1,Ensemble_LR+SVM+CNB
scipy:1375718,0,0,Ensemble_LR+SVM+CNB
scipy:1375719,0,0,Ensemble_LR+SVM+CNB
scipy:1375720,0,0,Ensemble_LR+SVM+CNB
scipy:1375721,0,0,Ensemble_LR+SVM+CNB
scipy:1375722,0,1,Ensemble_LR+SVM+CNB
scipy:1375723,0,0,Ensemble_LR+SVM+CNB
scipy:1375724,0,0,Ensemble_LR+SVM+CNB
scipy:1375725,0,1,Ensemble_LR+SVM+CNB
scipy:1375726,0,1,Ensemble_LR+SVM+CNB
scipy:1375727,0,0,Ensemble_LR+SVM+CNB
scipy:1375728,0,0,Ensemble_LR+SVM+CNB
scipy:1375729,0,1,Ensemble_LR+SVM+CNB
scipy:1375730,0,0,Ensemble_LR+SVM+CNB
scipy:1375731,0,0,Ensemble_LR+SVM+CNB
scipy:1375732,0,0,Ensemble_LR+SVM+CNB
scipy:1375733,0,0,Ensemble_LR+SVM+CNB
scipy:1375734,0,1,Ensemble_LR+SVM+CNB
scipy:1375735,0,1,Ensemble_LR+SVM+CNB
scipy:1375736,0,0,Ensemble_LR+SVM+CNB
scipy:1375737,0,0,Ensemble_LR+SVM+CNB
scipy:1375738,0,0,Ensemble_LR+SVM+CNB
scipy:1375739,0,0,Ensemble_LR+SVM+CNB
scipy:1375740,0,1,Ensemble_LR+SVM+CNB
scipy:1375741,0,1,Ensemble_LR+SVM+CNB
scipy:1375742,0,1,Ensemble_LR+SVM+CNB
scipy:1375743,0,1,Ensemble_LR+SVM+CNB
scipy:1375744,0,0,Ensemble_LR+SVM+CNB
scipy:1375745,0,1,Ensemble_LR+SVM+CNB
scipy:1375746,0,0,Ensemble_LR+SVM+CNB
scipy:1375747,0,1,Ensemble_LR+SVM+CNB
scipy:1375748,0,1,Ensemble_LR+SVM+CNB
scipy:1375749,0,0,Ensemble_LR+SVM+CNB
scipy:1375750,0,0,Ensemble_LR+SVM+CNB
scipy:1375751,0,0,Ensemble_LR+SVM+CNB
scipy:1375752,0,0,Ensemble_LR+SVM+CNB
scipy:1375753,0,0,Ensemble_LR+SVM+CNB
scipy:1375754,0,1,Ensemble_LR+SVM+CNB
scipy:1375755,0,1,Ensemble_LR+SVM+CNB
scipy:1375756,0,1,Ensemble_LR+SVM+CNB
scipy:1375757,0,1,Ensemble_LR+SVM+CNB
scipy:1375758,0,1,Ensemble_LR+SVM+CNB
scipy:1375759,0,0,Ensemble_LR+SVM+CNB
scipy:1375760,0,1,Ensemble_LR+SVM+CNB
scipy:1375761,0,0,Ensemble_LR+SVM+CNB
scipy:1375762,0,1,Ensemble_LR+SVM+CNB
scipy:1375763,0,1,Ensemble_LR+SVM+CNB
scipy:1375764,0,0,Ensemble_LR+SVM+CNB
scipy:1375765,0,1,Ensemble_LR+SVM+CNB
scipy:1375766,0,0,Ensemble_LR+SVM+CNB
scipy:1375767,0,1,Ensemble_LR+SVM+CNB
scipy:1375768,0,1,Ensemble_LR+SVM+CNB
scipy:1375769,0,0,Ensemble_LR+SVM+CNB
scipy:1375770,0,0,Ensemble_LR+SVM+CNB
scipy:1375771,0,1,Ensemble_LR+SVM+CNB
scipy:1375772,0,0,Ensemble_LR+SVM+CNB
scipy:1375773,0,1,Ensemble_LR+SVM+CNB
scipy:1375774,0,0,Ensemble_LR+SVM+CNB
scipy:1375775,0,0,Ensemble_LR+SVM+CNB
scipy:1375776,0,0,Ensemble_LR+SVM+CNB
scipy:1375777,0,1,Ensemble_LR+SVM+CNB
scipy:1375778,0,0,Ensemble_LR+SVM+CNB
scipy:1375779,0,0,Ensemble_LR+SVM+CNB
scipy:1375780,0,0,Ensemble_LR+SVM+CNB
scipy:1375781,0,1,Ensemble_LR+SVM+CNB
scipy:1375782,0,0,Ensemble_LR+SVM+CNB
scipy:1375783,0,0,Ensemble_LR+SVM+CNB
scipy:1375784,0,0,Ensemble_LR+SVM+CNB
scipy:1375785,0,1,Ensemble_LR+SVM+CNB
scipy:1375786,0,1,Ensemble_LR+SVM+CNB
scipy:1375787,0,0,Ensemble_LR+SVM+CNB
scipy:1375788,0,0,Ensemble_LR+SVM+CNB
scipy:1375789,0,0,Ensemble_LR+SVM+CNB
scipy:1375790,0,0,Ensemble_LR+SVM+CNB
scipy:1375791,0,0,Ensemble_LR+SVM+CNB
scipy:1375792,0,0,Ensemble_LR+SVM+CNB
scipy:1375793,0,0,Ensemble_LR+SVM+CNB
scipy:1375794,0,1,Ensemble_LR+SVM+CNB
scipy:1375795,0,0,Ensemble_LR+SVM+CNB
scipy:1375796,0,1,Ensemble_LR+SVM+CNB
scipy:1375797,0,1,Ensemble_LR+SVM+CNB
scipy:1375798,0,1,Ensemble_LR+SVM+CNB
scipy:1375799,0,1,Ensemble_LR+SVM+CNB
scipy:1375800,0,1,Ensemble_LR+SVM+CNB
scipy:1375801,0,0,Ensemble_LR+SVM+CNB
scipy:1375802,0,1,Ensemble_LR+SVM+CNB
scipy:1375803,0,0,Ensemble_LR+SVM+CNB
scipy:1375804,0,0,Ensemble_LR+SVM+CNB
scipy:1375805,0,0,Ensemble_LR+SVM+CNB
scipy:1375806,0,0,Ensemble_LR+SVM+CNB
scipy:1375807,0,0,Ensemble_LR+SVM+CNB
