record_id,true_label,predicted_label,model
numpy:1340984,1,1,CNN_glove100
numpy:1340992,1,1,CNN_glove100
numpy:1340993,1,1,CNN_glove100
numpy:1340994,1,1,CNN_glove100
numpy:1340997,1,1,CNN_glove100
numpy:1341002,1,1,CNN_glove100
numpy:1341004,1,1,CNN_glove100
numpy:1341009,1,1,CNN_glove100
numpy:1341014,1,1,CNN_glove100
numpy:1341018,1,1,CNN_glove100
numpy:1341019,1,1,CNN_glove100
numpy:1341021,1,0,CNN_glove100
numpy:1341027,1,1,CNN_glove100
numpy:1341030,1,1,CNN_glove100
numpy:1341033,1,1,CNN_glove100
numpy:1341037,1,0,CNN_glove100
numpy:1341038,1,1,CNN_glove100
numpy:1341046,1,1,CNN_glove100
numpy:1341047,1,1,CNN_glove100
numpy:1341053,1,1,CNN_glove100
numpy:1341055,1,1,CNN_glove100
numpy:1341058,1,1,CNN_glove100
numpy:1341061,1,1,CNN_glove100
numpy:1341062,1,1,CNN_glove100
numpy:1341063,1,1,CNN_glove100
numpy:1341075,1,1,CNN_glove100
numpy:1341086,1,1,CNN_glove100
numpy:1341087,1,1,CNN_glove100
numpy:1341088,1,1,CNN_glove100
numpy:1341089,1,1,CNN_glove100
numpy:1341090,1,1,CNN_glove100
numpy:1341099,1,1,CNN_glove100
numpy:1341113,1,1,CNN_glove100
numpy:1341125,1,1,CNN_glove100
numpy:1341130,1,1,CNN_glove100
numpy:1341140,1,1,CNN_glove100
numpy:1341162,1,1,CNN_glove100
numpy:1341178,1,1,CNN_glove100
numpy:1341190,1,1,CNN_glove100
numpy:1341192,1,1,CNN_glove100
numpy:1341209,1,1,CNN_glove100
numpy:1341215,1,1,CNN_glove100
numpy:1341216,1,1,CNN_glove100
numpy:1341217,1,1,CNN_glove100
numpy:1341219,1,1,CNN_glove100
numpy:1341227,1,1,CNN_glove100
numpy:1341229,1,1,CNN_glove100
numpy:1341236,1,1,CNN_glove100
numpy:1341238,1,1,CNN_glove100
numpy:1341239,1,1,CNN_glove100
numpy:1341243,1,1,CNN_glove100
numpy:1341253,1,1,CNN_glove100
numpy:1341254,1,1,CNN_glove100
numpy:1341258,1,1,CNN_glove100
numpy:1341259,1,1,CNN_glove100
numpy:1341270,1,1,CNN_glove100
numpy:1341280,1,1,CNN_glove100
numpy:1341287,1,1,CNN_glove100
numpy:1341290,1,1,CNN_glove100
numpy:1341293,1,1,CNN_glove100
numpy:1341304,1,1,CNN_glove100
numpy:1341309,1,1,CNN_glove100
numpy:1341314,1,1,CNN_glove100
numpy:1341316,1,1,CNN_glove100
numpy:1341322,1,1,CNN_glove100
numpy:1341332,1,1,CNN_glove100
numpy:1341338,1,1,CNN_glove100
numpy:1341344,1,1,CNN_glove100
numpy:1341348,1,1,CNN_glove100
numpy:1341351,1,1,CNN_glove100
numpy:1341358,1,1,CNN_glove100
numpy:1341360,1,1,CNN_glove100
numpy:1341374,1,1,CNN_glove100
numpy:1341378,1,1,CNN_glove100
numpy:1341383,1,1,CNN_glove100
numpy:1341389,1,1,CNN_glove100
numpy:1341403,1,1,CNN_glove100
numpy:1341408,1,1,CNN_glove100
numpy:1341416,1,1,CNN_glove100
numpy:1341421,1,0,CNN_glove100
numpy:1341427,1,0,CNN_glove100
numpy:1341432,1,1,CNN_glove100
numpy:1341433,1,1,CNN_glove100
numpy:1341434,1,1,CNN_glove100
numpy:1341437,1,1,CNN_glove100
numpy:1341443,1,1,CNN_glove100
numpy:1341446,1,1,CNN_glove100
numpy:1341477,1,1,CNN_glove100
numpy:1341480,1,1,CNN_glove100
numpy:1341484,1,1,CNN_glove100
numpy:1341485,1,1,CNN_glove100
numpy:1341487,1,1,CNN_glove100
numpy:1341488,1,1,CNN_glove100
numpy:1341491,1,1,CNN_glove100
numpy:1341493,1,1,CNN_glove100
numpy:1341501,1,1,CNN_glove100
numpy:1341503,1,1,CNN_glove100
numpy:1341512,1,1,CNN_glove100
numpy:1341514,1,1,CNN_glove100
numpy:1341519,1,1,CNN_glove100
numpy:1341522,1,1,CNN_glove100
numpy:1341524,1,1,CNN_glove100
numpy:1341531,1,1,CNN_glove100
numpy:1341533,1,1,CNN_glove100
numpy:1341539,1,1,CNN_glove100
numpy:1341552,1,1,CNN_glove100
numpy:1341554,1,1,CNN_glove100
numpy:1341555,1,1,CNN_glove100
numpy:1341557,1,1,CNN_glove100
numpy:1341560,1,1,CNN_glove100
numpy:1341562,1,1,CNN_glove100
numpy:1341564,1,1,CNN_glove100
numpy:1341577,1,1,CNN_glove100
numpy:1341578,1,1,CNN_glove100
numpy:1341583,1,1,CNN_glove100
numpy:1341584,1,1,CNN_glove100
numpy:1341585,1,1,CNN_glove100
numpy:1341586,1,1,CNN_glove100
numpy:1341589,1,1,CNN_glove100
numpy:1341592,1,1,CNN_glove100
numpy:1341593,1,1,CNN_glove100
numpy:1341597,1,1,CNN_glove100
numpy:1341598,1,1,CNN_glove100
numpy:1341610,1,1,CNN_glove100
numpy:1341614,1,1,CNN_glove100
numpy:1341627,1,1,CNN_glove100
numpy:1341628,1,1,CNN_glove100
numpy:1341629,1,1,CNN_glove100
numpy:1341631,1,1,CNN_glove100
numpy:1341632,1,1,CNN_glove100
numpy:1341634,1,1,CNN_glove100
numpy:1341636,1,1,CNN_glove100
numpy:1341637,1,1,CNN_glove100
numpy:1341641,1,1,CNN_glove100
numpy:1341647,1,0,CNN_glove100
numpy:1341655,1,1,CNN_glove100
numpy:1341658,1,1,CNN_glove100
numpy:1341661,1,1,CNN_glove100
numpy:1341664,1,1,CNN_glove100
numpy:1341666,1,1,CNN_glove100
numpy:1341667,1,1,CNN_glove100
numpy:1341679,1,1,CNN_glove100
numpy:1341685,1,1,CNN_glove100
numpy:1341691,1,1,CNN_glove100
numpy:1341710,1,1,CNN_glove100
numpy:1341712,1,1,CNN_glove100
numpy:1341721,1,1,CNN_glove100
numpy:1341730,1,1,CNN_glove100
numpy:1341731,1,1,CNN_glove100
numpy:1341745,1,1,CNN_glove100
numpy:1341754,1,1,CNN_glove100
numpy:1341757,1,1,CNN_glove100
numpy:1341760,1,1,CNN_glove100
numpy:1341761,1,1,CNN_glove100
numpy:1341763,1,1,CNN_glove100
numpy:1341765,1,1,CNN_glove100
numpy:1341768,1,1,CNN_glove100
numpy:1341771,1,1,CNN_glove100
numpy:1341774,1,1,CNN_glove100
numpy:1341778,1,1,CNN_glove100
numpy:1341784,1,1,CNN_glove100
numpy:1341785,1,1,CNN_glove100
numpy:1341789,1,1,CNN_glove100
numpy:1341795,1,1,CNN_glove100
numpy:1341798,1,1,CNN_glove100
numpy:1341800,1,1,CNN_glove100
numpy:1341802,1,1,CNN_glove100
numpy:1341816,1,1,CNN_glove100
numpy:1341819,1,1,CNN_glove100
numpy:1341825,1,1,CNN_glove100
numpy:1341826,1,1,CNN_glove100
numpy:1341840,1,1,CNN_glove100
numpy:1341841,1,1,CNN_glove100
numpy:1341848,1,1,CNN_glove100
numpy:1341850,1,1,CNN_glove100
numpy:1341864,1,1,CNN_glove100
numpy:1341865,1,1,CNN_glove100
numpy:1341866,1,1,CNN_glove100
numpy:1341869,1,1,CNN_glove100
numpy:1341870,1,1,CNN_glove100
numpy:1341872,1,1,CNN_glove100
numpy:1341875,1,1,CNN_glove100
numpy:1341882,1,1,CNN_glove100
numpy:1341884,1,1,CNN_glove100
numpy:1341887,1,1,CNN_glove100
numpy:1341898,1,1,CNN_glove100
numpy:1341909,1,1,CNN_glove100
numpy:1341910,1,1,CNN_glove100
numpy:1341911,1,1,CNN_glove100
numpy:1341917,1,1,CNN_glove100
numpy:1341923,1,1,CNN_glove100
numpy:1341930,1,1,CNN_glove100
numpy:1341939,1,1,CNN_glove100
numpy:1341946,1,1,CNN_glove100
numpy:1341948,1,1,CNN_glove100
numpy:1341949,1,1,CNN_glove100
numpy:1341951,1,1,CNN_glove100
numpy:1341953,1,1,CNN_glove100
numpy:1341959,1,0,CNN_glove100
numpy:1341963,1,1,CNN_glove100
numpy:1341968,1,1,CNN_glove100
numpy:1341974,1,1,CNN_glove100
numpy:1341975,1,1,CNN_glove100
numpy:1341978,1,1,CNN_glove100
numpy:1341980,1,1,CNN_glove100
numpy:1341988,1,1,CNN_glove100
numpy:1341992,1,1,CNN_glove100
numpy:1341999,1,1,CNN_glove100
numpy:1342006,1,1,CNN_glove100
numpy:1342020,1,1,CNN_glove100
numpy:1342021,1,1,CNN_glove100
numpy:1342027,1,1,CNN_glove100
numpy:1342033,1,1,CNN_glove100
numpy:1342034,1,0,CNN_glove100
numpy:1342043,1,1,CNN_glove100
numpy:1342051,1,1,CNN_glove100
numpy:1342056,1,1,CNN_glove100
numpy:1342057,1,1,CNN_glove100
numpy:1342060,1,1,CNN_glove100
numpy:1342070,1,1,CNN_glove100
numpy:1342076,1,1,CNN_glove100
numpy:1342079,1,1,CNN_glove100
numpy:1342083,1,0,CNN_glove100
numpy:1342084,1,1,CNN_glove100
numpy:1342085,1,1,CNN_glove100
numpy:1342095,1,1,CNN_glove100
numpy:1342099,1,1,CNN_glove100
numpy:1342104,1,1,CNN_glove100
numpy:1342106,1,1,CNN_glove100
numpy:1342109,1,1,CNN_glove100
numpy:1342115,1,1,CNN_glove100
numpy:1342119,1,0,CNN_glove100
numpy:1342129,1,1,CNN_glove100
numpy:1342131,1,1,CNN_glove100
numpy:1342133,1,1,CNN_glove100
numpy:1342139,1,1,CNN_glove100
numpy:1342142,1,1,CNN_glove100
numpy:1342146,1,1,CNN_glove100
numpy:1342147,1,1,CNN_glove100
numpy:1342160,1,1,CNN_glove100
numpy:1342164,1,1,CNN_glove100
numpy:1342165,1,1,CNN_glove100
numpy:1342166,1,1,CNN_glove100
numpy:1342169,1,1,CNN_glove100
numpy:1342190,1,1,CNN_glove100
numpy:1342195,1,1,CNN_glove100
numpy:1342199,1,1,CNN_glove100
numpy:1342201,1,1,CNN_glove100
numpy:1342204,1,1,CNN_glove100
numpy:1342209,1,1,CNN_glove100
numpy:1342217,1,1,CNN_glove100
numpy:1342218,1,1,CNN_glove100
numpy:1342220,1,1,CNN_glove100
numpy:1342225,1,1,CNN_glove100
numpy:1342243,1,1,CNN_glove100
numpy:1342252,1,1,CNN_glove100
numpy:1342254,1,1,CNN_glove100
numpy:1342255,1,1,CNN_glove100
numpy:1342259,1,0,CNN_glove100
numpy:1342261,1,1,CNN_glove100
numpy:1342267,1,1,CNN_glove100
numpy:1342275,1,1,CNN_glove100
numpy:1342294,1,1,CNN_glove100
numpy:1342302,1,1,CNN_glove100
numpy:1342305,1,1,CNN_glove100
numpy:1342318,1,1,CNN_glove100
numpy:1342319,1,1,CNN_glove100
numpy:1342322,1,1,CNN_glove100
numpy:1342350,1,1,CNN_glove100
numpy:1342355,1,1,CNN_glove100
numpy:1342364,1,1,CNN_glove100
numpy:1342370,1,1,CNN_glove100
numpy:1342371,1,1,CNN_glove100
numpy:1342372,1,0,CNN_glove100
numpy:1342374,1,1,CNN_glove100
numpy:1342392,1,1,CNN_glove100
numpy:1342397,1,1,CNN_glove100
numpy:1342402,1,1,CNN_glove100
numpy:1342404,1,1,CNN_glove100
numpy:1342414,1,0,CNN_glove100
numpy:1342417,1,1,CNN_glove100
numpy:1342422,1,1,CNN_glove100
numpy:1342423,1,1,CNN_glove100
numpy:1342424,1,1,CNN_glove100
numpy:1342430,1,1,CNN_glove100
numpy:1342432,1,1,CNN_glove100
numpy:1342435,1,1,CNN_glove100
numpy:1342436,1,1,CNN_glove100
numpy:1342440,1,1,CNN_glove100
numpy:1342454,1,1,CNN_glove100
numpy:1342462,1,1,CNN_glove100
numpy:1342470,1,1,CNN_glove100
numpy:1342475,1,0,CNN_glove100
numpy:1342477,1,0,CNN_glove100
numpy:1342479,1,1,CNN_glove100
numpy:1342485,1,1,CNN_glove100
numpy:1342490,1,1,CNN_glove100
numpy:1342498,1,1,CNN_glove100
numpy:1342503,1,0,CNN_glove100
numpy:1342508,1,1,CNN_glove100
numpy:1342512,1,1,CNN_glove100
numpy:1342513,1,1,CNN_glove100
numpy:1342519,1,1,CNN_glove100
numpy:1342520,1,1,CNN_glove100
numpy:1342525,1,1,CNN_glove100
numpy:1342526,1,1,CNN_glove100
numpy:1342528,1,1,CNN_glove100
numpy:1342534,1,1,CNN_glove100
numpy:1342544,1,1,CNN_glove100
numpy:1342547,1,1,CNN_glove100
numpy:1342564,1,1,CNN_glove100
numpy:1342567,1,1,CNN_glove100
numpy:1342572,1,1,CNN_glove100
numpy:1342573,1,1,CNN_glove100
numpy:1342581,1,1,CNN_glove100
numpy:1342583,1,1,CNN_glove100
numpy:1342586,1,0,CNN_glove100
numpy:1342587,1,1,CNN_glove100
numpy:1342595,1,1,CNN_glove100
numpy:1342601,1,1,CNN_glove100
numpy:1342611,1,1,CNN_glove100
numpy:1342620,1,1,CNN_glove100
numpy:1342621,1,1,CNN_glove100
numpy:1342631,1,1,CNN_glove100
numpy:1342637,1,1,CNN_glove100
numpy:1342638,1,1,CNN_glove100
numpy:1342639,1,0,CNN_glove100
numpy:1342642,1,1,CNN_glove100
numpy:1342644,1,1,CNN_glove100
numpy:1342650,1,1,CNN_glove100
numpy:1342670,1,1,CNN_glove100
numpy:1342671,1,1,CNN_glove100
numpy:1342673,1,1,CNN_glove100
numpy:1342677,1,1,CNN_glove100
numpy:1342691,1,1,CNN_glove100
numpy:1342693,1,1,CNN_glove100
numpy:1342695,1,1,CNN_glove100
numpy:1342704,1,1,CNN_glove100
numpy:1342717,1,1,CNN_glove100
numpy:1342723,1,1,CNN_glove100
numpy:1342730,1,1,CNN_glove100
numpy:1342731,1,1,CNN_glove100
numpy:1342754,1,1,CNN_glove100
numpy:1342758,1,1,CNN_glove100
numpy:1342765,1,1,CNN_glove100
numpy:1342771,1,1,CNN_glove100
numpy:1342775,1,1,CNN_glove100
numpy:1342778,1,1,CNN_glove100
numpy:1342782,1,0,CNN_glove100
numpy:1342785,1,1,CNN_glove100
numpy:1342786,1,1,CNN_glove100
numpy:1342787,1,0,CNN_glove100
numpy:1342788,1,1,CNN_glove100
numpy:1342789,1,1,CNN_glove100
numpy:1342807,1,1,CNN_glove100
numpy:1342812,1,1,CNN_glove100
numpy:1342814,1,1,CNN_glove100
numpy:1342820,1,1,CNN_glove100
numpy:1342824,1,1,CNN_glove100
numpy:1342837,1,1,CNN_glove100
numpy:1342843,1,1,CNN_glove100
numpy:1342849,1,1,CNN_glove100
numpy:1342855,1,1,CNN_glove100
numpy:1342871,1,1,CNN_glove100
numpy:1342879,1,1,CNN_glove100
numpy:1342881,1,1,CNN_glove100
numpy:1342883,1,1,CNN_glove100
numpy:1342885,1,1,CNN_glove100
numpy:1342888,1,1,CNN_glove100
numpy:1342889,1,1,CNN_glove100
numpy:1342894,1,1,CNN_glove100
numpy:1342900,1,1,CNN_glove100
numpy:1342901,1,1,CNN_glove100
numpy:1342908,1,1,CNN_glove100
numpy:1342912,1,1,CNN_glove100
numpy:1342915,1,1,CNN_glove100
numpy:1342924,1,1,CNN_glove100
numpy:1342926,1,1,CNN_glove100
numpy:1342927,1,1,CNN_glove100
numpy:1342933,1,1,CNN_glove100
numpy:1342935,1,1,CNN_glove100
numpy:1342943,1,1,CNN_glove100
numpy:1342944,1,1,CNN_glove100
numpy:1342947,1,1,CNN_glove100
numpy:1342948,1,1,CNN_glove100
numpy:1342950,1,1,CNN_glove100
numpy:1342951,1,0,CNN_glove100
numpy:1342954,1,1,CNN_glove100
numpy:1342960,1,1,CNN_glove100
numpy:1342963,1,1,CNN_glove100
numpy:1342965,1,1,CNN_glove100
numpy:1342976,1,1,CNN_glove100
numpy:1342985,1,1,CNN_glove100
numpy:1342992,1,1,CNN_glove100
numpy:1342993,1,1,CNN_glove100
numpy:1342996,1,1,CNN_glove100
numpy:1342997,1,1,CNN_glove100
numpy:1343003,1,1,CNN_glove100
numpy:1343014,1,1,CNN_glove100
numpy:1343016,1,1,CNN_glove100
numpy:1343018,1,1,CNN_glove100
numpy:1343029,1,1,CNN_glove100
numpy:1343038,1,1,CNN_glove100
numpy:1343039,1,1,CNN_glove100
numpy:1343042,1,1,CNN_glove100
numpy:1343054,1,1,CNN_glove100
numpy:1343060,1,1,CNN_glove100
numpy:1343061,1,1,CNN_glove100
numpy:1343064,1,1,CNN_glove100
numpy:1343067,1,1,CNN_glove100
numpy:1343069,1,1,CNN_glove100
numpy:1343083,1,1,CNN_glove100
numpy:1343095,1,1,CNN_glove100
numpy:1343098,1,1,CNN_glove100
numpy:1343104,1,1,CNN_glove100
numpy:1343105,1,1,CNN_glove100
numpy:1343106,1,1,CNN_glove100
numpy:1343108,1,1,CNN_glove100
numpy:1343111,1,1,CNN_glove100
numpy:1343120,1,1,CNN_glove100
numpy:1343125,1,1,CNN_glove100
numpy:1343133,1,1,CNN_glove100
numpy:1343143,1,1,CNN_glove100
numpy:1343144,1,1,CNN_glove100
numpy:1343148,1,1,CNN_glove100
numpy:1343152,1,1,CNN_glove100
numpy:1343157,1,1,CNN_glove100
numpy:1343158,1,1,CNN_glove100
numpy:1343160,1,1,CNN_glove100
numpy:1343164,1,1,CNN_glove100
numpy:1343172,1,1,CNN_glove100
numpy:1343174,1,1,CNN_glove100
numpy:1343178,1,1,CNN_glove100
numpy:1343180,1,1,CNN_glove100
numpy:1343206,1,1,CNN_glove100
numpy:1343211,1,1,CNN_glove100
numpy:1343221,1,1,CNN_glove100
numpy:1343222,1,1,CNN_glove100
numpy:1343229,1,1,CNN_glove100
numpy:1343233,1,1,CNN_glove100
numpy:1343234,1,1,CNN_glove100
numpy:1343240,1,1,CNN_glove100
numpy:1343245,1,1,CNN_glove100
numpy:1343251,1,1,CNN_glove100
numpy:1343268,1,1,CNN_glove100
numpy:1343274,1,1,CNN_glove100
numpy:1343284,1,1,CNN_glove100
numpy:1343290,1,1,CNN_glove100
numpy:1343296,1,1,CNN_glove100
numpy:1343300,1,1,CNN_glove100
numpy:1343306,1,1,CNN_glove100
numpy:1343315,1,1,CNN_glove100
numpy:1343320,1,1,CNN_glove100
numpy:1343321,1,1,CNN_glove100
numpy:1343328,1,1,CNN_glove100
numpy:1343335,1,1,CNN_glove100
numpy:1343343,1,1,CNN_glove100
numpy:1343345,1,1,CNN_glove100
numpy:1343346,1,1,CNN_glove100
numpy:1343347,1,1,CNN_glove100
numpy:1343349,1,1,CNN_glove100
numpy:1343351,1,1,CNN_glove100
numpy:1343376,1,1,CNN_glove100
numpy:1343379,1,1,CNN_glove100
numpy:1343382,1,1,CNN_glove100
numpy:1343389,1,1,CNN_glove100
numpy:1343393,1,1,CNN_glove100
numpy:1343394,1,1,CNN_glove100
numpy:1343400,1,1,CNN_glove100
numpy:1343402,1,1,CNN_glove100
numpy:1343405,1,1,CNN_glove100
numpy:1343406,1,1,CNN_glove100
numpy:1343408,1,1,CNN_glove100
numpy:1343412,1,1,CNN_glove100
numpy:1343431,1,1,CNN_glove100
numpy:1343433,1,1,CNN_glove100
numpy:1343434,1,1,CNN_glove100
numpy:1343435,1,1,CNN_glove100
numpy:1343436,1,1,CNN_glove100
numpy:1343441,1,1,CNN_glove100
numpy:1343445,1,1,CNN_glove100
numpy:1343457,1,1,CNN_glove100
numpy:1343463,1,1,CNN_glove100
numpy:1343465,1,1,CNN_glove100
numpy:1343467,1,1,CNN_glove100
numpy:1343468,1,1,CNN_glove100
numpy:1343469,1,1,CNN_glove100
numpy:1343470,1,0,CNN_glove100
numpy:1343477,1,1,CNN_glove100
numpy:1343483,1,1,CNN_glove100
numpy:1343485,1,1,CNN_glove100
numpy:1343487,1,1,CNN_glove100
numpy:1343489,1,1,CNN_glove100
numpy:1343491,1,1,CNN_glove100
numpy:1343497,1,1,CNN_glove100
numpy:1343498,1,1,CNN_glove100
numpy:1343499,1,1,CNN_glove100
numpy:1343501,1,1,CNN_glove100
numpy:1343522,1,1,CNN_glove100
numpy:1343525,1,1,CNN_glove100
numpy:1343528,1,1,CNN_glove100
numpy:1343529,1,1,CNN_glove100
numpy:1343534,1,1,CNN_glove100
numpy:1343535,1,1,CNN_glove100
numpy:1343542,1,1,CNN_glove100
numpy:1343546,1,1,CNN_glove100
numpy:1343554,1,1,CNN_glove100
numpy:1343556,1,1,CNN_glove100
numpy:1343570,1,1,CNN_glove100
numpy:1343574,1,1,CNN_glove100
numpy:1343581,1,1,CNN_glove100
numpy:1343583,1,1,CNN_glove100
numpy:1343584,1,1,CNN_glove100
numpy:1343585,1,1,CNN_glove100
numpy:1343587,1,1,CNN_glove100
numpy:1343591,1,1,CNN_glove100
numpy:1343596,1,1,CNN_glove100
numpy:1343621,1,1,CNN_glove100
numpy:1343623,1,1,CNN_glove100
numpy:1343629,1,1,CNN_glove100
numpy:1343639,1,0,CNN_glove100
numpy:1343642,1,1,CNN_glove100
numpy:1343647,1,1,CNN_glove100
numpy:1343648,1,1,CNN_glove100
numpy:1343652,1,1,CNN_glove100
numpy:1343658,1,1,CNN_glove100
numpy:1343662,1,1,CNN_glove100
numpy:1343665,1,1,CNN_glove100
numpy:1343670,1,0,CNN_glove100
numpy:1343672,1,1,CNN_glove100
numpy:1343684,1,1,CNN_glove100
numpy:1343693,1,1,CNN_glove100
numpy:1343698,1,1,CNN_glove100
numpy:1343700,1,1,CNN_glove100
numpy:1343701,1,0,CNN_glove100
numpy:1343704,1,1,CNN_glove100
numpy:1343720,1,1,CNN_glove100
numpy:1343722,1,1,CNN_glove100
numpy:1343725,1,1,CNN_glove100
numpy:1343727,1,1,CNN_glove100
numpy:1343728,1,1,CNN_glove100
numpy:1343741,1,1,CNN_glove100
numpy:1343745,1,1,CNN_glove100
numpy:1343748,1,1,CNN_glove100
numpy:1343754,1,0,CNN_glove100
numpy:1343757,1,1,CNN_glove100
numpy:1343760,1,1,CNN_glove100
numpy:1343761,1,0,CNN_glove100
numpy:1343764,1,1,CNN_glove100
numpy:1343765,1,1,CNN_glove100
numpy:1343766,1,0,CNN_glove100
numpy:1343768,1,1,CNN_glove100
numpy:1343771,1,1,CNN_glove100
numpy:1343783,1,1,CNN_glove100
numpy:1343784,1,1,CNN_glove100
numpy:1343786,1,1,CNN_glove100
numpy:1343797,1,0,CNN_glove100
numpy:1343798,1,0,CNN_glove100
numpy:1343804,1,1,CNN_glove100
numpy:1343825,1,1,CNN_glove100
numpy:1343830,1,1,CNN_glove100
numpy:1343831,1,1,CNN_glove100
numpy:1343834,1,1,CNN_glove100
numpy:1343838,1,1,CNN_glove100
numpy:1343843,1,1,CNN_glove100
numpy:1343845,1,1,CNN_glove100
numpy:1343861,1,1,CNN_glove100
numpy:1343863,1,1,CNN_glove100
numpy:1343868,1,1,CNN_glove100
numpy:1343875,1,1,CNN_glove100
numpy:1343876,1,1,CNN_glove100
numpy:1343883,1,1,CNN_glove100
numpy:1343884,1,0,CNN_glove100
numpy:1343885,1,1,CNN_glove100
numpy:1343897,1,1,CNN_glove100
numpy:1343902,1,1,CNN_glove100
numpy:1343912,1,1,CNN_glove100
numpy:1343920,1,1,CNN_glove100
numpy:1343928,1,1,CNN_glove100
numpy:1343952,1,1,CNN_glove100
numpy:1343956,1,1,CNN_glove100
numpy:1343957,1,1,CNN_glove100
numpy:1343961,1,1,CNN_glove100
numpy:1343963,1,1,CNN_glove100
numpy:1343964,1,1,CNN_glove100
numpy:1343967,1,1,CNN_glove100
numpy:1343974,1,1,CNN_glove100
numpy:1343977,1,0,CNN_glove100
numpy:1343986,1,1,CNN_glove100
numpy:1343988,1,1,CNN_glove100
numpy:1343996,1,1,CNN_glove100
numpy:1343997,1,1,CNN_glove100
numpy:1344000,1,1,CNN_glove100
numpy:1344009,1,1,CNN_glove100
numpy:1344014,1,1,CNN_glove100
numpy:1344015,1,1,CNN_glove100
numpy:1344020,1,1,CNN_glove100
numpy:1344031,1,1,CNN_glove100
numpy:1344032,1,1,CNN_glove100
numpy:1344038,1,1,CNN_glove100
numpy:1344045,1,1,CNN_glove100
numpy:1344051,1,1,CNN_glove100
numpy:1344053,1,1,CNN_glove100
numpy:1344061,1,1,CNN_glove100
numpy:1344062,1,1,CNN_glove100
numpy:1344064,1,1,CNN_glove100
numpy:1344065,1,1,CNN_glove100
numpy:1344069,1,1,CNN_glove100
numpy:1344074,1,1,CNN_glove100
numpy:1344078,1,1,CNN_glove100
numpy:1344081,1,1,CNN_glove100
numpy:1344082,1,1,CNN_glove100
numpy:1344092,1,1,CNN_glove100
numpy:1344097,1,0,CNN_glove100
numpy:1344101,1,1,CNN_glove100
numpy:1344104,1,1,CNN_glove100
numpy:1344105,1,1,CNN_glove100
numpy:1344108,1,1,CNN_glove100
numpy:1344117,1,1,CNN_glove100
numpy:1344119,1,1,CNN_glove100
numpy:1344121,1,1,CNN_glove100
numpy:1344130,1,1,CNN_glove100
numpy:1344132,1,1,CNN_glove100
numpy:1344135,1,1,CNN_glove100
numpy:1344140,1,1,CNN_glove100
numpy:1344141,1,1,CNN_glove100
numpy:1344150,1,1,CNN_glove100
numpy:1344158,1,1,CNN_glove100
numpy:1344163,1,1,CNN_glove100
numpy:1344168,1,1,CNN_glove100
numpy:1344169,1,1,CNN_glove100
numpy:1344173,1,0,CNN_glove100
numpy:1344184,1,1,CNN_glove100
numpy:1344193,1,1,CNN_glove100
numpy:1344199,1,1,CNN_glove100
numpy:1344204,1,1,CNN_glove100
numpy:1344205,1,1,CNN_glove100
numpy:1344208,1,1,CNN_glove100
numpy:1344211,1,1,CNN_glove100
numpy:1344219,1,1,CNN_glove100
numpy:1344221,1,1,CNN_glove100
numpy:1344223,1,1,CNN_glove100
numpy:1344250,1,1,CNN_glove100
numpy:1344257,1,1,CNN_glove100
numpy:1344260,1,1,CNN_glove100
numpy:1344261,1,1,CNN_glove100
numpy:1344263,1,1,CNN_glove100
numpy:1344267,1,1,CNN_glove100
numpy:1344270,1,1,CNN_glove100
numpy:1344271,1,1,CNN_glove100
numpy:1344274,1,1,CNN_glove100
numpy:1344276,1,1,CNN_glove100
numpy:1344278,1,1,CNN_glove100
numpy:1344287,1,1,CNN_glove100
numpy:1344290,1,1,CNN_glove100
numpy:1344291,1,1,CNN_glove100
numpy:1344293,1,1,CNN_glove100
numpy:1344302,1,1,CNN_glove100
numpy:1344306,1,1,CNN_glove100
numpy:1344310,1,1,CNN_glove100
numpy:1344314,1,1,CNN_glove100
numpy:1344316,1,1,CNN_glove100
numpy:1344322,1,1,CNN_glove100
numpy:1344330,1,1,CNN_glove100
numpy:1344333,1,1,CNN_glove100
numpy:1344334,1,1,CNN_glove100
numpy:1344337,1,1,CNN_glove100
numpy:1344346,1,1,CNN_glove100
numpy:1344348,1,0,CNN_glove100
numpy:1344350,1,1,CNN_glove100
numpy:1344354,1,1,CNN_glove100
numpy:1344355,1,1,CNN_glove100
numpy:1344358,1,1,CNN_glove100
numpy:1344374,1,1,CNN_glove100
numpy:1344376,1,1,CNN_glove100
numpy:1344387,1,1,CNN_glove100
numpy:1344394,1,1,CNN_glove100
numpy:1344399,1,1,CNN_glove100
numpy:1344413,1,1,CNN_glove100
numpy:1344414,1,1,CNN_glove100
numpy:1344418,1,1,CNN_glove100
numpy:1344421,1,1,CNN_glove100
numpy:1344442,1,1,CNN_glove100
numpy:1344449,1,1,CNN_glove100
numpy:1344452,1,0,CNN_glove100
numpy:1344455,1,1,CNN_glove100
numpy:1344464,1,1,CNN_glove100
numpy:1344466,1,1,CNN_glove100
numpy:1344470,1,1,CNN_glove100
numpy:1344476,1,1,CNN_glove100
numpy:1344479,1,1,CNN_glove100
numpy:1344482,1,1,CNN_glove100
numpy:1344484,1,1,CNN_glove100
numpy:1344487,1,1,CNN_glove100
numpy:1344488,1,1,CNN_glove100
numpy:1344489,1,1,CNN_glove100
numpy:1344495,1,1,CNN_glove100
numpy:1344499,1,1,CNN_glove100
numpy:1344503,1,1,CNN_glove100
numpy:1344514,1,1,CNN_glove100
numpy:1344517,1,1,CNN_glove100
numpy:1344519,1,1,CNN_glove100
numpy:1344529,1,1,CNN_glove100
numpy:1344539,1,1,CNN_glove100
numpy:1344540,1,1,CNN_glove100
numpy:1344541,1,1,CNN_glove100
numpy:1344570,1,1,CNN_glove100
numpy:1344574,1,1,CNN_glove100
numpy:1344589,1,1,CNN_glove100
numpy:1344590,1,1,CNN_glove100
numpy:1344599,1,1,CNN_glove100
numpy:1344602,1,1,CNN_glove100
numpy:1344609,1,1,CNN_glove100
numpy:1344610,1,1,CNN_glove100
numpy:1344611,1,1,CNN_glove100
numpy:1344617,1,0,CNN_glove100
numpy:1344638,1,1,CNN_glove100
numpy:1344642,1,1,CNN_glove100
numpy:1344648,1,1,CNN_glove100
numpy:1344649,1,1,CNN_glove100
numpy:1344662,1,1,CNN_glove100
numpy:1344666,1,1,CNN_glove100
numpy:1344672,1,1,CNN_glove100
numpy:1344673,1,1,CNN_glove100
numpy:1344680,1,1,CNN_glove100
numpy:1344689,1,1,CNN_glove100
numpy:1344696,1,1,CNN_glove100
numpy:1344701,1,1,CNN_glove100
numpy:1344704,1,1,CNN_glove100
numpy:1344707,1,1,CNN_glove100
numpy:1344719,1,1,CNN_glove100
numpy:1344721,1,1,CNN_glove100
numpy:1344734,1,1,CNN_glove100
numpy:1344739,1,1,CNN_glove100
numpy:1344742,1,1,CNN_glove100
numpy:1344746,1,1,CNN_glove100
numpy:1344751,1,1,CNN_glove100
numpy:1344753,1,1,CNN_glove100
numpy:1344754,1,1,CNN_glove100
numpy:1344763,1,1,CNN_glove100
numpy:1344766,1,1,CNN_glove100
numpy:1344770,1,1,CNN_glove100
numpy:1344775,1,1,CNN_glove100
numpy:1344793,1,1,CNN_glove100
numpy:1344797,1,1,CNN_glove100
numpy:1344798,1,1,CNN_glove100
numpy:1344804,1,1,CNN_glove100
numpy:1344811,1,1,CNN_glove100
numpy:1344818,1,1,CNN_glove100
numpy:1344822,1,1,CNN_glove100
numpy:1344823,1,1,CNN_glove100
numpy:1344826,1,1,CNN_glove100
numpy:1344834,1,1,CNN_glove100
numpy:1344838,1,1,CNN_glove100
numpy:1344840,1,1,CNN_glove100
numpy:1344841,1,1,CNN_glove100
numpy:1344843,1,1,CNN_glove100
numpy:1344845,1,1,CNN_glove100
numpy:1344849,1,0,CNN_glove100
numpy:1344850,1,1,CNN_glove100
numpy:1344865,1,0,CNN_glove100
numpy:1344879,1,1,CNN_glove100
numpy:1344882,1,1,CNN_glove100
numpy:1344884,1,1,CNN_glove100
numpy:1344885,1,1,CNN_glove100
numpy:1344891,1,1,CNN_glove100
numpy:1344894,1,1,CNN_glove100
numpy:1344897,1,1,CNN_glove100
numpy:1344898,1,1,CNN_glove100
numpy:1344907,1,1,CNN_glove100
numpy:1344913,1,1,CNN_glove100
numpy:1344916,1,1,CNN_glove100
numpy:1344924,1,1,CNN_glove100
numpy:1344928,1,1,CNN_glove100
numpy:1344931,1,1,CNN_glove100
numpy:1344944,1,1,CNN_glove100
numpy:1344948,1,1,CNN_glove100
numpy:1344955,1,1,CNN_glove100
numpy:1344956,1,1,CNN_glove100
numpy:1344958,1,1,CNN_glove100
numpy:1344963,1,1,CNN_glove100
numpy:1344964,1,1,CNN_glove100
numpy:1344966,1,1,CNN_glove100
numpy:1344972,1,1,CNN_glove100
numpy:1344979,1,1,CNN_glove100
numpy:1344984,1,1,CNN_glove100
numpy:1345000,1,1,CNN_glove100
numpy:1345002,1,1,CNN_glove100
numpy:1345007,1,1,CNN_glove100
numpy:1345012,1,1,CNN_glove100
numpy:1345026,1,1,CNN_glove100
numpy:1345027,1,1,CNN_glove100
numpy:1345030,1,1,CNN_glove100
numpy:1345031,1,1,CNN_glove100
numpy:1345032,1,1,CNN_glove100
numpy:1345038,1,1,CNN_glove100
numpy:1345042,1,1,CNN_glove100
numpy:1345044,1,1,CNN_glove100
numpy:1345045,1,1,CNN_glove100
numpy:1345048,1,1,CNN_glove100
numpy:1345051,1,1,CNN_glove100
numpy:1345055,1,1,CNN_glove100
numpy:1345058,1,1,CNN_glove100
numpy:1345071,1,1,CNN_glove100
numpy:1345076,1,1,CNN_glove100
numpy:1345083,1,1,CNN_glove100
numpy:1345089,1,1,CNN_glove100
numpy:1345091,1,1,CNN_glove100
numpy:1345093,1,1,CNN_glove100
numpy:1345094,1,1,CNN_glove100
numpy:1345098,1,1,CNN_glove100
numpy:1345102,1,1,CNN_glove100
numpy:1345105,1,1,CNN_glove100
numpy:1345110,1,1,CNN_glove100
numpy:1345125,1,1,CNN_glove100
numpy:1345127,1,1,CNN_glove100
numpy:1345128,1,1,CNN_glove100
numpy:1345135,1,1,CNN_glove100
numpy:1345150,1,1,CNN_glove100
numpy:1345152,1,1,CNN_glove100
numpy:1345158,1,1,CNN_glove100
numpy:1345162,1,1,CNN_glove100
numpy:1345165,1,1,CNN_glove100
numpy:1345166,1,1,CNN_glove100
numpy:1345167,1,1,CNN_glove100
numpy:1345171,1,1,CNN_glove100
numpy:1345173,1,1,CNN_glove100
numpy:1345177,1,1,CNN_glove100
numpy:1345187,1,1,CNN_glove100
numpy:1345189,1,1,CNN_glove100
numpy:1345205,1,1,CNN_glove100
numpy:1345206,1,1,CNN_glove100
numpy:1345210,1,1,CNN_glove100
numpy:1345211,1,1,CNN_glove100
numpy:1345219,1,1,CNN_glove100
numpy:1345220,1,1,CNN_glove100
numpy:1345225,1,1,CNN_glove100
numpy:1345226,1,1,CNN_glove100
numpy:1345230,1,1,CNN_glove100
numpy:1345237,1,1,CNN_glove100
numpy:1345250,1,1,CNN_glove100
numpy:1345251,1,0,CNN_glove100
numpy:1345254,1,1,CNN_glove100
numpy:1345255,1,1,CNN_glove100
numpy:1345258,1,1,CNN_glove100
numpy:1345259,1,1,CNN_glove100
numpy:1345262,1,1,CNN_glove100
numpy:1345265,1,1,CNN_glove100
numpy:1345285,1,1,CNN_glove100
numpy:1345293,1,1,CNN_glove100
numpy:1345303,1,1,CNN_glove100
numpy:1345306,1,1,CNN_glove100
numpy:1345308,1,1,CNN_glove100
numpy:1345314,1,1,CNN_glove100
numpy:1345315,1,1,CNN_glove100
numpy:1345317,1,1,CNN_glove100
numpy:1345318,1,1,CNN_glove100
numpy:1345325,1,1,CNN_glove100
numpy:1345336,1,1,CNN_glove100
numpy:1345337,1,1,CNN_glove100
numpy:1345338,1,1,CNN_glove100
numpy:1345339,1,1,CNN_glove100
numpy:1345342,1,1,CNN_glove100
numpy:1345343,1,1,CNN_glove100
numpy:1345349,1,1,CNN_glove100
numpy:1345351,1,1,CNN_glove100
numpy:1345362,1,1,CNN_glove100
numpy:1345370,1,1,CNN_glove100
numpy:1345372,1,1,CNN_glove100
numpy:1345373,1,1,CNN_glove100
numpy:1345374,1,1,CNN_glove100
numpy:1345375,1,1,CNN_glove100
numpy:1345376,1,1,CNN_glove100
numpy:1345377,1,1,CNN_glove100
numpy:1345386,1,1,CNN_glove100
numpy:1345388,1,1,CNN_glove100
numpy:1345389,1,1,CNN_glove100
numpy:1345391,1,1,CNN_glove100
numpy:1345392,1,1,CNN_glove100
numpy:1345396,1,1,CNN_glove100
numpy:1345402,1,1,CNN_glove100
numpy:1345404,1,1,CNN_glove100
numpy:1345406,1,1,CNN_glove100
numpy:1345407,1,1,CNN_glove100
numpy:1345423,1,1,CNN_glove100
numpy:1345424,1,1,CNN_glove100
numpy:1345425,1,1,CNN_glove100
numpy:1345429,1,1,CNN_glove100
numpy:1345430,1,1,CNN_glove100
numpy:1345434,1,1,CNN_glove100
numpy:1345439,1,1,CNN_glove100
numpy:1345441,1,1,CNN_glove100
numpy:1345443,1,1,CNN_glove100
numpy:1345444,1,1,CNN_glove100
numpy:1345445,1,1,CNN_glove100
numpy:1345452,1,1,CNN_glove100
numpy:1345457,1,1,CNN_glove100
numpy:1345467,1,1,CNN_glove100
numpy:1345469,1,1,CNN_glove100
numpy:1345470,1,1,CNN_glove100
numpy:1345477,1,1,CNN_glove100
numpy:1345481,1,1,CNN_glove100
numpy:1345484,1,1,CNN_glove100
numpy:1345487,1,1,CNN_glove100
numpy:1345489,1,1,CNN_glove100
numpy:1345497,1,1,CNN_glove100
numpy:1345502,1,1,CNN_glove100
numpy:1345504,1,1,CNN_glove100
numpy:1345518,1,1,CNN_glove100
numpy:1345535,1,1,CNN_glove100
numpy:1345548,1,1,CNN_glove100
numpy:1345552,1,1,CNN_glove100
numpy:1345553,1,1,CNN_glove100
numpy:1345556,1,1,CNN_glove100
numpy:1345557,1,1,CNN_glove100
numpy:1345558,1,0,CNN_glove100
numpy:1345561,1,1,CNN_glove100
numpy:1345566,1,1,CNN_glove100
numpy:1345567,1,1,CNN_glove100
numpy:1345578,1,1,CNN_glove100
numpy:1345582,1,1,CNN_glove100
numpy:1345583,1,1,CNN_glove100
numpy:1345587,1,1,CNN_glove100
numpy:1345590,1,0,CNN_glove100
numpy:1345596,1,1,CNN_glove100
numpy:1345597,1,1,CNN_glove100
numpy:1345604,1,1,CNN_glove100
numpy:1345610,1,1,CNN_glove100
numpy:1345611,1,1,CNN_glove100
numpy:1345612,1,1,CNN_glove100
numpy:1345616,1,1,CNN_glove100
numpy:1345624,1,1,CNN_glove100
numpy:1345628,1,1,CNN_glove100
numpy:1345636,1,1,CNN_glove100
numpy:1345639,0,0,CNN_glove100
numpy:1345640,0,0,CNN_glove100
numpy:1345642,0,0,CNN_glove100
numpy:1345643,0,0,CNN_glove100
numpy:1345647,0,0,CNN_glove100
numpy:1345648,0,1,CNN_glove100
numpy:1345659,0,0,CNN_glove100
numpy:1345666,0,0,CNN_glove100
numpy:1345674,0,0,CNN_glove100
numpy:1345676,0,1,CNN_glove100
numpy:1345678,0,0,CNN_glove100
numpy:1345684,0,0,CNN_glove100
numpy:1345691,0,0,CNN_glove100
numpy:1345692,0,0,CNN_glove100
numpy:1345693,0,0,CNN_glove100
numpy:1345698,0,0,CNN_glove100
numpy:1345702,0,0,CNN_glove100
numpy:1345712,0,0,CNN_glove100
numpy:1345715,0,0,CNN_glove100
numpy:1345727,0,0,CNN_glove100
numpy:1345733,0,0,CNN_glove100
numpy:1345737,0,0,CNN_glove100
numpy:1345744,0,0,CNN_glove100
numpy:1345756,0,0,CNN_glove100
numpy:1345757,0,0,CNN_glove100
numpy:1345765,0,1,CNN_glove100
numpy:1345766,0,0,CNN_glove100
numpy:1345770,0,0,CNN_glove100
numpy:1345773,0,0,CNN_glove100
numpy:1345777,0,0,CNN_glove100
numpy:1345785,0,0,CNN_glove100
numpy:1345788,0,0,CNN_glove100
numpy:1345793,0,0,CNN_glove100
numpy:1345794,0,0,CNN_glove100
numpy:1345799,0,0,CNN_glove100
numpy:1345802,0,0,CNN_glove100
numpy:1345806,0,0,CNN_glove100
numpy:1345813,0,0,CNN_glove100
numpy:1345830,0,0,CNN_glove100
numpy:1345833,0,0,CNN_glove100
numpy:1345834,0,1,CNN_glove100
numpy:1345841,0,0,CNN_glove100
numpy:1345846,0,1,CNN_glove100
numpy:1345850,0,1,CNN_glove100
numpy:1345851,0,0,CNN_glove100
numpy:1345858,0,0,CNN_glove100
numpy:1345860,0,0,CNN_glove100
numpy:1345869,0,0,CNN_glove100
numpy:1345870,0,0,CNN_glove100
numpy:1345877,0,0,CNN_glove100
numpy:1345880,0,0,CNN_glove100
numpy:1345889,0,1,CNN_glove100
numpy:1345894,0,0,CNN_glove100
numpy:1345895,0,0,CNN_glove100
numpy:1345900,0,0,CNN_glove100
numpy:1345905,0,0,CNN_glove100
numpy:1345907,0,0,CNN_glove100
numpy:1345917,0,0,CNN_glove100
numpy:1345919,0,0,CNN_glove100
numpy:1345923,0,0,CNN_glove100
numpy:1345930,0,1,CNN_glove100
numpy:1345940,0,0,CNN_glove100
numpy:1345947,0,0,CNN_glove100
numpy:1345948,0,0,CNN_glove100
numpy:1345952,0,0,CNN_glove100
numpy:1345956,0,0,CNN_glove100
numpy:1345957,0,0,CNN_glove100
numpy:1345962,0,0,CNN_glove100
numpy:1345963,0,1,CNN_glove100
numpy:1345976,0,1,CNN_glove100
numpy:1345985,0,0,CNN_glove100
numpy:1345988,0,0,CNN_glove100
numpy:1345992,0,0,CNN_glove100
numpy:1345999,0,1,CNN_glove100
numpy:1346009,0,0,CNN_glove100
numpy:1346011,0,0,CNN_glove100
numpy:1346022,0,1,CNN_glove100
numpy:1346032,0,0,CNN_glove100
numpy:1346038,0,1,CNN_glove100
numpy:1346039,0,0,CNN_glove100
numpy:1346042,0,0,CNN_glove100
numpy:1346043,0,0,CNN_glove100
numpy:1346048,0,0,CNN_glove100
numpy:1346051,0,0,CNN_glove100
numpy:1346052,0,0,CNN_glove100
numpy:1346057,0,0,CNN_glove100
numpy:1346060,0,0,CNN_glove100
numpy:1346066,0,1,CNN_glove100
numpy:1346068,0,0,CNN_glove100
numpy:1346076,0,0,CNN_glove100
numpy:1346080,0,0,CNN_glove100
numpy:1346090,0,0,CNN_glove100
numpy:1346103,0,0,CNN_glove100
numpy:1346107,0,0,CNN_glove100
numpy:1346116,0,1,CNN_glove100
numpy:1346131,0,0,CNN_glove100
numpy:1346138,0,1,CNN_glove100
numpy:1346142,0,0,CNN_glove100
numpy:1346152,0,1,CNN_glove100
numpy:1346154,0,0,CNN_glove100
numpy:1346163,0,0,CNN_glove100
numpy:1346165,0,1,CNN_glove100
numpy:1346166,0,0,CNN_glove100
numpy:1346171,0,0,CNN_glove100
numpy:1346172,0,0,CNN_glove100
numpy:1346175,0,0,CNN_glove100
numpy:1346178,0,1,CNN_glove100
numpy:1346188,0,0,CNN_glove100
numpy:1346189,0,0,CNN_glove100
numpy:1346191,0,1,CNN_glove100
numpy:1346198,0,1,CNN_glove100
numpy:1346205,0,0,CNN_glove100
numpy:1346209,0,0,CNN_glove100
numpy:1346212,0,0,CNN_glove100
numpy:1346223,0,0,CNN_glove100
numpy:1346225,0,0,CNN_glove100
numpy:1346229,0,0,CNN_glove100
numpy:1346235,0,0,CNN_glove100
numpy:1346238,0,1,CNN_glove100
numpy:1346243,0,0,CNN_glove100
numpy:1346245,0,1,CNN_glove100
numpy:1346246,0,0,CNN_glove100
numpy:1346255,0,0,CNN_glove100
numpy:1346261,0,0,CNN_glove100
numpy:1346265,0,0,CNN_glove100
numpy:1346270,0,1,CNN_glove100
numpy:1346287,0,0,CNN_glove100
numpy:1346293,0,0,CNN_glove100
numpy:1346295,0,0,CNN_glove100
numpy:1346298,0,0,CNN_glove100
numpy:1346305,0,0,CNN_glove100
numpy:1346320,0,1,CNN_glove100
numpy:1346322,0,0,CNN_glove100
numpy:1346325,0,1,CNN_glove100
numpy:1346328,0,0,CNN_glove100
numpy:1346329,0,0,CNN_glove100
numpy:1346333,0,1,CNN_glove100
numpy:1346349,0,0,CNN_glove100
numpy:1346351,0,0,CNN_glove100
numpy:1346355,0,1,CNN_glove100
numpy:1346361,0,1,CNN_glove100
numpy:1346362,0,0,CNN_glove100
numpy:1346367,0,0,CNN_glove100
numpy:1346372,0,1,CNN_glove100
numpy:1346376,0,1,CNN_glove100
numpy:1346378,0,0,CNN_glove100
numpy:1346379,0,0,CNN_glove100
numpy:1346380,0,1,CNN_glove100
numpy:1346390,0,0,CNN_glove100
numpy:1346392,0,1,CNN_glove100
numpy:1346402,0,0,CNN_glove100
numpy:1346414,0,0,CNN_glove100
numpy:1346417,0,0,CNN_glove100
numpy:1346421,0,0,CNN_glove100
numpy:1346427,0,0,CNN_glove100
numpy:1346429,0,0,CNN_glove100
numpy:1346436,0,1,CNN_glove100
numpy:1346437,0,0,CNN_glove100
numpy:1346438,0,0,CNN_glove100
numpy:1346443,0,0,CNN_glove100
numpy:1346446,0,1,CNN_glove100
numpy:1346452,0,0,CNN_glove100
numpy:1346459,0,0,CNN_glove100
numpy:1346460,0,0,CNN_glove100
numpy:1346461,0,0,CNN_glove100
numpy:1346464,0,0,CNN_glove100
numpy:1346474,0,1,CNN_glove100
numpy:1346476,0,1,CNN_glove100
numpy:1346483,0,1,CNN_glove100
numpy:1346484,0,1,CNN_glove100
numpy:1346492,0,0,CNN_glove100
numpy:1346493,0,0,CNN_glove100
numpy:1346494,0,1,CNN_glove100
numpy:1346495,0,0,CNN_glove100
numpy:1346496,0,0,CNN_glove100
numpy:1346497,0,0,CNN_glove100
numpy:1346501,0,1,CNN_glove100
numpy:1346503,0,1,CNN_glove100
numpy:1346517,0,0,CNN_glove100
numpy:1346520,0,0,CNN_glove100
numpy:1346522,0,0,CNN_glove100
numpy:1346524,0,0,CNN_glove100
numpy:1346525,0,1,CNN_glove100
numpy:1346531,0,0,CNN_glove100
numpy:1346534,0,0,CNN_glove100
numpy:1346548,0,1,CNN_glove100
numpy:1346550,0,0,CNN_glove100
numpy:1346556,0,0,CNN_glove100
numpy:1346557,0,0,CNN_glove100
numpy:1346558,0,0,CNN_glove100
numpy:1346564,0,0,CNN_glove100
numpy:1346567,0,0,CNN_glove100
numpy:1346572,0,0,CNN_glove100
numpy:1346575,0,1,CNN_glove100
numpy:1346579,0,1,CNN_glove100
numpy:1346586,0,0,CNN_glove100
numpy:1346591,0,1,CNN_glove100
numpy:1346592,0,0,CNN_glove100
numpy:1346594,0,0,CNN_glove100
numpy:1346597,0,0,CNN_glove100
numpy:1346599,0,1,CNN_glove100
numpy:1346603,0,1,CNN_glove100
numpy:1346610,0,0,CNN_glove100
numpy:1346611,0,0,CNN_glove100
numpy:1346612,0,0,CNN_glove100
numpy:1346613,0,1,CNN_glove100
numpy:1346615,0,0,CNN_glove100
numpy:1346620,0,0,CNN_glove100
numpy:1346628,0,0,CNN_glove100
numpy:1346629,0,1,CNN_glove100
numpy:1346631,0,0,CNN_glove100
numpy:1346632,0,0,CNN_glove100
numpy:1346633,0,0,CNN_glove100
numpy:1346634,0,1,CNN_glove100
numpy:1346637,0,0,CNN_glove100
numpy:1346641,0,0,CNN_glove100
numpy:1346644,0,0,CNN_glove100
numpy:1346653,0,1,CNN_glove100
numpy:1346659,0,0,CNN_glove100
numpy:1346662,0,0,CNN_glove100
numpy:1346663,0,1,CNN_glove100
numpy:1346666,0,1,CNN_glove100
numpy:1346667,0,0,CNN_glove100
numpy:1346674,0,1,CNN_glove100
numpy:1346686,0,1,CNN_glove100
numpy:1346694,0,1,CNN_glove100
numpy:1346695,0,0,CNN_glove100
numpy:1346700,0,0,CNN_glove100
numpy:1346707,0,1,CNN_glove100
numpy:1346719,0,0,CNN_glove100
numpy:1346724,0,0,CNN_glove100
numpy:1346729,0,0,CNN_glove100
numpy:1346738,0,0,CNN_glove100
numpy:1346739,0,1,CNN_glove100
numpy:1346741,0,0,CNN_glove100
numpy:1346742,0,0,CNN_glove100
numpy:1346744,0,0,CNN_glove100
numpy:1346745,0,1,CNN_glove100
numpy:1346748,0,0,CNN_glove100
numpy:1346756,0,1,CNN_glove100
numpy:1346760,0,0,CNN_glove100
numpy:1346761,0,0,CNN_glove100
numpy:1346778,0,0,CNN_glove100
numpy:1346790,0,0,CNN_glove100
numpy:1346803,0,0,CNN_glove100
numpy:1346806,0,0,CNN_glove100
numpy:1346815,0,0,CNN_glove100
numpy:1346820,0,1,CNN_glove100
numpy:1346832,0,1,CNN_glove100
numpy:1346834,0,1,CNN_glove100
numpy:1346838,0,1,CNN_glove100
numpy:1346849,0,1,CNN_glove100
numpy:1346851,0,0,CNN_glove100
numpy:1346866,0,1,CNN_glove100
numpy:1346868,0,1,CNN_glove100
numpy:1346875,0,0,CNN_glove100
numpy:1346886,0,0,CNN_glove100
numpy:1346889,0,1,CNN_glove100
numpy:1346898,0,0,CNN_glove100
numpy:1346902,0,0,CNN_glove100
numpy:1346924,0,0,CNN_glove100
numpy:1346929,0,0,CNN_glove100
numpy:1346931,0,0,CNN_glove100
numpy:1346932,0,0,CNN_glove100
numpy:1346934,0,0,CNN_glove100
numpy:1346936,0,0,CNN_glove100
numpy:1346940,0,0,CNN_glove100
numpy:1346946,0,0,CNN_glove100
numpy:1346949,0,1,CNN_glove100
numpy:1346950,0,1,CNN_glove100
numpy:1346951,0,1,CNN_glove100
numpy:1346957,0,0,CNN_glove100
numpy:1346960,0,0,CNN_glove100
numpy:1346963,0,0,CNN_glove100
numpy:1346969,0,1,CNN_glove100
numpy:1346974,0,0,CNN_glove100
numpy:1346975,0,1,CNN_glove100
numpy:1346980,0,0,CNN_glove100
numpy:1346985,0,0,CNN_glove100
numpy:1346988,0,0,CNN_glove100
numpy:1346990,0,0,CNN_glove100
numpy:1346992,0,1,CNN_glove100
numpy:1346996,0,0,CNN_glove100
numpy:1347008,0,0,CNN_glove100
numpy:1347015,0,0,CNN_glove100
numpy:1347017,0,1,CNN_glove100
numpy:1347025,0,1,CNN_glove100
numpy:1347026,0,0,CNN_glove100
numpy:1347037,0,0,CNN_glove100
numpy:1347039,0,1,CNN_glove100
numpy:1347049,0,0,CNN_glove100
numpy:1347064,0,0,CNN_glove100
numpy:1347070,0,1,CNN_glove100
numpy:1347071,0,1,CNN_glove100
numpy:1347073,0,0,CNN_glove100
numpy:1347093,0,1,CNN_glove100
numpy:1347102,0,0,CNN_glove100
pandas:1331342,1,1,CNN_glove100
pandas:1331346,1,1,CNN_glove100
pandas:1331352,1,1,CNN_glove100
pandas:1331354,1,1,CNN_glove100
pandas:1331369,1,1,CNN_glove100
pandas:1331373,1,1,CNN_glove100
pandas:1331375,1,1,CNN_glove100
pandas:1331380,1,1,CNN_glove100
pandas:1331382,1,1,CNN_glove100
pandas:1331384,1,1,CNN_glove100
pandas:1331387,1,1,CNN_glove100
pandas:1331393,1,1,CNN_glove100
pandas:1331397,1,1,CNN_glove100
pandas:1331413,1,1,CNN_glove100
pandas:1331416,1,1,CNN_glove100
pandas:1331419,1,1,CNN_glove100
pandas:1331420,1,1,CNN_glove100
pandas:1331422,1,1,CNN_glove100
pandas:1331432,1,0,CNN_glove100
pandas:1331439,1,1,CNN_glove100
pandas:1331440,1,1,CNN_glove100
pandas:1331442,1,1,CNN_glove100
pandas:1331444,1,1,CNN_glove100
pandas:1331450,1,1,CNN_glove100
pandas:1331451,1,1,CNN_glove100
pandas:1331452,1,1,CNN_glove100
pandas:1331453,1,1,CNN_glove100
pandas:1331457,1,1,CNN_glove100
pandas:1331458,1,1,CNN_glove100
pandas:1331470,1,1,CNN_glove100
pandas:1331471,1,1,CNN_glove100
pandas:1331493,1,1,CNN_glove100
pandas:1331494,1,1,CNN_glove100
pandas:1331497,1,1,CNN_glove100
pandas:1331498,1,1,CNN_glove100
pandas:1331501,1,1,CNN_glove100
pandas:1331522,1,1,CNN_glove100
pandas:1331523,1,1,CNN_glove100
pandas:1331536,1,0,CNN_glove100
pandas:1331537,1,1,CNN_glove100
pandas:1331540,1,1,CNN_glove100
pandas:1331541,1,0,CNN_glove100
pandas:1331557,1,1,CNN_glove100
pandas:1331560,1,1,CNN_glove100
pandas:1331567,1,1,CNN_glove100
pandas:1331571,1,1,CNN_glove100
pandas:1331572,1,1,CNN_glove100
pandas:1331577,1,0,CNN_glove100
pandas:1331578,1,1,CNN_glove100
pandas:1331579,1,1,CNN_glove100
pandas:1331587,1,1,CNN_glove100
pandas:1331596,1,1,CNN_glove100
pandas:1331602,1,1,CNN_glove100
pandas:1331606,1,1,CNN_glove100
pandas:1331609,1,1,CNN_glove100
pandas:1331614,1,1,CNN_glove100
pandas:1331615,1,1,CNN_glove100
pandas:1331617,1,1,CNN_glove100
pandas:1331622,1,1,CNN_glove100
pandas:1331625,1,1,CNN_glove100
pandas:1331629,1,1,CNN_glove100
pandas:1331633,1,1,CNN_glove100
pandas:1331634,1,1,CNN_glove100
pandas:1331637,1,1,CNN_glove100
pandas:1331638,1,1,CNN_glove100
pandas:1331642,1,1,CNN_glove100
pandas:1331643,1,1,CNN_glove100
pandas:1331653,1,1,CNN_glove100
pandas:1331660,1,1,CNN_glove100
pandas:1331664,1,1,CNN_glove100
pandas:1331665,1,1,CNN_glove100
pandas:1331666,1,1,CNN_glove100
pandas:1331670,1,1,CNN_glove100
pandas:1331682,1,1,CNN_glove100
pandas:1331696,1,1,CNN_glove100
pandas:1331699,1,1,CNN_glove100
pandas:1331700,1,1,CNN_glove100
pandas:1331702,1,1,CNN_glove100
pandas:1331705,1,1,CNN_glove100
pandas:1331706,1,1,CNN_glove100
pandas:1331709,1,1,CNN_glove100
pandas:1331721,1,1,CNN_glove100
pandas:1331723,1,1,CNN_glove100
pandas:1331726,1,1,CNN_glove100
pandas:1331739,1,1,CNN_glove100
pandas:1331750,1,1,CNN_glove100
pandas:1331754,1,1,CNN_glove100
pandas:1331758,1,0,CNN_glove100
pandas:1331774,1,1,CNN_glove100
pandas:1331781,1,1,CNN_glove100
pandas:1331783,1,1,CNN_glove100
pandas:1331803,1,1,CNN_glove100
pandas:1331816,1,1,CNN_glove100
pandas:1331817,1,0,CNN_glove100
pandas:1331821,1,1,CNN_glove100
pandas:1331824,1,1,CNN_glove100
pandas:1331832,1,1,CNN_glove100
pandas:1331835,1,1,CNN_glove100
pandas:1331836,1,1,CNN_glove100
pandas:1331846,1,1,CNN_glove100
pandas:1331847,1,1,CNN_glove100
pandas:1331859,1,1,CNN_glove100
pandas:1331860,1,0,CNN_glove100
pandas:1331867,1,1,CNN_glove100
pandas:1331869,1,1,CNN_glove100
pandas:1331877,1,1,CNN_glove100
pandas:1331885,1,1,CNN_glove100
pandas:1331888,1,1,CNN_glove100
pandas:1331893,1,1,CNN_glove100
pandas:1331900,1,1,CNN_glove100
pandas:1331902,1,1,CNN_glove100
pandas:1331907,1,1,CNN_glove100
pandas:1331917,1,0,CNN_glove100
pandas:1331921,1,1,CNN_glove100
pandas:1331933,1,1,CNN_glove100
pandas:1331934,1,1,CNN_glove100
pandas:1331936,1,1,CNN_glove100
pandas:1331938,1,1,CNN_glove100
pandas:1331947,1,1,CNN_glove100
pandas:1331953,1,1,CNN_glove100
pandas:1331970,1,1,CNN_glove100
pandas:1331972,1,1,CNN_glove100
pandas:1331973,1,1,CNN_glove100
pandas:1331985,1,1,CNN_glove100
pandas:1331986,1,1,CNN_glove100
pandas:1331992,1,1,CNN_glove100
pandas:1331993,1,1,CNN_glove100
pandas:1332009,1,0,CNN_glove100
pandas:1332019,1,1,CNN_glove100
pandas:1332021,1,1,CNN_glove100
pandas:1332027,1,1,CNN_glove100
pandas:1332035,1,1,CNN_glove100
pandas:1332037,1,1,CNN_glove100
pandas:1332041,1,1,CNN_glove100
pandas:1332043,1,1,CNN_glove100
pandas:1332045,1,1,CNN_glove100
pandas:1332046,1,1,CNN_glove100
pandas:1332050,1,1,CNN_glove100
pandas:1332051,1,1,CNN_glove100
pandas:1332053,1,1,CNN_glove100
pandas:1332058,1,1,CNN_glove100
pandas:1332063,1,1,CNN_glove100
pandas:1332067,1,1,CNN_glove100
pandas:1332069,1,1,CNN_glove100
pandas:1332071,1,1,CNN_glove100
pandas:1332075,1,1,CNN_glove100
pandas:1332078,1,1,CNN_glove100
pandas:1332082,1,1,CNN_glove100
pandas:1332090,1,1,CNN_glove100
pandas:1332102,1,1,CNN_glove100
pandas:1332103,1,1,CNN_glove100
pandas:1332108,1,1,CNN_glove100
pandas:1332109,1,1,CNN_glove100
pandas:1332120,1,1,CNN_glove100
pandas:1332124,1,1,CNN_glove100
pandas:1332129,1,1,CNN_glove100
pandas:1332133,1,1,CNN_glove100
pandas:1332135,1,1,CNN_glove100
pandas:1332141,1,1,CNN_glove100
pandas:1332149,1,1,CNN_glove100
pandas:1332150,1,1,CNN_glove100
pandas:1332152,1,1,CNN_glove100
pandas:1332154,1,1,CNN_glove100
pandas:1332155,1,1,CNN_glove100
pandas:1332167,1,1,CNN_glove100
pandas:1332169,1,1,CNN_glove100
pandas:1332172,1,1,CNN_glove100
pandas:1332176,1,1,CNN_glove100
pandas:1332177,1,1,CNN_glove100
pandas:1332179,1,1,CNN_glove100
pandas:1332180,1,1,CNN_glove100
pandas:1332186,1,1,CNN_glove100
pandas:1332191,1,1,CNN_glove100
pandas:1332195,1,1,CNN_glove100
pandas:1332203,1,1,CNN_glove100
pandas:1332210,1,1,CNN_glove100
pandas:1332215,1,1,CNN_glove100
pandas:1332223,1,0,CNN_glove100
pandas:1332225,1,1,CNN_glove100
pandas:1332228,1,1,CNN_glove100
pandas:1332256,1,1,CNN_glove100
pandas:1332259,1,1,CNN_glove100
pandas:1332267,1,1,CNN_glove100
pandas:1332272,1,1,CNN_glove100
pandas:1332274,1,1,CNN_glove100
pandas:1332277,1,1,CNN_glove100
pandas:1332279,1,1,CNN_glove100
pandas:1332286,1,1,CNN_glove100
pandas:1332290,1,1,CNN_glove100
pandas:1332306,1,1,CNN_glove100
pandas:1332311,1,1,CNN_glove100
pandas:1332319,1,1,CNN_glove100
pandas:1332323,1,1,CNN_glove100
pandas:1332326,1,1,CNN_glove100
pandas:1332345,1,1,CNN_glove100
pandas:1332354,1,1,CNN_glove100
pandas:1332360,1,1,CNN_glove100
pandas:1332371,1,1,CNN_glove100
pandas:1332374,1,1,CNN_glove100
pandas:1332387,1,1,CNN_glove100
pandas:1332388,1,1,CNN_glove100
pandas:1332389,1,1,CNN_glove100
pandas:1332392,1,1,CNN_glove100
pandas:1332394,1,1,CNN_glove100
pandas:1332396,1,1,CNN_glove100
pandas:1332403,1,1,CNN_glove100
pandas:1332405,1,1,CNN_glove100
pandas:1332420,1,1,CNN_glove100
pandas:1332422,1,1,CNN_glove100
pandas:1332425,1,1,CNN_glove100
pandas:1332426,1,1,CNN_glove100
pandas:1332432,1,1,CNN_glove100
pandas:1332441,1,0,CNN_glove100
pandas:1332445,1,1,CNN_glove100
pandas:1332453,1,1,CNN_glove100
pandas:1332455,1,1,CNN_glove100
pandas:1332462,1,1,CNN_glove100
pandas:1332465,1,1,CNN_glove100
pandas:1332472,1,1,CNN_glove100
pandas:1332473,1,1,CNN_glove100
pandas:1332476,1,1,CNN_glove100
pandas:1332484,1,1,CNN_glove100
pandas:1332485,1,1,CNN_glove100
pandas:1332498,1,1,CNN_glove100
pandas:1332505,1,1,CNN_glove100
pandas:1332514,1,1,CNN_glove100
pandas:1332519,1,1,CNN_glove100
pandas:1332522,1,1,CNN_glove100
pandas:1332526,1,1,CNN_glove100
pandas:1332528,1,1,CNN_glove100
pandas:1332533,1,1,CNN_glove100
pandas:1332537,1,1,CNN_glove100
pandas:1332548,1,1,CNN_glove100
pandas:1332554,1,1,CNN_glove100
pandas:1332559,1,1,CNN_glove100
pandas:1332562,1,1,CNN_glove100
pandas:1332563,1,1,CNN_glove100
pandas:1332564,1,1,CNN_glove100
pandas:1332570,1,1,CNN_glove100
pandas:1332571,1,1,CNN_glove100
pandas:1332575,1,1,CNN_glove100
pandas:1332587,1,1,CNN_glove100
pandas:1332588,1,1,CNN_glove100
pandas:1332594,1,1,CNN_glove100
pandas:1332609,1,1,CNN_glove100
pandas:1332610,1,1,CNN_glove100
pandas:1332611,1,1,CNN_glove100
pandas:1332632,1,1,CNN_glove100
pandas:1332635,1,1,CNN_glove100
pandas:1332649,1,1,CNN_glove100
pandas:1332653,1,1,CNN_glove100
pandas:1332654,1,0,CNN_glove100
pandas:1332657,1,1,CNN_glove100
pandas:1332671,1,1,CNN_glove100
pandas:1332678,1,1,CNN_glove100
pandas:1332680,1,1,CNN_glove100
pandas:1332682,1,1,CNN_glove100
pandas:1332690,1,1,CNN_glove100
pandas:1332693,1,0,CNN_glove100
pandas:1332694,1,1,CNN_glove100
pandas:1332695,1,1,CNN_glove100
pandas:1332701,1,1,CNN_glove100
pandas:1332712,1,1,CNN_glove100
pandas:1332713,1,0,CNN_glove100
pandas:1332716,1,1,CNN_glove100
pandas:1332719,1,1,CNN_glove100
pandas:1332725,1,1,CNN_glove100
pandas:1332728,1,1,CNN_glove100
pandas:1332731,1,1,CNN_glove100
pandas:1332737,1,1,CNN_glove100
pandas:1332738,1,1,CNN_glove100
pandas:1332739,1,1,CNN_glove100
pandas:1332746,1,1,CNN_glove100
pandas:1332748,1,1,CNN_glove100
pandas:1332749,1,1,CNN_glove100
pandas:1332750,1,1,CNN_glove100
pandas:1332755,1,1,CNN_glove100
pandas:1332758,1,1,CNN_glove100
pandas:1332762,1,1,CNN_glove100
pandas:1332765,1,1,CNN_glove100
pandas:1332769,1,1,CNN_glove100
pandas:1332786,1,1,CNN_glove100
pandas:1332788,1,1,CNN_glove100
pandas:1332802,1,1,CNN_glove100
pandas:1332807,1,1,CNN_glove100
pandas:1332809,1,1,CNN_glove100
pandas:1332819,1,1,CNN_glove100
pandas:1332825,1,1,CNN_glove100
pandas:1332828,1,1,CNN_glove100
pandas:1332831,1,1,CNN_glove100
pandas:1332836,1,1,CNN_glove100
pandas:1332838,1,1,CNN_glove100
pandas:1332841,1,0,CNN_glove100
pandas:1332864,1,1,CNN_glove100
pandas:1332882,1,1,CNN_glove100
pandas:1332888,1,1,CNN_glove100
pandas:1332891,1,1,CNN_glove100
pandas:1332899,1,1,CNN_glove100
pandas:1332906,1,1,CNN_glove100
pandas:1332910,1,1,CNN_glove100
pandas:1332912,1,1,CNN_glove100
pandas:1332923,1,1,CNN_glove100
pandas:1332928,1,1,CNN_glove100
pandas:1332934,1,1,CNN_glove100
pandas:1332940,1,1,CNN_glove100
pandas:1332941,1,1,CNN_glove100
pandas:1332945,1,1,CNN_glove100
pandas:1332959,1,1,CNN_glove100
pandas:1332964,1,1,CNN_glove100
pandas:1332966,1,1,CNN_glove100
pandas:1332967,1,1,CNN_glove100
pandas:1332971,1,1,CNN_glove100
pandas:1332974,1,1,CNN_glove100
pandas:1332978,1,1,CNN_glove100
pandas:1332982,1,1,CNN_glove100
pandas:1332983,1,1,CNN_glove100
pandas:1332987,1,1,CNN_glove100
pandas:1332990,1,1,CNN_glove100
pandas:1332994,1,1,CNN_glove100
pandas:1332999,1,1,CNN_glove100
pandas:1333010,1,1,CNN_glove100
pandas:1333012,1,1,CNN_glove100
pandas:1333030,1,0,CNN_glove100
pandas:1333032,1,0,CNN_glove100
pandas:1333038,1,1,CNN_glove100
pandas:1333039,1,1,CNN_glove100
pandas:1333043,1,1,CNN_glove100
pandas:1333047,1,1,CNN_glove100
pandas:1333060,1,1,CNN_glove100
pandas:1333061,1,1,CNN_glove100
pandas:1333066,1,1,CNN_glove100
pandas:1333082,1,1,CNN_glove100
pandas:1333085,1,1,CNN_glove100
pandas:1333095,1,1,CNN_glove100
pandas:1333113,1,0,CNN_glove100
pandas:1333116,1,1,CNN_glove100
pandas:1333119,1,1,CNN_glove100
pandas:1333122,1,1,CNN_glove100
pandas:1333125,1,1,CNN_glove100
pandas:1333127,1,1,CNN_glove100
pandas:1333134,1,1,CNN_glove100
pandas:1333158,1,1,CNN_glove100
pandas:1333165,1,1,CNN_glove100
pandas:1333170,1,1,CNN_glove100
pandas:1333174,1,1,CNN_glove100
pandas:1333176,1,1,CNN_glove100
pandas:1333181,1,1,CNN_glove100
pandas:1333186,1,1,CNN_glove100
pandas:1333189,1,1,CNN_glove100
pandas:1333194,1,1,CNN_glove100
pandas:1333195,1,1,CNN_glove100
pandas:1333212,1,1,CNN_glove100
pandas:1333214,1,1,CNN_glove100
pandas:1333220,1,1,CNN_glove100
pandas:1333222,1,1,CNN_glove100
pandas:1333232,1,1,CNN_glove100
pandas:1333233,1,1,CNN_glove100
pandas:1333235,1,1,CNN_glove100
pandas:1333241,1,1,CNN_glove100
pandas:1333242,1,1,CNN_glove100
pandas:1333244,1,1,CNN_glove100
pandas:1333251,1,1,CNN_glove100
pandas:1333254,1,1,CNN_glove100
pandas:1333257,1,1,CNN_glove100
pandas:1333258,1,1,CNN_glove100
pandas:1333259,1,1,CNN_glove100
pandas:1333270,1,1,CNN_glove100
pandas:1333282,1,1,CNN_glove100
pandas:1333299,1,1,CNN_glove100
pandas:1333306,1,1,CNN_glove100
pandas:1333308,1,1,CNN_glove100
pandas:1333316,1,1,CNN_glove100
pandas:1333336,1,1,CNN_glove100
pandas:1333337,1,1,CNN_glove100
pandas:1333343,1,1,CNN_glove100
pandas:1333352,1,1,CNN_glove100
pandas:1333354,1,1,CNN_glove100
pandas:1333355,1,1,CNN_glove100
pandas:1333357,1,1,CNN_glove100
pandas:1333362,1,1,CNN_glove100
pandas:1333364,1,1,CNN_glove100
pandas:1333366,1,1,CNN_glove100
pandas:1333380,1,1,CNN_glove100
pandas:1333384,1,1,CNN_glove100
pandas:1333388,1,1,CNN_glove100
pandas:1333391,1,1,CNN_glove100
pandas:1333393,1,1,CNN_glove100
pandas:1333394,1,1,CNN_glove100
pandas:1333398,1,1,CNN_glove100
pandas:1333399,1,1,CNN_glove100
pandas:1333400,1,1,CNN_glove100
pandas:1333401,1,1,CNN_glove100
pandas:1333412,1,1,CNN_glove100
pandas:1333413,1,1,CNN_glove100
pandas:1333434,1,1,CNN_glove100
pandas:1333435,1,1,CNN_glove100
pandas:1333438,1,1,CNN_glove100
pandas:1333441,1,1,CNN_glove100
pandas:1333444,1,1,CNN_glove100
pandas:1333451,1,1,CNN_glove100
pandas:1333463,1,1,CNN_glove100
pandas:1333466,1,1,CNN_glove100
pandas:1333467,1,1,CNN_glove100
pandas:1333474,1,1,CNN_glove100
pandas:1333477,1,1,CNN_glove100
pandas:1333479,1,1,CNN_glove100
pandas:1333480,1,1,CNN_glove100
pandas:1333485,1,1,CNN_glove100
pandas:1333487,1,1,CNN_glove100
pandas:1333492,1,0,CNN_glove100
pandas:1333501,1,1,CNN_glove100
pandas:1333504,1,1,CNN_glove100
pandas:1333505,1,1,CNN_glove100
pandas:1333545,1,1,CNN_glove100
pandas:1333546,1,1,CNN_glove100
pandas:1333547,1,0,CNN_glove100
pandas:1333548,1,1,CNN_glove100
pandas:1333549,1,1,CNN_glove100
pandas:1333555,1,1,CNN_glove100
pandas:1333563,1,1,CNN_glove100
pandas:1333566,1,0,CNN_glove100
pandas:1333569,1,1,CNN_glove100
pandas:1333574,1,1,CNN_glove100
pandas:1333575,1,1,CNN_glove100
pandas:1333588,1,1,CNN_glove100
pandas:1333589,1,1,CNN_glove100
pandas:1333604,1,1,CNN_glove100
pandas:1333606,1,1,CNN_glove100
pandas:1333613,1,1,CNN_glove100
pandas:1333624,1,1,CNN_glove100
pandas:1333627,1,1,CNN_glove100
pandas:1333633,1,1,CNN_glove100
pandas:1333634,1,1,CNN_glove100
pandas:1333636,1,1,CNN_glove100
pandas:1333637,1,1,CNN_glove100
pandas:1333646,1,1,CNN_glove100
pandas:1333653,1,1,CNN_glove100
pandas:1333659,1,1,CNN_glove100
pandas:1333661,1,1,CNN_glove100
pandas:1333668,1,1,CNN_glove100
pandas:1333673,1,1,CNN_glove100
pandas:1333690,1,1,CNN_glove100
pandas:1333692,1,1,CNN_glove100
pandas:1333693,1,1,CNN_glove100
pandas:1333707,1,1,CNN_glove100
pandas:1333712,1,1,CNN_glove100
pandas:1333713,1,1,CNN_glove100
pandas:1333714,1,1,CNN_glove100
pandas:1333716,1,1,CNN_glove100
pandas:1333727,1,1,CNN_glove100
pandas:1333730,1,1,CNN_glove100
pandas:1333746,1,1,CNN_glove100
pandas:1333748,1,1,CNN_glove100
pandas:1333760,1,1,CNN_glove100
pandas:1333761,1,1,CNN_glove100
pandas:1333766,1,1,CNN_glove100
pandas:1333769,1,1,CNN_glove100
pandas:1333776,1,1,CNN_glove100
pandas:1333782,1,1,CNN_glove100
pandas:1333783,1,1,CNN_glove100
pandas:1333784,1,1,CNN_glove100
pandas:1333787,1,1,CNN_glove100
pandas:1333793,1,1,CNN_glove100
pandas:1333810,1,1,CNN_glove100
pandas:1333818,1,1,CNN_glove100
pandas:1333820,1,1,CNN_glove100
pandas:1333821,1,1,CNN_glove100
pandas:1333822,1,0,CNN_glove100
pandas:1333825,1,1,CNN_glove100
pandas:1333827,1,1,CNN_glove100
pandas:1333829,1,1,CNN_glove100
pandas:1333830,1,1,CNN_glove100
pandas:1333831,1,1,CNN_glove100
pandas:1333841,1,1,CNN_glove100
pandas:1333844,1,0,CNN_glove100
pandas:1333846,1,1,CNN_glove100
pandas:1333848,1,1,CNN_glove100
pandas:1333860,1,1,CNN_glove100
pandas:1333864,1,1,CNN_glove100
pandas:1333869,1,1,CNN_glove100
pandas:1333872,1,1,CNN_glove100
pandas:1333897,1,1,CNN_glove100
pandas:1333912,1,1,CNN_glove100
pandas:1333913,1,1,CNN_glove100
pandas:1333914,1,1,CNN_glove100
pandas:1333916,1,1,CNN_glove100
pandas:1333926,1,1,CNN_glove100
pandas:1333931,1,1,CNN_glove100
pandas:1333932,1,1,CNN_glove100
pandas:1333933,1,1,CNN_glove100
pandas:1333956,1,1,CNN_glove100
pandas:1333957,1,1,CNN_glove100
pandas:1333959,1,1,CNN_glove100
pandas:1333962,1,1,CNN_glove100
pandas:1333968,1,1,CNN_glove100
pandas:1333973,1,1,CNN_glove100
pandas:1333976,1,1,CNN_glove100
pandas:1333979,1,1,CNN_glove100
pandas:1333982,1,1,CNN_glove100
pandas:1333992,1,1,CNN_glove100
pandas:1333994,1,1,CNN_glove100
pandas:1333997,1,1,CNN_glove100
pandas:1334005,1,1,CNN_glove100
pandas:1334006,1,1,CNN_glove100
pandas:1334013,1,0,CNN_glove100
pandas:1334019,1,1,CNN_glove100
pandas:1334020,1,1,CNN_glove100
pandas:1334021,1,1,CNN_glove100
pandas:1334022,1,1,CNN_glove100
pandas:1334023,1,1,CNN_glove100
pandas:1334025,1,1,CNN_glove100
pandas:1334031,1,1,CNN_glove100
pandas:1334035,1,1,CNN_glove100
pandas:1334039,1,1,CNN_glove100
pandas:1334040,1,1,CNN_glove100
pandas:1334041,1,1,CNN_glove100
pandas:1334044,1,1,CNN_glove100
pandas:1334056,1,1,CNN_glove100
pandas:1334059,1,1,CNN_glove100
pandas:1334060,1,1,CNN_glove100
pandas:1334061,1,1,CNN_glove100
pandas:1334070,1,1,CNN_glove100
pandas:1334079,1,1,CNN_glove100
pandas:1334084,1,1,CNN_glove100
pandas:1334095,1,1,CNN_glove100
pandas:1334096,1,1,CNN_glove100
pandas:1334097,1,1,CNN_glove100
pandas:1334098,1,1,CNN_glove100
pandas:1334100,1,1,CNN_glove100
pandas:1334106,1,1,CNN_glove100
pandas:1334107,1,1,CNN_glove100
pandas:1334118,1,1,CNN_glove100
pandas:1334119,1,1,CNN_glove100
pandas:1334125,1,1,CNN_glove100
pandas:1334127,1,0,CNN_glove100
pandas:1334131,1,1,CNN_glove100
pandas:1334132,1,1,CNN_glove100
pandas:1334138,1,1,CNN_glove100
pandas:1334145,1,1,CNN_glove100
pandas:1334147,1,1,CNN_glove100
pandas:1334153,1,1,CNN_glove100
pandas:1334155,1,1,CNN_glove100
pandas:1334157,1,1,CNN_glove100
pandas:1334159,1,1,CNN_glove100
pandas:1334164,1,1,CNN_glove100
pandas:1334165,1,1,CNN_glove100
pandas:1334167,1,1,CNN_glove100
pandas:1334169,1,1,CNN_glove100
pandas:1334173,1,1,CNN_glove100
pandas:1334178,1,1,CNN_glove100
pandas:1334179,1,1,CNN_glove100
pandas:1334181,1,1,CNN_glove100
pandas:1334183,1,1,CNN_glove100
pandas:1334186,1,1,CNN_glove100
pandas:1334187,1,1,CNN_glove100
pandas:1334194,1,1,CNN_glove100
pandas:1334197,1,1,CNN_glove100
pandas:1334199,1,1,CNN_glove100
pandas:1334210,1,1,CNN_glove100
pandas:1334219,1,1,CNN_glove100
pandas:1334220,1,1,CNN_glove100
pandas:1334223,1,1,CNN_glove100
pandas:1334227,1,1,CNN_glove100
pandas:1334228,1,1,CNN_glove100
pandas:1334231,1,1,CNN_glove100
pandas:1334233,1,1,CNN_glove100
pandas:1334237,1,1,CNN_glove100
pandas:1334250,1,1,CNN_glove100
pandas:1334251,1,1,CNN_glove100
pandas:1334257,1,1,CNN_glove100
pandas:1334258,1,1,CNN_glove100
pandas:1334272,1,0,CNN_glove100
pandas:1334281,1,1,CNN_glove100
pandas:1334285,1,1,CNN_glove100
pandas:1334294,1,0,CNN_glove100
pandas:1334299,1,1,CNN_glove100
pandas:1334310,1,1,CNN_glove100
pandas:1334311,1,1,CNN_glove100
pandas:1334329,1,1,CNN_glove100
pandas:1334332,1,1,CNN_glove100
pandas:1334337,1,1,CNN_glove100
pandas:1334338,1,1,CNN_glove100
pandas:1334339,1,1,CNN_glove100
pandas:1334388,1,1,CNN_glove100
pandas:1334397,1,1,CNN_glove100
pandas:1334402,1,1,CNN_glove100
pandas:1334404,1,1,CNN_glove100
pandas:1334409,1,1,CNN_glove100
pandas:1334413,1,1,CNN_glove100
pandas:1334414,1,1,CNN_glove100
pandas:1334420,1,1,CNN_glove100
pandas:1334421,1,1,CNN_glove100
pandas:1334422,1,0,CNN_glove100
pandas:1334425,1,1,CNN_glove100
pandas:1334426,1,1,CNN_glove100
pandas:1334427,1,1,CNN_glove100
pandas:1334428,1,1,CNN_glove100
pandas:1334432,1,1,CNN_glove100
pandas:1334435,1,1,CNN_glove100
pandas:1334462,1,1,CNN_glove100
pandas:1334481,1,1,CNN_glove100
pandas:1334484,1,1,CNN_glove100
pandas:1334486,1,1,CNN_glove100
pandas:1334501,1,1,CNN_glove100
pandas:1334503,1,1,CNN_glove100
pandas:1334507,1,1,CNN_glove100
pandas:1334508,1,1,CNN_glove100
pandas:1334515,1,1,CNN_glove100
pandas:1334519,1,1,CNN_glove100
pandas:1334522,1,1,CNN_glove100
pandas:1334529,1,1,CNN_glove100
pandas:1334533,1,1,CNN_glove100
pandas:1334543,1,1,CNN_glove100
pandas:1334551,1,1,CNN_glove100
pandas:1334557,1,1,CNN_glove100
pandas:1334565,1,1,CNN_glove100
pandas:1334567,1,1,CNN_glove100
pandas:1334577,1,1,CNN_glove100
pandas:1334597,1,1,CNN_glove100
pandas:1334607,1,1,CNN_glove100
pandas:1334614,1,1,CNN_glove100
pandas:1334618,1,1,CNN_glove100
pandas:1334623,1,1,CNN_glove100
pandas:1334624,1,1,CNN_glove100
pandas:1334627,1,0,CNN_glove100
pandas:1334629,1,1,CNN_glove100
pandas:1334632,1,1,CNN_glove100
pandas:1334637,1,1,CNN_glove100
pandas:1334638,1,1,CNN_glove100
pandas:1334642,1,1,CNN_glove100
pandas:1334643,1,1,CNN_glove100
pandas:1334648,1,1,CNN_glove100
pandas:1334649,1,1,CNN_glove100
pandas:1334657,1,1,CNN_glove100
pandas:1334659,1,1,CNN_glove100
pandas:1334665,1,1,CNN_glove100
pandas:1334668,1,1,CNN_glove100
pandas:1334670,1,1,CNN_glove100
pandas:1334672,1,1,CNN_glove100
pandas:1334673,1,1,CNN_glove100
pandas:1334681,1,1,CNN_glove100
pandas:1334690,1,1,CNN_glove100
pandas:1334691,1,1,CNN_glove100
pandas:1334693,1,0,CNN_glove100
pandas:1334697,1,1,CNN_glove100
pandas:1334699,1,1,CNN_glove100
pandas:1334705,1,1,CNN_glove100
pandas:1334714,1,0,CNN_glove100
pandas:1334723,1,1,CNN_glove100
pandas:1334728,1,1,CNN_glove100
pandas:1334733,1,1,CNN_glove100
pandas:1334734,1,1,CNN_glove100
pandas:1334737,1,1,CNN_glove100
pandas:1334746,1,1,CNN_glove100
pandas:1334748,1,1,CNN_glove100
pandas:1334751,1,1,CNN_glove100
pandas:1334752,1,1,CNN_glove100
pandas:1334754,1,1,CNN_glove100
pandas:1334755,1,1,CNN_glove100
pandas:1334758,1,1,CNN_glove100
pandas:1334760,1,1,CNN_glove100
pandas:1334765,1,1,CNN_glove100
pandas:1334766,1,1,CNN_glove100
pandas:1334767,1,1,CNN_glove100
pandas:1334768,1,1,CNN_glove100
pandas:1334774,1,1,CNN_glove100
pandas:1334777,1,1,CNN_glove100
pandas:1334786,1,1,CNN_glove100
pandas:1334788,1,1,CNN_glove100
pandas:1334794,1,1,CNN_glove100
pandas:1334795,1,1,CNN_glove100
pandas:1334796,1,1,CNN_glove100
pandas:1334802,1,1,CNN_glove100
pandas:1334804,1,1,CNN_glove100
pandas:1334810,1,1,CNN_glove100
pandas:1334821,1,1,CNN_glove100
pandas:1334822,1,1,CNN_glove100
pandas:1334826,1,1,CNN_glove100
pandas:1334830,1,1,CNN_glove100
pandas:1334845,1,1,CNN_glove100
pandas:1334847,1,1,CNN_glove100
pandas:1334850,1,1,CNN_glove100
pandas:1334855,1,1,CNN_glove100
pandas:1334857,1,0,CNN_glove100
pandas:1334860,1,1,CNN_glove100
pandas:1334870,1,1,CNN_glove100
pandas:1334871,1,1,CNN_glove100
pandas:1334872,1,1,CNN_glove100
pandas:1334873,1,1,CNN_glove100
pandas:1334875,1,1,CNN_glove100
pandas:1334888,1,1,CNN_glove100
pandas:1334890,1,1,CNN_glove100
pandas:1334892,1,1,CNN_glove100
pandas:1334902,1,1,CNN_glove100
pandas:1334903,1,0,CNN_glove100
pandas:1334906,1,1,CNN_glove100
pandas:1334910,1,1,CNN_glove100
pandas:1334913,1,1,CNN_glove100
pandas:1334915,1,1,CNN_glove100
pandas:1334918,1,1,CNN_glove100
pandas:1334937,1,1,CNN_glove100
pandas:1334945,1,1,CNN_glove100
pandas:1334958,1,1,CNN_glove100
pandas:1334961,1,1,CNN_glove100
pandas:1334962,1,1,CNN_glove100
pandas:1334971,1,1,CNN_glove100
pandas:1334981,1,1,CNN_glove100
pandas:1334985,1,1,CNN_glove100
pandas:1334996,1,1,CNN_glove100
pandas:1334999,1,1,CNN_glove100
pandas:1335000,1,1,CNN_glove100
pandas:1335004,1,1,CNN_glove100
pandas:1335005,1,0,CNN_glove100
pandas:1335007,1,0,CNN_glove100
pandas:1335010,1,1,CNN_glove100
pandas:1335011,1,1,CNN_glove100
pandas:1335012,1,1,CNN_glove100
pandas:1335016,1,1,CNN_glove100
pandas:1335027,1,1,CNN_glove100
pandas:1335029,1,1,CNN_glove100
pandas:1335030,1,1,CNN_glove100
pandas:1335038,1,1,CNN_glove100
pandas:1335040,1,1,CNN_glove100
pandas:1335045,1,1,CNN_glove100
pandas:1335047,1,1,CNN_glove100
pandas:1335048,1,1,CNN_glove100
pandas:1335049,1,1,CNN_glove100
pandas:1335056,1,1,CNN_glove100
pandas:1335061,1,1,CNN_glove100
pandas:1335064,1,1,CNN_glove100
pandas:1335066,1,1,CNN_glove100
pandas:1335067,1,1,CNN_glove100
pandas:1335092,1,1,CNN_glove100
pandas:1335096,1,1,CNN_glove100
pandas:1335098,1,1,CNN_glove100
pandas:1335103,1,1,CNN_glove100
pandas:1335120,1,1,CNN_glove100
pandas:1335123,1,1,CNN_glove100
pandas:1335128,1,1,CNN_glove100
pandas:1335162,1,0,CNN_glove100
pandas:1335173,1,1,CNN_glove100
pandas:1335174,1,1,CNN_glove100
pandas:1335176,1,1,CNN_glove100
pandas:1335186,1,0,CNN_glove100
pandas:1335195,1,1,CNN_glove100
pandas:1335198,1,1,CNN_glove100
pandas:1335204,1,1,CNN_glove100
pandas:1335215,1,1,CNN_glove100
pandas:1335218,1,1,CNN_glove100
pandas:1335233,1,1,CNN_glove100
pandas:1335240,1,1,CNN_glove100
pandas:1335259,1,0,CNN_glove100
pandas:1335269,1,1,CNN_glove100
pandas:1335280,1,1,CNN_glove100
pandas:1335290,1,1,CNN_glove100
pandas:1335295,1,1,CNN_glove100
pandas:1335300,1,1,CNN_glove100
pandas:1335304,1,1,CNN_glove100
pandas:1335312,1,1,CNN_glove100
pandas:1335317,1,1,CNN_glove100
pandas:1335318,1,1,CNN_glove100
pandas:1335321,1,1,CNN_glove100
pandas:1335330,1,1,CNN_glove100
pandas:1335352,1,1,CNN_glove100
pandas:1335354,1,1,CNN_glove100
pandas:1335357,1,1,CNN_glove100
pandas:1335360,1,1,CNN_glove100
pandas:1335365,1,1,CNN_glove100
pandas:1335370,1,1,CNN_glove100
pandas:1335379,1,1,CNN_glove100
pandas:1335382,1,1,CNN_glove100
pandas:1335392,1,1,CNN_glove100
pandas:1335396,1,1,CNN_glove100
pandas:1335397,1,0,CNN_glove100
pandas:1335398,1,1,CNN_glove100
pandas:1335404,1,1,CNN_glove100
pandas:1335417,1,1,CNN_glove100
pandas:1335419,1,1,CNN_glove100
pandas:1335423,1,1,CNN_glove100
pandas:1335425,1,1,CNN_glove100
pandas:1335428,1,1,CNN_glove100
pandas:1335430,1,1,CNN_glove100
pandas:1335436,1,1,CNN_glove100
pandas:1335438,1,1,CNN_glove100
pandas:1335450,1,1,CNN_glove100
pandas:1335453,1,0,CNN_glove100
pandas:1335454,1,1,CNN_glove100
pandas:1335458,1,1,CNN_glove100
pandas:1335462,1,1,CNN_glove100
pandas:1335465,1,1,CNN_glove100
pandas:1335478,1,1,CNN_glove100
pandas:1335503,1,1,CNN_glove100
pandas:1335506,1,1,CNN_glove100
pandas:1335509,1,1,CNN_glove100
pandas:1335510,1,1,CNN_glove100
pandas:1335518,1,1,CNN_glove100
pandas:1335528,1,0,CNN_glove100
pandas:1335531,1,1,CNN_glove100
pandas:1335536,1,1,CNN_glove100
pandas:1335539,1,1,CNN_glove100
pandas:1335542,1,1,CNN_glove100
pandas:1335545,1,0,CNN_glove100
pandas:1335548,1,1,CNN_glove100
pandas:1335574,1,1,CNN_glove100
pandas:1335575,1,1,CNN_glove100
pandas:1335576,1,1,CNN_glove100
pandas:1335580,1,1,CNN_glove100
pandas:1335584,1,1,CNN_glove100
pandas:1335585,1,1,CNN_glove100
pandas:1335591,1,1,CNN_glove100
pandas:1335598,1,1,CNN_glove100
pandas:1335613,1,1,CNN_glove100
pandas:1335632,1,1,CNN_glove100
pandas:1335639,1,1,CNN_glove100
pandas:1335643,1,1,CNN_glove100
pandas:1335649,1,1,CNN_glove100
pandas:1335650,1,1,CNN_glove100
pandas:1335653,1,1,CNN_glove100
pandas:1335655,1,1,CNN_glove100
pandas:1335657,1,1,CNN_glove100
pandas:1335661,1,1,CNN_glove100
pandas:1335662,1,1,CNN_glove100
pandas:1335666,1,1,CNN_glove100
pandas:1335674,1,1,CNN_glove100
pandas:1335677,1,0,CNN_glove100
pandas:1335679,1,1,CNN_glove100
pandas:1335686,1,1,CNN_glove100
pandas:1335690,1,1,CNN_glove100
pandas:1335709,1,1,CNN_glove100
pandas:1335710,1,1,CNN_glove100
pandas:1335714,1,1,CNN_glove100
pandas:1335718,1,0,CNN_glove100
pandas:1335719,1,1,CNN_glove100
pandas:1335733,1,1,CNN_glove100
pandas:1335736,1,1,CNN_glove100
pandas:1335743,1,1,CNN_glove100
pandas:1335756,1,1,CNN_glove100
pandas:1335757,1,1,CNN_glove100
pandas:1335758,1,1,CNN_glove100
pandas:1335762,1,1,CNN_glove100
pandas:1335771,1,1,CNN_glove100
pandas:1335777,1,0,CNN_glove100
pandas:1335786,1,1,CNN_glove100
pandas:1335791,1,1,CNN_glove100
pandas:1335794,1,1,CNN_glove100
pandas:1335801,1,1,CNN_glove100
pandas:1335804,1,1,CNN_glove100
pandas:1335807,1,1,CNN_glove100
pandas:1335822,1,1,CNN_glove100
pandas:1335826,1,1,CNN_glove100
pandas:1335827,1,1,CNN_glove100
pandas:1335832,1,1,CNN_glove100
pandas:1335833,1,1,CNN_glove100
pandas:1335835,1,1,CNN_glove100
pandas:1335850,1,1,CNN_glove100
pandas:1335869,1,1,CNN_glove100
pandas:1335870,1,1,CNN_glove100
pandas:1335892,1,1,CNN_glove100
pandas:1335900,1,1,CNN_glove100
pandas:1335908,1,1,CNN_glove100
pandas:1335911,1,1,CNN_glove100
pandas:1335912,1,1,CNN_glove100
pandas:1335915,1,1,CNN_glove100
pandas:1335917,1,1,CNN_glove100
pandas:1335918,1,1,CNN_glove100
pandas:1335922,1,1,CNN_glove100
pandas:1335943,1,1,CNN_glove100
pandas:1335947,1,1,CNN_glove100
pandas:1335952,1,1,CNN_glove100
pandas:1335962,1,1,CNN_glove100
pandas:1335963,1,1,CNN_glove100
pandas:1335974,1,1,CNN_glove100
pandas:1335979,1,1,CNN_glove100
pandas:1335986,1,1,CNN_glove100
pandas:1335993,1,1,CNN_glove100
pandas:1335999,1,1,CNN_glove100
pandas:1336002,1,1,CNN_glove100
pandas:1336034,1,1,CNN_glove100
pandas:1336036,1,1,CNN_glove100
pandas:1336038,1,1,CNN_glove100
pandas:1336049,1,1,CNN_glove100
pandas:1336050,1,1,CNN_glove100
pandas:1336055,1,1,CNN_glove100
pandas:1336061,1,1,CNN_glove100
pandas:1336064,1,1,CNN_glove100
pandas:1336067,1,1,CNN_glove100
pandas:1336074,1,1,CNN_glove100
pandas:1336077,1,1,CNN_glove100
pandas:1336088,1,1,CNN_glove100
pandas:1336094,1,1,CNN_glove100
pandas:1336098,1,1,CNN_glove100
pandas:1336100,1,1,CNN_glove100
pandas:1336102,1,1,CNN_glove100
pandas:1336112,1,1,CNN_glove100
pandas:1336116,1,1,CNN_glove100
pandas:1336129,1,1,CNN_glove100
pandas:1336135,1,1,CNN_glove100
pandas:1336143,1,1,CNN_glove100
pandas:1336148,1,1,CNN_glove100
pandas:1336149,1,1,CNN_glove100
pandas:1336160,1,1,CNN_glove100
pandas:1336179,1,1,CNN_glove100
pandas:1336180,1,1,CNN_glove100
pandas:1336185,1,1,CNN_glove100
pandas:1336187,1,1,CNN_glove100
pandas:1336193,1,1,CNN_glove100
pandas:1336194,1,1,CNN_glove100
pandas:1336195,1,1,CNN_glove100
pandas:1336201,1,1,CNN_glove100
pandas:1336202,1,1,CNN_glove100
pandas:1336203,1,0,CNN_glove100
pandas:1336207,1,1,CNN_glove100
pandas:1336212,1,1,CNN_glove100
pandas:1336219,1,1,CNN_glove100
pandas:1336223,1,0,CNN_glove100
pandas:1336224,1,1,CNN_glove100
pandas:1336230,1,1,CNN_glove100
pandas:1336232,1,1,CNN_glove100
pandas:1336233,1,1,CNN_glove100
pandas:1336237,1,1,CNN_glove100
pandas:1336240,1,1,CNN_glove100
pandas:1336244,1,1,CNN_glove100
pandas:1336255,1,0,CNN_glove100
pandas:1336258,1,1,CNN_glove100
pandas:1336260,1,1,CNN_glove100
pandas:1336266,1,0,CNN_glove100
pandas:1336274,1,1,CNN_glove100
pandas:1336275,1,1,CNN_glove100
pandas:1336276,1,1,CNN_glove100
pandas:1336279,1,1,CNN_glove100
pandas:1336280,1,1,CNN_glove100
pandas:1336281,1,1,CNN_glove100
pandas:1336283,1,1,CNN_glove100
pandas:1336284,1,1,CNN_glove100
pandas:1336285,1,1,CNN_glove100
pandas:1336290,1,1,CNN_glove100
pandas:1336296,1,1,CNN_glove100
pandas:1336297,1,1,CNN_glove100
pandas:1336300,1,1,CNN_glove100
pandas:1336301,1,1,CNN_glove100
pandas:1336302,1,1,CNN_glove100
pandas:1336334,1,1,CNN_glove100
pandas:1336339,1,1,CNN_glove100
pandas:1336342,1,1,CNN_glove100
pandas:1336354,1,1,CNN_glove100
pandas:1336357,1,1,CNN_glove100
pandas:1336362,1,1,CNN_glove100
pandas:1336363,1,1,CNN_glove100
pandas:1336364,1,1,CNN_glove100
pandas:1336365,1,1,CNN_glove100
pandas:1336382,1,1,CNN_glove100
pandas:1336394,1,1,CNN_glove100
pandas:1336401,1,1,CNN_glove100
pandas:1336410,1,1,CNN_glove100
pandas:1336411,1,1,CNN_glove100
pandas:1336413,1,1,CNN_glove100
pandas:1336423,1,1,CNN_glove100
pandas:1336425,1,1,CNN_glove100
pandas:1336427,1,1,CNN_glove100
pandas:1336430,1,1,CNN_glove100
pandas:1336431,1,1,CNN_glove100
pandas:1336438,1,1,CNN_glove100
pandas:1336442,1,1,CNN_glove100
pandas:1336444,1,1,CNN_glove100
pandas:1336452,1,1,CNN_glove100
pandas:1336453,1,1,CNN_glove100
pandas:1336457,1,1,CNN_glove100
pandas:1336463,1,0,CNN_glove100
pandas:1336464,1,1,CNN_glove100
pandas:1336471,1,1,CNN_glove100
pandas:1336477,1,1,CNN_glove100
pandas:1336478,1,1,CNN_glove100
pandas:1336489,1,1,CNN_glove100
pandas:1336491,1,1,CNN_glove100
pandas:1336493,1,1,CNN_glove100
pandas:1336500,1,1,CNN_glove100
pandas:1336505,1,1,CNN_glove100
pandas:1336507,1,1,CNN_glove100
pandas:1336510,1,1,CNN_glove100
pandas:1336511,1,1,CNN_glove100
pandas:1336512,1,1,CNN_glove100
pandas:1336518,1,1,CNN_glove100
pandas:1336520,1,1,CNN_glove100
pandas:1336532,1,1,CNN_glove100
pandas:1336535,1,1,CNN_glove100
pandas:1336537,1,1,CNN_glove100
pandas:1336550,1,1,CNN_glove100
pandas:1336553,1,1,CNN_glove100
pandas:1336564,1,1,CNN_glove100
pandas:1336571,1,1,CNN_glove100
pandas:1336579,1,1,CNN_glove100
pandas:1336583,1,1,CNN_glove100
pandas:1336589,1,1,CNN_glove100
pandas:1336596,1,1,CNN_glove100
pandas:1336597,1,1,CNN_glove100
pandas:1336600,1,1,CNN_glove100
pandas:1336601,1,1,CNN_glove100
pandas:1336605,1,1,CNN_glove100
pandas:1336616,1,1,CNN_glove100
pandas:1336618,1,1,CNN_glove100
pandas:1336629,1,1,CNN_glove100
pandas:1336636,1,1,CNN_glove100
pandas:1336637,1,1,CNN_glove100
pandas:1336650,1,1,CNN_glove100
pandas:1336657,1,1,CNN_glove100
pandas:1336663,1,1,CNN_glove100
pandas:1336664,1,1,CNN_glove100
pandas:1336674,1,1,CNN_glove100
pandas:1336677,1,1,CNN_glove100
pandas:1336679,1,1,CNN_glove100
pandas:1336680,1,1,CNN_glove100
pandas:1336683,1,1,CNN_glove100
pandas:1336688,1,1,CNN_glove100
pandas:1336703,1,1,CNN_glove100
pandas:1336710,1,1,CNN_glove100
pandas:1336721,1,1,CNN_glove100
pandas:1336722,1,1,CNN_glove100
pandas:1336735,1,1,CNN_glove100
pandas:1336737,1,1,CNN_glove100
pandas:1336738,1,1,CNN_glove100
pandas:1336742,1,1,CNN_glove100
pandas:1336743,1,1,CNN_glove100
pandas:1336746,1,1,CNN_glove100
pandas:1336748,1,1,CNN_glove100
pandas:1336750,1,1,CNN_glove100
pandas:1336761,1,1,CNN_glove100
pandas:1336763,1,1,CNN_glove100
pandas:1336765,1,1,CNN_glove100
pandas:1336773,1,1,CNN_glove100
pandas:1336778,1,1,CNN_glove100
pandas:1336782,1,1,CNN_glove100
pandas:1336785,1,1,CNN_glove100
pandas:1336793,1,1,CNN_glove100
pandas:1336795,1,1,CNN_glove100
pandas:1336797,1,1,CNN_glove100
pandas:1336800,1,1,CNN_glove100
pandas:1336807,1,1,CNN_glove100
pandas:1336810,1,1,CNN_glove100
pandas:1336811,1,1,CNN_glove100
pandas:1336812,1,1,CNN_glove100
pandas:1336814,1,1,CNN_glove100
pandas:1336821,1,1,CNN_glove100
pandas:1336833,1,1,CNN_glove100
pandas:1336837,1,1,CNN_glove100
pandas:1336846,1,1,CNN_glove100
pandas:1336865,1,1,CNN_glove100
pandas:1336866,1,1,CNN_glove100
pandas:1336876,1,1,CNN_glove100
pandas:1336879,1,1,CNN_glove100
pandas:1336881,1,1,CNN_glove100
pandas:1336882,1,1,CNN_glove100
pandas:1336885,1,1,CNN_glove100
pandas:1336889,1,1,CNN_glove100
pandas:1336891,1,1,CNN_glove100
pandas:1336894,1,1,CNN_glove100
pandas:1336898,1,0,CNN_glove100
pandas:1336902,1,0,CNN_glove100
pandas:1336907,1,1,CNN_glove100
pandas:1336908,1,1,CNN_glove100
pandas:1336909,1,1,CNN_glove100
pandas:1336912,1,1,CNN_glove100
pandas:1336917,1,1,CNN_glove100
pandas:1336920,1,1,CNN_glove100
pandas:1336923,1,1,CNN_glove100
pandas:1336928,1,1,CNN_glove100
pandas:1336930,1,1,CNN_glove100
pandas:1336931,1,1,CNN_glove100
pandas:1336932,1,1,CNN_glove100
pandas:1336942,1,1,CNN_glove100
pandas:1336945,1,1,CNN_glove100
pandas:1336965,1,1,CNN_glove100
pandas:1336967,1,1,CNN_glove100
pandas:1336971,1,1,CNN_glove100
pandas:1336975,1,1,CNN_glove100
pandas:1336977,1,1,CNN_glove100
pandas:1336983,1,1,CNN_glove100
pandas:1336991,1,1,CNN_glove100
pandas:1337000,1,1,CNN_glove100
pandas:1337005,1,1,CNN_glove100
pandas:1337006,1,1,CNN_glove100
pandas:1337008,1,1,CNN_glove100
pandas:1337021,1,1,CNN_glove100
pandas:1337027,1,1,CNN_glove100
pandas:1337033,1,0,CNN_glove100
pandas:1337041,1,1,CNN_glove100
pandas:1337044,1,1,CNN_glove100
pandas:1337045,1,1,CNN_glove100
pandas:1337053,1,1,CNN_glove100
pandas:1337057,1,1,CNN_glove100
pandas:1337059,1,1,CNN_glove100
pandas:1337060,1,1,CNN_glove100
pandas:1337074,1,1,CNN_glove100
pandas:1337075,1,1,CNN_glove100
pandas:1337083,1,1,CNN_glove100
pandas:1337085,1,0,CNN_glove100
pandas:1337089,1,0,CNN_glove100
pandas:1337090,1,1,CNN_glove100
pandas:1337091,1,1,CNN_glove100
pandas:1337093,1,1,CNN_glove100
pandas:1337097,1,1,CNN_glove100
pandas:1337102,1,1,CNN_glove100
pandas:1337103,1,1,CNN_glove100
pandas:1337106,1,1,CNN_glove100
pandas:1337109,1,1,CNN_glove100
pandas:1337119,1,1,CNN_glove100
pandas:1337124,1,1,CNN_glove100
pandas:1337130,1,1,CNN_glove100
pandas:1337136,1,1,CNN_glove100
pandas:1337141,1,1,CNN_glove100
pandas:1337146,1,1,CNN_glove100
pandas:1337152,1,1,CNN_glove100
pandas:1337154,1,1,CNN_glove100
pandas:1337165,1,1,CNN_glove100
pandas:1337166,1,1,CNN_glove100
pandas:1337173,1,1,CNN_glove100
pandas:1337175,1,1,CNN_glove100
pandas:1337177,1,1,CNN_glove100
pandas:1337185,1,1,CNN_glove100
pandas:1337189,1,0,CNN_glove100
pandas:1337195,1,1,CNN_glove100
pandas:1337200,1,1,CNN_glove100
pandas:1337203,1,1,CNN_glove100
pandas:1337204,1,1,CNN_glove100
pandas:1337211,1,1,CNN_glove100
pandas:1337219,1,1,CNN_glove100
pandas:1337220,1,1,CNN_glove100
pandas:1337223,1,1,CNN_glove100
pandas:1337226,1,1,CNN_glove100
pandas:1337230,1,1,CNN_glove100
pandas:1337231,1,1,CNN_glove100
pandas:1337234,1,1,CNN_glove100
pandas:1337240,1,1,CNN_glove100
pandas:1337242,1,1,CNN_glove100
pandas:1337252,1,1,CNN_glove100
pandas:1337253,1,1,CNN_glove100
pandas:1337255,1,1,CNN_glove100
pandas:1337256,1,1,CNN_glove100
pandas:1337257,1,1,CNN_glove100
pandas:1337260,1,1,CNN_glove100
pandas:1337267,1,1,CNN_glove100
pandas:1337276,1,1,CNN_glove100
pandas:1337278,1,1,CNN_glove100
pandas:1337281,1,1,CNN_glove100
pandas:1337282,1,1,CNN_glove100
pandas:1337288,1,1,CNN_glove100
pandas:1337293,1,1,CNN_glove100
pandas:1337297,1,1,CNN_glove100
pandas:1337298,1,1,CNN_glove100
pandas:1337316,1,1,CNN_glove100
pandas:1337320,1,1,CNN_glove100
pandas:1337324,1,1,CNN_glove100
pandas:1337331,1,1,CNN_glove100
pandas:1337336,1,1,CNN_glove100
pandas:1337344,1,1,CNN_glove100
pandas:1337345,1,1,CNN_glove100
pandas:1337352,1,1,CNN_glove100
pandas:1337356,1,1,CNN_glove100
pandas:1337358,1,1,CNN_glove100
pandas:1337360,1,1,CNN_glove100
pandas:1337367,1,1,CNN_glove100
pandas:1337368,1,1,CNN_glove100
pandas:1337372,1,1,CNN_glove100
pandas:1337373,1,1,CNN_glove100
pandas:1337376,1,1,CNN_glove100
pandas:1337378,1,1,CNN_glove100
pandas:1337382,1,1,CNN_glove100
pandas:1337383,1,0,CNN_glove100
pandas:1337392,1,1,CNN_glove100
pandas:1337393,1,0,CNN_glove100
pandas:1337405,1,1,CNN_glove100
pandas:1337410,1,1,CNN_glove100
pandas:1337413,1,1,CNN_glove100
pandas:1337418,1,1,CNN_glove100
pandas:1337423,1,1,CNN_glove100
pandas:1337429,1,1,CNN_glove100
pandas:1337430,1,1,CNN_glove100
pandas:1337431,1,1,CNN_glove100
pandas:1337432,1,1,CNN_glove100
pandas:1337435,1,1,CNN_glove100
pandas:1337447,1,1,CNN_glove100
pandas:1337451,1,1,CNN_glove100
pandas:1337452,1,1,CNN_glove100
pandas:1337477,1,1,CNN_glove100
pandas:1337486,1,1,CNN_glove100
pandas:1337487,1,1,CNN_glove100
pandas:1337497,1,1,CNN_glove100
pandas:1337500,1,0,CNN_glove100
pandas:1337501,1,1,CNN_glove100
pandas:1337531,1,1,CNN_glove100
pandas:1337533,1,1,CNN_glove100
pandas:1337535,1,0,CNN_glove100
pandas:1337538,1,1,CNN_glove100
pandas:1337549,1,1,CNN_glove100
pandas:1337570,1,1,CNN_glove100
pandas:1337572,1,1,CNN_glove100
pandas:1337573,1,1,CNN_glove100
pandas:1337577,1,1,CNN_glove100
pandas:1337587,1,1,CNN_glove100
pandas:1337603,1,1,CNN_glove100
pandas:1337606,1,1,CNN_glove100
pandas:1337608,1,1,CNN_glove100
pandas:1337612,1,1,CNN_glove100
pandas:1337615,1,1,CNN_glove100
pandas:1337626,1,1,CNN_glove100
pandas:1337633,1,0,CNN_glove100
pandas:1337638,1,1,CNN_glove100
pandas:1337640,1,1,CNN_glove100
pandas:1337646,1,1,CNN_glove100
pandas:1337647,1,1,CNN_glove100
pandas:1337655,1,1,CNN_glove100
pandas:1337656,1,1,CNN_glove100
pandas:1337660,1,0,CNN_glove100
pandas:1337671,1,1,CNN_glove100
pandas:1337678,1,1,CNN_glove100
pandas:1337690,1,1,CNN_glove100
pandas:1337705,1,1,CNN_glove100
pandas:1337710,1,1,CNN_glove100
pandas:1337712,1,1,CNN_glove100
pandas:1337725,1,1,CNN_glove100
pandas:1337726,1,1,CNN_glove100
pandas:1337735,1,1,CNN_glove100
pandas:1337757,1,1,CNN_glove100
pandas:1337766,1,1,CNN_glove100
pandas:1337770,1,0,CNN_glove100
pandas:1337772,1,1,CNN_glove100
pandas:1337778,1,1,CNN_glove100
pandas:1337792,1,0,CNN_glove100
pandas:1337804,1,1,CNN_glove100
pandas:1337821,1,1,CNN_glove100
pandas:1337822,1,1,CNN_glove100
pandas:1337834,1,0,CNN_glove100
pandas:1337840,1,1,CNN_glove100
pandas:1337844,1,1,CNN_glove100
pandas:1337847,1,1,CNN_glove100
pandas:1337853,1,1,CNN_glove100
pandas:1337854,1,1,CNN_glove100
pandas:1337856,1,1,CNN_glove100
pandas:1337859,1,1,CNN_glove100
pandas:1337865,1,1,CNN_glove100
pandas:1337877,1,1,CNN_glove100
pandas:1337883,1,1,CNN_glove100
pandas:1337891,1,1,CNN_glove100
pandas:1337902,1,1,CNN_glove100
pandas:1337908,1,1,CNN_glove100
pandas:1337913,1,1,CNN_glove100
pandas:1337919,1,1,CNN_glove100
pandas:1337922,1,1,CNN_glove100
pandas:1337924,1,1,CNN_glove100
pandas:1337926,1,1,CNN_glove100
pandas:1337939,1,1,CNN_glove100
pandas:1337942,1,1,CNN_glove100
pandas:1337947,1,1,CNN_glove100
pandas:1337948,1,1,CNN_glove100
pandas:1337964,1,1,CNN_glove100
pandas:1337968,1,1,CNN_glove100
pandas:1337969,1,1,CNN_glove100
pandas:1337972,1,1,CNN_glove100
pandas:1337974,1,1,CNN_glove100
pandas:1337986,1,1,CNN_glove100
pandas:1337994,1,1,CNN_glove100
pandas:1338024,1,1,CNN_glove100
pandas:1338027,1,1,CNN_glove100
pandas:1338029,1,1,CNN_glove100
pandas:1338048,1,1,CNN_glove100
pandas:1338050,1,1,CNN_glove100
pandas:1338051,1,1,CNN_glove100
pandas:1338053,1,1,CNN_glove100
pandas:1338055,1,1,CNN_glove100
pandas:1338056,1,1,CNN_glove100
pandas:1338058,1,1,CNN_glove100
pandas:1338062,1,1,CNN_glove100
pandas:1338068,1,1,CNN_glove100
pandas:1338075,1,1,CNN_glove100
pandas:1338080,1,1,CNN_glove100
pandas:1338081,1,1,CNN_glove100
pandas:1338094,1,1,CNN_glove100
pandas:1338096,1,1,CNN_glove100
pandas:1338112,1,1,CNN_glove100
pandas:1338115,1,1,CNN_glove100
pandas:1338121,1,0,CNN_glove100
pandas:1338122,1,1,CNN_glove100
pandas:1338123,1,1,CNN_glove100
pandas:1338124,1,1,CNN_glove100
pandas:1338125,1,1,CNN_glove100
pandas:1338130,1,1,CNN_glove100
pandas:1338133,1,1,CNN_glove100
pandas:1338138,1,1,CNN_glove100
pandas:1338146,1,1,CNN_glove100
pandas:1338158,1,1,CNN_glove100
pandas:1338167,1,1,CNN_glove100
pandas:1338172,1,0,CNN_glove100
pandas:1338180,1,1,CNN_glove100
pandas:1338190,1,1,CNN_glove100
pandas:1338200,1,1,CNN_glove100
pandas:1338201,1,1,CNN_glove100
pandas:1338202,1,0,CNN_glove100
pandas:1338203,1,1,CNN_glove100
pandas:1338208,1,1,CNN_glove100
pandas:1338220,1,1,CNN_glove100
pandas:1338223,1,1,CNN_glove100
pandas:1338224,1,1,CNN_glove100
pandas:1338233,1,0,CNN_glove100
pandas:1338243,1,1,CNN_glove100
pandas:1338247,1,1,CNN_glove100
pandas:1338250,1,1,CNN_glove100
pandas:1338252,1,1,CNN_glove100
pandas:1338255,1,1,CNN_glove100
pandas:1338257,1,1,CNN_glove100
pandas:1338267,1,1,CNN_glove100
pandas:1338278,1,1,CNN_glove100
pandas:1338281,1,1,CNN_glove100
pandas:1338282,1,1,CNN_glove100
pandas:1338283,1,1,CNN_glove100
pandas:1338284,1,1,CNN_glove100
pandas:1338290,1,1,CNN_glove100
pandas:1338304,1,1,CNN_glove100
pandas:1338309,1,1,CNN_glove100
pandas:1338310,1,1,CNN_glove100
pandas:1338313,1,1,CNN_glove100
pandas:1338329,1,1,CNN_glove100
pandas:1338330,1,1,CNN_glove100
pandas:1338338,1,1,CNN_glove100
pandas:1338364,1,1,CNN_glove100
pandas:1338368,1,1,CNN_glove100
pandas:1338380,1,1,CNN_glove100
pandas:1338395,1,1,CNN_glove100
pandas:1338402,1,1,CNN_glove100
pandas:1338411,1,1,CNN_glove100
pandas:1338423,1,1,CNN_glove100
pandas:1338433,1,1,CNN_glove100
pandas:1338440,1,1,CNN_glove100
pandas:1338480,1,1,CNN_glove100
pandas:1338503,1,1,CNN_glove100
pandas:1338506,1,1,CNN_glove100
pandas:1338507,1,1,CNN_glove100
pandas:1338516,1,1,CNN_glove100
pandas:1338518,1,1,CNN_glove100
pandas:1338521,1,1,CNN_glove100
pandas:1338524,1,1,CNN_glove100
pandas:1338543,0,0,CNN_glove100
pandas:1338547,0,0,CNN_glove100
pandas:1338561,0,0,CNN_glove100
pandas:1338566,0,0,CNN_glove100
pandas:1338568,0,0,CNN_glove100
pandas:1338571,0,0,CNN_glove100
pandas:1338574,0,0,CNN_glove100
pandas:1338589,0,0,CNN_glove100
pandas:1338592,0,0,CNN_glove100
pandas:1338604,0,0,CNN_glove100
pandas:1338609,0,0,CNN_glove100
pandas:1338630,0,0,CNN_glove100
pandas:1338633,0,0,CNN_glove100
pandas:1338637,0,0,CNN_glove100
pandas:1338640,0,0,CNN_glove100
pandas:1338649,0,0,CNN_glove100
pandas:1338651,0,0,CNN_glove100
pandas:1338656,0,0,CNN_glove100
pandas:1338664,0,0,CNN_glove100
pandas:1338669,0,0,CNN_glove100
pandas:1338676,0,1,CNN_glove100
pandas:1338680,0,0,CNN_glove100
pandas:1338683,0,0,CNN_glove100
pandas:1338685,0,0,CNN_glove100
pandas:1338690,0,0,CNN_glove100
pandas:1338694,0,1,CNN_glove100
pandas:1338700,0,1,CNN_glove100
pandas:1338705,0,0,CNN_glove100
pandas:1338713,0,0,CNN_glove100
pandas:1338714,0,0,CNN_glove100
pandas:1338716,0,0,CNN_glove100
pandas:1338728,0,1,CNN_glove100
pandas:1338731,0,1,CNN_glove100
pandas:1338734,0,0,CNN_glove100
pandas:1338742,0,0,CNN_glove100
pandas:1338745,0,0,CNN_glove100
pandas:1338748,0,0,CNN_glove100
pandas:1338749,0,0,CNN_glove100
pandas:1338754,0,0,CNN_glove100
pandas:1338755,0,0,CNN_glove100
pandas:1338757,0,0,CNN_glove100
pandas:1338772,0,0,CNN_glove100
pandas:1338773,0,0,CNN_glove100
pandas:1338787,0,0,CNN_glove100
pandas:1338788,0,0,CNN_glove100
pandas:1338791,0,0,CNN_glove100
pandas:1338794,0,0,CNN_glove100
pandas:1338795,0,0,CNN_glove100
pandas:1338796,0,1,CNN_glove100
pandas:1338799,0,0,CNN_glove100
pandas:1338802,0,0,CNN_glove100
pandas:1338813,0,1,CNN_glove100
pandas:1338816,0,0,CNN_glove100
pandas:1338817,0,0,CNN_glove100
pandas:1338818,0,0,CNN_glove100
pandas:1338820,0,0,CNN_glove100
pandas:1338821,0,1,CNN_glove100
pandas:1338822,0,0,CNN_glove100
pandas:1338825,0,1,CNN_glove100
pandas:1338842,0,0,CNN_glove100
pandas:1338843,0,1,CNN_glove100
pandas:1338859,0,0,CNN_glove100
pandas:1338866,0,0,CNN_glove100
pandas:1338868,0,0,CNN_glove100
pandas:1338870,0,0,CNN_glove100
pandas:1338871,0,1,CNN_glove100
pandas:1338872,0,0,CNN_glove100
pandas:1338880,0,0,CNN_glove100
pandas:1338894,0,0,CNN_glove100
pandas:1338902,0,0,CNN_glove100
pandas:1338906,0,0,CNN_glove100
pandas:1338912,0,1,CNN_glove100
pandas:1338914,0,0,CNN_glove100
pandas:1338919,0,1,CNN_glove100
pandas:1338920,0,0,CNN_glove100
pandas:1338926,0,0,CNN_glove100
pandas:1338933,0,0,CNN_glove100
pandas:1338938,0,0,CNN_glove100
pandas:1338948,0,0,CNN_glove100
pandas:1338951,0,1,CNN_glove100
pandas:1338953,0,1,CNN_glove100
pandas:1338962,0,1,CNN_glove100
pandas:1338963,0,0,CNN_glove100
pandas:1338964,0,0,CNN_glove100
pandas:1338965,0,0,CNN_glove100
pandas:1338975,0,0,CNN_glove100
pandas:1338978,0,0,CNN_glove100
pandas:1338985,0,0,CNN_glove100
pandas:1338997,0,1,CNN_glove100
pandas:1339005,0,1,CNN_glove100
pandas:1339009,0,0,CNN_glove100
pandas:1339016,0,0,CNN_glove100
pandas:1339018,0,1,CNN_glove100
pandas:1339023,0,1,CNN_glove100
pandas:1339024,0,0,CNN_glove100
pandas:1339027,0,0,CNN_glove100
pandas:1339035,0,0,CNN_glove100
pandas:1339037,0,0,CNN_glove100
pandas:1339040,0,0,CNN_glove100
pandas:1339041,0,0,CNN_glove100
pandas:1339043,0,0,CNN_glove100
pandas:1339059,0,0,CNN_glove100
pandas:1339069,0,1,CNN_glove100
pandas:1339080,0,0,CNN_glove100
pandas:1339086,0,1,CNN_glove100
pandas:1339087,0,0,CNN_glove100
pandas:1339090,0,0,CNN_glove100
pandas:1339095,0,0,CNN_glove100
pandas:1339096,0,0,CNN_glove100
pandas:1339099,0,0,CNN_glove100
pandas:1339100,0,0,CNN_glove100
pandas:1339104,0,1,CNN_glove100
pandas:1339106,0,1,CNN_glove100
pandas:1339107,0,1,CNN_glove100
pandas:1339108,0,0,CNN_glove100
pandas:1339110,0,0,CNN_glove100
pandas:1339122,0,0,CNN_glove100
pandas:1339123,0,0,CNN_glove100
pandas:1339137,0,1,CNN_glove100
pandas:1339138,0,0,CNN_glove100
pandas:1339141,0,0,CNN_glove100
pandas:1339143,0,1,CNN_glove100
pandas:1339144,0,0,CNN_glove100
pandas:1339153,0,1,CNN_glove100
pandas:1339155,0,0,CNN_glove100
pandas:1339159,0,0,CNN_glove100
pandas:1339160,0,0,CNN_glove100
pandas:1339161,0,0,CNN_glove100
pandas:1339162,0,0,CNN_glove100
pandas:1339163,0,0,CNN_glove100
pandas:1339167,0,0,CNN_glove100
pandas:1339169,0,0,CNN_glove100
pandas:1339171,0,0,CNN_glove100
pandas:1339173,0,0,CNN_glove100
pandas:1339175,0,0,CNN_glove100
pandas:1339177,0,0,CNN_glove100
pandas:1339178,0,0,CNN_glove100
pandas:1339184,0,1,CNN_glove100
pandas:1339187,0,0,CNN_glove100
pandas:1339189,0,0,CNN_glove100
pandas:1339192,0,1,CNN_glove100
pandas:1339194,0,0,CNN_glove100
pandas:1339195,0,0,CNN_glove100
pandas:1339197,0,0,CNN_glove100
pandas:1339202,0,0,CNN_glove100
pandas:1339219,0,1,CNN_glove100
pandas:1339220,0,0,CNN_glove100
pandas:1339222,0,1,CNN_glove100
pandas:1339223,0,1,CNN_glove100
pandas:1339230,0,0,CNN_glove100
pandas:1339234,0,0,CNN_glove100
pandas:1339239,0,0,CNN_glove100
pandas:1339243,0,1,CNN_glove100
pandas:1339248,0,0,CNN_glove100
pandas:1339250,0,1,CNN_glove100
pandas:1339253,0,0,CNN_glove100
pandas:1339255,0,1,CNN_glove100
pandas:1339257,0,0,CNN_glove100
pandas:1339271,0,0,CNN_glove100
pandas:1339277,0,0,CNN_glove100
pandas:1339284,0,1,CNN_glove100
pandas:1339291,0,0,CNN_glove100
pandas:1339296,0,0,CNN_glove100
pandas:1339307,0,1,CNN_glove100
pandas:1339309,0,0,CNN_glove100
pandas:1339310,0,0,CNN_glove100
pandas:1339315,0,1,CNN_glove100
pandas:1339317,0,0,CNN_glove100
pandas:1339321,0,1,CNN_glove100
pandas:1339322,0,1,CNN_glove100
pandas:1339336,0,0,CNN_glove100
pandas:1339351,0,1,CNN_glove100
pandas:1339359,0,1,CNN_glove100
pandas:1339361,0,0,CNN_glove100
pandas:1339371,0,0,CNN_glove100
pandas:1339373,0,1,CNN_glove100
pandas:1339383,0,0,CNN_glove100
pandas:1339391,0,0,CNN_glove100
pandas:1339446,0,0,CNN_glove100
pandas:1339451,0,0,CNN_glove100
pandas:1339460,0,0,CNN_glove100
pandas:1339461,0,0,CNN_glove100
pandas:1339468,0,1,CNN_glove100
pandas:1339478,0,1,CNN_glove100
pandas:1339481,0,0,CNN_glove100
pandas:1339493,0,0,CNN_glove100
pandas:1339496,0,1,CNN_glove100
pandas:1339501,0,0,CNN_glove100
pandas:1339507,0,1,CNN_glove100
pandas:1339508,0,1,CNN_glove100
pandas:1339510,0,0,CNN_glove100
pandas:1339518,0,0,CNN_glove100
pandas:1339521,0,1,CNN_glove100
pandas:1339528,0,1,CNN_glove100
pandas:1339544,0,0,CNN_glove100
pandas:1339546,0,0,CNN_glove100
pandas:1339550,0,0,CNN_glove100
pandas:1339553,0,1,CNN_glove100
pandas:1339554,0,0,CNN_glove100
pandas:1339556,0,0,CNN_glove100
pandas:1339559,0,0,CNN_glove100
pandas:1339570,0,0,CNN_glove100
pandas:1339576,0,0,CNN_glove100
pandas:1339582,0,1,CNN_glove100
pandas:1339589,0,0,CNN_glove100
pandas:1339594,0,0,CNN_glove100
pandas:1339597,0,0,CNN_glove100
pandas:1339600,0,0,CNN_glove100
pandas:1339607,0,0,CNN_glove100
pandas:1339610,0,0,CNN_glove100
pandas:1339617,0,0,CNN_glove100
pandas:1339619,0,0,CNN_glove100
pandas:1339630,0,1,CNN_glove100
pandas:1339632,0,0,CNN_glove100
pandas:1339635,0,0,CNN_glove100
pandas:1339636,0,0,CNN_glove100
pandas:1339640,0,0,CNN_glove100
pandas:1339643,0,0,CNN_glove100
pandas:1339668,0,0,CNN_glove100
pandas:1339669,0,0,CNN_glove100
pandas:1339671,0,0,CNN_glove100
pandas:1339681,0,0,CNN_glove100
pandas:1339683,0,0,CNN_glove100
pandas:1339687,0,0,CNN_glove100
pandas:1339688,0,0,CNN_glove100
pandas:1339690,0,1,CNN_glove100
pandas:1339699,0,1,CNN_glove100
pandas:1339704,0,1,CNN_glove100
pandas:1339722,0,1,CNN_glove100
pandas:1339725,0,0,CNN_glove100
pandas:1339731,0,1,CNN_glove100
pandas:1339736,0,0,CNN_glove100
pandas:1339746,0,0,CNN_glove100
pandas:1339758,0,0,CNN_glove100
pandas:1339759,0,0,CNN_glove100
pandas:1339766,0,0,CNN_glove100
pandas:1339769,0,1,CNN_glove100
pandas:1339780,0,1,CNN_glove100
pandas:1339792,0,0,CNN_glove100
pandas:1339802,0,1,CNN_glove100
pandas:1339810,0,0,CNN_glove100
pandas:1339817,0,1,CNN_glove100
pandas:1339819,0,0,CNN_glove100
pandas:1339820,0,0,CNN_glove100
pandas:1339831,0,1,CNN_glove100
pandas:1339833,0,1,CNN_glove100
pandas:1339841,0,1,CNN_glove100
pandas:1339846,0,0,CNN_glove100
pandas:1339849,0,0,CNN_glove100
pandas:1339850,0,0,CNN_glove100
pandas:1339855,0,0,CNN_glove100
pandas:1339859,0,0,CNN_glove100
pandas:1339861,0,0,CNN_glove100
pandas:1339862,0,0,CNN_glove100
pandas:1339875,0,0,CNN_glove100
pandas:1339877,0,0,CNN_glove100
pandas:1339878,0,1,CNN_glove100
pandas:1339880,0,0,CNN_glove100
pandas:1339881,0,0,CNN_glove100
pandas:1339882,0,1,CNN_glove100
pandas:1339883,0,0,CNN_glove100
pandas:1339888,0,0,CNN_glove100
pandas:1339890,0,1,CNN_glove100
pandas:1339892,0,0,CNN_glove100
pandas:1339897,0,0,CNN_glove100
pandas:1339916,0,0,CNN_glove100
pandas:1339917,0,0,CNN_glove100
pandas:1339927,0,0,CNN_glove100
pandas:1339931,0,0,CNN_glove100
pandas:1339935,0,0,CNN_glove100
pandas:1339940,0,0,CNN_glove100
pandas:1339947,0,1,CNN_glove100
pandas:1339950,0,0,CNN_glove100
pandas:1339956,0,1,CNN_glove100
pandas:1339958,0,0,CNN_glove100
pandas:1339961,0,1,CNN_glove100
pandas:1339965,0,1,CNN_glove100
pandas:1339976,0,0,CNN_glove100
pandas:1339985,0,0,CNN_glove100
pandas:1339991,0,0,CNN_glove100
pandas:1339992,0,0,CNN_glove100
pandas:1339997,0,0,CNN_glove100
pandas:1340001,0,0,CNN_glove100
pandas:1340002,0,1,CNN_glove100
pandas:1340008,0,0,CNN_glove100
pandas:1340020,0,0,CNN_glove100
pandas:1340024,0,0,CNN_glove100
pandas:1340026,0,0,CNN_glove100
pandas:1340027,0,0,CNN_glove100
pandas:1340033,0,1,CNN_glove100
pandas:1340046,0,1,CNN_glove100
pandas:1340051,0,1,CNN_glove100
pandas:1340053,0,0,CNN_glove100
pandas:1340067,0,0,CNN_glove100
pandas:1340070,0,0,CNN_glove100
pandas:1340076,0,0,CNN_glove100
pandas:1340079,0,0,CNN_glove100
pandas:1340086,0,0,CNN_glove100
pandas:1340087,0,0,CNN_glove100
pandas:1340094,0,0,CNN_glove100
pandas:1340104,0,0,CNN_glove100
pandas:1340109,0,1,CNN_glove100
pandas:1340112,0,0,CNN_glove100
pandas:1340115,0,1,CNN_glove100
pandas:1340121,0,0,CNN_glove100
pandas:1340127,0,0,CNN_glove100
pandas:1340129,0,1,CNN_glove100
pandas:1340132,0,0,CNN_glove100
pandas:1340136,0,0,CNN_glove100
pandas:1340137,0,0,CNN_glove100
pandas:1340144,0,1,CNN_glove100
pandas:1340159,0,1,CNN_glove100
pandas:1340173,0,0,CNN_glove100
pandas:1340175,0,0,CNN_glove100
pandas:1340179,0,1,CNN_glove100
pandas:1340190,0,0,CNN_glove100
pandas:1340198,0,0,CNN_glove100
pandas:1340200,0,0,CNN_glove100
pandas:1340213,0,0,CNN_glove100
pandas:1340214,0,0,CNN_glove100
pandas:1340228,0,1,CNN_glove100
pandas:1340232,0,0,CNN_glove100
pandas:1340234,0,0,CNN_glove100
pandas:1340246,0,0,CNN_glove100
pandas:1340252,0,0,CNN_glove100
pandas:1340253,0,0,CNN_glove100
pandas:1340268,0,0,CNN_glove100
pandas:1340281,0,0,CNN_glove100
pandas:1340287,0,0,CNN_glove100
pandas:1340294,0,0,CNN_glove100
pandas:1340298,0,0,CNN_glove100
pandas:1340301,0,0,CNN_glove100
pandas:1340305,0,1,CNN_glove100
pandas:1340307,0,0,CNN_glove100
pandas:1340314,0,0,CNN_glove100
pandas:1340336,0,0,CNN_glove100
pandas:1340339,0,0,CNN_glove100
pandas:1340342,0,0,CNN_glove100
pandas:1340347,0,1,CNN_glove100
pandas:1340352,0,0,CNN_glove100
pandas:1340354,0,1,CNN_glove100
pandas:1340357,0,1,CNN_glove100
pandas:1340369,0,0,CNN_glove100
pandas:1340373,0,0,CNN_glove100
pandas:1340376,0,1,CNN_glove100
pandas:1340381,0,0,CNN_glove100
pandas:1340387,0,0,CNN_glove100
pandas:1340394,0,0,CNN_glove100
pandas:1340408,0,0,CNN_glove100
pandas:1340424,0,0,CNN_glove100
pandas:1340440,0,1,CNN_glove100
pandas:1340441,0,0,CNN_glove100
pandas:1340447,0,1,CNN_glove100
pandas:1340459,0,1,CNN_glove100
pandas:1340473,0,0,CNN_glove100
pandas:1340477,0,1,CNN_glove100
pandas:1340478,0,0,CNN_glove100
pandas:1340515,0,0,CNN_glove100
pandas:1340517,0,0,CNN_glove100
pandas:1340562,0,1,CNN_glove100
pandas:1340574,0,0,CNN_glove100
pandas:1340578,0,0,CNN_glove100
pandas:1340589,0,0,CNN_glove100
pandas:1340609,0,0,CNN_glove100
pandas:1340612,0,1,CNN_glove100
pandas:1340614,0,1,CNN_glove100
pandas:1340619,0,1,CNN_glove100
pandas:1340624,0,0,CNN_glove100
pandas:1340631,0,1,CNN_glove100
pandas:1340632,0,0,CNN_glove100
pandas:1340633,0,0,CNN_glove100
pandas:1340634,0,0,CNN_glove100
pandas:1340647,0,0,CNN_glove100
pandas:1340649,0,0,CNN_glove100
pandas:1340653,0,0,CNN_glove100
pandas:1340658,0,0,CNN_glove100
pandas:1340664,0,0,CNN_glove100
pandas:1340669,0,1,CNN_glove100
pandas:1340670,0,0,CNN_glove100
pandas:1340672,0,1,CNN_glove100
pandas:1340682,0,0,CNN_glove100
pandas:1340688,0,0,CNN_glove100
pandas:1340692,0,0,CNN_glove100
pandas:1340698,0,1,CNN_glove100
pandas:1340701,0,0,CNN_glove100
pandas:1340706,0,0,CNN_glove100
pandas:1340721,0,0,CNN_glove100
pandas:1340755,0,0,CNN_glove100
pandas:1340757,0,1,CNN_glove100
pandas:1340763,0,1,CNN_glove100
pandas:1340765,0,1,CNN_glove100
pandas:1340782,0,0,CNN_glove100
pandas:1340786,0,0,CNN_glove100
pandas:1340790,0,0,CNN_glove100
pandas:1340798,0,0,CNN_glove100
pandas:1340810,0,0,CNN_glove100
pandas:1340818,0,0,CNN_glove100
pandas:1340825,0,1,CNN_glove100
pandas:1340832,0,0,CNN_glove100
pandas:1340833,0,0,CNN_glove100
pandas:1340834,0,0,CNN_glove100
pandas:1340849,0,0,CNN_glove100
pandas:1340851,0,0,CNN_glove100
pandas:1340875,0,0,CNN_glove100
pandas:1340884,0,0,CNN_glove100
pandas:1340897,0,0,CNN_glove100
pandas:1340903,0,0,CNN_glove100
pandas:1340910,0,0,CNN_glove100
pandas:1340917,0,0,CNN_glove100
pandas:1340925,0,0,CNN_glove100
pandas:1340926,0,0,CNN_glove100
pandas:1340927,0,0,CNN_glove100
pandas:1340930,0,0,CNN_glove100
pandas:1340931,0,0,CNN_glove100
pandas:1340944,0,0,CNN_glove100
pandas:1340950,0,0,CNN_glove100
pandas:1340955,0,0,CNN_glove100
pandas:1340959,0,0,CNN_glove100
pandas:1340960,0,0,CNN_glove100
pandas:1340981,0,0,CNN_glove100
salt:1247236,1,1,CNN_glove100
salt:1247238,1,1,CNN_glove100
salt:1247241,1,1,CNN_glove100
salt:1247245,1,1,CNN_glove100
salt:1247248,1,1,CNN_glove100
salt:1247249,1,1,CNN_glove100
salt:1247252,1,1,CNN_glove100
salt:1247259,1,1,CNN_glove100
salt:1247261,1,1,CNN_glove100
salt:1247268,1,1,CNN_glove100
salt:1247269,1,1,CNN_glove100
salt:1247272,1,1,CNN_glove100
salt:1247276,1,1,CNN_glove100
salt:1247280,1,1,CNN_glove100
salt:1247282,1,1,CNN_glove100
salt:1247283,1,1,CNN_glove100
salt:1247284,1,1,CNN_glove100
salt:1247286,1,1,CNN_glove100
salt:1247291,1,1,CNN_glove100
salt:1247292,1,0,CNN_glove100
salt:1247296,1,1,CNN_glove100
salt:1247308,1,1,CNN_glove100
salt:1247312,1,1,CNN_glove100
salt:1247315,1,1,CNN_glove100
salt:1247325,1,1,CNN_glove100
salt:1247326,1,1,CNN_glove100
salt:1247327,1,1,CNN_glove100
salt:1247330,1,1,CNN_glove100
salt:1247334,1,1,CNN_glove100
salt:1247339,1,1,CNN_glove100
salt:1247343,1,1,CNN_glove100
salt:1247346,1,1,CNN_glove100
salt:1247348,1,1,CNN_glove100
salt:1247352,1,1,CNN_glove100
salt:1247355,1,1,CNN_glove100
salt:1247358,1,1,CNN_glove100
salt:1247359,1,1,CNN_glove100
salt:1247361,1,1,CNN_glove100
salt:1247368,1,1,CNN_glove100
salt:1247374,1,1,CNN_glove100
salt:1247384,1,1,CNN_glove100
salt:1247386,1,1,CNN_glove100
salt:1247388,1,1,CNN_glove100
salt:1247391,1,1,CNN_glove100
salt:1247392,1,1,CNN_glove100
salt:1247394,1,1,CNN_glove100
salt:1247400,1,1,CNN_glove100
salt:1247404,1,1,CNN_glove100
salt:1247405,1,1,CNN_glove100
salt:1247412,1,0,CNN_glove100
salt:1247416,1,1,CNN_glove100
salt:1247417,1,1,CNN_glove100
salt:1247426,1,1,CNN_glove100
salt:1247431,1,1,CNN_glove100
salt:1247432,1,1,CNN_glove100
salt:1247437,1,1,CNN_glove100
salt:1247440,1,1,CNN_glove100
salt:1247441,1,1,CNN_glove100
salt:1247446,1,1,CNN_glove100
salt:1247456,1,1,CNN_glove100
salt:1247481,1,1,CNN_glove100
salt:1247491,1,1,CNN_glove100
salt:1247498,1,1,CNN_glove100
salt:1247499,1,1,CNN_glove100
salt:1247501,1,1,CNN_glove100
salt:1247522,1,1,CNN_glove100
salt:1247523,1,1,CNN_glove100
salt:1247539,1,1,CNN_glove100
salt:1247556,1,1,CNN_glove100
salt:1247561,1,1,CNN_glove100
salt:1247574,1,1,CNN_glove100
salt:1247575,1,1,CNN_glove100
salt:1247577,1,1,CNN_glove100
salt:1247578,1,1,CNN_glove100
salt:1247579,1,1,CNN_glove100
salt:1247580,1,1,CNN_glove100
salt:1247581,1,1,CNN_glove100
salt:1247582,1,1,CNN_glove100
salt:1247583,1,1,CNN_glove100
salt:1247591,1,1,CNN_glove100
salt:1247598,1,1,CNN_glove100
salt:1247603,1,1,CNN_glove100
salt:1247617,1,1,CNN_glove100
salt:1247624,1,1,CNN_glove100
salt:1247626,1,1,CNN_glove100
salt:1247627,1,1,CNN_glove100
salt:1247631,1,1,CNN_glove100
salt:1247633,1,1,CNN_glove100
salt:1247634,1,1,CNN_glove100
salt:1247635,1,1,CNN_glove100
salt:1247636,1,1,CNN_glove100
salt:1247645,1,1,CNN_glove100
salt:1247650,1,1,CNN_glove100
salt:1247654,1,0,CNN_glove100
salt:1247661,1,1,CNN_glove100
salt:1247663,1,1,CNN_glove100
salt:1247674,1,1,CNN_glove100
salt:1247675,1,1,CNN_glove100
salt:1247677,1,1,CNN_glove100
salt:1247679,1,1,CNN_glove100
salt:1247683,1,1,CNN_glove100
salt:1247688,1,1,CNN_glove100
salt:1247697,1,1,CNN_glove100
salt:1247699,1,1,CNN_glove100
salt:1247701,1,1,CNN_glove100
salt:1247703,1,1,CNN_glove100
salt:1247709,1,1,CNN_glove100
salt:1247712,1,1,CNN_glove100
salt:1247717,1,1,CNN_glove100
salt:1247723,1,1,CNN_glove100
salt:1247738,1,1,CNN_glove100
salt:1247740,1,1,CNN_glove100
salt:1247742,1,1,CNN_glove100
salt:1247744,1,1,CNN_glove100
salt:1247745,1,1,CNN_glove100
salt:1247752,1,1,CNN_glove100
salt:1247756,1,0,CNN_glove100
salt:1247764,1,1,CNN_glove100
salt:1247768,1,1,CNN_glove100
salt:1247772,1,1,CNN_glove100
salt:1247773,1,1,CNN_glove100
salt:1247788,1,0,CNN_glove100
salt:1247792,1,1,CNN_glove100
salt:1247800,1,1,CNN_glove100
salt:1247805,1,1,CNN_glove100
salt:1247806,1,1,CNN_glove100
salt:1247815,1,1,CNN_glove100
salt:1247817,1,1,CNN_glove100
salt:1247820,1,1,CNN_glove100
salt:1247825,1,1,CNN_glove100
salt:1247844,1,1,CNN_glove100
salt:1247852,1,1,CNN_glove100
salt:1247867,1,1,CNN_glove100
salt:1247877,1,1,CNN_glove100
salt:1247888,1,1,CNN_glove100
salt:1247905,1,1,CNN_glove100
salt:1247906,1,1,CNN_glove100
salt:1247909,1,1,CNN_glove100
salt:1247914,1,0,CNN_glove100
salt:1247916,1,1,CNN_glove100
salt:1247924,1,1,CNN_glove100
salt:1247925,1,1,CNN_glove100
salt:1247934,1,1,CNN_glove100
salt:1247942,1,1,CNN_glove100
salt:1247944,1,1,CNN_glove100
salt:1247946,1,1,CNN_glove100
salt:1247963,1,1,CNN_glove100
salt:1247965,1,1,CNN_glove100
salt:1247972,1,1,CNN_glove100
salt:1247991,1,1,CNN_glove100
salt:1247997,1,1,CNN_glove100
salt:1248003,1,1,CNN_glove100
salt:1248009,1,1,CNN_glove100
salt:1248015,1,1,CNN_glove100
salt:1248017,1,1,CNN_glove100
salt:1248022,1,1,CNN_glove100
salt:1248032,1,1,CNN_glove100
salt:1248037,1,1,CNN_glove100
salt:1248045,1,1,CNN_glove100
salt:1248066,1,1,CNN_glove100
salt:1248083,1,1,CNN_glove100
salt:1248089,1,0,CNN_glove100
salt:1248091,1,1,CNN_glove100
salt:1248094,1,1,CNN_glove100
salt:1248100,1,1,CNN_glove100
salt:1248102,1,1,CNN_glove100
salt:1248107,1,1,CNN_glove100
salt:1248112,1,1,CNN_glove100
salt:1248114,1,1,CNN_glove100
salt:1248122,1,1,CNN_glove100
salt:1248123,1,1,CNN_glove100
salt:1248132,1,1,CNN_glove100
salt:1248139,1,1,CNN_glove100
salt:1248142,1,1,CNN_glove100
salt:1248145,1,1,CNN_glove100
salt:1248146,1,1,CNN_glove100
salt:1248148,1,1,CNN_glove100
salt:1248150,1,1,CNN_glove100
salt:1248163,1,1,CNN_glove100
salt:1248164,1,1,CNN_glove100
salt:1248171,1,1,CNN_glove100
salt:1248172,1,1,CNN_glove100
salt:1248177,1,1,CNN_glove100
salt:1248186,1,1,CNN_glove100
salt:1248193,1,1,CNN_glove100
salt:1248204,1,1,CNN_glove100
salt:1248205,1,1,CNN_glove100
salt:1248206,1,1,CNN_glove100
salt:1248214,1,1,CNN_glove100
salt:1248215,1,1,CNN_glove100
salt:1248220,1,1,CNN_glove100
salt:1248225,1,1,CNN_glove100
salt:1248233,1,1,CNN_glove100
salt:1248237,1,0,CNN_glove100
salt:1248248,1,1,CNN_glove100
salt:1248249,1,1,CNN_glove100
salt:1248256,1,1,CNN_glove100
salt:1248265,1,1,CNN_glove100
salt:1248267,1,1,CNN_glove100
salt:1248270,1,1,CNN_glove100
salt:1248273,1,1,CNN_glove100
salt:1248279,1,1,CNN_glove100
salt:1248281,1,1,CNN_glove100
salt:1248286,1,1,CNN_glove100
salt:1248293,1,1,CNN_glove100
salt:1248301,1,1,CNN_glove100
salt:1248302,1,1,CNN_glove100
salt:1248307,1,1,CNN_glove100
salt:1248316,1,1,CNN_glove100
salt:1248318,1,1,CNN_glove100
salt:1248320,1,1,CNN_glove100
salt:1248338,1,1,CNN_glove100
salt:1248339,1,1,CNN_glove100
salt:1248342,1,0,CNN_glove100
salt:1248350,1,1,CNN_glove100
salt:1248360,1,1,CNN_glove100
salt:1248365,1,1,CNN_glove100
salt:1248367,1,1,CNN_glove100
salt:1248368,1,1,CNN_glove100
salt:1248370,1,1,CNN_glove100
salt:1248375,1,1,CNN_glove100
salt:1248376,1,1,CNN_glove100
salt:1248378,1,1,CNN_glove100
salt:1248380,1,1,CNN_glove100
salt:1248387,1,1,CNN_glove100
salt:1248390,1,1,CNN_glove100
salt:1248400,1,0,CNN_glove100
salt:1248401,1,1,CNN_glove100
salt:1248404,1,1,CNN_glove100
salt:1248416,1,1,CNN_glove100
salt:1248418,1,1,CNN_glove100
salt:1248423,1,1,CNN_glove100
salt:1248435,1,1,CNN_glove100
salt:1248446,1,1,CNN_glove100
salt:1248452,1,1,CNN_glove100
salt:1248454,1,1,CNN_glove100
salt:1248455,1,1,CNN_glove100
salt:1248456,1,1,CNN_glove100
salt:1248459,1,1,CNN_glove100
salt:1248466,1,1,CNN_glove100
salt:1248468,1,1,CNN_glove100
salt:1248475,1,1,CNN_glove100
salt:1248477,1,1,CNN_glove100
salt:1248483,1,1,CNN_glove100
salt:1248484,1,1,CNN_glove100
salt:1248490,1,1,CNN_glove100
salt:1248495,1,0,CNN_glove100
salt:1248501,1,1,CNN_glove100
salt:1248511,1,1,CNN_glove100
salt:1248513,1,1,CNN_glove100
salt:1248516,1,1,CNN_glove100
salt:1248522,1,1,CNN_glove100
salt:1248526,1,1,CNN_glove100
salt:1248527,1,1,CNN_glove100
salt:1248528,1,1,CNN_glove100
salt:1248538,1,1,CNN_glove100
salt:1248548,1,0,CNN_glove100
salt:1248550,1,1,CNN_glove100
salt:1248551,1,1,CNN_glove100
salt:1248560,1,0,CNN_glove100
salt:1248574,1,1,CNN_glove100
salt:1248577,1,1,CNN_glove100
salt:1248581,1,1,CNN_glove100
salt:1248582,1,1,CNN_glove100
salt:1248583,1,1,CNN_glove100
salt:1248585,1,1,CNN_glove100
salt:1248586,1,1,CNN_glove100
salt:1248588,1,1,CNN_glove100
salt:1248592,1,1,CNN_glove100
salt:1248593,1,1,CNN_glove100
salt:1248598,1,1,CNN_glove100
salt:1248603,1,1,CNN_glove100
salt:1248610,1,1,CNN_glove100
salt:1248615,1,1,CNN_glove100
salt:1248618,1,1,CNN_glove100
salt:1248623,1,1,CNN_glove100
salt:1248633,1,1,CNN_glove100
salt:1248635,1,1,CNN_glove100
salt:1248638,1,1,CNN_glove100
salt:1248640,1,1,CNN_glove100
salt:1248642,1,1,CNN_glove100
salt:1248644,1,1,CNN_glove100
salt:1248645,1,1,CNN_glove100
salt:1248665,1,1,CNN_glove100
salt:1248674,1,1,CNN_glove100
salt:1248678,1,1,CNN_glove100
salt:1248679,1,1,CNN_glove100
salt:1248681,1,1,CNN_glove100
salt:1248688,1,1,CNN_glove100
salt:1248697,1,1,CNN_glove100
salt:1248701,1,1,CNN_glove100
salt:1248702,1,1,CNN_glove100
salt:1248707,1,1,CNN_glove100
salt:1248719,1,1,CNN_glove100
salt:1248720,1,1,CNN_glove100
salt:1248721,1,1,CNN_glove100
salt:1248729,1,1,CNN_glove100
salt:1248730,1,1,CNN_glove100
salt:1248731,1,1,CNN_glove100
salt:1248734,1,1,CNN_glove100
salt:1248738,1,1,CNN_glove100
salt:1248740,1,1,CNN_glove100
salt:1248754,1,1,CNN_glove100
salt:1248758,1,1,CNN_glove100
salt:1248759,1,1,CNN_glove100
salt:1248760,1,1,CNN_glove100
salt:1248775,1,1,CNN_glove100
salt:1248778,1,1,CNN_glove100
salt:1248784,1,1,CNN_glove100
salt:1248789,1,1,CNN_glove100
salt:1248791,1,1,CNN_glove100
salt:1248793,1,1,CNN_glove100
salt:1248795,1,1,CNN_glove100
salt:1248796,1,1,CNN_glove100
salt:1248797,1,1,CNN_glove100
salt:1248811,1,1,CNN_glove100
salt:1248817,1,0,CNN_glove100
salt:1248821,1,1,CNN_glove100
salt:1248840,1,1,CNN_glove100
salt:1248843,1,1,CNN_glove100
salt:1248846,1,1,CNN_glove100
salt:1248849,1,1,CNN_glove100
salt:1248851,1,1,CNN_glove100
salt:1248860,1,0,CNN_glove100
salt:1248880,1,1,CNN_glove100
salt:1248884,1,1,CNN_glove100
salt:1248886,1,1,CNN_glove100
salt:1248891,1,1,CNN_glove100
salt:1248893,1,1,CNN_glove100
salt:1248904,1,1,CNN_glove100
salt:1248907,1,1,CNN_glove100
salt:1248923,1,1,CNN_glove100
salt:1248926,1,1,CNN_glove100
salt:1248944,1,1,CNN_glove100
salt:1248945,1,1,CNN_glove100
salt:1248946,1,1,CNN_glove100
salt:1248952,1,1,CNN_glove100
salt:1248958,1,1,CNN_glove100
salt:1248959,1,1,CNN_glove100
salt:1248965,1,1,CNN_glove100
salt:1248966,1,1,CNN_glove100
salt:1248970,1,1,CNN_glove100
salt:1248972,1,1,CNN_glove100
salt:1248973,1,1,CNN_glove100
salt:1248977,1,1,CNN_glove100
salt:1248979,1,1,CNN_glove100
salt:1248981,1,1,CNN_glove100
salt:1248984,1,1,CNN_glove100
salt:1248988,1,1,CNN_glove100
salt:1248989,1,1,CNN_glove100
salt:1248992,1,1,CNN_glove100
salt:1248996,1,1,CNN_glove100
salt:1249005,1,1,CNN_glove100
salt:1249015,1,1,CNN_glove100
salt:1249017,1,1,CNN_glove100
salt:1249024,1,1,CNN_glove100
salt:1249033,1,1,CNN_glove100
salt:1249035,1,1,CNN_glove100
salt:1249039,1,1,CNN_glove100
salt:1249040,1,1,CNN_glove100
salt:1249041,1,1,CNN_glove100
salt:1249042,1,1,CNN_glove100
salt:1249046,1,0,CNN_glove100
salt:1249047,1,1,CNN_glove100
salt:1249049,1,1,CNN_glove100
salt:1249052,1,1,CNN_glove100
salt:1249054,1,1,CNN_glove100
salt:1249062,1,1,CNN_glove100
salt:1249063,1,1,CNN_glove100
salt:1249072,1,1,CNN_glove100
salt:1249080,1,1,CNN_glove100
salt:1249082,1,1,CNN_glove100
salt:1249088,1,1,CNN_glove100
salt:1249092,1,1,CNN_glove100
salt:1249101,1,1,CNN_glove100
salt:1249106,1,1,CNN_glove100
salt:1249110,1,1,CNN_glove100
salt:1249111,1,1,CNN_glove100
salt:1249114,1,1,CNN_glove100
salt:1249115,1,1,CNN_glove100
salt:1249116,1,1,CNN_glove100
salt:1249122,1,1,CNN_glove100
salt:1249129,1,1,CNN_glove100
salt:1249130,1,1,CNN_glove100
salt:1249133,1,1,CNN_glove100
salt:1249139,1,1,CNN_glove100
salt:1249147,1,1,CNN_glove100
salt:1249148,1,1,CNN_glove100
salt:1249154,1,1,CNN_glove100
salt:1249157,1,1,CNN_glove100
salt:1249158,1,1,CNN_glove100
salt:1249165,1,0,CNN_glove100
salt:1249167,1,1,CNN_glove100
salt:1249169,1,1,CNN_glove100
salt:1249174,1,1,CNN_glove100
salt:1249177,1,1,CNN_glove100
salt:1249180,1,1,CNN_glove100
salt:1249182,1,1,CNN_glove100
salt:1249189,1,1,CNN_glove100
salt:1249195,1,1,CNN_glove100
salt:1249219,1,1,CNN_glove100
salt:1249222,1,1,CNN_glove100
salt:1249230,1,1,CNN_glove100
salt:1249232,1,1,CNN_glove100
salt:1249236,1,1,CNN_glove100
salt:1249239,1,1,CNN_glove100
salt:1249245,1,1,CNN_glove100
salt:1249250,1,1,CNN_glove100
salt:1249260,1,1,CNN_glove100
salt:1249267,1,1,CNN_glove100
salt:1249272,1,1,CNN_glove100
salt:1249283,1,1,CNN_glove100
salt:1249284,1,1,CNN_glove100
salt:1249288,1,1,CNN_glove100
salt:1249289,1,1,CNN_glove100
salt:1249291,1,1,CNN_glove100
salt:1249295,1,1,CNN_glove100
salt:1249301,1,1,CNN_glove100
salt:1249307,1,1,CNN_glove100
salt:1249310,1,1,CNN_glove100
salt:1249332,1,1,CNN_glove100
salt:1249340,1,1,CNN_glove100
salt:1249366,1,1,CNN_glove100
salt:1249367,1,1,CNN_glove100
salt:1249369,1,1,CNN_glove100
salt:1249376,1,1,CNN_glove100
salt:1249390,1,1,CNN_glove100
salt:1249400,1,1,CNN_glove100
salt:1249401,1,1,CNN_glove100
salt:1249404,1,1,CNN_glove100
salt:1249419,1,1,CNN_glove100
salt:1249420,1,1,CNN_glove100
salt:1249425,1,1,CNN_glove100
salt:1249435,1,1,CNN_glove100
salt:1249437,1,1,CNN_glove100
salt:1249443,1,1,CNN_glove100
salt:1249450,1,1,CNN_glove100
salt:1249451,1,1,CNN_glove100
salt:1249455,1,1,CNN_glove100
salt:1249469,1,1,CNN_glove100
salt:1249471,1,1,CNN_glove100
salt:1249473,1,1,CNN_glove100
salt:1249475,1,1,CNN_glove100
salt:1249476,1,1,CNN_glove100
salt:1249479,1,1,CNN_glove100
salt:1249481,1,1,CNN_glove100
salt:1249486,1,1,CNN_glove100
salt:1249489,1,1,CNN_glove100
salt:1249490,1,1,CNN_glove100
salt:1249499,1,1,CNN_glove100
salt:1249502,1,1,CNN_glove100
salt:1249505,1,1,CNN_glove100
salt:1249509,1,1,CNN_glove100
salt:1249510,1,1,CNN_glove100
salt:1249517,1,1,CNN_glove100
salt:1249521,1,1,CNN_glove100
salt:1249528,1,1,CNN_glove100
salt:1249532,1,1,CNN_glove100
salt:1249533,1,1,CNN_glove100
salt:1249537,1,1,CNN_glove100
salt:1249543,1,1,CNN_glove100
salt:1249548,1,1,CNN_glove100
salt:1249550,1,1,CNN_glove100
salt:1249558,1,1,CNN_glove100
salt:1249560,1,1,CNN_glove100
salt:1249562,1,1,CNN_glove100
salt:1249564,1,1,CNN_glove100
salt:1249565,1,1,CNN_glove100
salt:1249568,1,1,CNN_glove100
salt:1249570,1,1,CNN_glove100
salt:1249574,1,1,CNN_glove100
salt:1249575,1,1,CNN_glove100
salt:1249577,1,1,CNN_glove100
salt:1249581,1,1,CNN_glove100
salt:1249583,1,1,CNN_glove100
salt:1249584,1,1,CNN_glove100
salt:1249586,1,1,CNN_glove100
salt:1249590,1,1,CNN_glove100
salt:1249594,1,1,CNN_glove100
salt:1249599,1,1,CNN_glove100
salt:1249600,1,1,CNN_glove100
salt:1249601,1,1,CNN_glove100
salt:1249602,1,1,CNN_glove100
salt:1249612,1,1,CNN_glove100
salt:1249621,1,1,CNN_glove100
salt:1249623,1,1,CNN_glove100
salt:1249627,1,1,CNN_glove100
salt:1249632,1,1,CNN_glove100
salt:1249636,1,1,CNN_glove100
salt:1249638,1,1,CNN_glove100
salt:1249640,1,1,CNN_glove100
salt:1249643,1,1,CNN_glove100
salt:1249646,1,1,CNN_glove100
salt:1249651,1,1,CNN_glove100
salt:1249652,1,1,CNN_glove100
salt:1249664,1,1,CNN_glove100
salt:1249668,1,1,CNN_glove100
salt:1249669,1,1,CNN_glove100
salt:1249677,1,1,CNN_glove100
salt:1249690,1,1,CNN_glove100
salt:1249702,1,0,CNN_glove100
salt:1249721,1,1,CNN_glove100
salt:1249725,1,1,CNN_glove100
salt:1249728,1,1,CNN_glove100
salt:1249730,1,1,CNN_glove100
salt:1249734,1,1,CNN_glove100
salt:1249739,1,1,CNN_glove100
salt:1249741,1,1,CNN_glove100
salt:1249751,1,1,CNN_glove100
salt:1249767,1,1,CNN_glove100
salt:1249771,1,1,CNN_glove100
salt:1249784,1,1,CNN_glove100
salt:1249806,1,1,CNN_glove100
salt:1249808,1,1,CNN_glove100
salt:1249810,1,1,CNN_glove100
salt:1249814,1,1,CNN_glove100
salt:1249818,1,1,CNN_glove100
salt:1249824,1,1,CNN_glove100
salt:1249827,1,1,CNN_glove100
salt:1249830,1,1,CNN_glove100
salt:1249838,1,1,CNN_glove100
salt:1249846,1,1,CNN_glove100
salt:1249854,1,1,CNN_glove100
salt:1249863,1,1,CNN_glove100
salt:1249867,1,1,CNN_glove100
salt:1249869,1,1,CNN_glove100
salt:1249871,1,1,CNN_glove100
salt:1249872,1,1,CNN_glove100
salt:1249877,1,1,CNN_glove100
salt:1249879,1,1,CNN_glove100
salt:1249884,1,1,CNN_glove100
salt:1249889,1,1,CNN_glove100
salt:1249898,1,1,CNN_glove100
salt:1249908,1,1,CNN_glove100
salt:1249915,1,1,CNN_glove100
salt:1249933,1,1,CNN_glove100
salt:1249940,1,1,CNN_glove100
salt:1249943,1,1,CNN_glove100
salt:1249944,1,1,CNN_glove100
salt:1249950,1,1,CNN_glove100
salt:1249951,1,1,CNN_glove100
salt:1249957,1,1,CNN_glove100
salt:1249958,1,1,CNN_glove100
salt:1249961,1,1,CNN_glove100
salt:1249963,1,1,CNN_glove100
salt:1249965,1,1,CNN_glove100
salt:1249968,1,1,CNN_glove100
salt:1249972,1,1,CNN_glove100
salt:1249974,1,1,CNN_glove100
salt:1249979,1,1,CNN_glove100
salt:1249983,1,1,CNN_glove100
salt:1249999,1,1,CNN_glove100
salt:1250003,1,1,CNN_glove100
salt:1250011,1,1,CNN_glove100
salt:1250015,1,1,CNN_glove100
salt:1250017,1,1,CNN_glove100
salt:1250023,1,1,CNN_glove100
salt:1250030,1,1,CNN_glove100
salt:1250033,1,1,CNN_glove100
salt:1250045,1,1,CNN_glove100
salt:1250046,1,1,CNN_glove100
salt:1250050,1,1,CNN_glove100
salt:1250051,1,1,CNN_glove100
salt:1250054,1,1,CNN_glove100
salt:1250072,1,1,CNN_glove100
salt:1250082,1,1,CNN_glove100
salt:1250084,1,1,CNN_glove100
salt:1250085,1,1,CNN_glove100
salt:1250097,1,1,CNN_glove100
salt:1250101,1,1,CNN_glove100
salt:1250105,1,1,CNN_glove100
salt:1250109,1,1,CNN_glove100
salt:1250112,1,1,CNN_glove100
salt:1250113,1,1,CNN_glove100
salt:1250114,1,1,CNN_glove100
salt:1250120,1,1,CNN_glove100
salt:1250139,1,1,CNN_glove100
salt:1250145,1,1,CNN_glove100
salt:1250146,1,1,CNN_glove100
salt:1250155,1,1,CNN_glove100
salt:1250161,1,1,CNN_glove100
salt:1250162,1,0,CNN_glove100
salt:1250163,1,1,CNN_glove100
salt:1250187,1,1,CNN_glove100
salt:1250191,1,1,CNN_glove100
salt:1250203,1,1,CNN_glove100
salt:1250206,1,1,CNN_glove100
salt:1250217,1,1,CNN_glove100
salt:1250221,1,1,CNN_glove100
salt:1250253,1,1,CNN_glove100
salt:1250256,1,1,CNN_glove100
salt:1250257,1,1,CNN_glove100
salt:1250263,1,1,CNN_glove100
salt:1250272,1,1,CNN_glove100
salt:1250274,1,1,CNN_glove100
salt:1250280,1,1,CNN_glove100
salt:1250294,1,1,CNN_glove100
salt:1250296,1,0,CNN_glove100
salt:1250299,1,1,CNN_glove100
salt:1250304,1,1,CNN_glove100
salt:1250305,1,1,CNN_glove100
salt:1250310,1,1,CNN_glove100
salt:1250311,1,1,CNN_glove100
salt:1250316,1,1,CNN_glove100
salt:1250334,1,1,CNN_glove100
salt:1250339,1,1,CNN_glove100
salt:1250341,1,1,CNN_glove100
salt:1250345,1,1,CNN_glove100
salt:1250347,1,1,CNN_glove100
salt:1250354,1,1,CNN_glove100
salt:1250368,1,1,CNN_glove100
salt:1250375,1,1,CNN_glove100
salt:1250380,1,1,CNN_glove100
salt:1250382,1,1,CNN_glove100
salt:1250383,1,1,CNN_glove100
salt:1250385,1,1,CNN_glove100
salt:1250389,1,1,CNN_glove100
salt:1250394,1,1,CNN_glove100
salt:1250396,1,1,CNN_glove100
salt:1250397,1,1,CNN_glove100
salt:1250406,1,1,CNN_glove100
salt:1250412,1,1,CNN_glove100
salt:1250419,1,1,CNN_glove100
salt:1250420,1,1,CNN_glove100
salt:1250422,1,1,CNN_glove100
salt:1250434,1,1,CNN_glove100
salt:1250436,1,1,CNN_glove100
salt:1250438,1,1,CNN_glove100
salt:1250444,1,1,CNN_glove100
salt:1250452,1,1,CNN_glove100
salt:1250475,1,1,CNN_glove100
salt:1250482,1,1,CNN_glove100
salt:1250486,1,1,CNN_glove100
salt:1250491,1,1,CNN_glove100
salt:1250498,1,1,CNN_glove100
salt:1250505,1,1,CNN_glove100
salt:1250511,1,1,CNN_glove100
salt:1250523,1,1,CNN_glove100
salt:1250536,1,1,CNN_glove100
salt:1250537,1,1,CNN_glove100
salt:1250543,1,1,CNN_glove100
salt:1250544,1,1,CNN_glove100
salt:1250547,1,1,CNN_glove100
salt:1250555,1,1,CNN_glove100
salt:1250561,1,1,CNN_glove100
salt:1250565,1,1,CNN_glove100
salt:1250569,1,1,CNN_glove100
salt:1250570,1,1,CNN_glove100
salt:1250572,1,1,CNN_glove100
salt:1250589,1,1,CNN_glove100
salt:1250590,1,1,CNN_glove100
salt:1250592,1,1,CNN_glove100
salt:1250594,1,1,CNN_glove100
salt:1250599,1,1,CNN_glove100
salt:1250600,1,1,CNN_glove100
salt:1250603,1,1,CNN_glove100
salt:1250608,1,1,CNN_glove100
salt:1250610,1,1,CNN_glove100
salt:1250615,1,1,CNN_glove100
salt:1250619,1,1,CNN_glove100
salt:1250622,1,1,CNN_glove100
salt:1250629,1,1,CNN_glove100
salt:1250632,1,1,CNN_glove100
salt:1250639,1,1,CNN_glove100
salt:1250642,1,1,CNN_glove100
salt:1250662,1,1,CNN_glove100
salt:1250668,1,1,CNN_glove100
salt:1250670,1,1,CNN_glove100
salt:1250673,1,0,CNN_glove100
salt:1250681,1,0,CNN_glove100
salt:1250693,1,1,CNN_glove100
salt:1250695,1,1,CNN_glove100
salt:1250710,1,1,CNN_glove100
salt:1250715,1,1,CNN_glove100
salt:1250719,1,1,CNN_glove100
salt:1250722,1,1,CNN_glove100
salt:1250728,1,1,CNN_glove100
salt:1250732,1,1,CNN_glove100
salt:1250740,1,1,CNN_glove100
salt:1250745,1,1,CNN_glove100
salt:1250759,1,1,CNN_glove100
salt:1250760,1,1,CNN_glove100
salt:1250769,1,1,CNN_glove100
salt:1250774,1,1,CNN_glove100
salt:1250782,1,1,CNN_glove100
salt:1250785,1,1,CNN_glove100
salt:1250790,1,1,CNN_glove100
salt:1250797,1,1,CNN_glove100
salt:1250798,1,1,CNN_glove100
salt:1250808,1,1,CNN_glove100
salt:1250819,1,1,CNN_glove100
salt:1250828,1,1,CNN_glove100
salt:1250829,1,1,CNN_glove100
salt:1250831,1,1,CNN_glove100
salt:1250835,1,1,CNN_glove100
salt:1250839,1,1,CNN_glove100
salt:1250844,1,1,CNN_glove100
salt:1250849,1,1,CNN_glove100
salt:1250850,1,1,CNN_glove100
salt:1250858,1,1,CNN_glove100
salt:1250862,1,1,CNN_glove100
salt:1250865,1,1,CNN_glove100
salt:1250868,1,1,CNN_glove100
salt:1250875,1,1,CNN_glove100
salt:1250892,1,1,CNN_glove100
salt:1250893,1,1,CNN_glove100
salt:1250894,1,1,CNN_glove100
salt:1250903,1,1,CNN_glove100
salt:1250905,1,0,CNN_glove100
salt:1250908,1,1,CNN_glove100
salt:1250910,1,1,CNN_glove100
salt:1250911,1,1,CNN_glove100
salt:1250921,1,1,CNN_glove100
salt:1250925,1,1,CNN_glove100
salt:1250930,1,1,CNN_glove100
salt:1250932,1,0,CNN_glove100
salt:1250933,1,1,CNN_glove100
salt:1250934,1,1,CNN_glove100
salt:1250939,1,1,CNN_glove100
salt:1250942,1,1,CNN_glove100
salt:1250953,1,1,CNN_glove100
salt:1250955,1,1,CNN_glove100
salt:1250956,1,1,CNN_glove100
salt:1250958,1,1,CNN_glove100
salt:1250963,1,0,CNN_glove100
salt:1250964,1,1,CNN_glove100
salt:1250965,1,1,CNN_glove100
salt:1250969,1,1,CNN_glove100
salt:1250970,1,1,CNN_glove100
salt:1250983,1,1,CNN_glove100
salt:1250993,1,0,CNN_glove100
salt:1250998,1,1,CNN_glove100
salt:1251003,1,1,CNN_glove100
salt:1251008,1,1,CNN_glove100
salt:1251012,1,1,CNN_glove100
salt:1251015,1,1,CNN_glove100
salt:1251020,1,1,CNN_glove100
salt:1251022,1,1,CNN_glove100
salt:1251024,1,1,CNN_glove100
salt:1251029,1,1,CNN_glove100
salt:1251034,1,1,CNN_glove100
salt:1251037,1,1,CNN_glove100
salt:1251038,1,1,CNN_glove100
salt:1251051,1,1,CNN_glove100
salt:1251055,1,1,CNN_glove100
salt:1251063,1,1,CNN_glove100
salt:1251067,1,1,CNN_glove100
salt:1251075,1,1,CNN_glove100
salt:1251097,1,1,CNN_glove100
salt:1251098,1,1,CNN_glove100
salt:1251106,1,1,CNN_glove100
salt:1251109,1,1,CNN_glove100
salt:1251115,1,1,CNN_glove100
salt:1251127,1,1,CNN_glove100
salt:1251145,1,1,CNN_glove100
salt:1251146,1,1,CNN_glove100
salt:1251147,1,1,CNN_glove100
salt:1251150,1,1,CNN_glove100
salt:1251153,1,1,CNN_glove100
salt:1251155,1,1,CNN_glove100
salt:1251157,1,1,CNN_glove100
salt:1251158,1,1,CNN_glove100
salt:1251161,1,1,CNN_glove100
salt:1251163,1,1,CNN_glove100
salt:1251164,1,1,CNN_glove100
salt:1251165,1,1,CNN_glove100
salt:1251166,1,1,CNN_glove100
salt:1251168,1,1,CNN_glove100
salt:1251170,1,1,CNN_glove100
salt:1251175,1,1,CNN_glove100
salt:1251179,1,1,CNN_glove100
salt:1251187,1,1,CNN_glove100
salt:1251195,1,1,CNN_glove100
salt:1251197,1,1,CNN_glove100
salt:1251208,1,1,CNN_glove100
salt:1251209,1,1,CNN_glove100
salt:1251219,1,1,CNN_glove100
salt:1251222,1,1,CNN_glove100
salt:1251225,1,1,CNN_glove100
salt:1251230,1,1,CNN_glove100
salt:1251232,1,1,CNN_glove100
salt:1251233,1,1,CNN_glove100
salt:1251235,1,1,CNN_glove100
salt:1251239,1,1,CNN_glove100
salt:1251242,1,1,CNN_glove100
salt:1251244,1,1,CNN_glove100
salt:1251247,1,1,CNN_glove100
salt:1251253,1,1,CNN_glove100
salt:1251259,1,1,CNN_glove100
salt:1251288,1,1,CNN_glove100
salt:1251291,1,1,CNN_glove100
salt:1251296,1,1,CNN_glove100
salt:1251299,1,1,CNN_glove100
salt:1251303,1,1,CNN_glove100
salt:1251305,1,1,CNN_glove100
salt:1251313,1,1,CNN_glove100
salt:1251316,1,1,CNN_glove100
salt:1251319,1,1,CNN_glove100
salt:1251320,1,1,CNN_glove100
salt:1251324,1,1,CNN_glove100
salt:1251326,1,1,CNN_glove100
salt:1251327,1,1,CNN_glove100
salt:1251330,1,1,CNN_glove100
salt:1251348,1,1,CNN_glove100
salt:1251367,1,1,CNN_glove100
salt:1251368,1,1,CNN_glove100
salt:1251372,1,1,CNN_glove100
salt:1251377,1,1,CNN_glove100
salt:1251386,1,1,CNN_glove100
salt:1251391,1,1,CNN_glove100
salt:1251398,1,1,CNN_glove100
salt:1251406,1,1,CNN_glove100
salt:1251408,1,1,CNN_glove100
salt:1251409,1,1,CNN_glove100
salt:1251410,1,1,CNN_glove100
salt:1251412,1,1,CNN_glove100
salt:1251418,1,1,CNN_glove100
salt:1251427,1,0,CNN_glove100
salt:1251440,1,1,CNN_glove100
salt:1251446,1,1,CNN_glove100
salt:1251447,1,1,CNN_glove100
salt:1251457,1,1,CNN_glove100
salt:1251463,1,1,CNN_glove100
salt:1251474,1,0,CNN_glove100
salt:1251477,1,1,CNN_glove100
salt:1251483,1,1,CNN_glove100
salt:1251484,1,1,CNN_glove100
salt:1251488,1,1,CNN_glove100
salt:1251506,1,1,CNN_glove100
salt:1251511,1,1,CNN_glove100
salt:1251515,1,1,CNN_glove100
salt:1251522,1,1,CNN_glove100
salt:1251523,1,1,CNN_glove100
salt:1251524,1,1,CNN_glove100
salt:1251525,1,1,CNN_glove100
salt:1251532,1,1,CNN_glove100
salt:1251540,1,1,CNN_glove100
salt:1251544,1,1,CNN_glove100
salt:1251562,1,1,CNN_glove100
salt:1251565,1,1,CNN_glove100
salt:1251567,1,1,CNN_glove100
salt:1251570,1,1,CNN_glove100
salt:1251572,1,1,CNN_glove100
salt:1251579,1,1,CNN_glove100
salt:1251589,1,1,CNN_glove100
salt:1251592,1,1,CNN_glove100
salt:1251598,1,1,CNN_glove100
salt:1251602,1,1,CNN_glove100
salt:1251612,1,1,CNN_glove100
salt:1251617,1,1,CNN_glove100
salt:1251618,1,1,CNN_glove100
salt:1251620,1,1,CNN_glove100
salt:1251622,1,1,CNN_glove100
salt:1251625,1,0,CNN_glove100
salt:1251628,1,1,CNN_glove100
salt:1251633,1,1,CNN_glove100
salt:1251635,1,1,CNN_glove100
salt:1251637,1,1,CNN_glove100
salt:1251638,1,1,CNN_glove100
salt:1251639,1,1,CNN_glove100
salt:1251641,1,1,CNN_glove100
salt:1251645,1,1,CNN_glove100
salt:1251651,1,1,CNN_glove100
salt:1251654,1,1,CNN_glove100
salt:1251655,1,1,CNN_glove100
salt:1251663,1,1,CNN_glove100
salt:1251666,1,1,CNN_glove100
salt:1251679,1,1,CNN_glove100
salt:1251685,1,1,CNN_glove100
salt:1251686,1,1,CNN_glove100
salt:1251691,1,1,CNN_glove100
salt:1251706,1,1,CNN_glove100
salt:1251715,1,1,CNN_glove100
salt:1251716,1,1,CNN_glove100
salt:1251719,1,1,CNN_glove100
salt:1251726,1,1,CNN_glove100
salt:1251727,1,1,CNN_glove100
salt:1251730,1,1,CNN_glove100
salt:1251733,1,1,CNN_glove100
salt:1251737,1,1,CNN_glove100
salt:1251748,1,1,CNN_glove100
salt:1251749,1,1,CNN_glove100
salt:1251752,1,1,CNN_glove100
salt:1251753,1,1,CNN_glove100
salt:1251754,1,1,CNN_glove100
salt:1251759,1,1,CNN_glove100
salt:1251762,1,1,CNN_glove100
salt:1251763,1,1,CNN_glove100
salt:1251766,1,1,CNN_glove100
salt:1251767,1,1,CNN_glove100
salt:1251769,1,0,CNN_glove100
salt:1251775,1,1,CNN_glove100
salt:1251786,1,1,CNN_glove100
salt:1251787,1,1,CNN_glove100
salt:1251788,1,1,CNN_glove100
salt:1251790,1,1,CNN_glove100
salt:1251801,1,1,CNN_glove100
salt:1251811,1,1,CNN_glove100
salt:1251812,1,1,CNN_glove100
salt:1251815,1,1,CNN_glove100
salt:1251818,1,1,CNN_glove100
salt:1251819,1,1,CNN_glove100
salt:1251822,1,1,CNN_glove100
salt:1251826,1,1,CNN_glove100
salt:1251830,1,1,CNN_glove100
salt:1251831,1,1,CNN_glove100
salt:1251832,1,1,CNN_glove100
salt:1251833,1,1,CNN_glove100
salt:1251852,1,0,CNN_glove100
salt:1251860,1,1,CNN_glove100
salt:1251862,1,1,CNN_glove100
salt:1251868,1,1,CNN_glove100
salt:1251869,1,1,CNN_glove100
salt:1251870,1,1,CNN_glove100
salt:1251871,1,1,CNN_glove100
salt:1251875,1,1,CNN_glove100
salt:1251877,1,1,CNN_glove100
salt:1251882,1,1,CNN_glove100
salt:1251892,1,1,CNN_glove100
salt:1251894,1,1,CNN_glove100
salt:1251901,1,1,CNN_glove100
salt:1251915,1,1,CNN_glove100
salt:1251916,1,1,CNN_glove100
salt:1251920,1,1,CNN_glove100
salt:1251921,1,1,CNN_glove100
salt:1251928,1,1,CNN_glove100
salt:1251936,1,1,CNN_glove100
salt:1251946,1,1,CNN_glove100
salt:1251953,1,1,CNN_glove100
salt:1251956,1,1,CNN_glove100
salt:1251964,1,1,CNN_glove100
salt:1251966,1,1,CNN_glove100
salt:1251969,1,1,CNN_glove100
salt:1251977,1,1,CNN_glove100
salt:1251986,1,1,CNN_glove100
salt:1251987,1,1,CNN_glove100
salt:1251990,1,1,CNN_glove100
salt:1251994,1,1,CNN_glove100
salt:1252003,1,1,CNN_glove100
salt:1252006,1,1,CNN_glove100
salt:1252012,1,1,CNN_glove100
salt:1252015,1,1,CNN_glove100
salt:1252021,1,1,CNN_glove100
salt:1252023,1,1,CNN_glove100
salt:1252029,1,1,CNN_glove100
salt:1252031,1,1,CNN_glove100
salt:1252037,1,1,CNN_glove100
salt:1252041,1,1,CNN_glove100
salt:1252042,1,1,CNN_glove100
salt:1252055,1,1,CNN_glove100
salt:1252058,1,1,CNN_glove100
salt:1252059,1,1,CNN_glove100
salt:1252061,1,1,CNN_glove100
salt:1252063,1,1,CNN_glove100
salt:1252071,1,1,CNN_glove100
salt:1252074,1,1,CNN_glove100
salt:1252076,1,1,CNN_glove100
salt:1252086,1,1,CNN_glove100
salt:1252087,1,1,CNN_glove100
salt:1252089,1,1,CNN_glove100
salt:1252102,1,1,CNN_glove100
salt:1252106,1,1,CNN_glove100
salt:1252110,1,1,CNN_glove100
salt:1252117,1,1,CNN_glove100
salt:1252118,1,1,CNN_glove100
salt:1252120,1,1,CNN_glove100
salt:1252128,1,1,CNN_glove100
salt:1252138,1,1,CNN_glove100
salt:1252151,1,1,CNN_glove100
salt:1252156,1,1,CNN_glove100
salt:1252158,1,1,CNN_glove100
salt:1252161,1,1,CNN_glove100
salt:1252163,1,1,CNN_glove100
salt:1252166,1,1,CNN_glove100
salt:1252167,1,1,CNN_glove100
salt:1252172,1,1,CNN_glove100
salt:1252174,1,1,CNN_glove100
salt:1252176,1,1,CNN_glove100
salt:1252177,1,1,CNN_glove100
salt:1252185,1,1,CNN_glove100
salt:1252188,1,1,CNN_glove100
salt:1252191,1,1,CNN_glove100
salt:1252192,1,1,CNN_glove100
salt:1252196,1,1,CNN_glove100
salt:1252201,1,1,CNN_glove100
salt:1252204,1,1,CNN_glove100
salt:1252206,1,1,CNN_glove100
salt:1252207,1,1,CNN_glove100
salt:1252211,1,1,CNN_glove100
salt:1252217,1,1,CNN_glove100
salt:1252221,1,1,CNN_glove100
salt:1252239,1,1,CNN_glove100
salt:1252241,1,1,CNN_glove100
salt:1252242,1,1,CNN_glove100
salt:1252250,1,1,CNN_glove100
salt:1252251,1,1,CNN_glove100
salt:1252267,1,1,CNN_glove100
salt:1252268,1,1,CNN_glove100
salt:1252270,1,1,CNN_glove100
salt:1252271,1,1,CNN_glove100
salt:1252281,1,1,CNN_glove100
salt:1252282,1,1,CNN_glove100
salt:1252284,1,1,CNN_glove100
salt:1252311,1,1,CNN_glove100
salt:1252313,1,1,CNN_glove100
salt:1252324,1,1,CNN_glove100
salt:1252331,1,1,CNN_glove100
salt:1252335,1,1,CNN_glove100
salt:1252339,1,1,CNN_glove100
salt:1252340,1,1,CNN_glove100
salt:1252341,1,1,CNN_glove100
salt:1252343,1,1,CNN_glove100
salt:1252355,1,1,CNN_glove100
salt:1252361,1,1,CNN_glove100
salt:1252364,1,1,CNN_glove100
salt:1252367,1,1,CNN_glove100
salt:1252374,1,1,CNN_glove100
salt:1252376,1,1,CNN_glove100
salt:1252385,1,1,CNN_glove100
salt:1252389,1,1,CNN_glove100
salt:1252392,1,1,CNN_glove100
salt:1252395,1,1,CNN_glove100
salt:1252404,1,1,CNN_glove100
salt:1252406,1,1,CNN_glove100
salt:1252415,1,1,CNN_glove100
salt:1252418,1,1,CNN_glove100
salt:1252422,1,1,CNN_glove100
salt:1252425,1,1,CNN_glove100
salt:1252426,1,1,CNN_glove100
salt:1252427,1,1,CNN_glove100
salt:1252430,1,1,CNN_glove100
salt:1252433,1,1,CNN_glove100
salt:1252437,1,1,CNN_glove100
salt:1252445,1,1,CNN_glove100
salt:1252446,1,1,CNN_glove100
salt:1252451,1,0,CNN_glove100
salt:1252453,1,1,CNN_glove100
salt:1252469,1,1,CNN_glove100
salt:1252472,1,1,CNN_glove100
salt:1252473,1,1,CNN_glove100
salt:1252479,1,1,CNN_glove100
salt:1252483,1,1,CNN_glove100
salt:1252497,1,1,CNN_glove100
salt:1252501,1,1,CNN_glove100
salt:1252512,1,1,CNN_glove100
salt:1252513,1,1,CNN_glove100
salt:1252518,1,1,CNN_glove100
salt:1252527,1,1,CNN_glove100
salt:1252537,1,1,CNN_glove100
salt:1252543,1,1,CNN_glove100
salt:1252553,1,1,CNN_glove100
salt:1252561,1,1,CNN_glove100
salt:1252562,1,1,CNN_glove100
salt:1252574,1,1,CNN_glove100
salt:1252576,1,1,CNN_glove100
salt:1252577,1,1,CNN_glove100
salt:1252578,1,1,CNN_glove100
salt:1252589,1,1,CNN_glove100
salt:1252590,1,1,CNN_glove100
salt:1252591,1,1,CNN_glove100
salt:1252593,1,1,CNN_glove100
salt:1252597,1,1,CNN_glove100
salt:1252601,1,1,CNN_glove100
salt:1252603,1,1,CNN_glove100
salt:1252618,1,1,CNN_glove100
salt:1252624,1,1,CNN_glove100
salt:1252629,1,1,CNN_glove100
salt:1252637,1,1,CNN_glove100
salt:1252640,1,1,CNN_glove100
salt:1252647,1,1,CNN_glove100
salt:1252653,1,0,CNN_glove100
salt:1252654,1,1,CNN_glove100
salt:1252656,1,1,CNN_glove100
salt:1252657,1,1,CNN_glove100
salt:1252658,1,1,CNN_glove100
salt:1252659,1,1,CNN_glove100
salt:1252670,1,1,CNN_glove100
salt:1252671,1,1,CNN_glove100
salt:1252674,1,1,CNN_glove100
salt:1252678,1,0,CNN_glove100
salt:1252691,1,0,CNN_glove100
salt:1252692,1,1,CNN_glove100
salt:1252693,1,1,CNN_glove100
salt:1252697,1,1,CNN_glove100
salt:1252702,1,1,CNN_glove100
salt:1252704,1,1,CNN_glove100
salt:1252708,1,1,CNN_glove100
salt:1252710,1,1,CNN_glove100
salt:1252717,1,1,CNN_glove100
salt:1252720,1,1,CNN_glove100
salt:1252722,1,1,CNN_glove100
salt:1252725,1,1,CNN_glove100
salt:1252753,1,1,CNN_glove100
salt:1252755,1,1,CNN_glove100
salt:1252758,1,1,CNN_glove100
salt:1252762,1,1,CNN_glove100
salt:1252764,1,1,CNN_glove100
salt:1252772,1,1,CNN_glove100
salt:1252776,1,1,CNN_glove100
salt:1252777,1,1,CNN_glove100
salt:1252786,1,1,CNN_glove100
salt:1252799,1,1,CNN_glove100
salt:1252800,1,1,CNN_glove100
salt:1252801,1,1,CNN_glove100
salt:1252807,1,1,CNN_glove100
salt:1252809,1,1,CNN_glove100
salt:1252813,1,1,CNN_glove100
salt:1252814,1,0,CNN_glove100
salt:1252818,1,1,CNN_glove100
salt:1252819,1,1,CNN_glove100
salt:1252820,1,1,CNN_glove100
salt:1252823,1,1,CNN_glove100
salt:1252827,1,1,CNN_glove100
salt:1252829,1,1,CNN_glove100
salt:1252831,1,1,CNN_glove100
salt:1252837,1,1,CNN_glove100
salt:1252842,1,1,CNN_glove100
salt:1252844,1,1,CNN_glove100
salt:1252846,1,1,CNN_glove100
salt:1252851,1,1,CNN_glove100
salt:1252852,1,1,CNN_glove100
salt:1252853,1,1,CNN_glove100
salt:1252856,1,1,CNN_glove100
salt:1252858,1,1,CNN_glove100
salt:1252859,1,1,CNN_glove100
salt:1252865,1,1,CNN_glove100
salt:1252868,1,1,CNN_glove100
salt:1252869,1,1,CNN_glove100
salt:1252870,1,1,CNN_glove100
salt:1252871,1,1,CNN_glove100
salt:1252877,1,1,CNN_glove100
salt:1252878,1,1,CNN_glove100
salt:1252881,1,1,CNN_glove100
salt:1252886,1,1,CNN_glove100
salt:1252890,1,1,CNN_glove100
salt:1252895,1,1,CNN_glove100
salt:1252899,1,1,CNN_glove100
salt:1252901,1,1,CNN_glove100
salt:1252902,1,1,CNN_glove100
salt:1252908,1,1,CNN_glove100
salt:1252911,1,1,CNN_glove100
salt:1252912,1,1,CNN_glove100
salt:1252919,1,1,CNN_glove100
salt:1252927,1,1,CNN_glove100
salt:1252929,1,1,CNN_glove100
salt:1252942,1,1,CNN_glove100
salt:1252954,1,1,CNN_glove100
salt:1252961,1,1,CNN_glove100
salt:1252966,1,1,CNN_glove100
salt:1252967,1,1,CNN_glove100
salt:1252969,1,1,CNN_glove100
salt:1252970,1,0,CNN_glove100
salt:1252974,1,1,CNN_glove100
salt:1252976,1,1,CNN_glove100
salt:1252983,1,1,CNN_glove100
salt:1252986,1,1,CNN_glove100
salt:1252987,1,1,CNN_glove100
salt:1252989,1,1,CNN_glove100
salt:1252998,1,1,CNN_glove100
salt:1253001,1,1,CNN_glove100
salt:1253003,1,1,CNN_glove100
salt:1253006,1,0,CNN_glove100
salt:1253007,1,1,CNN_glove100
salt:1253009,1,1,CNN_glove100
salt:1253013,1,1,CNN_glove100
salt:1253015,1,1,CNN_glove100
salt:1253022,1,1,CNN_glove100
salt:1253036,1,1,CNN_glove100
salt:1253038,1,0,CNN_glove100
salt:1253039,1,1,CNN_glove100
salt:1253045,1,1,CNN_glove100
salt:1253046,1,0,CNN_glove100
salt:1253049,1,1,CNN_glove100
salt:1253055,1,1,CNN_glove100
salt:1253062,1,1,CNN_glove100
salt:1253065,1,0,CNN_glove100
salt:1253070,1,1,CNN_glove100
salt:1253071,1,1,CNN_glove100
salt:1253073,1,1,CNN_glove100
salt:1253076,1,1,CNN_glove100
salt:1253082,1,1,CNN_glove100
salt:1253089,1,1,CNN_glove100
salt:1253091,1,1,CNN_glove100
salt:1253096,1,1,CNN_glove100
salt:1253100,1,1,CNN_glove100
salt:1253121,1,1,CNN_glove100
salt:1253125,1,1,CNN_glove100
salt:1253130,1,0,CNN_glove100
salt:1253137,1,1,CNN_glove100
salt:1253140,1,1,CNN_glove100
salt:1253143,1,1,CNN_glove100
salt:1253147,1,1,CNN_glove100
salt:1253156,1,1,CNN_glove100
salt:1253171,1,1,CNN_glove100
salt:1253176,1,1,CNN_glove100
salt:1253185,1,1,CNN_glove100
salt:1253186,1,1,CNN_glove100
salt:1253195,1,1,CNN_glove100
salt:1253201,1,1,CNN_glove100
salt:1253206,1,1,CNN_glove100
salt:1253207,1,1,CNN_glove100
salt:1253213,1,1,CNN_glove100
salt:1253215,1,1,CNN_glove100
salt:1253217,1,1,CNN_glove100
salt:1253223,1,1,CNN_glove100
salt:1253227,1,1,CNN_glove100
salt:1253236,1,0,CNN_glove100
salt:1253243,1,1,CNN_glove100
salt:1253244,1,1,CNN_glove100
salt:1253247,1,1,CNN_glove100
salt:1253249,1,1,CNN_glove100
salt:1253250,1,1,CNN_glove100
salt:1253254,1,1,CNN_glove100
salt:1253276,1,1,CNN_glove100
salt:1253277,1,1,CNN_glove100
salt:1253278,1,1,CNN_glove100
salt:1253279,1,1,CNN_glove100
salt:1253281,1,1,CNN_glove100
salt:1253284,1,1,CNN_glove100
salt:1253286,1,0,CNN_glove100
salt:1253287,1,1,CNN_glove100
salt:1253291,1,1,CNN_glove100
salt:1253301,1,1,CNN_glove100
salt:1253305,1,1,CNN_glove100
salt:1253307,1,1,CNN_glove100
salt:1253315,1,1,CNN_glove100
salt:1253322,1,1,CNN_glove100
salt:1253329,1,1,CNN_glove100
salt:1253330,1,1,CNN_glove100
salt:1253331,1,0,CNN_glove100
salt:1253337,1,1,CNN_glove100
salt:1253339,1,1,CNN_glove100
salt:1253343,1,1,CNN_glove100
salt:1253349,1,1,CNN_glove100
salt:1253353,1,0,CNN_glove100
salt:1253358,1,1,CNN_glove100
salt:1253363,1,1,CNN_glove100
salt:1253377,1,1,CNN_glove100
salt:1253382,1,1,CNN_glove100
salt:1253384,1,1,CNN_glove100
salt:1253385,1,1,CNN_glove100
salt:1253386,1,1,CNN_glove100
salt:1253390,1,1,CNN_glove100
salt:1253392,1,1,CNN_glove100
salt:1253397,1,1,CNN_glove100
salt:1253405,1,1,CNN_glove100
salt:1253407,1,1,CNN_glove100
salt:1253415,1,1,CNN_glove100
salt:1253428,1,1,CNN_glove100
salt:1253430,1,1,CNN_glove100
salt:1253433,1,1,CNN_glove100
salt:1253444,1,1,CNN_glove100
salt:1253447,1,1,CNN_glove100
salt:1253458,1,1,CNN_glove100
salt:1253460,1,1,CNN_glove100
salt:1253468,1,1,CNN_glove100
salt:1253473,1,1,CNN_glove100
salt:1253476,1,1,CNN_glove100
salt:1253483,1,1,CNN_glove100
salt:1253484,1,1,CNN_glove100
salt:1253485,1,1,CNN_glove100
salt:1253486,1,1,CNN_glove100
salt:1253487,1,1,CNN_glove100
salt:1253491,1,1,CNN_glove100
salt:1253494,1,1,CNN_glove100
salt:1253498,1,1,CNN_glove100
salt:1253505,1,1,CNN_glove100
salt:1253513,1,1,CNN_glove100
salt:1253516,1,1,CNN_glove100
salt:1253519,1,1,CNN_glove100
salt:1253520,1,1,CNN_glove100
salt:1253522,1,1,CNN_glove100
salt:1253525,1,1,CNN_glove100
salt:1253533,1,1,CNN_glove100
salt:1253536,1,1,CNN_glove100
salt:1253539,1,1,CNN_glove100
salt:1253545,1,1,CNN_glove100
salt:1253550,1,1,CNN_glove100
salt:1253560,1,1,CNN_glove100
salt:1253564,1,1,CNN_glove100
salt:1253568,1,1,CNN_glove100
salt:1253570,1,1,CNN_glove100
salt:1253571,1,1,CNN_glove100
salt:1253576,1,1,CNN_glove100
salt:1253577,1,1,CNN_glove100
salt:1253581,1,1,CNN_glove100
salt:1253583,1,0,CNN_glove100
salt:1253584,1,0,CNN_glove100
salt:1253586,1,1,CNN_glove100
salt:1253590,1,0,CNN_glove100
salt:1253593,1,1,CNN_glove100
salt:1253596,1,1,CNN_glove100
salt:1253598,1,1,CNN_glove100
salt:1253600,1,1,CNN_glove100
salt:1253607,1,1,CNN_glove100
salt:1253612,1,1,CNN_glove100
salt:1253620,1,1,CNN_glove100
salt:1253622,1,1,CNN_glove100
salt:1253625,1,0,CNN_glove100
salt:1253635,1,1,CNN_glove100
salt:1253637,1,1,CNN_glove100
salt:1253647,1,1,CNN_glove100
salt:1253654,1,1,CNN_glove100
salt:1253655,1,1,CNN_glove100
salt:1253657,1,1,CNN_glove100
salt:1253661,1,1,CNN_glove100
salt:1253662,1,1,CNN_glove100
salt:1253688,1,1,CNN_glove100
salt:1253709,1,1,CNN_glove100
salt:1253710,1,1,CNN_glove100
salt:1253712,1,1,CNN_glove100
salt:1253713,1,1,CNN_glove100
salt:1253716,1,1,CNN_glove100
salt:1253720,1,1,CNN_glove100
salt:1253722,1,0,CNN_glove100
salt:1253729,1,1,CNN_glove100
salt:1253731,1,1,CNN_glove100
salt:1253746,1,1,CNN_glove100
salt:1253749,1,1,CNN_glove100
salt:1253754,1,1,CNN_glove100
salt:1253756,1,1,CNN_glove100
salt:1253758,1,1,CNN_glove100
salt:1253760,1,1,CNN_glove100
salt:1253763,1,1,CNN_glove100
salt:1253766,1,1,CNN_glove100
salt:1253767,1,1,CNN_glove100
salt:1253771,1,1,CNN_glove100
salt:1253773,1,1,CNN_glove100
salt:1253779,1,1,CNN_glove100
salt:1253782,1,1,CNN_glove100
salt:1253789,1,1,CNN_glove100
salt:1253790,1,1,CNN_glove100
salt:1253809,1,1,CNN_glove100
salt:1253811,1,0,CNN_glove100
salt:1253815,1,1,CNN_glove100
salt:1253817,1,1,CNN_glove100
salt:1253818,1,1,CNN_glove100
salt:1253821,1,1,CNN_glove100
salt:1253823,1,1,CNN_glove100
salt:1253825,1,1,CNN_glove100
salt:1253834,1,1,CNN_glove100
salt:1253841,1,1,CNN_glove100
salt:1253845,1,1,CNN_glove100
salt:1253846,1,1,CNN_glove100
salt:1253851,1,1,CNN_glove100
salt:1253854,1,1,CNN_glove100
salt:1253856,1,1,CNN_glove100
salt:1253858,1,1,CNN_glove100
salt:1253860,1,1,CNN_glove100
salt:1253864,1,1,CNN_glove100
salt:1253873,1,1,CNN_glove100
salt:1253874,1,1,CNN_glove100
salt:1253877,1,1,CNN_glove100
salt:1253879,1,1,CNN_glove100
salt:1253880,1,1,CNN_glove100
salt:1253882,1,1,CNN_glove100
salt:1253887,1,1,CNN_glove100
salt:1253888,1,1,CNN_glove100
salt:1253894,1,1,CNN_glove100
salt:1253898,1,1,CNN_glove100
salt:1253902,1,1,CNN_glove100
salt:1253904,1,1,CNN_glove100
salt:1253910,1,1,CNN_glove100
salt:1253918,1,1,CNN_glove100
salt:1253922,1,1,CNN_glove100
salt:1253930,1,1,CNN_glove100
salt:1253931,1,0,CNN_glove100
salt:1253932,1,1,CNN_glove100
salt:1253935,1,1,CNN_glove100
salt:1253943,1,1,CNN_glove100
salt:1253945,1,1,CNN_glove100
salt:1253949,1,1,CNN_glove100
salt:1253957,1,1,CNN_glove100
salt:1253959,1,1,CNN_glove100
salt:1253961,1,1,CNN_glove100
salt:1253965,1,1,CNN_glove100
salt:1253978,1,1,CNN_glove100
salt:1253979,1,1,CNN_glove100
salt:1253980,1,1,CNN_glove100
salt:1253985,1,1,CNN_glove100
salt:1253993,1,1,CNN_glove100
salt:1253997,1,0,CNN_glove100
salt:1253998,1,1,CNN_glove100
salt:1254001,1,1,CNN_glove100
salt:1254009,1,1,CNN_glove100
salt:1254013,1,1,CNN_glove100
salt:1254015,1,0,CNN_glove100
salt:1254016,1,1,CNN_glove100
salt:1254032,1,0,CNN_glove100
salt:1254037,1,1,CNN_glove100
salt:1254038,1,0,CNN_glove100
salt:1254042,1,1,CNN_glove100
salt:1254046,1,1,CNN_glove100
salt:1254061,1,1,CNN_glove100
salt:1254078,1,1,CNN_glove100
salt:1254093,1,1,CNN_glove100
salt:1254101,1,1,CNN_glove100
salt:1254102,1,1,CNN_glove100
salt:1254119,1,1,CNN_glove100
salt:1254130,1,1,CNN_glove100
salt:1254131,1,1,CNN_glove100
salt:1254136,1,1,CNN_glove100
salt:1254150,1,1,CNN_glove100
salt:1254163,1,1,CNN_glove100
salt:1254169,1,1,CNN_glove100
salt:1254171,1,1,CNN_glove100
salt:1254173,1,1,CNN_glove100
salt:1254183,1,1,CNN_glove100
salt:1254198,1,1,CNN_glove100
salt:1254200,1,1,CNN_glove100
salt:1254209,1,1,CNN_glove100
salt:1254240,1,1,CNN_glove100
salt:1254244,1,1,CNN_glove100
salt:1254260,1,1,CNN_glove100
salt:1254264,1,1,CNN_glove100
salt:1254265,1,1,CNN_glove100
salt:1254281,1,1,CNN_glove100
salt:1254283,1,1,CNN_glove100
salt:1254287,1,1,CNN_glove100
salt:1254288,1,1,CNN_glove100
salt:1254298,1,1,CNN_glove100
salt:1254300,1,1,CNN_glove100
salt:1254307,1,1,CNN_glove100
salt:1254308,1,1,CNN_glove100
salt:1254312,1,0,CNN_glove100
salt:1254313,1,1,CNN_glove100
salt:1254314,1,1,CNN_glove100
salt:1254317,1,1,CNN_glove100
salt:1254319,1,1,CNN_glove100
salt:1254320,1,1,CNN_glove100
salt:1254326,1,1,CNN_glove100
salt:1254330,1,1,CNN_glove100
salt:1254335,1,1,CNN_glove100
salt:1254338,1,1,CNN_glove100
salt:1254363,1,1,CNN_glove100
salt:1254364,1,1,CNN_glove100
salt:1254374,1,1,CNN_glove100
salt:1254378,1,1,CNN_glove100
salt:1254381,1,0,CNN_glove100
salt:1254385,1,1,CNN_glove100
salt:1254393,1,1,CNN_glove100
salt:1254397,1,1,CNN_glove100
salt:1254398,1,1,CNN_glove100
salt:1254401,1,1,CNN_glove100
salt:1254408,1,1,CNN_glove100
salt:1254409,1,1,CNN_glove100
salt:1254411,1,1,CNN_glove100
salt:1254421,1,1,CNN_glove100
salt:1254426,1,1,CNN_glove100
salt:1254428,1,1,CNN_glove100
salt:1254437,1,0,CNN_glove100
salt:1254443,1,1,CNN_glove100
salt:1254444,1,1,CNN_glove100
salt:1254449,1,1,CNN_glove100
salt:1254453,1,1,CNN_glove100
salt:1254460,1,1,CNN_glove100
salt:1254462,1,1,CNN_glove100
salt:1254463,1,1,CNN_glove100
salt:1254470,1,1,CNN_glove100
salt:1254479,1,1,CNN_glove100
salt:1254484,1,1,CNN_glove100
salt:1254490,1,1,CNN_glove100
salt:1254498,1,1,CNN_glove100
salt:1254504,1,1,CNN_glove100
salt:1254505,1,1,CNN_glove100
salt:1254508,1,1,CNN_glove100
salt:1254513,1,1,CNN_glove100
salt:1254514,1,1,CNN_glove100
salt:1254522,1,1,CNN_glove100
salt:1254523,1,1,CNN_glove100
salt:1254526,1,1,CNN_glove100
salt:1254529,1,1,CNN_glove100
salt:1254535,1,1,CNN_glove100
salt:1254547,1,1,CNN_glove100
salt:1254553,1,1,CNN_glove100
salt:1254570,1,1,CNN_glove100
salt:1254571,1,1,CNN_glove100
salt:1254577,1,1,CNN_glove100
salt:1254581,1,1,CNN_glove100
salt:1254593,1,1,CNN_glove100
salt:1254599,1,1,CNN_glove100
salt:1254603,1,1,CNN_glove100
salt:1254609,1,1,CNN_glove100
salt:1254613,1,1,CNN_glove100
salt:1254614,1,1,CNN_glove100
salt:1254618,1,1,CNN_glove100
salt:1254621,1,1,CNN_glove100
salt:1254622,1,1,CNN_glove100
salt:1254627,1,1,CNN_glove100
salt:1254630,1,1,CNN_glove100
salt:1254636,1,1,CNN_glove100
salt:1254639,1,1,CNN_glove100
salt:1254644,1,0,CNN_glove100
salt:1254645,1,1,CNN_glove100
salt:1254651,1,0,CNN_glove100
salt:1254655,1,1,CNN_glove100
salt:1254675,1,1,CNN_glove100
salt:1254684,1,1,CNN_glove100
salt:1254687,1,1,CNN_glove100
salt:1254689,1,1,CNN_glove100
salt:1254694,1,1,CNN_glove100
salt:1254695,1,1,CNN_glove100
salt:1254699,1,1,CNN_glove100
salt:1254700,1,1,CNN_glove100
salt:1254705,1,1,CNN_glove100
salt:1254719,1,1,CNN_glove100
salt:1254741,1,1,CNN_glove100
salt:1254746,1,1,CNN_glove100
salt:1254756,1,1,CNN_glove100
salt:1254760,1,1,CNN_glove100
salt:1254762,1,1,CNN_glove100
salt:1254766,1,0,CNN_glove100
salt:1254770,1,1,CNN_glove100
salt:1254773,1,1,CNN_glove100
salt:1254774,1,0,CNN_glove100
salt:1254777,1,1,CNN_glove100
salt:1254779,1,1,CNN_glove100
salt:1254782,1,1,CNN_glove100
salt:1254792,1,0,CNN_glove100
salt:1254799,1,1,CNN_glove100
salt:1254816,1,1,CNN_glove100
salt:1254818,1,1,CNN_glove100
salt:1254827,1,1,CNN_glove100
salt:1254838,1,1,CNN_glove100
salt:1254839,1,1,CNN_glove100
salt:1254845,1,0,CNN_glove100
salt:1254853,1,1,CNN_glove100
salt:1254855,1,1,CNN_glove100
salt:1254867,1,1,CNN_glove100
salt:1254878,1,1,CNN_glove100
salt:1254879,1,1,CNN_glove100
salt:1254884,1,1,CNN_glove100
salt:1254885,1,1,CNN_glove100
salt:1254893,1,1,CNN_glove100
salt:1254896,1,1,CNN_glove100
salt:1254908,1,1,CNN_glove100
salt:1254910,1,1,CNN_glove100
salt:1254914,1,1,CNN_glove100
salt:1254918,1,1,CNN_glove100
salt:1254920,1,1,CNN_glove100
salt:1254925,1,1,CNN_glove100
salt:1254926,1,1,CNN_glove100
salt:1254929,1,1,CNN_glove100
salt:1254933,1,1,CNN_glove100
salt:1254935,1,1,CNN_glove100
salt:1254939,1,1,CNN_glove100
salt:1254956,1,1,CNN_glove100
salt:1254957,1,1,CNN_glove100
salt:1254965,1,1,CNN_glove100
salt:1254975,1,1,CNN_glove100
salt:1254977,1,1,CNN_glove100
salt:1254978,1,1,CNN_glove100
salt:1254983,1,1,CNN_glove100
salt:1254996,1,1,CNN_glove100
salt:1255006,1,1,CNN_glove100
salt:1255011,1,1,CNN_glove100
salt:1255013,1,0,CNN_glove100
salt:1255026,1,1,CNN_glove100
salt:1255034,1,1,CNN_glove100
salt:1255036,1,1,CNN_glove100
salt:1255043,1,1,CNN_glove100
salt:1255049,1,1,CNN_glove100
salt:1255050,1,1,CNN_glove100
salt:1255051,1,1,CNN_glove100
salt:1255059,1,1,CNN_glove100
salt:1255062,1,1,CNN_glove100
salt:1255065,1,1,CNN_glove100
salt:1255066,1,1,CNN_glove100
salt:1255070,1,0,CNN_glove100
salt:1255072,1,1,CNN_glove100
salt:1255073,1,1,CNN_glove100
salt:1255090,1,1,CNN_glove100
salt:1255092,1,1,CNN_glove100
salt:1255094,1,1,CNN_glove100
salt:1255095,1,1,CNN_glove100
salt:1255096,1,1,CNN_glove100
salt:1255107,1,1,CNN_glove100
salt:1255120,1,1,CNN_glove100
salt:1255122,1,1,CNN_glove100
salt:1255129,1,1,CNN_glove100
salt:1255139,1,1,CNN_glove100
salt:1255140,1,0,CNN_glove100
salt:1255142,1,1,CNN_glove100
salt:1255144,1,1,CNN_glove100
salt:1255146,1,1,CNN_glove100
salt:1255147,1,1,CNN_glove100
salt:1255148,1,1,CNN_glove100
salt:1255151,1,0,CNN_glove100
salt:1255156,1,1,CNN_glove100
salt:1255159,1,1,CNN_glove100
salt:1255162,1,1,CNN_glove100
salt:1255166,1,1,CNN_glove100
salt:1255167,1,1,CNN_glove100
salt:1255174,1,1,CNN_glove100
salt:1255177,1,1,CNN_glove100
salt:1255181,1,1,CNN_glove100
salt:1255190,1,1,CNN_glove100
salt:1255191,1,0,CNN_glove100
salt:1255192,1,1,CNN_glove100
salt:1255198,1,0,CNN_glove100
salt:1255201,1,0,CNN_glove100
salt:1255202,1,1,CNN_glove100
salt:1255203,1,1,CNN_glove100
salt:1255205,1,1,CNN_glove100
salt:1255214,1,1,CNN_glove100
salt:1255226,1,1,CNN_glove100
salt:1255228,1,1,CNN_glove100
salt:1255236,1,1,CNN_glove100
salt:1255241,1,1,CNN_glove100
salt:1255242,1,1,CNN_glove100
salt:1255243,1,1,CNN_glove100
salt:1255248,1,1,CNN_glove100
salt:1255249,1,1,CNN_glove100
salt:1255258,1,1,CNN_glove100
salt:1255264,1,1,CNN_glove100
salt:1255267,1,1,CNN_glove100
salt:1255270,1,1,CNN_glove100
salt:1255274,1,1,CNN_glove100
salt:1255277,1,1,CNN_glove100
salt:1255286,1,1,CNN_glove100
salt:1255293,1,0,CNN_glove100
salt:1255295,1,0,CNN_glove100
salt:1255311,1,1,CNN_glove100
salt:1255312,1,1,CNN_glove100
salt:1255315,1,1,CNN_glove100
salt:1255316,1,0,CNN_glove100
salt:1255329,1,1,CNN_glove100
salt:1255339,1,1,CNN_glove100
salt:1255341,1,1,CNN_glove100
salt:1255348,1,1,CNN_glove100
salt:1255350,1,1,CNN_glove100
salt:1255354,1,1,CNN_glove100
salt:1255357,1,1,CNN_glove100
salt:1255367,1,1,CNN_glove100
salt:1255368,1,1,CNN_glove100
salt:1255374,1,1,CNN_glove100
salt:1255380,1,1,CNN_glove100
salt:1255382,1,1,CNN_glove100
salt:1255383,1,1,CNN_glove100
salt:1255385,1,1,CNN_glove100
salt:1255391,1,1,CNN_glove100
salt:1255394,1,1,CNN_glove100
salt:1255395,1,1,CNN_glove100
salt:1255401,1,1,CNN_glove100
salt:1255415,1,1,CNN_glove100
salt:1255422,1,1,CNN_glove100
salt:1255429,1,1,CNN_glove100
salt:1255434,1,1,CNN_glove100
salt:1255435,1,1,CNN_glove100
salt:1255440,1,1,CNN_glove100
salt:1255441,1,1,CNN_glove100
salt:1255452,1,1,CNN_glove100
salt:1255457,1,1,CNN_glove100
salt:1255459,1,0,CNN_glove100
salt:1255465,1,0,CNN_glove100
salt:1255469,1,1,CNN_glove100
salt:1255470,1,1,CNN_glove100
salt:1255473,1,1,CNN_glove100
salt:1255474,1,1,CNN_glove100
salt:1255487,1,1,CNN_glove100
salt:1255488,1,1,CNN_glove100
salt:1255507,1,1,CNN_glove100
salt:1255509,1,1,CNN_glove100
salt:1255516,1,1,CNN_glove100
salt:1255523,1,1,CNN_glove100
salt:1255524,1,1,CNN_glove100
salt:1255526,1,1,CNN_glove100
salt:1255534,1,1,CNN_glove100
salt:1255537,1,1,CNN_glove100
salt:1255540,1,1,CNN_glove100
salt:1255545,1,1,CNN_glove100
salt:1255556,1,1,CNN_glove100
salt:1255570,1,1,CNN_glove100
salt:1255579,1,1,CNN_glove100
salt:1255585,1,1,CNN_glove100
salt:1255593,1,0,CNN_glove100
salt:1255597,1,1,CNN_glove100
salt:1255600,1,1,CNN_glove100
salt:1255614,1,1,CNN_glove100
salt:1255616,1,1,CNN_glove100
salt:1255620,1,1,CNN_glove100
salt:1255630,1,1,CNN_glove100
salt:1255633,1,1,CNN_glove100
salt:1255637,1,1,CNN_glove100
salt:1255641,1,1,CNN_glove100
salt:1255650,1,1,CNN_glove100
salt:1255651,1,1,CNN_glove100
salt:1255654,1,1,CNN_glove100
salt:1255661,1,1,CNN_glove100
salt:1255663,1,1,CNN_glove100
salt:1255671,1,1,CNN_glove100
salt:1255684,1,1,CNN_glove100
salt:1255697,1,1,CNN_glove100
salt:1255703,1,1,CNN_glove100
salt:1255716,1,1,CNN_glove100
salt:1255721,1,1,CNN_glove100
salt:1255722,1,1,CNN_glove100
salt:1255737,1,1,CNN_glove100
salt:1255738,1,0,CNN_glove100
salt:1255740,1,1,CNN_glove100
salt:1255741,1,1,CNN_glove100
salt:1255751,1,1,CNN_glove100
salt:1255757,1,1,CNN_glove100
salt:1255758,1,1,CNN_glove100
salt:1255761,1,1,CNN_glove100
salt:1255764,1,1,CNN_glove100
salt:1255770,1,1,CNN_glove100
salt:1255771,1,1,CNN_glove100
salt:1255774,1,1,CNN_glove100
salt:1255781,1,1,CNN_glove100
salt:1255785,1,1,CNN_glove100
salt:1255786,1,1,CNN_glove100
salt:1255788,1,1,CNN_glove100
salt:1255791,1,1,CNN_glove100
salt:1255794,1,1,CNN_glove100
salt:1255806,1,1,CNN_glove100
salt:1255816,1,1,CNN_glove100
salt:1255819,1,1,CNN_glove100
salt:1255828,1,1,CNN_glove100
salt:1255829,1,1,CNN_glove100
salt:1255835,1,1,CNN_glove100
salt:1255841,1,1,CNN_glove100
salt:1255852,1,1,CNN_glove100
salt:1255860,1,1,CNN_glove100
salt:1255865,1,1,CNN_glove100
salt:1255867,1,1,CNN_glove100
salt:1255868,1,1,CNN_glove100
salt:1255869,1,1,CNN_glove100
salt:1255881,1,1,CNN_glove100
salt:1255883,1,1,CNN_glove100
salt:1255884,1,1,CNN_glove100
salt:1255896,1,1,CNN_glove100
salt:1255902,1,1,CNN_glove100
salt:1255907,1,1,CNN_glove100
salt:1255921,1,1,CNN_glove100
salt:1255922,1,1,CNN_glove100
salt:1255929,1,1,CNN_glove100
salt:1255942,1,1,CNN_glove100
salt:1255946,1,1,CNN_glove100
salt:1255948,1,1,CNN_glove100
salt:1255953,1,1,CNN_glove100
salt:1255957,1,1,CNN_glove100
salt:1255962,1,1,CNN_glove100
salt:1255970,1,1,CNN_glove100
salt:1255971,1,1,CNN_glove100
salt:1255974,1,1,CNN_glove100
salt:1255984,1,1,CNN_glove100
salt:1255990,1,1,CNN_glove100
salt:1255991,1,1,CNN_glove100
salt:1255997,1,1,CNN_glove100
salt:1256010,1,1,CNN_glove100
salt:1256012,1,1,CNN_glove100
salt:1256017,1,1,CNN_glove100
salt:1256021,1,1,CNN_glove100
salt:1256028,1,1,CNN_glove100
salt:1256035,1,1,CNN_glove100
salt:1256040,1,1,CNN_glove100
salt:1256044,1,1,CNN_glove100
salt:1256045,1,1,CNN_glove100
salt:1256051,1,0,CNN_glove100
salt:1256066,1,1,CNN_glove100
salt:1256067,1,1,CNN_glove100
salt:1256072,1,1,CNN_glove100
salt:1256095,1,1,CNN_glove100
salt:1256097,1,1,CNN_glove100
salt:1256100,1,1,CNN_glove100
salt:1256106,1,0,CNN_glove100
salt:1256116,1,0,CNN_glove100
salt:1256117,1,1,CNN_glove100
salt:1256130,1,1,CNN_glove100
salt:1256131,1,1,CNN_glove100
salt:1256135,1,0,CNN_glove100
salt:1256150,1,1,CNN_glove100
salt:1256153,1,1,CNN_glove100
salt:1256159,1,1,CNN_glove100
salt:1256162,1,1,CNN_glove100
salt:1256165,1,1,CNN_glove100
salt:1256174,1,1,CNN_glove100
salt:1256176,1,1,CNN_glove100
salt:1256183,1,0,CNN_glove100
salt:1256188,1,1,CNN_glove100
salt:1256192,1,1,CNN_glove100
salt:1256200,1,1,CNN_glove100
salt:1256206,1,1,CNN_glove100
salt:1256211,1,1,CNN_glove100
salt:1256214,1,1,CNN_glove100
salt:1256215,1,1,CNN_glove100
salt:1256219,1,1,CNN_glove100
salt:1256220,1,1,CNN_glove100
salt:1256221,1,1,CNN_glove100
salt:1256226,1,0,CNN_glove100
salt:1256230,1,1,CNN_glove100
salt:1256232,1,1,CNN_glove100
salt:1256233,1,0,CNN_glove100
salt:1256234,1,1,CNN_glove100
salt:1256236,1,1,CNN_glove100
salt:1256241,1,1,CNN_glove100
salt:1256242,1,1,CNN_glove100
salt:1256262,1,1,CNN_glove100
salt:1256263,1,1,CNN_glove100
salt:1256270,1,0,CNN_glove100
salt:1256273,1,1,CNN_glove100
salt:1256280,1,1,CNN_glove100
salt:1256281,1,1,CNN_glove100
salt:1256289,1,1,CNN_glove100
salt:1256293,1,1,CNN_glove100
salt:1256294,1,1,CNN_glove100
salt:1256295,1,1,CNN_glove100
salt:1256297,1,1,CNN_glove100
salt:1256312,1,1,CNN_glove100
salt:1256321,1,1,CNN_glove100
salt:1256322,1,1,CNN_glove100
salt:1256325,1,1,CNN_glove100
salt:1256326,1,1,CNN_glove100
salt:1256327,1,1,CNN_glove100
salt:1256328,1,0,CNN_glove100
salt:1256329,1,1,CNN_glove100
salt:1256330,1,1,CNN_glove100
salt:1256333,1,1,CNN_glove100
salt:1256335,1,1,CNN_glove100
salt:1256339,1,1,CNN_glove100
salt:1256340,1,1,CNN_glove100
salt:1256345,1,0,CNN_glove100
salt:1256350,1,1,CNN_glove100
salt:1256365,1,1,CNN_glove100
salt:1256367,1,1,CNN_glove100
salt:1256369,1,1,CNN_glove100
salt:1256372,1,1,CNN_glove100
salt:1256382,1,1,CNN_glove100
salt:1256388,1,1,CNN_glove100
salt:1256396,1,1,CNN_glove100
salt:1256398,1,1,CNN_glove100
salt:1256399,1,1,CNN_glove100
salt:1256401,1,1,CNN_glove100
salt:1256404,1,1,CNN_glove100
salt:1256410,1,1,CNN_glove100
salt:1256412,1,1,CNN_glove100
salt:1256422,1,1,CNN_glove100
salt:1256428,1,1,CNN_glove100
salt:1256432,1,1,CNN_glove100
salt:1256435,1,1,CNN_glove100
salt:1256442,1,1,CNN_glove100
salt:1256447,1,1,CNN_glove100
salt:1256453,1,1,CNN_glove100
salt:1256460,1,1,CNN_glove100
salt:1256461,1,1,CNN_glove100
salt:1256466,1,1,CNN_glove100
salt:1256477,1,1,CNN_glove100
salt:1256482,1,1,CNN_glove100
salt:1256486,1,1,CNN_glove100
salt:1256491,1,1,CNN_glove100
salt:1256502,1,1,CNN_glove100
salt:1256506,1,1,CNN_glove100
salt:1256515,1,0,CNN_glove100
salt:1256516,1,1,CNN_glove100
salt:1256520,1,1,CNN_glove100
salt:1256524,1,1,CNN_glove100
salt:1256528,1,1,CNN_glove100
salt:1256531,1,1,CNN_glove100
salt:1256540,1,1,CNN_glove100
salt:1256543,1,1,CNN_glove100
salt:1256569,1,1,CNN_glove100
salt:1256572,1,1,CNN_glove100
salt:1256575,1,1,CNN_glove100
salt:1256581,1,1,CNN_glove100
salt:1256592,1,1,CNN_glove100
salt:1256602,1,1,CNN_glove100
salt:1256621,1,1,CNN_glove100
salt:1256623,1,1,CNN_glove100
salt:1256624,1,1,CNN_glove100
salt:1256625,1,1,CNN_glove100
salt:1256630,1,1,CNN_glove100
salt:1256631,1,1,CNN_glove100
salt:1256638,1,1,CNN_glove100
salt:1256641,1,1,CNN_glove100
salt:1256649,1,1,CNN_glove100
salt:1256653,1,1,CNN_glove100
salt:1256655,1,1,CNN_glove100
salt:1256656,1,1,CNN_glove100
salt:1256661,1,1,CNN_glove100
salt:1256667,1,1,CNN_glove100
salt:1256670,1,1,CNN_glove100
salt:1256671,1,1,CNN_glove100
salt:1256674,1,0,CNN_glove100
salt:1256679,1,1,CNN_glove100
salt:1256680,1,0,CNN_glove100
salt:1256696,1,1,CNN_glove100
salt:1256699,1,1,CNN_glove100
salt:1256701,1,1,CNN_glove100
salt:1256703,1,1,CNN_glove100
salt:1256704,1,1,CNN_glove100
salt:1256715,1,1,CNN_glove100
salt:1256727,1,1,CNN_glove100
salt:1256728,1,1,CNN_glove100
salt:1256747,1,1,CNN_glove100
salt:1256753,1,1,CNN_glove100
salt:1256760,1,1,CNN_glove100
salt:1256761,1,1,CNN_glove100
salt:1256762,1,1,CNN_glove100
salt:1256766,1,1,CNN_glove100
salt:1256768,1,1,CNN_glove100
salt:1256771,1,1,CNN_glove100
salt:1256773,1,1,CNN_glove100
salt:1256778,1,1,CNN_glove100
salt:1256782,1,1,CNN_glove100
salt:1256785,1,1,CNN_glove100
salt:1256789,1,1,CNN_glove100
salt:1256794,1,1,CNN_glove100
salt:1256796,1,1,CNN_glove100
salt:1256797,1,1,CNN_glove100
salt:1256799,1,1,CNN_glove100
salt:1256803,1,1,CNN_glove100
salt:1256804,1,1,CNN_glove100
salt:1256813,1,1,CNN_glove100
salt:1256822,1,1,CNN_glove100
salt:1256823,1,1,CNN_glove100
salt:1256828,1,1,CNN_glove100
salt:1256829,1,1,CNN_glove100
salt:1256831,1,1,CNN_glove100
salt:1256839,0,0,CNN_glove100
salt:1256842,0,0,CNN_glove100
salt:1256847,0,1,CNN_glove100
salt:1256850,0,0,CNN_glove100
salt:1256852,0,0,CNN_glove100
salt:1256855,0,0,CNN_glove100
salt:1256858,0,0,CNN_glove100
salt:1256865,0,0,CNN_glove100
salt:1256867,0,0,CNN_glove100
salt:1256870,0,0,CNN_glove100
salt:1256873,0,0,CNN_glove100
salt:1256880,0,0,CNN_glove100
salt:1256881,0,0,CNN_glove100
salt:1256882,0,1,CNN_glove100
salt:1256884,0,0,CNN_glove100
salt:1256886,0,0,CNN_glove100
salt:1256895,0,0,CNN_glove100
salt:1256896,0,1,CNN_glove100
salt:1256913,0,1,CNN_glove100
salt:1256915,0,0,CNN_glove100
salt:1256919,0,0,CNN_glove100
salt:1256923,0,0,CNN_glove100
salt:1256925,0,1,CNN_glove100
salt:1256927,0,0,CNN_glove100
salt:1256929,0,0,CNN_glove100
salt:1256931,0,0,CNN_glove100
salt:1256951,0,1,CNN_glove100
salt:1256954,0,0,CNN_glove100
salt:1256961,0,0,CNN_glove100
salt:1256964,0,0,CNN_glove100
salt:1256965,0,0,CNN_glove100
salt:1256970,0,0,CNN_glove100
salt:1256976,0,0,CNN_glove100
salt:1256984,0,0,CNN_glove100
salt:1256985,0,0,CNN_glove100
salt:1256990,0,0,CNN_glove100
salt:1256991,0,0,CNN_glove100
salt:1256998,0,1,CNN_glove100
salt:1257008,0,0,CNN_glove100
salt:1257015,0,0,CNN_glove100
salt:1257024,0,1,CNN_glove100
salt:1257027,0,1,CNN_glove100
salt:1257030,0,0,CNN_glove100
salt:1257033,0,0,CNN_glove100
salt:1257036,0,1,CNN_glove100
salt:1257037,0,0,CNN_glove100
salt:1257045,0,1,CNN_glove100
salt:1257049,0,1,CNN_glove100
salt:1257051,0,0,CNN_glove100
salt:1257052,0,1,CNN_glove100
salt:1257055,0,1,CNN_glove100
salt:1257058,0,0,CNN_glove100
salt:1257064,0,0,CNN_glove100
salt:1257065,0,0,CNN_glove100
salt:1257067,0,0,CNN_glove100
salt:1257077,0,0,CNN_glove100
salt:1257086,0,1,CNN_glove100
salt:1257087,0,0,CNN_glove100
salt:1257093,0,0,CNN_glove100
salt:1257099,0,0,CNN_glove100
salt:1257100,0,0,CNN_glove100
salt:1257101,0,1,CNN_glove100
salt:1257107,0,0,CNN_glove100
salt:1257129,0,0,CNN_glove100
salt:1257132,0,0,CNN_glove100
salt:1257134,0,1,CNN_glove100
salt:1257139,0,0,CNN_glove100
salt:1257142,0,0,CNN_glove100
salt:1257143,0,0,CNN_glove100
salt:1257149,0,1,CNN_glove100
salt:1257152,0,0,CNN_glove100
salt:1257165,0,0,CNN_glove100
salt:1257177,0,0,CNN_glove100
salt:1257179,0,1,CNN_glove100
salt:1257183,0,1,CNN_glove100
salt:1257188,0,0,CNN_glove100
salt:1257189,0,0,CNN_glove100
salt:1257191,0,1,CNN_glove100
salt:1257200,0,1,CNN_glove100
salt:1257202,0,1,CNN_glove100
salt:1257209,0,0,CNN_glove100
salt:1257213,0,0,CNN_glove100
salt:1257214,0,0,CNN_glove100
salt:1257219,0,0,CNN_glove100
salt:1257232,0,0,CNN_glove100
salt:1257248,0,1,CNN_glove100
salt:1257252,0,1,CNN_glove100
salt:1257254,0,0,CNN_glove100
salt:1257261,0,0,CNN_glove100
salt:1257263,0,0,CNN_glove100
salt:1257276,0,0,CNN_glove100
salt:1257279,0,0,CNN_glove100
salt:1257282,0,1,CNN_glove100
salt:1257287,0,0,CNN_glove100
salt:1257288,0,1,CNN_glove100
salt:1257289,0,1,CNN_glove100
salt:1257303,0,0,CNN_glove100
salt:1257307,0,0,CNN_glove100
salt:1257310,0,1,CNN_glove100
salt:1257315,0,1,CNN_glove100
salt:1257322,0,0,CNN_glove100
salt:1257325,0,1,CNN_glove100
salt:1257333,0,0,CNN_glove100
salt:1257341,0,1,CNN_glove100
salt:1257350,0,0,CNN_glove100
salt:1257351,0,0,CNN_glove100
salt:1257357,0,0,CNN_glove100
salt:1257358,0,0,CNN_glove100
salt:1257359,0,0,CNN_glove100
salt:1257368,0,0,CNN_glove100
salt:1257380,0,1,CNN_glove100
salt:1257397,0,1,CNN_glove100
salt:1257399,0,0,CNN_glove100
salt:1257402,0,0,CNN_glove100
salt:1257407,0,0,CNN_glove100
salt:1257411,0,0,CNN_glove100
salt:1257415,0,0,CNN_glove100
salt:1257421,0,1,CNN_glove100
salt:1257424,0,0,CNN_glove100
salt:1257426,0,1,CNN_glove100
salt:1257433,0,0,CNN_glove100
salt:1257434,0,1,CNN_glove100
salt:1257437,0,1,CNN_glove100
salt:1257441,0,0,CNN_glove100
salt:1257449,0,1,CNN_glove100
salt:1257455,0,1,CNN_glove100
salt:1257458,0,1,CNN_glove100
salt:1257463,0,1,CNN_glove100
salt:1257467,0,1,CNN_glove100
salt:1257469,0,0,CNN_glove100
salt:1257470,0,1,CNN_glove100
salt:1257471,0,1,CNN_glove100
salt:1257478,0,0,CNN_glove100
salt:1257480,0,0,CNN_glove100
salt:1257485,0,0,CNN_glove100
salt:1257489,0,0,CNN_glove100
salt:1257491,0,1,CNN_glove100
salt:1257495,0,0,CNN_glove100
salt:1257498,0,1,CNN_glove100
salt:1257500,0,1,CNN_glove100
salt:1257504,0,0,CNN_glove100
salt:1257510,0,0,CNN_glove100
salt:1257515,0,0,CNN_glove100
salt:1257517,0,0,CNN_glove100
salt:1257518,0,1,CNN_glove100
salt:1257519,0,0,CNN_glove100
salt:1257524,0,0,CNN_glove100
salt:1257526,0,0,CNN_glove100
salt:1257530,0,0,CNN_glove100
salt:1257534,0,0,CNN_glove100
salt:1257535,0,0,CNN_glove100
salt:1257541,0,0,CNN_glove100
salt:1257547,0,0,CNN_glove100
salt:1257553,0,1,CNN_glove100
salt:1257555,0,1,CNN_glove100
salt:1257557,0,1,CNN_glove100
salt:1257560,0,0,CNN_glove100
salt:1257570,0,0,CNN_glove100
salt:1257575,0,1,CNN_glove100
salt:1257580,0,0,CNN_glove100
salt:1257583,0,0,CNN_glove100
salt:1257591,0,0,CNN_glove100
salt:1257594,0,0,CNN_glove100
salt:1257605,0,1,CNN_glove100
salt:1257606,0,1,CNN_glove100
salt:1257615,0,0,CNN_glove100
salt:1257618,0,0,CNN_glove100
salt:1257624,0,1,CNN_glove100
salt:1257631,0,0,CNN_glove100
salt:1257639,0,1,CNN_glove100
salt:1257640,0,1,CNN_glove100
salt:1257654,0,0,CNN_glove100
salt:1257655,0,1,CNN_glove100
salt:1257657,0,0,CNN_glove100
salt:1257674,0,1,CNN_glove100
salt:1257683,0,0,CNN_glove100
salt:1257684,0,0,CNN_glove100
salt:1257708,0,0,CNN_glove100
salt:1257717,0,0,CNN_glove100
salt:1257720,0,1,CNN_glove100
salt:1257721,0,0,CNN_glove100
salt:1257725,0,0,CNN_glove100
salt:1257727,0,1,CNN_glove100
salt:1257728,0,0,CNN_glove100
salt:1257730,0,1,CNN_glove100
salt:1257739,0,0,CNN_glove100
salt:1257746,0,1,CNN_glove100
salt:1257747,0,0,CNN_glove100
salt:1257750,0,0,CNN_glove100
salt:1257754,0,0,CNN_glove100
salt:1257756,0,1,CNN_glove100
salt:1257761,0,1,CNN_glove100
salt:1257764,0,1,CNN_glove100
salt:1257769,0,1,CNN_glove100
salt:1257780,0,0,CNN_glove100
salt:1257784,0,1,CNN_glove100
salt:1257787,0,1,CNN_glove100
salt:1257788,0,0,CNN_glove100
salt:1257789,0,1,CNN_glove100
salt:1257790,0,1,CNN_glove100
salt:1257791,0,0,CNN_glove100
salt:1257792,0,0,CNN_glove100
salt:1257793,0,0,CNN_glove100
salt:1257795,0,1,CNN_glove100
salt:1257797,0,0,CNN_glove100
salt:1257817,0,0,CNN_glove100
salt:1257820,0,0,CNN_glove100
salt:1257826,0,1,CNN_glove100
salt:1257837,0,0,CNN_glove100
salt:1257840,0,0,CNN_glove100
salt:1257841,0,1,CNN_glove100
salt:1257844,0,0,CNN_glove100
salt:1257845,0,0,CNN_glove100
salt:1257846,0,0,CNN_glove100
salt:1257852,0,0,CNN_glove100
salt:1257863,0,1,CNN_glove100
salt:1257866,0,1,CNN_glove100
salt:1257869,0,0,CNN_glove100
salt:1257876,0,0,CNN_glove100
salt:1257909,0,1,CNN_glove100
salt:1257910,0,0,CNN_glove100
salt:1257914,0,0,CNN_glove100
salt:1257919,0,0,CNN_glove100
salt:1257930,0,0,CNN_glove100
salt:1257934,0,0,CNN_glove100
salt:1257935,0,0,CNN_glove100
salt:1257940,0,0,CNN_glove100
salt:1257942,0,1,CNN_glove100
salt:1257956,0,0,CNN_glove100
salt:1257960,0,1,CNN_glove100
salt:1257963,0,1,CNN_glove100
salt:1257968,0,0,CNN_glove100
salt:1257971,0,0,CNN_glove100
salt:1257973,0,0,CNN_glove100
salt:1257979,0,0,CNN_glove100
salt:1257981,0,0,CNN_glove100
salt:1257986,0,1,CNN_glove100
salt:1258000,0,0,CNN_glove100
salt:1258001,0,0,CNN_glove100
salt:1258017,0,0,CNN_glove100
salt:1258027,0,0,CNN_glove100
salt:1258033,0,0,CNN_glove100
salt:1258034,0,1,CNN_glove100
salt:1258035,0,0,CNN_glove100
salt:1258047,0,0,CNN_glove100
salt:1258051,0,0,CNN_glove100
salt:1258056,0,0,CNN_glove100
salt:1258069,0,0,CNN_glove100
salt:1258077,0,1,CNN_glove100
salt:1258080,0,0,CNN_glove100
salt:1258084,0,0,CNN_glove100
salt:1258088,0,0,CNN_glove100
salt:1258091,0,1,CNN_glove100
salt:1258093,0,0,CNN_glove100
salt:1258096,0,0,CNN_glove100
salt:1258098,0,0,CNN_glove100
salt:1258100,0,0,CNN_glove100
salt:1258105,0,0,CNN_glove100
salt:1258106,0,1,CNN_glove100
salt:1258107,0,0,CNN_glove100
salt:1258110,0,0,CNN_glove100
salt:1258112,0,1,CNN_glove100
salt:1258121,0,0,CNN_glove100
salt:1258123,0,0,CNN_glove100
salt:1258127,0,0,CNN_glove100
salt:1258132,0,0,CNN_glove100
salt:1258134,0,0,CNN_glove100
salt:1258139,0,0,CNN_glove100
salt:1258145,0,0,CNN_glove100
salt:1258147,0,0,CNN_glove100
salt:1258150,0,0,CNN_glove100
salt:1258153,0,0,CNN_glove100
salt:1258157,0,0,CNN_glove100
salt:1258158,0,0,CNN_glove100
salt:1258162,0,0,CNN_glove100
salt:1258163,0,0,CNN_glove100
salt:1258171,0,0,CNN_glove100
salt:1258173,0,1,CNN_glove100
salt:1258177,0,0,CNN_glove100
salt:1258180,0,0,CNN_glove100
salt:1258191,0,0,CNN_glove100
salt:1258193,0,1,CNN_glove100
salt:1258196,0,0,CNN_glove100
salt:1258197,0,0,CNN_glove100
salt:1258208,0,0,CNN_glove100
salt:1258214,0,0,CNN_glove100
salt:1258215,0,0,CNN_glove100
salt:1258230,0,0,CNN_glove100
salt:1258235,0,1,CNN_glove100
salt:1258248,0,1,CNN_glove100
salt:1258250,0,0,CNN_glove100
salt:1258268,0,0,CNN_glove100
salt:1258272,0,1,CNN_glove100
salt:1258273,0,0,CNN_glove100
salt:1258275,0,1,CNN_glove100
salt:1258277,0,0,CNN_glove100
salt:1258280,0,1,CNN_glove100
salt:1258284,0,0,CNN_glove100
salt:1258310,0,1,CNN_glove100
salt:1258321,0,0,CNN_glove100
salt:1258334,0,0,CNN_glove100
salt:1258336,0,0,CNN_glove100
salt:1258348,0,0,CNN_glove100
salt:1258352,0,0,CNN_glove100
salt:1258356,0,1,CNN_glove100
salt:1258357,0,1,CNN_glove100
salt:1258358,0,0,CNN_glove100
salt:1258361,0,1,CNN_glove100
salt:1258368,0,0,CNN_glove100
salt:1258371,0,0,CNN_glove100
salt:1258373,0,0,CNN_glove100
salt:1258374,0,0,CNN_glove100
salt:1258378,0,1,CNN_glove100
salt:1258389,0,0,CNN_glove100
salt:1258390,0,0,CNN_glove100
salt:1258391,0,0,CNN_glove100
salt:1258394,0,1,CNN_glove100
salt:1258395,0,0,CNN_glove100
salt:1258410,0,0,CNN_glove100
salt:1258415,0,1,CNN_glove100
salt:1258422,0,0,CNN_glove100
salt:1258423,0,0,CNN_glove100
salt:1258429,0,0,CNN_glove100
salt:1258431,0,1,CNN_glove100
salt:1258433,0,0,CNN_glove100
salt:1258441,0,0,CNN_glove100
salt:1258442,0,0,CNN_glove100
salt:1258443,0,1,CNN_glove100
salt:1258446,0,1,CNN_glove100
salt:1258449,0,0,CNN_glove100
salt:1258457,0,1,CNN_glove100
salt:1258465,0,0,CNN_glove100
salt:1258468,0,0,CNN_glove100
salt:1258480,0,1,CNN_glove100
salt:1258485,0,0,CNN_glove100
salt:1258487,0,0,CNN_glove100
salt:1258489,0,0,CNN_glove100
salt:1258490,0,0,CNN_glove100
salt:1258491,0,1,CNN_glove100
salt:1258496,0,0,CNN_glove100
salt:1258499,0,0,CNN_glove100
salt:1258511,0,0,CNN_glove100
salt:1258513,0,1,CNN_glove100
salt:1258515,0,0,CNN_glove100
salt:1258516,0,0,CNN_glove100
salt:1258525,0,0,CNN_glove100
salt:1258530,0,0,CNN_glove100
salt:1258541,0,0,CNN_glove100
salt:1258542,0,0,CNN_glove100
salt:1258546,0,0,CNN_glove100
salt:1258549,0,0,CNN_glove100
salt:1258558,0,0,CNN_glove100
salt:1258568,0,0,CNN_glove100
salt:1258570,0,0,CNN_glove100
salt:1258588,0,1,CNN_glove100
salt:1258599,0,1,CNN_glove100
salt:1258601,0,1,CNN_glove100
salt:1258602,0,0,CNN_glove100
salt:1258605,0,0,CNN_glove100
salt:1258607,0,0,CNN_glove100
salt:1258611,0,0,CNN_glove100
salt:1258613,0,0,CNN_glove100
salt:1258617,0,0,CNN_glove100
salt:1258623,0,1,CNN_glove100
salt:1258627,0,1,CNN_glove100
salt:1258631,0,1,CNN_glove100
salt:1258632,0,0,CNN_glove100
salt:1258638,0,0,CNN_glove100
salt:1258646,0,0,CNN_glove100
salt:1258655,0,0,CNN_glove100
salt:1258656,0,0,CNN_glove100
salt:1258659,0,0,CNN_glove100
salt:1258661,0,0,CNN_glove100
salt:1258665,0,1,CNN_glove100
salt:1258668,0,1,CNN_glove100
salt:1258683,0,0,CNN_glove100
salt:1258686,0,0,CNN_glove100
salt:1258696,0,0,CNN_glove100
salt:1258700,0,0,CNN_glove100
salt:1258703,0,0,CNN_glove100
salt:1258705,0,0,CNN_glove100
salt:1258706,0,0,CNN_glove100
salt:1258714,0,1,CNN_glove100
salt:1258721,0,0,CNN_glove100
salt:1258728,0,1,CNN_glove100
salt:1258733,0,0,CNN_glove100
salt:1258734,0,0,CNN_glove100
salt:1258736,0,0,CNN_glove100
salt:1258737,0,1,CNN_glove100
salt:1258742,0,0,CNN_glove100
salt:1258750,0,1,CNN_glove100
salt:1258752,0,0,CNN_glove100
salt:1258755,0,1,CNN_glove100
salt:1258758,0,0,CNN_glove100
salt:1258762,0,0,CNN_glove100
salt:1258763,0,0,CNN_glove100
salt:1258764,0,0,CNN_glove100
salt:1258776,0,0,CNN_glove100
salt:1258781,0,1,CNN_glove100
salt:1258789,0,0,CNN_glove100
salt:1258800,0,1,CNN_glove100
salt:1258804,0,0,CNN_glove100
salt:1258811,0,0,CNN_glove100
salt:1258820,0,0,CNN_glove100
salt:1258825,0,0,CNN_glove100
salt:1258844,0,0,CNN_glove100
salt:1258848,0,1,CNN_glove100
salt:1258849,0,1,CNN_glove100
salt:1258850,0,0,CNN_glove100
salt:1258853,0,1,CNN_glove100
salt:1258855,0,0,CNN_glove100
salt:1258859,0,0,CNN_glove100
salt:1258875,0,1,CNN_glove100
salt:1258880,0,1,CNN_glove100
salt:1258882,0,0,CNN_glove100
salt:1258884,0,0,CNN_glove100
salt:1258890,0,0,CNN_glove100
salt:1258893,0,0,CNN_glove100
salt:1258897,0,0,CNN_glove100
salt:1258900,0,1,CNN_glove100
salt:1258903,0,1,CNN_glove100
salt:1258907,0,1,CNN_glove100
salt:1258911,0,0,CNN_glove100
salt:1258915,0,0,CNN_glove100
salt:1258919,0,0,CNN_glove100
salt:1258931,0,0,CNN_glove100
salt:1258933,0,0,CNN_glove100
salt:1258936,0,0,CNN_glove100
salt:1258939,0,1,CNN_glove100
salt:1258942,0,0,CNN_glove100
salt:1258943,0,0,CNN_glove100
salt:1258948,0,0,CNN_glove100
salt:1258958,0,1,CNN_glove100
salt:1258962,0,0,CNN_glove100
salt:1258963,0,0,CNN_glove100
salt:1258973,0,1,CNN_glove100
salt:1258975,0,0,CNN_glove100
salt:1258976,0,1,CNN_glove100
salt:1258993,0,0,CNN_glove100
salt:1259008,0,0,CNN_glove100
salt:1259009,0,0,CNN_glove100
salt:1259013,0,0,CNN_glove100
salt:1259017,0,0,CNN_glove100
salt:1259021,0,0,CNN_glove100
salt:1259031,0,0,CNN_glove100
salt:1259039,0,0,CNN_glove100
salt:1259044,0,0,CNN_glove100
salt:1259045,0,1,CNN_glove100
salt:1259050,0,0,CNN_glove100
salt:1259052,0,0,CNN_glove100
salt:1259060,0,0,CNN_glove100
salt:1259063,0,0,CNN_glove100
salt:1259068,0,0,CNN_glove100
salt:1259077,0,0,CNN_glove100
salt:1259078,0,1,CNN_glove100
salt:1259084,0,0,CNN_glove100
salt:1259095,0,1,CNN_glove100
salt:1259098,0,0,CNN_glove100
salt:1259107,0,1,CNN_glove100
salt:1259110,0,1,CNN_glove100
salt:1259115,0,0,CNN_glove100
salt:1259116,0,1,CNN_glove100
salt:1259120,0,1,CNN_glove100
salt:1259124,0,1,CNN_glove100
salt:1259125,0,0,CNN_glove100
salt:1259130,0,0,CNN_glove100
salt:1259152,0,0,CNN_glove100
salt:1259163,0,1,CNN_glove100
salt:1259173,0,0,CNN_glove100
salt:1259174,0,0,CNN_glove100
salt:1259183,0,0,CNN_glove100
salt:1259187,0,0,CNN_glove100
salt:1259189,0,1,CNN_glove100
salt:1259191,0,0,CNN_glove100
salt:1259196,0,0,CNN_glove100
salt:1259197,0,1,CNN_glove100
salt:1259200,0,0,CNN_glove100
salt:1259211,0,1,CNN_glove100
salt:1259214,0,0,CNN_glove100
salt:1259232,0,0,CNN_glove100
salt:1259234,0,0,CNN_glove100
salt:1259236,0,0,CNN_glove100
salt:1259238,0,0,CNN_glove100
salt:1259261,0,0,CNN_glove100
salt:1259269,0,0,CNN_glove100
salt:1259271,0,0,CNN_glove100
salt:1259274,0,0,CNN_glove100
salt:1259279,0,0,CNN_glove100
salt:1259286,0,0,CNN_glove100
salt:1259291,0,0,CNN_glove100
salt:1259295,0,0,CNN_glove100
salt:1259297,0,0,CNN_glove100
salt:1259299,0,0,CNN_glove100
salt:1259304,0,1,CNN_glove100
salt:1259305,0,0,CNN_glove100
salt:1259306,0,0,CNN_glove100
salt:1259308,0,0,CNN_glove100
salt:1259309,0,0,CNN_glove100
salt:1259317,0,0,CNN_glove100
salt:1259322,0,0,CNN_glove100
salt:1259327,0,0,CNN_glove100
salt:1259330,0,1,CNN_glove100
salt:1259335,0,0,CNN_glove100
salt:1259336,0,1,CNN_glove100
salt:1259339,0,0,CNN_glove100
salt:1259344,0,0,CNN_glove100
salt:1259348,0,0,CNN_glove100
salt:1259351,0,1,CNN_glove100
salt:1259355,0,0,CNN_glove100
salt:1259358,0,0,CNN_glove100
salt:1259362,0,0,CNN_glove100
salt:1259368,0,0,CNN_glove100
salt:1259381,0,1,CNN_glove100
salt:1259394,0,1,CNN_glove100
salt:1259399,0,1,CNN_glove100
salt:1259400,0,1,CNN_glove100
salt:1259404,0,1,CNN_glove100
salt:1259412,0,0,CNN_glove100
salt:1259416,0,0,CNN_glove100
salt:1259418,0,0,CNN_glove100
salt:1259424,0,1,CNN_glove100
salt:1259444,0,1,CNN_glove100
salt:1259453,0,1,CNN_glove100
salt:1259454,0,0,CNN_glove100
salt:1259458,0,0,CNN_glove100
salt:1259461,0,0,CNN_glove100
salt:1259472,0,0,CNN_glove100
salt:1259476,0,0,CNN_glove100
salt:1259488,0,0,CNN_glove100
salt:1259490,0,0,CNN_glove100
salt:1259494,0,0,CNN_glove100
salt:1259505,0,0,CNN_glove100
salt:1259506,0,0,CNN_glove100
salt:1259507,0,0,CNN_glove100
salt:1259513,0,0,CNN_glove100
salt:1259521,0,1,CNN_glove100
salt:1259536,0,1,CNN_glove100
salt:1259546,0,0,CNN_glove100
salt:1259553,0,0,CNN_glove100
salt:1259557,0,1,CNN_glove100
salt:1259559,0,0,CNN_glove100
salt:1259560,0,0,CNN_glove100
salt:1259562,0,0,CNN_glove100
salt:1259565,0,0,CNN_glove100
salt:1259578,0,0,CNN_glove100
salt:1259584,0,0,CNN_glove100
salt:1259590,0,0,CNN_glove100
salt:1259594,0,1,CNN_glove100
salt:1259601,0,1,CNN_glove100
salt:1259605,0,0,CNN_glove100
salt:1259610,0,0,CNN_glove100
salt:1259614,0,1,CNN_glove100
salt:1259615,0,0,CNN_glove100
salt:1259620,0,0,CNN_glove100
salt:1259622,0,0,CNN_glove100
salt:1259630,0,0,CNN_glove100
salt:1259632,0,0,CNN_glove100
salt:1259640,0,0,CNN_glove100
salt:1259643,0,0,CNN_glove100
salt:1259647,0,0,CNN_glove100
salt:1259654,0,0,CNN_glove100
salt:1259658,0,1,CNN_glove100
salt:1259662,0,0,CNN_glove100
salt:1259669,0,0,CNN_glove100
salt:1259671,0,0,CNN_glove100
scipy:1371191,1,1,CNN_glove100
scipy:1371193,1,1,CNN_glove100
scipy:1371200,1,1,CNN_glove100
scipy:1371221,1,1,CNN_glove100
scipy:1371224,1,1,CNN_glove100
scipy:1371232,1,1,CNN_glove100
scipy:1371240,1,0,CNN_glove100
scipy:1371247,1,1,CNN_glove100
scipy:1371248,1,1,CNN_glove100
scipy:1371251,1,1,CNN_glove100
scipy:1371256,1,1,CNN_glove100
scipy:1371258,1,1,CNN_glove100
scipy:1371261,1,1,CNN_glove100
scipy:1371263,1,1,CNN_glove100
scipy:1371264,1,1,CNN_glove100
scipy:1371275,1,1,CNN_glove100
scipy:1371279,1,1,CNN_glove100
scipy:1371282,1,1,CNN_glove100
scipy:1371290,1,1,CNN_glove100
scipy:1371295,1,1,CNN_glove100
scipy:1371297,1,1,CNN_glove100
scipy:1371299,1,1,CNN_glove100
scipy:1371306,1,1,CNN_glove100
scipy:1371326,1,0,CNN_glove100
scipy:1371330,1,1,CNN_glove100
scipy:1371331,1,1,CNN_glove100
scipy:1371333,1,1,CNN_glove100
scipy:1371338,1,0,CNN_glove100
scipy:1371341,1,1,CNN_glove100
scipy:1371344,1,1,CNN_glove100
scipy:1371356,1,1,CNN_glove100
scipy:1371364,1,1,CNN_glove100
scipy:1371374,1,1,CNN_glove100
scipy:1371382,1,0,CNN_glove100
scipy:1371385,1,1,CNN_glove100
scipy:1371393,1,1,CNN_glove100
scipy:1371394,1,1,CNN_glove100
scipy:1371407,1,1,CNN_glove100
scipy:1371410,1,1,CNN_glove100
scipy:1371411,1,1,CNN_glove100
scipy:1371413,1,1,CNN_glove100
scipy:1371420,1,1,CNN_glove100
scipy:1371421,1,1,CNN_glove100
scipy:1371427,1,1,CNN_glove100
scipy:1371431,1,1,CNN_glove100
scipy:1371436,1,1,CNN_glove100
scipy:1371437,1,1,CNN_glove100
scipy:1371438,1,1,CNN_glove100
scipy:1371439,1,1,CNN_glove100
scipy:1371442,1,0,CNN_glove100
scipy:1371444,1,1,CNN_glove100
scipy:1371451,1,1,CNN_glove100
scipy:1371456,1,1,CNN_glove100
scipy:1371461,1,1,CNN_glove100
scipy:1371463,1,1,CNN_glove100
scipy:1371465,1,1,CNN_glove100
scipy:1371466,1,0,CNN_glove100
scipy:1371473,1,1,CNN_glove100
scipy:1371475,1,1,CNN_glove100
scipy:1371477,1,1,CNN_glove100
scipy:1371482,1,1,CNN_glove100
scipy:1371493,1,1,CNN_glove100
scipy:1371499,1,1,CNN_glove100
scipy:1371501,1,1,CNN_glove100
scipy:1371509,1,0,CNN_glove100
scipy:1371524,1,1,CNN_glove100
scipy:1371530,1,1,CNN_glove100
scipy:1371531,1,1,CNN_glove100
scipy:1371532,1,1,CNN_glove100
scipy:1371533,1,1,CNN_glove100
scipy:1371534,1,1,CNN_glove100
scipy:1371551,1,1,CNN_glove100
scipy:1371553,1,1,CNN_glove100
scipy:1371555,1,1,CNN_glove100
scipy:1371558,1,1,CNN_glove100
scipy:1371570,1,1,CNN_glove100
scipy:1371584,1,1,CNN_glove100
scipy:1371589,1,0,CNN_glove100
scipy:1371590,1,0,CNN_glove100
scipy:1371592,1,0,CNN_glove100
scipy:1371599,1,1,CNN_glove100
scipy:1371601,1,1,CNN_glove100
scipy:1371603,1,1,CNN_glove100
scipy:1371607,1,1,CNN_glove100
scipy:1371614,1,1,CNN_glove100
scipy:1371619,1,1,CNN_glove100
scipy:1371621,1,1,CNN_glove100
scipy:1371623,1,1,CNN_glove100
scipy:1371630,1,1,CNN_glove100
scipy:1371635,1,1,CNN_glove100
scipy:1371641,1,1,CNN_glove100
scipy:1371646,1,1,CNN_glove100
scipy:1371650,1,1,CNN_glove100
scipy:1371653,1,1,CNN_glove100
scipy:1371657,1,1,CNN_glove100
scipy:1371658,1,1,CNN_glove100
scipy:1371671,1,1,CNN_glove100
scipy:1371688,1,1,CNN_glove100
scipy:1371689,1,1,CNN_glove100
scipy:1371690,1,1,CNN_glove100
scipy:1371696,1,0,CNN_glove100
scipy:1371697,1,1,CNN_glove100
scipy:1371703,1,0,CNN_glove100
scipy:1371718,1,1,CNN_glove100
scipy:1371724,1,1,CNN_glove100
scipy:1371729,1,1,CNN_glove100
scipy:1371734,1,0,CNN_glove100
scipy:1371742,1,1,CNN_glove100
scipy:1371748,1,1,CNN_glove100
scipy:1371750,1,1,CNN_glove100
scipy:1371751,1,1,CNN_glove100
scipy:1371754,1,0,CNN_glove100
scipy:1371761,1,1,CNN_glove100
scipy:1371771,1,1,CNN_glove100
scipy:1371776,1,1,CNN_glove100
scipy:1371777,1,1,CNN_glove100
scipy:1371779,1,1,CNN_glove100
scipy:1371780,1,1,CNN_glove100
scipy:1371784,1,1,CNN_glove100
scipy:1371787,1,1,CNN_glove100
scipy:1371788,1,1,CNN_glove100
scipy:1371796,1,0,CNN_glove100
scipy:1371797,1,1,CNN_glove100
scipy:1371811,1,1,CNN_glove100
scipy:1371816,1,1,CNN_glove100
scipy:1371817,1,1,CNN_glove100
scipy:1371818,1,1,CNN_glove100
scipy:1371822,1,1,CNN_glove100
scipy:1371825,1,0,CNN_glove100
scipy:1371827,1,1,CNN_glove100
scipy:1371835,1,1,CNN_glove100
scipy:1371842,1,1,CNN_glove100
scipy:1371852,1,1,CNN_glove100
scipy:1371859,1,1,CNN_glove100
scipy:1371861,1,1,CNN_glove100
scipy:1371862,1,0,CNN_glove100
scipy:1371866,1,1,CNN_glove100
scipy:1371871,1,0,CNN_glove100
scipy:1371872,1,1,CNN_glove100
scipy:1371873,1,1,CNN_glove100
scipy:1371880,1,1,CNN_glove100
scipy:1371894,1,1,CNN_glove100
scipy:1371899,1,0,CNN_glove100
scipy:1371900,1,1,CNN_glove100
scipy:1371903,1,1,CNN_glove100
scipy:1371908,1,1,CNN_glove100
scipy:1371912,1,1,CNN_glove100
scipy:1371930,1,1,CNN_glove100
scipy:1371932,1,1,CNN_glove100
scipy:1371933,1,1,CNN_glove100
scipy:1371935,1,1,CNN_glove100
scipy:1371936,1,1,CNN_glove100
scipy:1371939,1,1,CNN_glove100
scipy:1371947,1,1,CNN_glove100
scipy:1371949,1,1,CNN_glove100
scipy:1371954,1,1,CNN_glove100
scipy:1371957,1,1,CNN_glove100
scipy:1371958,1,1,CNN_glove100
scipy:1371962,1,1,CNN_glove100
scipy:1371963,1,1,CNN_glove100
scipy:1371980,1,1,CNN_glove100
scipy:1371985,1,0,CNN_glove100
scipy:1371990,1,1,CNN_glove100
scipy:1372009,1,1,CNN_glove100
scipy:1372012,1,1,CNN_glove100
scipy:1372026,1,1,CNN_glove100
scipy:1372028,1,1,CNN_glove100
scipy:1372029,1,1,CNN_glove100
scipy:1372033,1,1,CNN_glove100
scipy:1372035,1,1,CNN_glove100
scipy:1372040,1,1,CNN_glove100
scipy:1372043,1,0,CNN_glove100
scipy:1372052,1,1,CNN_glove100
scipy:1372056,1,1,CNN_glove100
scipy:1372061,1,1,CNN_glove100
scipy:1372062,1,1,CNN_glove100
scipy:1372070,1,0,CNN_glove100
scipy:1372074,1,1,CNN_glove100
scipy:1372076,1,1,CNN_glove100
scipy:1372084,1,1,CNN_glove100
scipy:1372086,1,1,CNN_glove100
scipy:1372090,1,1,CNN_glove100
scipy:1372098,1,1,CNN_glove100
scipy:1372103,1,1,CNN_glove100
scipy:1372110,1,1,CNN_glove100
scipy:1372113,1,1,CNN_glove100
scipy:1372114,1,1,CNN_glove100
scipy:1372116,1,1,CNN_glove100
scipy:1372122,1,1,CNN_glove100
scipy:1372134,1,1,CNN_glove100
scipy:1372136,1,1,CNN_glove100
scipy:1372142,1,1,CNN_glove100
scipy:1372145,1,0,CNN_glove100
scipy:1372148,1,1,CNN_glove100
scipy:1372149,1,1,CNN_glove100
scipy:1372158,1,1,CNN_glove100
scipy:1372161,1,1,CNN_glove100
scipy:1372162,1,1,CNN_glove100
scipy:1372166,1,1,CNN_glove100
scipy:1372167,1,1,CNN_glove100
scipy:1372168,1,1,CNN_glove100
scipy:1372173,1,1,CNN_glove100
scipy:1372182,1,1,CNN_glove100
scipy:1372190,1,1,CNN_glove100
scipy:1372192,1,1,CNN_glove100
scipy:1372195,1,1,CNN_glove100
scipy:1372199,1,1,CNN_glove100
scipy:1372201,1,1,CNN_glove100
scipy:1372203,1,1,CNN_glove100
scipy:1372205,1,1,CNN_glove100
scipy:1372210,1,1,CNN_glove100
scipy:1372229,1,1,CNN_glove100
scipy:1372235,1,1,CNN_glove100
scipy:1372239,1,1,CNN_glove100
scipy:1372245,1,0,CNN_glove100
scipy:1372248,1,1,CNN_glove100
scipy:1372254,1,1,CNN_glove100
scipy:1372255,1,1,CNN_glove100
scipy:1372259,1,1,CNN_glove100
scipy:1372261,1,0,CNN_glove100
scipy:1372267,1,1,CNN_glove100
scipy:1372270,1,1,CNN_glove100
scipy:1372272,1,1,CNN_glove100
scipy:1372296,1,1,CNN_glove100
scipy:1372299,1,1,CNN_glove100
scipy:1372300,1,1,CNN_glove100
scipy:1372302,1,1,CNN_glove100
scipy:1372310,1,1,CNN_glove100
scipy:1372314,1,1,CNN_glove100
scipy:1372317,1,0,CNN_glove100
scipy:1372318,1,1,CNN_glove100
scipy:1372327,1,1,CNN_glove100
scipy:1372329,1,0,CNN_glove100
scipy:1372342,1,1,CNN_glove100
scipy:1372346,1,1,CNN_glove100
scipy:1372347,1,1,CNN_glove100
scipy:1372348,1,1,CNN_glove100
scipy:1372350,1,1,CNN_glove100
scipy:1372353,1,1,CNN_glove100
scipy:1372354,1,1,CNN_glove100
scipy:1372358,1,1,CNN_glove100
scipy:1372369,1,1,CNN_glove100
scipy:1372374,1,1,CNN_glove100
scipy:1372375,1,0,CNN_glove100
scipy:1372377,1,1,CNN_glove100
scipy:1372384,1,1,CNN_glove100
scipy:1372385,1,1,CNN_glove100
scipy:1372386,1,1,CNN_glove100
scipy:1372392,1,1,CNN_glove100
scipy:1372393,1,1,CNN_glove100
scipy:1372401,1,1,CNN_glove100
scipy:1372411,1,1,CNN_glove100
scipy:1372412,1,1,CNN_glove100
scipy:1372419,1,1,CNN_glove100
scipy:1372420,1,1,CNN_glove100
scipy:1372428,1,1,CNN_glove100
scipy:1372439,1,1,CNN_glove100
scipy:1372442,1,1,CNN_glove100
scipy:1372445,1,1,CNN_glove100
scipy:1372451,1,1,CNN_glove100
scipy:1372459,1,1,CNN_glove100
scipy:1372466,1,0,CNN_glove100
scipy:1372475,1,1,CNN_glove100
scipy:1372479,1,1,CNN_glove100
scipy:1372482,1,1,CNN_glove100
scipy:1372485,1,1,CNN_glove100
scipy:1372499,1,0,CNN_glove100
scipy:1372501,1,1,CNN_glove100
scipy:1372502,1,1,CNN_glove100
scipy:1372504,1,1,CNN_glove100
scipy:1372506,1,1,CNN_glove100
scipy:1372508,1,0,CNN_glove100
scipy:1372510,1,1,CNN_glove100
scipy:1372511,1,1,CNN_glove100
scipy:1372513,1,1,CNN_glove100
scipy:1372524,1,1,CNN_glove100
scipy:1372528,1,1,CNN_glove100
scipy:1372542,1,1,CNN_glove100
scipy:1372545,1,1,CNN_glove100
scipy:1372548,1,0,CNN_glove100
scipy:1372552,1,1,CNN_glove100
scipy:1372555,1,1,CNN_glove100
scipy:1372558,1,0,CNN_glove100
scipy:1372571,1,0,CNN_glove100
scipy:1372574,1,1,CNN_glove100
scipy:1372578,1,0,CNN_glove100
scipy:1372582,1,1,CNN_glove100
scipy:1372586,1,1,CNN_glove100
scipy:1372588,1,1,CNN_glove100
scipy:1372589,1,1,CNN_glove100
scipy:1372590,1,1,CNN_glove100
scipy:1372592,1,1,CNN_glove100
scipy:1372601,1,1,CNN_glove100
scipy:1372607,1,0,CNN_glove100
scipy:1372611,1,1,CNN_glove100
scipy:1372626,1,0,CNN_glove100
scipy:1372628,1,1,CNN_glove100
scipy:1372631,1,1,CNN_glove100
scipy:1372634,1,1,CNN_glove100
scipy:1372639,1,1,CNN_glove100
scipy:1372643,1,1,CNN_glove100
scipy:1372649,1,1,CNN_glove100
scipy:1372651,1,1,CNN_glove100
scipy:1372652,1,1,CNN_glove100
scipy:1372654,1,1,CNN_glove100
scipy:1372658,1,0,CNN_glove100
scipy:1372659,1,1,CNN_glove100
scipy:1372660,1,1,CNN_glove100
scipy:1372664,1,1,CNN_glove100
scipy:1372678,1,1,CNN_glove100
scipy:1372681,1,1,CNN_glove100
scipy:1372682,1,1,CNN_glove100
scipy:1372684,1,0,CNN_glove100
scipy:1372685,1,1,CNN_glove100
scipy:1372686,1,1,CNN_glove100
scipy:1372689,1,1,CNN_glove100
scipy:1372696,1,1,CNN_glove100
scipy:1372702,1,1,CNN_glove100
scipy:1372709,1,1,CNN_glove100
scipy:1372711,1,0,CNN_glove100
scipy:1372717,1,1,CNN_glove100
scipy:1372718,1,0,CNN_glove100
scipy:1372731,1,1,CNN_glove100
scipy:1372732,1,1,CNN_glove100
scipy:1372734,1,1,CNN_glove100
scipy:1372739,1,1,CNN_glove100
scipy:1372742,1,1,CNN_glove100
scipy:1372743,1,1,CNN_glove100
scipy:1372747,1,0,CNN_glove100
scipy:1372765,1,1,CNN_glove100
scipy:1372770,1,0,CNN_glove100
scipy:1372772,1,1,CNN_glove100
scipy:1372783,1,1,CNN_glove100
scipy:1372785,1,1,CNN_glove100
scipy:1372789,1,1,CNN_glove100
scipy:1372790,1,1,CNN_glove100
scipy:1372791,1,1,CNN_glove100
scipy:1372793,1,1,CNN_glove100
scipy:1372794,1,1,CNN_glove100
scipy:1372805,1,0,CNN_glove100
scipy:1372811,1,1,CNN_glove100
scipy:1372815,1,1,CNN_glove100
scipy:1372818,1,1,CNN_glove100
scipy:1372821,1,0,CNN_glove100
scipy:1372822,1,1,CNN_glove100
scipy:1372827,1,1,CNN_glove100
scipy:1372831,1,1,CNN_glove100
scipy:1372845,1,1,CNN_glove100
scipy:1372848,1,1,CNN_glove100
scipy:1372849,1,1,CNN_glove100
scipy:1372850,1,1,CNN_glove100
scipy:1372856,1,1,CNN_glove100
scipy:1372869,1,1,CNN_glove100
scipy:1372870,1,0,CNN_glove100
scipy:1372873,1,1,CNN_glove100
scipy:1372880,1,1,CNN_glove100
scipy:1372885,1,0,CNN_glove100
scipy:1372886,1,1,CNN_glove100
scipy:1372889,1,1,CNN_glove100
scipy:1372892,1,0,CNN_glove100
scipy:1372894,1,1,CNN_glove100
scipy:1372905,1,1,CNN_glove100
scipy:1372908,1,1,CNN_glove100
scipy:1372909,1,1,CNN_glove100
scipy:1372914,1,1,CNN_glove100
scipy:1372916,1,1,CNN_glove100
scipy:1372920,1,1,CNN_glove100
scipy:1372921,1,1,CNN_glove100
scipy:1372922,1,1,CNN_glove100
scipy:1372933,1,1,CNN_glove100
scipy:1372942,1,1,CNN_glove100
scipy:1372945,1,1,CNN_glove100
scipy:1372948,1,1,CNN_glove100
scipy:1372954,1,1,CNN_glove100
scipy:1372974,1,1,CNN_glove100
scipy:1372977,1,1,CNN_glove100
scipy:1372984,1,1,CNN_glove100
scipy:1372987,1,1,CNN_glove100
scipy:1372990,1,1,CNN_glove100
scipy:1372992,1,1,CNN_glove100
scipy:1372995,1,1,CNN_glove100
scipy:1373001,1,1,CNN_glove100
scipy:1373006,1,1,CNN_glove100
scipy:1373009,1,1,CNN_glove100
scipy:1373020,1,0,CNN_glove100
scipy:1373024,1,1,CNN_glove100
scipy:1373029,1,1,CNN_glove100
scipy:1373038,1,1,CNN_glove100
scipy:1373045,1,1,CNN_glove100
scipy:1373046,1,1,CNN_glove100
scipy:1373047,1,1,CNN_glove100
scipy:1373049,1,1,CNN_glove100
scipy:1373054,1,1,CNN_glove100
scipy:1373059,1,1,CNN_glove100
scipy:1373061,1,1,CNN_glove100
scipy:1373070,1,1,CNN_glove100
scipy:1373077,1,1,CNN_glove100
scipy:1373079,1,1,CNN_glove100
scipy:1373081,1,1,CNN_glove100
scipy:1373089,1,0,CNN_glove100
scipy:1373090,1,1,CNN_glove100
scipy:1373092,1,1,CNN_glove100
scipy:1373094,1,1,CNN_glove100
scipy:1373100,1,1,CNN_glove100
scipy:1373105,1,1,CNN_glove100
scipy:1373116,1,1,CNN_glove100
scipy:1373118,1,0,CNN_glove100
scipy:1373119,1,1,CNN_glove100
scipy:1373121,1,1,CNN_glove100
scipy:1373128,1,1,CNN_glove100
scipy:1373130,1,1,CNN_glove100
scipy:1373136,1,1,CNN_glove100
scipy:1373140,1,0,CNN_glove100
scipy:1373152,1,1,CNN_glove100
scipy:1373154,1,1,CNN_glove100
scipy:1373158,1,1,CNN_glove100
scipy:1373162,1,1,CNN_glove100
scipy:1373166,1,1,CNN_glove100
scipy:1373171,1,1,CNN_glove100
scipy:1373176,1,1,CNN_glove100
scipy:1373200,1,1,CNN_glove100
scipy:1373205,1,1,CNN_glove100
scipy:1373213,1,1,CNN_glove100
scipy:1373214,1,1,CNN_glove100
scipy:1373224,1,1,CNN_glove100
scipy:1373229,1,1,CNN_glove100
scipy:1373230,1,1,CNN_glove100
scipy:1373232,1,1,CNN_glove100
scipy:1373233,1,1,CNN_glove100
scipy:1373248,1,1,CNN_glove100
scipy:1373249,1,1,CNN_glove100
scipy:1373251,1,1,CNN_glove100
scipy:1373262,1,1,CNN_glove100
scipy:1373273,1,1,CNN_glove100
scipy:1373276,1,1,CNN_glove100
scipy:1373278,1,1,CNN_glove100
scipy:1373279,1,1,CNN_glove100
scipy:1373286,1,1,CNN_glove100
scipy:1373287,1,1,CNN_glove100
scipy:1373296,1,1,CNN_glove100
scipy:1373298,1,1,CNN_glove100
scipy:1373299,1,1,CNN_glove100
scipy:1373302,1,1,CNN_glove100
scipy:1373303,1,1,CNN_glove100
scipy:1373308,1,1,CNN_glove100
scipy:1373313,1,1,CNN_glove100
scipy:1373315,1,1,CNN_glove100
scipy:1373322,1,1,CNN_glove100
scipy:1373324,1,1,CNN_glove100
scipy:1373325,1,1,CNN_glove100
scipy:1373328,1,1,CNN_glove100
scipy:1373332,1,1,CNN_glove100
scipy:1373335,1,1,CNN_glove100
scipy:1373339,1,1,CNN_glove100
scipy:1373345,1,1,CNN_glove100
scipy:1373346,1,1,CNN_glove100
scipy:1373355,1,1,CNN_glove100
scipy:1373368,1,1,CNN_glove100
scipy:1373385,1,1,CNN_glove100
scipy:1373387,1,1,CNN_glove100
scipy:1373393,1,1,CNN_glove100
scipy:1373394,1,1,CNN_glove100
scipy:1373396,1,1,CNN_glove100
scipy:1373397,1,1,CNN_glove100
scipy:1373407,1,1,CNN_glove100
scipy:1373412,1,1,CNN_glove100
scipy:1373419,1,1,CNN_glove100
scipy:1373424,1,1,CNN_glove100
scipy:1373425,1,1,CNN_glove100
scipy:1373428,1,1,CNN_glove100
scipy:1373442,1,1,CNN_glove100
scipy:1373443,1,1,CNN_glove100
scipy:1373445,1,1,CNN_glove100
scipy:1373448,1,1,CNN_glove100
scipy:1373451,1,1,CNN_glove100
scipy:1373454,1,1,CNN_glove100
scipy:1373458,1,1,CNN_glove100
scipy:1373461,1,1,CNN_glove100
scipy:1373464,1,1,CNN_glove100
scipy:1373467,1,1,CNN_glove100
scipy:1373477,1,1,CNN_glove100
scipy:1373485,1,1,CNN_glove100
scipy:1373486,1,1,CNN_glove100
scipy:1373497,1,1,CNN_glove100
scipy:1373499,1,1,CNN_glove100
scipy:1373509,1,1,CNN_glove100
scipy:1373510,1,1,CNN_glove100
scipy:1373511,1,0,CNN_glove100
scipy:1373513,1,1,CNN_glove100
scipy:1373517,1,1,CNN_glove100
scipy:1373519,1,1,CNN_glove100
scipy:1373522,1,1,CNN_glove100
scipy:1373523,1,1,CNN_glove100
scipy:1373528,1,1,CNN_glove100
scipy:1373539,1,1,CNN_glove100
scipy:1373547,1,1,CNN_glove100
scipy:1373554,1,1,CNN_glove100
scipy:1373565,1,1,CNN_glove100
scipy:1373568,1,1,CNN_glove100
scipy:1373575,1,1,CNN_glove100
scipy:1373585,1,1,CNN_glove100
scipy:1373589,1,1,CNN_glove100
scipy:1373596,1,1,CNN_glove100
scipy:1373602,1,1,CNN_glove100
scipy:1373604,1,1,CNN_glove100
scipy:1373607,1,1,CNN_glove100
scipy:1373613,1,1,CNN_glove100
scipy:1373616,1,1,CNN_glove100
scipy:1373631,1,1,CNN_glove100
scipy:1373636,1,1,CNN_glove100
scipy:1373659,1,1,CNN_glove100
scipy:1373661,1,1,CNN_glove100
scipy:1373669,1,1,CNN_glove100
scipy:1373673,1,1,CNN_glove100
scipy:1373675,1,1,CNN_glove100
scipy:1373680,1,1,CNN_glove100
scipy:1373690,1,1,CNN_glove100
scipy:1373692,1,1,CNN_glove100
scipy:1373694,1,1,CNN_glove100
scipy:1373717,1,1,CNN_glove100
scipy:1373718,1,1,CNN_glove100
scipy:1373727,1,1,CNN_glove100
scipy:1373734,1,1,CNN_glove100
scipy:1373736,1,1,CNN_glove100
scipy:1373737,1,1,CNN_glove100
scipy:1373740,1,1,CNN_glove100
scipy:1373743,1,1,CNN_glove100
scipy:1373747,1,1,CNN_glove100
scipy:1373756,1,1,CNN_glove100
scipy:1373765,1,1,CNN_glove100
scipy:1373767,1,1,CNN_glove100
scipy:1373769,1,1,CNN_glove100
scipy:1373772,1,1,CNN_glove100
scipy:1373777,1,1,CNN_glove100
scipy:1373787,1,1,CNN_glove100
scipy:1373798,1,1,CNN_glove100
scipy:1373800,1,1,CNN_glove100
scipy:1373804,1,1,CNN_glove100
scipy:1373810,1,1,CNN_glove100
scipy:1373812,1,1,CNN_glove100
scipy:1373824,1,1,CNN_glove100
scipy:1373825,1,1,CNN_glove100
scipy:1373829,1,1,CNN_glove100
scipy:1373830,1,0,CNN_glove100
scipy:1373833,1,1,CNN_glove100
scipy:1373845,1,1,CNN_glove100
scipy:1373849,1,1,CNN_glove100
scipy:1373857,1,1,CNN_glove100
scipy:1373862,1,0,CNN_glove100
scipy:1373863,1,1,CNN_glove100
scipy:1373879,1,1,CNN_glove100
scipy:1373880,1,1,CNN_glove100
scipy:1373885,1,1,CNN_glove100
scipy:1373891,1,1,CNN_glove100
scipy:1373898,1,1,CNN_glove100
scipy:1373905,1,1,CNN_glove100
scipy:1373909,1,1,CNN_glove100
scipy:1373914,1,1,CNN_glove100
scipy:1373915,1,1,CNN_glove100
scipy:1373920,1,1,CNN_glove100
scipy:1373931,1,1,CNN_glove100
scipy:1373945,1,1,CNN_glove100
scipy:1373948,1,1,CNN_glove100
scipy:1373950,1,1,CNN_glove100
scipy:1373955,1,1,CNN_glove100
scipy:1373958,1,1,CNN_glove100
scipy:1373961,1,1,CNN_glove100
scipy:1373965,1,1,CNN_glove100
scipy:1373970,1,1,CNN_glove100
scipy:1373971,1,1,CNN_glove100
scipy:1373974,1,1,CNN_glove100
scipy:1373981,1,1,CNN_glove100
scipy:1373985,1,1,CNN_glove100
scipy:1373990,1,1,CNN_glove100
scipy:1374000,1,1,CNN_glove100
scipy:1374017,1,1,CNN_glove100
scipy:1374036,1,1,CNN_glove100
scipy:1374049,1,1,CNN_glove100
scipy:1374054,1,1,CNN_glove100
scipy:1374056,1,1,CNN_glove100
scipy:1374058,1,1,CNN_glove100
scipy:1374066,1,1,CNN_glove100
scipy:1374068,1,0,CNN_glove100
scipy:1374071,1,1,CNN_glove100
scipy:1374072,1,1,CNN_glove100
scipy:1374078,1,1,CNN_glove100
scipy:1374081,1,1,CNN_glove100
scipy:1374085,1,1,CNN_glove100
scipy:1374088,1,1,CNN_glove100
scipy:1374093,1,1,CNN_glove100
scipy:1374097,1,1,CNN_glove100
scipy:1374100,1,1,CNN_glove100
scipy:1374101,1,1,CNN_glove100
scipy:1374104,1,1,CNN_glove100
scipy:1374111,1,1,CNN_glove100
scipy:1374124,1,1,CNN_glove100
scipy:1374129,1,1,CNN_glove100
scipy:1374141,1,1,CNN_glove100
scipy:1374143,1,1,CNN_glove100
scipy:1374147,1,1,CNN_glove100
scipy:1374152,1,1,CNN_glove100
scipy:1374160,1,1,CNN_glove100
scipy:1374163,1,1,CNN_glove100
scipy:1374164,1,1,CNN_glove100
scipy:1374165,1,1,CNN_glove100
scipy:1374168,1,1,CNN_glove100
scipy:1374175,1,1,CNN_glove100
scipy:1374179,1,1,CNN_glove100
scipy:1374190,1,1,CNN_glove100
scipy:1374197,1,1,CNN_glove100
scipy:1374199,1,1,CNN_glove100
scipy:1374202,1,1,CNN_glove100
scipy:1374212,1,1,CNN_glove100
scipy:1374215,1,1,CNN_glove100
scipy:1374220,1,1,CNN_glove100
scipy:1374223,1,1,CNN_glove100
scipy:1374225,1,1,CNN_glove100
scipy:1374226,1,1,CNN_glove100
scipy:1374227,1,1,CNN_glove100
scipy:1374228,1,1,CNN_glove100
scipy:1374229,1,1,CNN_glove100
scipy:1374238,1,1,CNN_glove100
scipy:1374241,1,1,CNN_glove100
scipy:1374242,1,1,CNN_glove100
scipy:1374243,1,1,CNN_glove100
scipy:1374245,1,1,CNN_glove100
scipy:1374246,1,1,CNN_glove100
scipy:1374254,1,1,CNN_glove100
scipy:1374258,1,1,CNN_glove100
scipy:1374262,1,1,CNN_glove100
scipy:1374270,1,1,CNN_glove100
scipy:1374280,1,1,CNN_glove100
scipy:1374285,0,0,CNN_glove100
scipy:1374291,0,0,CNN_glove100
scipy:1374299,0,0,CNN_glove100
scipy:1374300,0,1,CNN_glove100
scipy:1374301,0,0,CNN_glove100
scipy:1374303,0,0,CNN_glove100
scipy:1374306,0,0,CNN_glove100
scipy:1374308,0,0,CNN_glove100
scipy:1374328,0,0,CNN_glove100
scipy:1374334,0,0,CNN_glove100
scipy:1374343,0,0,CNN_glove100
scipy:1374345,0,0,CNN_glove100
scipy:1374352,0,0,CNN_glove100
scipy:1374372,0,1,CNN_glove100
scipy:1374379,0,0,CNN_glove100
scipy:1374389,0,0,CNN_glove100
scipy:1374390,0,0,CNN_glove100
scipy:1374401,0,0,CNN_glove100
scipy:1374403,0,0,CNN_glove100
scipy:1374405,0,0,CNN_glove100
scipy:1374418,0,1,CNN_glove100
scipy:1374425,0,0,CNN_glove100
scipy:1374428,0,0,CNN_glove100
scipy:1374431,0,1,CNN_glove100
scipy:1374443,0,0,CNN_glove100
scipy:1374446,0,0,CNN_glove100
scipy:1374452,0,0,CNN_glove100
scipy:1374467,0,0,CNN_glove100
scipy:1374469,0,0,CNN_glove100
scipy:1374479,0,0,CNN_glove100
scipy:1374480,0,0,CNN_glove100
scipy:1374483,0,0,CNN_glove100
scipy:1374485,0,0,CNN_glove100
scipy:1374496,0,1,CNN_glove100
scipy:1374502,0,1,CNN_glove100
scipy:1374504,0,0,CNN_glove100
scipy:1374512,0,1,CNN_glove100
scipy:1374524,0,0,CNN_glove100
scipy:1374527,0,1,CNN_glove100
scipy:1374537,0,0,CNN_glove100
scipy:1374539,0,0,CNN_glove100
scipy:1374548,0,0,CNN_glove100
scipy:1374551,0,1,CNN_glove100
scipy:1374553,0,0,CNN_glove100
scipy:1374555,0,0,CNN_glove100
scipy:1374556,0,0,CNN_glove100
scipy:1374558,0,0,CNN_glove100
scipy:1374574,0,0,CNN_glove100
scipy:1374579,0,0,CNN_glove100
scipy:1374583,0,0,CNN_glove100
scipy:1374584,0,0,CNN_glove100
scipy:1374594,0,0,CNN_glove100
scipy:1374604,0,0,CNN_glove100
scipy:1374606,0,0,CNN_glove100
scipy:1374607,0,0,CNN_glove100
scipy:1374614,0,0,CNN_glove100
scipy:1374616,0,0,CNN_glove100
scipy:1374617,0,0,CNN_glove100
scipy:1374633,0,0,CNN_glove100
scipy:1374643,0,0,CNN_glove100
scipy:1374646,0,0,CNN_glove100
scipy:1374648,0,1,CNN_glove100
scipy:1374653,0,0,CNN_glove100
scipy:1374661,0,0,CNN_glove100
scipy:1374670,0,0,CNN_glove100
scipy:1374671,0,0,CNN_glove100
scipy:1374675,0,0,CNN_glove100
scipy:1374676,0,0,CNN_glove100
scipy:1374677,0,0,CNN_glove100
scipy:1374687,0,0,CNN_glove100
scipy:1374705,0,0,CNN_glove100
scipy:1374706,0,1,CNN_glove100
scipy:1374715,0,0,CNN_glove100
scipy:1374716,0,0,CNN_glove100
scipy:1374722,0,0,CNN_glove100
scipy:1374738,0,1,CNN_glove100
scipy:1374740,0,0,CNN_glove100
scipy:1374745,0,0,CNN_glove100
scipy:1374748,0,1,CNN_glove100
scipy:1374758,0,0,CNN_glove100
scipy:1374770,0,0,CNN_glove100
scipy:1374772,0,0,CNN_glove100
scipy:1374791,0,0,CNN_glove100
scipy:1374795,0,0,CNN_glove100
scipy:1374803,0,0,CNN_glove100
scipy:1374809,0,0,CNN_glove100
scipy:1374813,0,0,CNN_glove100
scipy:1374817,0,0,CNN_glove100
scipy:1374821,0,0,CNN_glove100
scipy:1374822,0,0,CNN_glove100
scipy:1374827,0,1,CNN_glove100
scipy:1374831,0,0,CNN_glove100
scipy:1374832,0,1,CNN_glove100
scipy:1374833,0,0,CNN_glove100
scipy:1374838,0,0,CNN_glove100
scipy:1374845,0,0,CNN_glove100
scipy:1374850,0,0,CNN_glove100
scipy:1374858,0,0,CNN_glove100
scipy:1374865,0,1,CNN_glove100
scipy:1374878,0,0,CNN_glove100
scipy:1374879,0,0,CNN_glove100
scipy:1374882,0,0,CNN_glove100
scipy:1374884,0,0,CNN_glove100
scipy:1374885,0,0,CNN_glove100
scipy:1374889,0,0,CNN_glove100
scipy:1374890,0,0,CNN_glove100
scipy:1374901,0,1,CNN_glove100
scipy:1374902,0,0,CNN_glove100
scipy:1374906,0,0,CNN_glove100
scipy:1374908,0,0,CNN_glove100
scipy:1374912,0,0,CNN_glove100
scipy:1374913,0,0,CNN_glove100
scipy:1374923,0,0,CNN_glove100
scipy:1374928,0,0,CNN_glove100
scipy:1374930,0,0,CNN_glove100
scipy:1374938,0,0,CNN_glove100
scipy:1374941,0,0,CNN_glove100
scipy:1374944,0,0,CNN_glove100
scipy:1374946,0,0,CNN_glove100
scipy:1374947,0,0,CNN_glove100
scipy:1374951,0,0,CNN_glove100
scipy:1374956,0,0,CNN_glove100
scipy:1374965,0,0,CNN_glove100
scipy:1374969,0,1,CNN_glove100
scipy:1374970,0,0,CNN_glove100
scipy:1374978,0,0,CNN_glove100
scipy:1374980,0,0,CNN_glove100
scipy:1374984,0,0,CNN_glove100
scipy:1374986,0,0,CNN_glove100
scipy:1374999,0,0,CNN_glove100
scipy:1375000,0,0,CNN_glove100
scipy:1375003,0,0,CNN_glove100
scipy:1375014,0,0,CNN_glove100
scipy:1375023,0,0,CNN_glove100
scipy:1375025,0,0,CNN_glove100
scipy:1375030,0,0,CNN_glove100
scipy:1375037,0,0,CNN_glove100
scipy:1375039,0,0,CNN_glove100
scipy:1375045,0,0,CNN_glove100
scipy:1375046,0,0,CNN_glove100
scipy:1375049,0,0,CNN_glove100
scipy:1375050,0,0,CNN_glove100
scipy:1375060,0,1,CNN_glove100
scipy:1375062,0,0,CNN_glove100
scipy:1375067,0,0,CNN_glove100
scipy:1375069,0,0,CNN_glove100
scipy:1375072,0,0,CNN_glove100
scipy:1375073,0,0,CNN_glove100
scipy:1375074,0,0,CNN_glove100
scipy:1375077,0,0,CNN_glove100
scipy:1375086,0,0,CNN_glove100
scipy:1375088,0,0,CNN_glove100
scipy:1375089,0,0,CNN_glove100
scipy:1375095,0,1,CNN_glove100
scipy:1375105,0,0,CNN_glove100
scipy:1375106,0,0,CNN_glove100
scipy:1375114,0,0,CNN_glove100
scipy:1375129,0,0,CNN_glove100
scipy:1375135,0,0,CNN_glove100
scipy:1375137,0,0,CNN_glove100
scipy:1375142,0,0,CNN_glove100
scipy:1375144,0,0,CNN_glove100
scipy:1375148,0,0,CNN_glove100
scipy:1375158,0,0,CNN_glove100
scipy:1375160,0,0,CNN_glove100
scipy:1375166,0,0,CNN_glove100
scipy:1375167,0,0,CNN_glove100
scipy:1375170,0,0,CNN_glove100
scipy:1375173,0,1,CNN_glove100
scipy:1375191,0,0,CNN_glove100
scipy:1375192,0,0,CNN_glove100
scipy:1375193,0,0,CNN_glove100
scipy:1375197,0,1,CNN_glove100
scipy:1375205,0,0,CNN_glove100
scipy:1375218,0,0,CNN_glove100
scipy:1375223,0,0,CNN_glove100
scipy:1375227,0,0,CNN_glove100
scipy:1375233,0,1,CNN_glove100
scipy:1375237,0,0,CNN_glove100
scipy:1375240,0,0,CNN_glove100
scipy:1375244,0,1,CNN_glove100
scipy:1375247,0,0,CNN_glove100
scipy:1375261,0,0,CNN_glove100
scipy:1375265,0,1,CNN_glove100
scipy:1375266,0,0,CNN_glove100
scipy:1375267,0,0,CNN_glove100
scipy:1375268,0,0,CNN_glove100
scipy:1375269,0,0,CNN_glove100
scipy:1375274,0,0,CNN_glove100
scipy:1375280,0,0,CNN_glove100
scipy:1375282,0,1,CNN_glove100
scipy:1375284,0,1,CNN_glove100
scipy:1375287,0,0,CNN_glove100
scipy:1375293,0,0,CNN_glove100
scipy:1375297,0,0,CNN_glove100
scipy:1375304,0,0,CNN_glove100
scipy:1375311,0,0,CNN_glove100
scipy:1375322,0,0,CNN_glove100
scipy:1375340,0,0,CNN_glove100
scipy:1375345,0,0,CNN_glove100
scipy:1375348,0,0,CNN_glove100
scipy:1375349,0,0,CNN_glove100
scipy:1375356,0,0,CNN_glove100
scipy:1375360,0,0,CNN_glove100
scipy:1375364,0,0,CNN_glove100
scipy:1375365,0,0,CNN_glove100
scipy:1375366,0,0,CNN_glove100
scipy:1375367,0,0,CNN_glove100
scipy:1375375,0,0,CNN_glove100
scipy:1375376,0,0,CNN_glove100
scipy:1375378,0,0,CNN_glove100
scipy:1375381,0,0,CNN_glove100
scipy:1375386,0,0,CNN_glove100
scipy:1375395,0,0,CNN_glove100
scipy:1375407,0,0,CNN_glove100
scipy:1375412,0,0,CNN_glove100
scipy:1375413,0,0,CNN_glove100
scipy:1375437,0,1,CNN_glove100
scipy:1375442,0,1,CNN_glove100
scipy:1375445,0,0,CNN_glove100
scipy:1375448,0,0,CNN_glove100
scipy:1375449,0,0,CNN_glove100
scipy:1375450,0,0,CNN_glove100
scipy:1375453,0,0,CNN_glove100
scipy:1375457,0,0,CNN_glove100
scipy:1375470,0,0,CNN_glove100
scipy:1375472,0,0,CNN_glove100
scipy:1375473,0,1,CNN_glove100
scipy:1375474,0,0,CNN_glove100
scipy:1375487,0,0,CNN_glove100
scipy:1375500,0,1,CNN_glove100
scipy:1375504,0,0,CNN_glove100
scipy:1375507,0,0,CNN_glove100
scipy:1375508,0,0,CNN_glove100
scipy:1375515,0,0,CNN_glove100
scipy:1375516,0,0,CNN_glove100
scipy:1375521,0,0,CNN_glove100
scipy:1375522,0,1,CNN_glove100
scipy:1375525,0,1,CNN_glove100
scipy:1375531,0,0,CNN_glove100
scipy:1375535,0,0,CNN_glove100
scipy:1375536,0,1,CNN_glove100
scipy:1375537,0,1,CNN_glove100
scipy:1375538,0,1,CNN_glove100
scipy:1375544,0,1,CNN_glove100
scipy:1375548,0,1,CNN_glove100
scipy:1375578,0,0,CNN_glove100
scipy:1375581,0,0,CNN_glove100
scipy:1375590,0,1,CNN_glove100
scipy:1375592,0,1,CNN_glove100
scipy:1375595,0,0,CNN_glove100
scipy:1375602,0,0,CNN_glove100
scipy:1375604,0,0,CNN_glove100
scipy:1375607,0,0,CNN_glove100
scipy:1375609,0,0,CNN_glove100
scipy:1375612,0,1,CNN_glove100
scipy:1375618,0,0,CNN_glove100
scipy:1375619,0,0,CNN_glove100
scipy:1375620,0,1,CNN_glove100
scipy:1375628,0,1,CNN_glove100
scipy:1375629,0,1,CNN_glove100
scipy:1375634,0,0,CNN_glove100
scipy:1375635,0,1,CNN_glove100
scipy:1375640,0,0,CNN_glove100
scipy:1375644,0,0,CNN_glove100
scipy:1375645,0,1,CNN_glove100
scipy:1375647,0,0,CNN_glove100
scipy:1375648,0,1,CNN_glove100
scipy:1375649,0,1,CNN_glove100
scipy:1375654,0,1,CNN_glove100
scipy:1375655,0,0,CNN_glove100
scipy:1375658,0,0,CNN_glove100
scipy:1375664,0,0,CNN_glove100
scipy:1375665,0,0,CNN_glove100
scipy:1375669,0,1,CNN_glove100
scipy:1375675,0,0,CNN_glove100
scipy:1375676,0,0,CNN_glove100
scipy:1375682,0,0,CNN_glove100
scipy:1375684,0,0,CNN_glove100
scipy:1375686,0,1,CNN_glove100
scipy:1375689,0,1,CNN_glove100
scipy:1375691,0,1,CNN_glove100
scipy:1375695,0,0,CNN_glove100
scipy:1375699,0,0,CNN_glove100
scipy:1375703,0,0,CNN_glove100
scipy:1375715,0,1,CNN_glove100
scipy:1375734,0,0,CNN_glove100
scipy:1375737,0,0,CNN_glove100
scipy:1375738,0,0,CNN_glove100
scipy:1375744,0,0,CNN_glove100
scipy:1375751,0,0,CNN_glove100
scipy:1375752,0,0,CNN_glove100
scipy:1375757,0,1,CNN_glove100
scipy:1375765,0,0,CNN_glove100
scipy:1375766,0,0,CNN_glove100
scipy:1375767,0,0,CNN_glove100
scipy:1375777,0,0,CNN_glove100
scipy:1375786,0,0,CNN_glove100
scipy:1375788,0,0,CNN_glove100
scipy:1375791,0,0,CNN_glove100
scipy:1375793,0,1,CNN_glove100
scipy:1375798,0,1,CNN_glove100
weblate:1447226,1,1,CNN_glove100
weblate:1447228,1,1,CNN_glove100
weblate:1447231,1,1,CNN_glove100
weblate:1447234,1,1,CNN_glove100
weblate:1447243,1,1,CNN_glove100
weblate:1447253,1,1,CNN_glove100
weblate:1447260,1,1,CNN_glove100
weblate:1447266,1,0,CNN_glove100
weblate:1447278,1,1,CNN_glove100
weblate:1447279,1,1,CNN_glove100
weblate:1447290,1,0,CNN_glove100
weblate:1447293,1,0,CNN_glove100
weblate:1447296,1,1,CNN_glove100
weblate:1447297,1,0,CNN_glove100
weblate:1447300,1,1,CNN_glove100
weblate:1447302,1,1,CNN_glove100
weblate:1447304,1,1,CNN_glove100
weblate:1447309,1,1,CNN_glove100
weblate:1447313,1,0,CNN_glove100
weblate:1447317,1,1,CNN_glove100
weblate:1447321,1,1,CNN_glove100
weblate:1447324,1,1,CNN_glove100
weblate:1447326,1,1,CNN_glove100
weblate:1447328,1,1,CNN_glove100
weblate:1447337,1,1,CNN_glove100
weblate:1447344,1,1,CNN_glove100
weblate:1447347,1,0,CNN_glove100
weblate:1447350,1,0,CNN_glove100
weblate:1447351,1,1,CNN_glove100
weblate:1447352,1,1,CNN_glove100
weblate:1447353,1,1,CNN_glove100
weblate:1447358,1,1,CNN_glove100
weblate:1447365,1,1,CNN_glove100
weblate:1447368,1,1,CNN_glove100
weblate:1447370,1,1,CNN_glove100
weblate:1447376,1,1,CNN_glove100
weblate:1447380,1,0,CNN_glove100
weblate:1447386,1,1,CNN_glove100
weblate:1447391,1,1,CNN_glove100
weblate:1447392,1,0,CNN_glove100
weblate:1447393,1,1,CNN_glove100
weblate:1447394,1,1,CNN_glove100
weblate:1447399,1,1,CNN_glove100
weblate:1447406,1,1,CNN_glove100
weblate:1447409,1,1,CNN_glove100
weblate:1447410,1,0,CNN_glove100
weblate:1447412,1,1,CNN_glove100
weblate:1447414,1,1,CNN_glove100
weblate:1447422,1,1,CNN_glove100
weblate:1447426,1,1,CNN_glove100
weblate:1447429,1,1,CNN_glove100
weblate:1447430,1,1,CNN_glove100
weblate:1447431,1,1,CNN_glove100
weblate:1447432,1,1,CNN_glove100
weblate:1447434,1,0,CNN_glove100
weblate:1447440,1,1,CNN_glove100
weblate:1447444,1,0,CNN_glove100
weblate:1447446,1,1,CNN_glove100
weblate:1447447,1,0,CNN_glove100
weblate:1447456,1,1,CNN_glove100
weblate:1447462,1,1,CNN_glove100
weblate:1447470,1,1,CNN_glove100
weblate:1447471,1,1,CNN_glove100
weblate:1447478,1,1,CNN_glove100
weblate:1447485,1,1,CNN_glove100
weblate:1447496,1,1,CNN_glove100
weblate:1447497,1,1,CNN_glove100
weblate:1447498,1,0,CNN_glove100
weblate:1447509,1,1,CNN_glove100
weblate:1447512,1,0,CNN_glove100
weblate:1447516,1,0,CNN_glove100
weblate:1447525,1,1,CNN_glove100
weblate:1447531,1,1,CNN_glove100
weblate:1447534,1,1,CNN_glove100
weblate:1447536,1,1,CNN_glove100
weblate:1447542,1,1,CNN_glove100
weblate:1447543,1,1,CNN_glove100
weblate:1447553,1,1,CNN_glove100
weblate:1447554,1,1,CNN_glove100
weblate:1447555,1,1,CNN_glove100
weblate:1447559,1,0,CNN_glove100
weblate:1447564,1,0,CNN_glove100
weblate:1447570,1,1,CNN_glove100
weblate:1447573,1,1,CNN_glove100
weblate:1447576,1,1,CNN_glove100
weblate:1447590,1,1,CNN_glove100
weblate:1447600,1,1,CNN_glove100
weblate:1447609,1,1,CNN_glove100
weblate:1447611,1,1,CNN_glove100
weblate:1447618,1,1,CNN_glove100
weblate:1447623,1,1,CNN_glove100
weblate:1447625,1,1,CNN_glove100
weblate:1447629,1,1,CNN_glove100
weblate:1447635,1,1,CNN_glove100
weblate:1447638,1,0,CNN_glove100
weblate:1447639,1,1,CNN_glove100
weblate:1447657,1,0,CNN_glove100
weblate:1447661,1,0,CNN_glove100
weblate:1447663,1,1,CNN_glove100
weblate:1447664,1,1,CNN_glove100
weblate:1447674,1,1,CNN_glove100
weblate:1447675,1,0,CNN_glove100
weblate:1447676,1,1,CNN_glove100
weblate:1447682,1,1,CNN_glove100
weblate:1447689,1,1,CNN_glove100
weblate:1447692,1,1,CNN_glove100
weblate:1447699,1,1,CNN_glove100
weblate:1447704,1,1,CNN_glove100
weblate:1447705,1,1,CNN_glove100
weblate:1447709,1,1,CNN_glove100
weblate:1447712,1,0,CNN_glove100
weblate:1447713,1,1,CNN_glove100
weblate:1447714,1,1,CNN_glove100
weblate:1447716,1,1,CNN_glove100
weblate:1447717,1,1,CNN_glove100
weblate:1447719,1,1,CNN_glove100
weblate:1447730,1,1,CNN_glove100
weblate:1447731,1,1,CNN_glove100
weblate:1447735,1,1,CNN_glove100
weblate:1447744,1,1,CNN_glove100
weblate:1447746,1,1,CNN_glove100
weblate:1447757,1,1,CNN_glove100
weblate:1447760,1,1,CNN_glove100
weblate:1447762,1,1,CNN_glove100
weblate:1447765,1,1,CNN_glove100
weblate:1447778,1,1,CNN_glove100
weblate:1447782,1,1,CNN_glove100
weblate:1447786,1,0,CNN_glove100
weblate:1447789,1,1,CNN_glove100
weblate:1447790,1,1,CNN_glove100
weblate:1447791,1,0,CNN_glove100
weblate:1447792,1,1,CNN_glove100
weblate:1447794,1,1,CNN_glove100
weblate:1447795,1,1,CNN_glove100
weblate:1447798,1,1,CNN_glove100
weblate:1447799,1,1,CNN_glove100
weblate:1447803,1,1,CNN_glove100
weblate:1447817,1,1,CNN_glove100
weblate:1447830,1,1,CNN_glove100
weblate:1447831,1,1,CNN_glove100
weblate:1447834,1,0,CNN_glove100
weblate:1447836,1,1,CNN_glove100
weblate:1447838,1,1,CNN_glove100
weblate:1447842,1,0,CNN_glove100
weblate:1447847,1,1,CNN_glove100
weblate:1447855,1,1,CNN_glove100
weblate:1447856,1,0,CNN_glove100
weblate:1447861,1,1,CNN_glove100
weblate:1447862,1,1,CNN_glove100
weblate:1447864,1,1,CNN_glove100
weblate:1447866,1,1,CNN_glove100
weblate:1447870,1,1,CNN_glove100
weblate:1447878,1,1,CNN_glove100
weblate:1447892,1,1,CNN_glove100
weblate:1447898,1,1,CNN_glove100
weblate:1447899,1,1,CNN_glove100
weblate:1447906,1,1,CNN_glove100
weblate:1447907,1,1,CNN_glove100
weblate:1447914,1,1,CNN_glove100
weblate:1447926,1,1,CNN_glove100
weblate:1447934,1,1,CNN_glove100
weblate:1447935,1,1,CNN_glove100
weblate:1447941,1,1,CNN_glove100
weblate:1447944,1,1,CNN_glove100
weblate:1447948,1,1,CNN_glove100
weblate:1447960,1,1,CNN_glove100
weblate:1447966,1,1,CNN_glove100
weblate:1447978,1,1,CNN_glove100
weblate:1447986,1,1,CNN_glove100
weblate:1447988,1,1,CNN_glove100
weblate:1447990,1,1,CNN_glove100
weblate:1447997,1,1,CNN_glove100
weblate:1448001,1,1,CNN_glove100
weblate:1448015,1,0,CNN_glove100
weblate:1448031,1,1,CNN_glove100
weblate:1448036,1,1,CNN_glove100
weblate:1448039,1,0,CNN_glove100
weblate:1448041,1,1,CNN_glove100
weblate:1448042,1,1,CNN_glove100
weblate:1448048,1,1,CNN_glove100
weblate:1448049,1,1,CNN_glove100
weblate:1448055,1,1,CNN_glove100
weblate:1448063,1,1,CNN_glove100
weblate:1448064,1,1,CNN_glove100
weblate:1448068,1,1,CNN_glove100
weblate:1448084,1,1,CNN_glove100
weblate:1448086,1,0,CNN_glove100
weblate:1448089,1,1,CNN_glove100
weblate:1448095,1,0,CNN_glove100
weblate:1448097,1,0,CNN_glove100
weblate:1448105,1,1,CNN_glove100
weblate:1448109,1,1,CNN_glove100
weblate:1448110,1,1,CNN_glove100
weblate:1448118,1,1,CNN_glove100
weblate:1448120,1,1,CNN_glove100
weblate:1448128,1,1,CNN_glove100
weblate:1448131,1,1,CNN_glove100
weblate:1448132,1,0,CNN_glove100
weblate:1448142,1,1,CNN_glove100
weblate:1448143,1,0,CNN_glove100
weblate:1448147,1,1,CNN_glove100
weblate:1448152,1,1,CNN_glove100
weblate:1448158,1,1,CNN_glove100
weblate:1448162,1,1,CNN_glove100
weblate:1448168,1,1,CNN_glove100
weblate:1448174,1,1,CNN_glove100
weblate:1448184,1,1,CNN_glove100
weblate:1448185,1,1,CNN_glove100
weblate:1448190,1,0,CNN_glove100
weblate:1448191,1,1,CNN_glove100
weblate:1448200,1,0,CNN_glove100
weblate:1448202,1,1,CNN_glove100
weblate:1448209,1,1,CNN_glove100
weblate:1448211,1,1,CNN_glove100
weblate:1448219,1,1,CNN_glove100
weblate:1448227,1,1,CNN_glove100
weblate:1448228,1,1,CNN_glove100
weblate:1448235,1,1,CNN_glove100
weblate:1448236,1,1,CNN_glove100
weblate:1448238,1,0,CNN_glove100
weblate:1448243,1,1,CNN_glove100
weblate:1448245,1,1,CNN_glove100
weblate:1448249,1,1,CNN_glove100
weblate:1448258,1,1,CNN_glove100
weblate:1448263,1,1,CNN_glove100
weblate:1448268,1,1,CNN_glove100
weblate:1448270,1,1,CNN_glove100
weblate:1448281,1,1,CNN_glove100
weblate:1448282,1,1,CNN_glove100
weblate:1448290,1,0,CNN_glove100
weblate:1448292,1,1,CNN_glove100
weblate:1448299,1,1,CNN_glove100
weblate:1448304,1,0,CNN_glove100
weblate:1448307,1,1,CNN_glove100
weblate:1448310,1,0,CNN_glove100
weblate:1448326,1,1,CNN_glove100
weblate:1448327,1,0,CNN_glove100
weblate:1448342,1,1,CNN_glove100
weblate:1448348,1,1,CNN_glove100
weblate:1448349,1,1,CNN_glove100
weblate:1448354,1,1,CNN_glove100
weblate:1448355,1,1,CNN_glove100
weblate:1448358,1,0,CNN_glove100
weblate:1448371,1,1,CNN_glove100
weblate:1448372,1,1,CNN_glove100
weblate:1448381,1,0,CNN_glove100
weblate:1448392,1,1,CNN_glove100
weblate:1448394,1,0,CNN_glove100
weblate:1448395,1,1,CNN_glove100
weblate:1448400,1,1,CNN_glove100
weblate:1448402,1,1,CNN_glove100
weblate:1448410,1,1,CNN_glove100
weblate:1448413,1,1,CNN_glove100
weblate:1448426,0,1,CNN_glove100
weblate:1448435,0,1,CNN_glove100
weblate:1448437,0,0,CNN_glove100
weblate:1448440,0,1,CNN_glove100
weblate:1448442,0,1,CNN_glove100
weblate:1448446,0,1,CNN_glove100
weblate:1448454,0,0,CNN_glove100
weblate:1448455,0,0,CNN_glove100
weblate:1448458,0,1,CNN_glove100
weblate:1448468,0,1,CNN_glove100
weblate:1448469,0,0,CNN_glove100
weblate:1448478,0,1,CNN_glove100
weblate:1448493,0,0,CNN_glove100
weblate:1448516,0,0,CNN_glove100
weblate:1448518,0,1,CNN_glove100
weblate:1448520,0,0,CNN_glove100
weblate:1448533,0,0,CNN_glove100
weblate:1448547,0,0,CNN_glove100
weblate:1448550,0,1,CNN_glove100
weblate:1448551,0,1,CNN_glove100
weblate:1448557,0,1,CNN_glove100
weblate:1448558,0,0,CNN_glove100
weblate:1448559,0,1,CNN_glove100
weblate:1448561,0,0,CNN_glove100
weblate:1448564,0,1,CNN_glove100
weblate:1448565,0,0,CNN_glove100
weblate:1448566,0,0,CNN_glove100
weblate:1448569,0,1,CNN_glove100
weblate:1448571,0,0,CNN_glove100
weblate:1448573,0,0,CNN_glove100
weblate:1448579,0,0,CNN_glove100
weblate:1448581,0,0,CNN_glove100
weblate:1448583,0,0,CNN_glove100
weblate:1448584,0,1,CNN_glove100
weblate:1448587,0,0,CNN_glove100
weblate:1448594,0,1,CNN_glove100
weblate:1448615,0,1,CNN_glove100
weblate:1448618,0,0,CNN_glove100
weblate:1448627,0,0,CNN_glove100
weblate:1448630,0,1,CNN_glove100
weblate:1448635,0,0,CNN_glove100
weblate:1448641,0,0,CNN_glove100
weblate:1448646,0,0,CNN_glove100
weblate:1448647,0,0,CNN_glove100
weblate:1448648,0,0,CNN_glove100
weblate:1448659,0,0,CNN_glove100
weblate:1448661,0,0,CNN_glove100
weblate:1448665,0,0,CNN_glove100
weblate:1448673,0,1,CNN_glove100
weblate:1448687,0,0,CNN_glove100
weblate:1448697,0,1,CNN_glove100
weblate:1448701,0,1,CNN_glove100
weblate:1448707,0,0,CNN_glove100
weblate:1448708,0,0,CNN_glove100
weblate:1448712,0,0,CNN_glove100
weblate:1448727,0,0,CNN_glove100
weblate:1448729,0,1,CNN_glove100
weblate:1448731,0,0,CNN_glove100
weblate:1448732,0,1,CNN_glove100
weblate:1448736,0,0,CNN_glove100
weblate:1448739,0,0,CNN_glove100
weblate:1448741,0,1,CNN_glove100
weblate:1448749,0,0,CNN_glove100
weblate:1448750,0,0,CNN_glove100
weblate:1448752,0,0,CNN_glove100
weblate:1448772,0,0,CNN_glove100
weblate:1448779,0,0,CNN_glove100
weblate:1448785,0,0,CNN_glove100
weblate:1448790,0,0,CNN_glove100
weblate:1448803,0,0,CNN_glove100
weblate:1448806,0,0,CNN_glove100
weblate:1448811,0,0,CNN_glove100
weblate:1448814,0,0,CNN_glove100
weblate:1448816,0,0,CNN_glove100
weblate:1448828,0,0,CNN_glove100
weblate:1448833,0,0,CNN_glove100
weblate:1448835,0,0,CNN_glove100
weblate:1448838,0,0,CNN_glove100
weblate:1448842,0,0,CNN_glove100
weblate:1448877,0,0,CNN_glove100
weblate:1448881,0,0,CNN_glove100
weblate:1448883,0,0,CNN_glove100
weblate:1448885,0,0,CNN_glove100
weblate:1448886,0,0,CNN_glove100
weblate:1448888,0,0,CNN_glove100
weblate:1448896,0,0,CNN_glove100
weblate:1448899,0,0,CNN_glove100
weblate:1448904,0,1,CNN_glove100
weblate:1448910,0,0,CNN_glove100
weblate:1448912,0,0,CNN_glove100
weblate:1448915,0,1,CNN_glove100
weblate:1448927,0,0,CNN_glove100
weblate:1448929,0,0,CNN_glove100
weblate:1448934,0,1,CNN_glove100
weblate:1448946,0,1,CNN_glove100
weblate:1448949,0,0,CNN_glove100
weblate:1448961,0,0,CNN_glove100
weblate:1448969,0,0,CNN_glove100
weblate:1448983,0,0,CNN_glove100
weblate:1448984,0,1,CNN_glove100
weblate:1448987,0,0,CNN_glove100
weblate:1448992,0,0,CNN_glove100
weblate:1449004,0,0,CNN_glove100
weblate:1449010,0,0,CNN_glove100
weblate:1449011,0,0,CNN_glove100
weblate:1449015,0,1,CNN_glove100
weblate:1449022,0,1,CNN_glove100
weblate:1449049,0,0,CNN_glove100
weblate:1449052,0,1,CNN_glove100
weblate:1449054,0,0,CNN_glove100
weblate:1449055,0,0,CNN_glove100
weblate:1449058,0,0,CNN_glove100
weblate:1449077,0,0,CNN_glove100
weblate:1449080,0,0,CNN_glove100
weblate:1449085,0,1,CNN_glove100
weblate:1449087,0,0,CNN_glove100
weblate:1449104,0,0,CNN_glove100
weblate:1449106,0,0,CNN_glove100
weblate:1449109,0,1,CNN_glove100
weblate:1449122,0,1,CNN_glove100
weblate:1449126,0,0,CNN_glove100
weblate:1449132,0,0,CNN_glove100
weblate:1449141,0,0,CNN_glove100
weblate:1449143,0,0,CNN_glove100
weblate:1449148,0,0,CNN_glove100
weblate:1449150,0,0,CNN_glove100
weblate:1449151,0,1,CNN_glove100
weblate:1449157,0,1,CNN_glove100
weblate:1449158,0,0,CNN_glove100
weblate:1449161,0,0,CNN_glove100
weblate:1449162,0,0,CNN_glove100
weblate:1449166,0,0,CNN_glove100
weblate:1449170,0,1,CNN_glove100
weblate:1449184,0,1,CNN_glove100
weblate:1449186,0,0,CNN_glove100
weblate:1449187,0,0,CNN_glove100
weblate:1449196,0,0,CNN_glove100
weblate:1449202,0,0,CNN_glove100
weblate:1449211,0,1,CNN_glove100
weblate:1449214,0,1,CNN_glove100
weblate:1449218,0,0,CNN_glove100
weblate:1449224,0,0,CNN_glove100
weblate:1449228,0,0,CNN_glove100
weblate:1449232,0,0,CNN_glove100
weblate:1449237,0,1,CNN_glove100
weblate:1449239,0,0,CNN_glove100
weblate:1449240,0,0,CNN_glove100
weblate:1449241,0,0,CNN_glove100
weblate:1449242,0,1,CNN_glove100
weblate:1449243,0,0,CNN_glove100
weblate:1449246,0,0,CNN_glove100
weblate:1449257,0,1,CNN_glove100
weblate:1449260,0,0,CNN_glove100
weblate:1449261,0,1,CNN_glove100
weblate:1449265,0,1,CNN_glove100
weblate:1449268,0,0,CNN_glove100
weblate:1449273,0,0,CNN_glove100
weblate:1449276,0,0,CNN_glove100
weblate:1449277,0,0,CNN_glove100
weblate:1449279,0,0,CNN_glove100
weblate:1449290,0,1,CNN_glove100
weblate:1449293,0,0,CNN_glove100
weblate:1449302,0,0,CNN_glove100
weblate:1449303,0,1,CNN_glove100
weblate:1449312,0,0,CNN_glove100
weblate:1449318,0,0,CNN_glove100
weblate:1449325,0,0,CNN_glove100
weblate:1449327,0,1,CNN_glove100
weblate:1449329,0,0,CNN_glove100
weblate:1449331,0,0,CNN_glove100
weblate:1449332,0,0,CNN_glove100
weblate:1449345,0,0,CNN_glove100
weblate:1449348,0,0,CNN_glove100
weblate:1449349,0,1,CNN_glove100
weblate:1449353,0,0,CNN_glove100
weblate:1449358,0,0,CNN_glove100
weblate:1449369,0,0,CNN_glove100
weblate:1449375,0,0,CNN_glove100
weblate:1449377,0,0,CNN_glove100
weblate:1449384,0,0,CNN_glove100
weblate:1449385,0,0,CNN_glove100
weblate:1449391,0,1,CNN_glove100
weblate:1449392,0,0,CNN_glove100
weblate:1449395,0,0,CNN_glove100
weblate:1449404,0,0,CNN_glove100
weblate:1449407,0,0,CNN_glove100
weblate:1449415,0,0,CNN_glove100
weblate:1449455,0,0,CNN_glove100
weblate:1449456,0,0,CNN_glove100
weblate:1449458,0,1,CNN_glove100
weblate:1449466,0,0,CNN_glove100
weblate:1449473,0,0,CNN_glove100
weblate:1449478,0,0,CNN_glove100
weblate:1449479,0,0,CNN_glove100
weblate:1449482,0,0,CNN_glove100
weblate:1449483,0,0,CNN_glove100
weblate:1449487,0,0,CNN_glove100
weblate:1449489,0,0,CNN_glove100
weblate:1449494,0,0,CNN_glove100
weblate:1449496,0,0,CNN_glove100
weblate:1449499,0,0,CNN_glove100
weblate:1449508,0,0,CNN_glove100
weblate:1449509,0,0,CNN_glove100
weblate:1449518,0,0,CNN_glove100
weblate:1449524,0,0,CNN_glove100
weblate:1449534,0,0,CNN_glove100
weblate:1449535,0,0,CNN_glove100
weblate:1449540,0,1,CNN_glove100
weblate:1449544,0,0,CNN_glove100
weblate:1449545,0,0,CNN_glove100
weblate:1449547,0,0,CNN_glove100
weblate:1449555,0,0,CNN_glove100
weblate:1449560,0,0,CNN_glove100
weblate:1449563,0,0,CNN_glove100
weblate:1449565,0,0,CNN_glove100
weblate:1449573,0,0,CNN_glove100
weblate:1449577,0,1,CNN_glove100
weblate:1449580,0,0,CNN_glove100
weblate:1449581,0,0,CNN_glove100
weblate:1449582,0,0,CNN_glove100
weblate:1449588,0,0,CNN_glove100
weblate:1449594,0,1,CNN_glove100
weblate:1449595,0,0,CNN_glove100
weblate:1449607,0,0,CNN_glove100
weblate:1449616,0,1,CNN_glove100
weblate:1449618,0,0,CNN_glove100
weblate:1449623,0,1,CNN_glove100
weblate:1449625,0,0,CNN_glove100
weblate:1449631,0,0,CNN_glove100
weblate:1449639,0,0,CNN_glove100
weblate:1449641,0,0,CNN_glove100
weblate:1449643,0,0,CNN_glove100
weblate:1449650,0,0,CNN_glove100
weblate:1449658,0,1,CNN_glove100
weblate:1449663,0,0,CNN_glove100
weblate:1449666,0,0,CNN_glove100
weblate:1449667,0,0,CNN_glove100
weblate:1449670,0,0,CNN_glove100
weblate:1449673,0,1,CNN_glove100
weblate:1449685,0,0,CNN_glove100
weblate:1449692,0,0,CNN_glove100
weblate:1449693,0,0,CNN_glove100
weblate:1449697,0,0,CNN_glove100
weblate:1449711,0,0,CNN_glove100
weblate:1449716,0,0,CNN_glove100
weblate:1449724,0,0,CNN_glove100
weblate:1449733,0,0,CNN_glove100
weblate:1449743,0,0,CNN_glove100
weblate:1449744,0,0,CNN_glove100
weblate:1449757,0,1,CNN_glove100
weblate:1449760,0,0,CNN_glove100
weblate:1449761,0,1,CNN_glove100
weblate:1449762,0,0,CNN_glove100
weblate:1449763,0,0,CNN_glove100
weblate:1449767,0,0,CNN_glove100
weblate:1449768,0,0,CNN_glove100
weblate:1449787,0,1,CNN_glove100
weblate:1449788,0,0,CNN_glove100
weblate:1449789,0,0,CNN_glove100
weblate:1449793,0,0,CNN_glove100
weblate:1449794,0,0,CNN_glove100
weblate:1449804,0,0,CNN_glove100
