text_sha256,true_label,predicted_label
391e8ad60481ece65d12039c9014316562a4293a27af96b3694b7610bb6fadd6,1,0
226264cbd9ac6271e0139ee2dff534d9f6bf587ac7b93e101d9594682117eb38,1,1
26f152005c5f3b904f9b3b6a40f436e31156c187adf11274b2b5773a02b8e316,1,1
a19216f67eaa72c666c897d2cfb9bf3bb4b7e285576f85eba3425dde01948d8c,1,1
9828cacd2ec525d24243006574fcfd025f92f5c21be27e6a71bf3a327213a44f,1,1
bd272f11e567374add927522b55641d0f88a8183a02e9582040a7b5d0235d0f0,1,1
b4d9f33c50a9228479cad9d17d14edbbda65f6d0521a9aa480d00601e8ff0cbb,1,1
0c590895f463ac8a58abdd8f450ec5933ca6081a70ce79fb06759f789876b627,1,1
fa0031c62272992694f72e7e9e21aa6146ed3585f186cef9ac91feac0369ff26,1,1
aea88272f85b3de45b691d1c45542661d10de6678000532620323cffa8136519,1,1
c5415f08f319f94e2f0667e02091b5d56b4f6623de0e31faeaacc2bc3e535b34,1,1
f65f2e4cebf80c3b9803933558d7cd1027459067824f65f96c16b117229e079d,1,1
8fdbc6c6797041f5464ec42823178b823d35405c6109488ab51fe876701a2315,1,1
d58bd4b64bf70a727b8c2e7efacb4f1f21130de457a3b4c8ebc3471069416851,1,1
1ef31a6b405c2d1b2993c796d6baef51c0342a7e80a49813ea1c281b0eaeed43,1,1
b4297279476d4efcdb27aa5a836620aab90f06c86fa03eb47f6b0d5aef7c13e5,1,1
d9a6f6a9101ff7d9721b53960ef393817ad76664dff6dcee1d341a0a3159bff7,1,1
e739a88c3450a6575498b61c85ce5f7547a031228b287fa1cf2c7ae028014e57,1,1
81bb78e0dfe3bfd68eb6c18469cc8d55fe85c90227384f5f675d8ce6bf6cc3cf,1,1
179aa59eae6d20e252cee914172a7b3e088a9a00bb649349360dba29fbf6ff49,1,1
ee0e451d145168c0e7cc041c7924673771ff910456cc432112966d0d884a7344,1,1
dfc010baa2140bd3d2d583571881942e1e53f57a867601baa3a16487f010ab1e,1,1
b4bb890aef8c877c3666dc91dc4d235b08ffd64127fcf17e235db8ece10920fb,1,1
e9ec458f757953873c410c36b03d6bd191e8793e19c61cc8dd3f1a0cba94d908,1,1
57e1eec2986bc5a013c68ec0078ae26b2f6fb92bb9d338b3491407de1d6bd77c,1,1
1a377aa0af08729debb2ab522d16d29cda489e936cb38ac45c141d26cf53e444,1,1
ade5c5dfe3e28eacea84fd91660264397b2d0527630d13a4a889c30570c4e082,1,1
b1d48a4721f07e33ca76d1272a0636dc71dc7eae9ead9d4f7456d7f9ffe72139,1,1
d802c82f4ca9ae21a92c6a772eeda03c11587ca9ed57f3e847b1743ea48c7be3,1,1
0e01ce1ddfdf84190190949abb40160b824611a3f3580d0683cabaab1de9dd7e,1,1
55c807d271ac76ab5a533d8d43cab7781711decd1b5eadc74b84aaa3bae7a16a,1,1
253cccf91f863a51b4812d879153b5b1c56f3d3090c019684fd187d04171f2cf,1,1
024d6507251408006282587a539645c0141dc722ff8e35a41b42837facf4dd5b,1,1
786bbf1a0fa54bdd81495410ad96a9eca71367d56604919e2a190efdfb74b1be,1,1
e1707435709b271f3deb9fd6cb6ef8d1a0a40a3b04f1eb4f51c1d43f20fdf211,1,1
9c6da1a6162712419efada0bf4e30b3ee199506977fab50dab7888877f99f817,1,1
de8fd2367192473166f8954fff5407e7b353f90e677f88de52531207ae82f4c4,1,1
dce21cb2fcceec4338409b53b87a2c7c8a12c75205a5eb0844cd081c206754e1,1,1
977bbce2a11744a3285f4ef2ee3ec955711fd63820cd05848d0601189ec29425,1,1
7babafda2987e32294fb853b84ab16a8a0551fb6622889144daf8291cc4b7b4d,1,1
48d77db3b1efefb7b6924bdd62164984966d558bed621b6a6d736446eae1f78b,1,1
0d0b6eb77ebf79840425293bfe2618a1131d718acab89141151b4b86a6b89eac,1,1
61e653a88f691b257f5b8c0c8ae6c1b0bb263b45183a2094638ba1847c3b03fa,1,1
8a03696ac799d67fe556d1184c8564de99395fba4472bb84404ce2f21e523e95,1,1
1ed6219cd1eac115240b04b4591bbdd6236a35b5f4d78158672991f953e600e6,1,1
ee2fff751205df89c71c358530ee15e6598fe39719a8bb5971b41721cff4c762,1,1
22e086d87e6e7981b0f76e3ed5d5e555c25f4e82dfc9019bd2030e49d7ccdf2c,1,1
540a84c7a8a0c97dc9c1a56bdf33abb46c34ff15f94112a060c62fc3097043e6,1,1
8fa6a68988cf90dc11e0d234962fb95462da4e71d29f78f2b6d6ee976501f58a,1,1
d68654ad1affa813c6ee684fa1f2b354b1fbb6781c510d789970f825e1309bae,1,1
9a434f534664655fee6dc000811ccb6541a36fcda1f69ae7a4d844b481f69e23,1,1
b57ee6db42a09b31d2d23baacc6fb47cf6b38ce7845e50a27814b35f09053daf,1,1
d9c1447ed323ebd9e47ae6eefb68d52ea58c0d5a8633b1811c92c46cafdbdc6e,1,1
6f3e94b4a71fe313b57677448d54c6d1f2630761b37e830b8fd71572051f41cd,1,1
c85152c768e9fc644ea0389d7ec327949184ed645d88a6c4416bc0c87a72ecac,1,1
62f23ae2d92b60872b41db3b4b1a9413082235e85815323d4c5ca80c4e918f0c,1,1
5ea6bee9745a5a7cb6766111fb2aade14e62df9d236d710a4dde33d4164451d7,1,1
ad5704de821b15cf69716b99ce92d444f8fed14daa32ee8b3834ddf813092051,1,1
01578024c69f741f5f30c1e91fda44d2543b3beba7c665effad02f03ea7f8cee,1,1
6cc0a271ed3dfc5ac955039345dc70215c11d432c8385a30d792c9046a1f6bfc,1,1
2dbed5e71997b777df7263593c05ea4560cbdff1c68b2c34e63b3e7bde06168b,1,1
694b7c74a107d7e09686c85e7cc954828f54f2a1df98bedc8d97bf6a31a5aef5,1,1
982ec3daec9fc65a6ac7faaa9324135cb1d6048d9b2cbe611eafce50e37ded65,1,1
02fb4425bd62d1f17a143e882365d36cb279ae408279c240cc7914f8af7612b5,1,1
3b03f5b5ae3662db6d7c4f3e16e91f6b8c979ffefa3c1684f8f4187b163e87da,1,1
4dce8503a222b5010cd747b96e1c948b695a42bcaca83066d4d7ea14dfcc0117,1,1
53f7574669bbfff1ff4b6f15d731adee4a616eaf181dae2a7293b5cb77543f6f,1,1
a6a7af3b999207a5d53c5f150ab7a984eb45e88f30d2cd43a9ed3ee72444aa61,1,1
aa154bb76a1336ee927defbd4a045fb799bdc1f7a5ec296d6adea6531af7d845,1,1
a96ae52f0beb9e222b791937c49c9b051502d75c337e6390657cb57c02556b10,1,1
ae02663b29dfadeae2b806f609b0bd35e4b810edc73e082a0cbcd1334632340e,1,1
46fac3140230c4c2a278dec7417853ebe94c012f94f3588b744afdc48dcb0821,1,1
ebe5029c5a725aea22cd21dcb0b9b5cb07966d843eecc975e9b883d25226f741,1,1
6820cc0b32c7676d628ad08773fa8765c07e18be9266ef5d963cfba764ebb72c,1,1
3187ee1f9b55a1643e143926e24780fc54d0950767e631ad4e7b536447d2a881,1,1
0ad8dc0a8626ac704ec5eac52e08647539ae08febe1416db75f828ef588f04e6,1,1
ecb1f22921fbf157c73c417b384fe35e2778c5691dcb5e35d3237af910cc2b4d,1,1
318dad1bf2c1ef4e721ea09c58b4617c0283a6ff103c1f06a80e443b2c92a283,1,1
c220f19b8435b80b86e161846942425a92446b49bda9ad664d5f43f75160f7d8,1,1
91c1f13e43726452dc9ac8a8820f1f08bf89fd4f10a41be919e735e73bc02ac9,1,1
da24df8c7e3cbdcb0eb77b819d83f0a9f31d428c832a7add6918a7c667d0c01f,1,0
602163540849ca00475a75fd407465753aac657a7a3c7336e46f5349dcef8234,1,1
9879ac45a452ca27607c064e6fda4389bf5ec31ff3637555ef6d3b29510f8871,1,1
8392732c901c8a9fb9cb19dbf52bef1863512d3b8410f7cd067b3c0bdec8efbe,1,1
02317391421264bb5d0720558a45e946297331560299efdf2a5459bc0fccd5fa,1,1
3890757f23b3017d85c7d2d019efb103b7f5353930a83ab4d4cf53d9c3a5d63b,1,1
edca0b1ca89acf8899cc97dcd50e30d122e4d8094fc329758f59b5499738ea46,1,1
ad373d253d00d2ddbffdd067ee7858edbf9ed634f5903ae32bdefc898cec2007,1,1
54935cd0633ec216e3ae7ebe50e5883a68cd95d70ef53090c49e2ee66fee5619,1,1
2be220fc9fd23921c57429f75f96ed811fac5ce08f5c5f49835726ef0f0ed9df,1,1
712389bd90ae5c6bbdfc3b4df25b89069ef72f04b45cc29da6b6b1c9b1c56612,1,1
05ced9f8d6a07280cff6de055f27a50f77ed5d5eccb3fb294dfec3c999f83822,1,1
fa49dc918588281f2b4e23b9977e5604fa4c5463a97a7355e255be56660df9bb,1,1
29c77b628fcc2ef0bd8d30fcc1efe6e69bcdff7125f994faf0c09a6d453a2fb0,1,1
91605085b68d641454fa22a36ad6de038d2813a3a46fedee86efaeaa99293755,1,1
28055177a699e7f9a4397aa92f301e4c9058912289697469643d2e5f1ebd97a6,1,1
3d9653af69a47f689806718fb48d04e537eae516a59f0516438ed2106649806b,1,1
5a638238ae8ca4cdf5cd02ab2e32996e8436bd1733c32a22ab7defbc763959a6,1,1
6bc19656de293e3585b6ee2b54cb24c73e104d2964b84441c4d09efbfcd1c1cf,1,1
fd076734ab5c5996a61576e1e4dc1e7d1efcf9e85976a89c0eb968667c31adc3,1,1
335cb0125613ca81dfdd471bed09651b2a38a08b4b8e50a4dec67b6dbdc6d9e3,1,1
0fdf8a7654d015d1e4858e45887bb511c8ad21a74e4b46e01d61b697f417a3d2,1,1
4f5c2259919b013fd6bf13b8111f9e35c868f23f504ce48d8a270a285f521a09,1,1
7cdf3138f9b2d3de14db3c94a878e7d1a49ca4b2c5024e50103aeeca89c30b58,1,1
860cb9491b89af09653f2e6fbf9fcbb948ddab1f4a095d03556316b75214f549,1,1
9dd0482d7b5e99eaccd5be076e42cf4826d67203012b378bd7b9f912032c817c,1,1
a0b11b15f31df71eb964b0b7e5614f2def5d3ba195a9c7b4bedcbdfefeeb4233,1,1
5a6166e34265340fc328957a4c64a5635343ea62ce7291097fed90ef2fc8e000,1,1
d3fcd91e3d1045b2f5a239877120a1e27730b1f52a387909bccd4fb7471a34b5,1,1
556b27730ead9cb428d769aae3e283782c475938878957dff78c108ecca333bc,1,1
f04c90dd5dd93dc9798fad4e927d7d8c19aeb33ff1a87025c5f0051523eda9a2,1,1
04e27a0e9b84a7296e446a256f1f99026fac04db8dab3021ad4a30f1ee8d5175,1,1
881e760d1382e3e00c71a20f6ab4ca35b78e4051ecb831b5b44ee5a3b66316c3,1,1
d8df2bab70f089f5e1a4fb6ddd3177b2d333210af72086eef5178f44bf7327e7,1,1
28ebfb6e9c4226ab21d80cd3068199e63cb0a893bf431cfe5823373a72129e6e,1,1
20beb00ca7049c61d511da664093081fc82d9c1be137a09ee02a472c2ad54ca4,1,1
759879274d5eaa558e0ad97e92002b6e980b796878fae8ff1b664be07e83bd08,1,1
0f8a01a170e9ddefa9a22f0a80300d88b2730274bb76699c98d2cb5872318d9b,1,1
1dbe4516e62af6b4bdf73b083b2f8fdf88ff5127d0a10545e1d4f8dd8e500845,1,1
4e1c32c2f1b8cc2ccecd2c198b52573d7a3a4a03cfa7598795bc169ed9c5612c,1,1
35acb3f711a24dbb010a02b20e8ad690c0ab77d9b0c04c1fc726327a08372320,1,1
f08b83f326de0c5b0e0d774f91af71e4555db7627be148eb23c34f8d645c4fb2,1,1
156614a47cbde9087fc92649b5edefcdeb92476f4c04fb1e73801fab13d4c80d,1,1
1d39e2b935a34a5c5441eda30817b590a91e02410399f89d003004b6e53a77fb,1,1
b8400e84de7696aa2afddb2e31c6b44d05eb0e1a9e4f7290c8c12bc2e5342ae5,1,1
917aecd347c84ab099a58668e156e9566bb9d433e7661625c7d3236699b437a6,1,1
2651b36e3d15ead4b1b6db8b0822d100886027b957487ba190c16516549bf1a8,1,1
774cd13c9499f9d199f10f28d9992501e124d3dc955c41f40a8b31e50ed5a863,1,1
05973e4f89b71bf78d6a2c933b122049781b90a66b83ff0497dd5be1ffac8e40,1,1
05c59c19a675573339b334bc9eeec3e4ec79d141bad1f11256b1b261efc23f3a,1,1
46a51b5a9e4fb641dd545f1172786a158231fc22a25f11390235ca56ea2f255d,1,1
20a1c5d49dc6a75873d3aaa1924e00126a1e0c467212d39cfc55b6fbed6c3b83,1,1
2cd068b0ba072220d2d852b5c9766cc3cc01583c5d589c5cc13b0df7996c39da,1,1
1781e6102abf17bec44649e5d6403cda801f407ba4bb579593e135eeb961db83,1,1
fbed56d133e9d5637470e030725c16a59dfd9debbf6e4cfec037cf04876a349f,1,1
5a2bbd004c5a619a587bc74667e864099869ee8f51a8b993fbc52c52b05c555d,1,1
c11e715da88de7d39ca4be242d55788fce538cc1a6d61f292eaf8e2328e790bb,1,1
94f4a5e73d1c74034aea6ebf23f5c391a07a8c6ba5aa67b81e3f772b272a353e,1,1
0457a45618ab475783406d1e207b4aefc5299dd67f8c0ce446d3d7b22907896a,1,1
d656d690e4c6cfc7610913f1d228f8b3f9e242202744519afcd5478cb49c3486,1,1
da71803aa96df46b4f1f51c5836f470f9e744258f6a47ff7a50f8a05573e818c,1,1
8363eb81ccb21414013bf8e83eb0c671acfb4a1ddfc06f1f6094b38c4c4e7836,1,1
23184f06c8ef992eddc8b3f609d80e8514875d362667ef331d1998043f932d80,1,1
4bd0808986c135e4aee820dfde0abe339ce3c84c13f8cbaf598f3e1b81b78f7a,1,1
87045795f71630c31f491f4144a6a7c3dc75466c5645bf3bfaf4f2120f5f2b7f,1,1
d7a597af8877ea4087f63c905bd0f5dd17a990238314f764ebc737ea1a62c8b4,1,1
cb106016bcd5336054bc1639f8cd09ef074d44f0b562f872875a0f6bfb3f86c5,1,1
3ef722d98f9493e337cf23500ec43230ba6c1fee44a5f53a0d425d1581136b1d,1,1
e38c67e2099e7f51c357b9b4c979162e31fbd0771c88f807e270817999051cde,1,1
0b802792a91493a795784095841b130a08b6f38dff8ffecdd1c501b46e0805bc,1,1
bd4df7c6605976b365dd1ef7e18fc152b812d40875bd9c3bbb8e6f5b2c527370,1,1
1fb3d68ffa4b7ed372946ca7157ea998dd6d5ae9139c14717e7862b78bdc5d6c,1,1
d26f4fae1fe0de36daeae74e7934342f434e7ccab5e276605c6dc193ee0883f1,1,1
cc55fc868d5517c4e8507781218240f3a79aa6ca18af0d61e4e672ea6d6165a0,1,1
49bddd75843edeae022bdd45053b07246a67b3326d5f3e93dffed106275259c8,1,1
1edb5b166731db06ac827439a4663869e7fa6e050cd308a93876e8c6eaaf5a2e,1,1
1a958d4f93702a917989b6cc7bbdc138d66c5588d3b9258454b4746c6ac5a3b8,1,1
512141703c2633b813dfe084b96363c909b8dbe7e0e17b56105ea820c8e87966,1,1
60adda989493c15fc97aaaa331e50ed4ee2674ead1e51d3a1e23c010694a8d5e,1,1
08edd219a02a2aa12b448a9e871a842688abb6c300be5d6b259012fe3768bdcb,1,1
6086be1701dacd652055bbfd9c24cdf1d3696fdf9854afeff98d74e602a84fa3,1,1
3a46146e355c3f8aa70a02ef94fed3cc07567d0c964a52e4b7b78a26fac697b8,1,1
f93b324b3f9f7025040966b37a721a49988827b38d22c9769615c8369440e6bd,1,1
f63ce487a10dcf3900094ef49b44f26b38967cdca6a4ddb11cf1d2002a01e11e,1,1
41455b1b52d4759f37f58c663f98530f3a3885fbe0183582e2386b1f6e346560,1,1
b0d8bce81721b4eb3347797c5f28177d3b9f6ddcd2ac4ea91e6cada54fbffca7,1,1
a5c7e6e592fa7eeb4a25251a337934a3a6a60640607baf92b10e42c05b470098,1,1
538d2e2e13e78b6f570185558c3b12c6cdfd37a52c52845233a6982e67cf3675,1,1
7d195e72baf70b4119f0ce10c5df1a2b05d8d8d4834bc9a488d5b94d81f39935,1,1
96ac8efb0c9628c5370f673c2aadd250dc8e0555f8f067288ba0f74361d38b00,1,1
95f658c0bd097041fbbedbb24a312a60962e30bd64f6602d46c430f82ac6b62c,1,1
bf2dc8553744035f1f2d9eb2f1c4299e464281843cc72aa7fc67850de9e2a95e,1,1
7f7bab9ef9688c3f19b4442e7128ea8f2d7ceb62e3af159da5840a4c8c4ea369,1,1
138eb728a841db343d82f40599935c9be5d9535d5ea03e3cbe65821a0fc68e7b,1,0
796e73b5370b029627ba8654e9194aa95cddee2deb7b3635745776096aeac1fd,1,1
3d910186f596c29ede23e02021e0bbd9cbc3d7dd9060bd137518ab98d0ac5a56,1,1
4f94c5de084d99611f9d96b58d8943f7541f51b3896000f6d790e7f7322b3cf8,1,1
b29abd82f1c5fd55f059450000ad43edc858d7ddba2a2628568549d0469a8e83,1,1
e457c488d9f01b5d1ae4deb491b81833378190d442dba7db74da594c0444f078,1,1
924d2658a439f1333240b777321a467dd2f3dea66f6ce36f80eaba13ae141914,1,1
345129d839547c7dc8600f85ef5357e932932e3b9f4058261068b78ed7076dcf,1,1
c0c67fd1f7ecb80ce129f955b86a313ea7ace1fe55086ce185ebea7f47b909a7,1,1
ecd78c67c6abea789e79b77a3203c6b87fa49f00201aafe5192fc384fe472977,1,1
9f72f583ba2b9c0bdff3a1eaa5232f184fd049b82dc056a76e05e11196621d11,1,1
5a9b8ad711adde1dd5c620da9ceee9fdf16395b7db94f65a6db93b9ed90dd7fd,1,1
6b1f1125019718171942921daf2440b6c81922c3c9e23d7be5874339944320ab,1,1
9e58769152283f9226221e825a277f4e7743cc3a30a48485dfdc2577f07a3008,1,1
e2006c1f9128f2ea0e891022fd142837119f4c1e8dd1aeb92b551cd3ba588b06,1,1
c912d5af61f402eb4255e0eb0f2898a3080a7b65af6737077dc25ae884e96981,1,1
1dcb41c0b15de8c11bb2131dabdca54dbe9c826dad1d1a7290ec1d21543c4a82,1,1
741e8880c10219a9c012d3663024eda0ec4f367bc1906c9bb2e896f5e31fbbdf,1,1
ac39777526b5462edeae965cc39cb3930ff75ecfe46527fe1e140e3d41e9ac95,1,1
07888ca6a147322a7a74b52b1012696b778bc8169aa7fea5ab564d9e578e2ff7,1,1
e186f0bcb34546e0ab640e30c3df81325924403c0cd4eaf5abf2d52a0433ca72,1,1
92dd6a8233f3f41db4322401f1eaeb61f98a98b73976234b569e26d5fc4453b1,1,1
372fe7d41dce93616458897a1b76fe99034e653b0d59fe1c1eb95acc9ed52b3d,1,1
3df9610d825c706920d11979290cd19186672ee40aea785f89dc139f04032947,1,1
53048622fc0a20e219f486880d444f7a513daf1f7af08926bcec9cf512d94a2c,1,1
c4ed1f6b04f742e41cb875b18a0f79228e07dad97eff98651435dfbee814708c,1,1
0e97d2cb9b06aaf5a3b210d52d4f91c68fc92c7547c499fad542e9d9d3486e19,1,1
61b6b05b08bcf580ae73e33b666ee4e255fcc5119e1160c96fa3453febaa01db,1,1
d10522a24c33f6ce7bc71ca8eaefe3a079b7df4dfc3be658ba4751135266646c,1,1
e93733fdf447cd2b684e305404ca66396981530a8868dc245c48e7fb81a3e5a1,1,1
c7146044a33e74ef46d16d216aca65b6c15784ceace28b7ff716e4e4e97bf650,1,1
ef1d9b9823525670c045c7859f37f70fe4a15f504a06ac4610108dbbdc6a74b4,1,1
1ccf015ee3d4ec492fb700d8cd22e76b75ae5249ba6bd694b63081653ca86d2e,1,1
2d0f89d8740eae8fd81cecc52d9448f09bd0152ecb67e8ac80fc5c7b7c6ead5f,1,1
778f256f53a3c1bd4a170be2fe6e4c61aeea627905525ac0114978932047e422,1,1
f5b3745f1c03ecbad9ed1dacb96d522fd9e25cb5f3e21418884bf05a96171f5f,1,1
d01e380d31f2e3464446213c343ebddcddd69b3df1d49663ce2a743646679e15,1,1
39156a770d0b5a2496465eb4a01c639ebcf186eb408bf53b52edf6ee161ebb3c,1,1
d08f3eafeb8782d98dabf19d71974fa3ece50ac279f4cb3f4a7758682ee0859c,1,1
d09d2c6bbb9583d88c3ed5708f28ec5dfdcdf3901885907a7b59f3d780676236,1,1
79229f68be58e381ea97fb0f1a1a9c200f511eeffe26fec86bfedf46f9bb7ff7,1,0
005162850b3130a193aa937f6d10aad1386cac724a0dbace5cfba8eef14bcaa6,1,1
2410f070ef4c01665d9579b27207f80950bd9cac7ecbd1668c79dc1fec82c1f0,1,1
dbc3882fc4fb853ac908479c1ff3cd432de2d0aab99a35d8a84a3b4e41c1e170,1,1
12947ff2afeb640023433494dfb9faa191fcf647e8a16f2ebd9951e725811e42,1,1
aa9b50c9b2a05aa259283923aeeec8784fb885f51bdf028afea3555def60f9da,1,1
6e44043647d9731141486ee51a9cf70b6a4582936f1d9145e5cbefd2d34d1c39,1,1
5ea5d3e9d13083e89f4c32450b5191b86a7b26740cd0d4457790f793d43b04f7,1,1
f9c06851034f219a03cd6a69467f3dabcd294603db515774fd3bbc1dba600378,1,1
588dd83e9150d044b89e4546533d9610aba983f423feb0fc0a234518e776c282,1,0
9c90808b1c074387e827ae712d2de1cf4bdddeeccd7f5330810d57c41a4936de,1,1
6f9884143599b70fda9532f5a50d384407c564c323636d31c6b6a1fd636cb271,1,1
71dc5fef206340ee81886362decd5775e93c6bde699691b471b2f955a07bdd70,1,1
66629827655459c92f5f646983ebdea37e423a20ff134289e1fb46ef52364264,1,1
40495728b1bcc6a9452daf90959edb9a549bd2b8b5f5423efd7d33c383420b0b,1,1
3c3b7300e495b58b3a2b9b0248900ed68dd01f34dc21669ba5b3d6e515a710cb,1,1
8720788c4d6d5f5f651357f73ad5851578ed204d46a0c6c03120d4830b06394a,1,1
079e43dd1e3865bfade824addc67f29ce7f56674d6cf409721de2c7d9667a252,1,1
1dfc8c65925da8d00999d771e3f9e6c2cc1696b106b47db95a351309b4328fc3,1,0
bd50d1f04c7dcc9b1956e6a8101d5281fb83e5d13665d18d1ce460cf6c5d5172,1,1
b968ea926f982ed6e3611814981b6dd5a9c6bbfe003525a218c17be00610de49,1,1
907b6900cc1acb329f2a6c4a75f4788a44168a9519eb66ce0df7dbed5a2ff5b1,1,1
8ceefb3070612a2ba88da3790255b2cfe975ec7460b29a54bfd3dbb25c553790,1,1
a5c8bb9f79415b1aeda0de3fffc0591c5bde5d7921b6c65a819d5f16e37207b5,1,1
6919454be56c68d3ff8b4349b3784b4cbbf4aec4a3d4ad19f5efd6ff98ec64e1,1,1
e6b1a891d6b70b91a43671a6723d85e3ebee50952b6d5251d31a7170dfa3b65c,1,1
0d058cae702c87852ec1cd2e1a82686a09ba2a70eb1a90a368512b7eff8a1edf,1,1
948d9c867035ec2fa060c83f836be41c1b4a3c62892dc7aec957347c94de1f4f,1,1
526f25c75e413b2586cad8e1020858228c73aa723ee4941f239710e409b0acfc,1,1
9fa27bb51b556e0712fc0e2c57e94a90501a9263183954b9a15e65ce5c20a61e,1,1
0c1c6c21e67066cb363c28c5846ce03df45f88c35141191d2ccec5155a5dbd39,1,1
a5b705d10937efafcd5a0c643e9bafd291df2d3affecadab3378b6f8d5a4a3b4,1,1
bc8751fcc40e2f0d3c22f54dea35ed044f2811b5a1528702f61ea0dc2f93e59a,1,1
1f40a17a130d356eb201e21972508a8a6227918fae478c78d0ba316f4e7096a7,1,1
b069562e5d124e85a88d45f7289183f0fa1c12cf00c8cce4e431c6e0568672c5,1,1
c434b337f467a8c88fec2e8dcc7af1d80ec5142a9e25e955baa4ebf6122c3e32,1,1
ece4c4ec46f969bbec77bf96a784de430bc6bcbefb4117f5d7a6f54d74adbb06,1,1
2670a8ef57baa21c2d3589fef85a7b2c201b5f910615459fe805aa835b0f895e,1,1
0eaca97d844e64c83a9927103a4a151f043f0ad802ac360e2418ebe5349d96f9,1,1
b8ee8e82864999e43826ae820d9df8303f3e79ac28af321f6593b0aea550c1af,1,1
58d611b62db67de762f7d44ce3c59f3fb267e7d567a3c92ea4f95fd922843777,1,1
58a6777b0d5deedb884b3ce72dfbadec66669535f5f052bf04c3fd06fe4f981e,1,1
811fa5aaedc5b1562ea09c6c650896088ae93a72f3c6fe4bdb508ae9cbfef41f,1,1
d1b83ab5d686f9e761061b2298a3d5273d652da0650e422c153cdc4ee1f0e723,1,1
7ea8d9caa0f2fe1efedace835daae2fff78be1bd1bea57190b62640811a5bd95,1,1
3505e69df2663981200b3c0c9a270a3d6d363770f842b698e3841f11c41aac29,1,1
dc4beae05ae45ce910d9af516af4cb4fafa6ca61688d5ba8ff268ea99c90bc94,1,1
30af0f6bb4875b0eb70155f4341cb875db31768c6201cc06a32b95bdd0ab10bd,1,1
e0c2928970da43c09b72255e14b4798fcaef70fa6be17a346525f60bdffa0a89,1,1
4a6dbc36c5e8b5b7ab51c4fb228cc52ba3d3f88556f93a04d7d2c1c7df71fc05,1,1
74b115d030d04178739508643a4b65fcfc67c8ccbf8c62cda70d8d048a648777,1,1
e873312bc19d661ff3bbf9da06fa21400c84dc0c2631fb1f34d6a0a4b4ae1d9c,1,1
93f0ac2309f6721fdffa14a3e897a20236e1d78c623874c0c17b0ff6a7599472,1,1
d2e63d704413adc1d589d427faac241383ce5acf53ef8bd1456d1198dd302727,1,1
c6d542353fa1789e21ca150e65e5bf5a2e717fef55f3fcecc5b908f8891e009a,1,1
a806dcf397f941a9ed786bdb938de89f07d2998e57c53dd73c58a6369393251d,1,1
e00355d72789f5bba791b982437d457c420dd8ac272ef965ee4aea8828806f48,1,1
e1f14ec25e7391ca61d9162fb8e53915f0c2d912f390cc25675ee6a5582e2f0e,1,1
da40a3e4d9b5ed9fcaddcb1d958762910c7ea85515a99c1f005a3189a965fee9,1,1
8942c268a17bc2945813b0ae1e62c2c94c4fcf0949764c9358c75c78e48e7eb7,1,1
82f4d1dbca6618dbe2c1d1860e374f7b7cce1d3e10b5d98daf8be103effb9e57,1,0
149864f624abfeaea6bdc83ae4cbcde2d43812e6fe39623ad6b60149f340d6f0,1,1
c7fa41e833e3f6ac68c75e5eb1cb4ea9587abddcf3412a0c4b6ce49395891274,1,1
0cd29a637137e3552645a0def6ca3b37cd4b81f637a0f74cb98edb4e3a7b28eb,1,1
b3ea3f1a6df03b21b083358a75cdfa66bf046e85a601dab12d8d5a60870cab01,1,1
6e2e32ef2afde24c29d47a594e3f7ba9b6aa40ba3a5e59ecfd1a1b5d2b85f6a9,1,1
4ae4d0683e0a05632de76efe7a3843d1d7ad3023e03086a7a939faafc7e0c7c5,1,1
043da055812deb6d81728a5eeab3e12ee1b6913422eb2e2f279c9d285c439fe8,1,1
092e54dbd415c0fabbbc0a0ba28a5f58ff712cd7288085ead48b60afd17341dc,1,1
40e11f599d827d7175830d4455e84630b00ba572ae946f37e827c8cbef0e325d,1,1
85c5ebd8ff94659ec6abefc9fe60cbc9eff97f18a5f7cbea774f5ba262ead3a9,1,1
fcdfe2056c38c1e29e477d2673f396b21c0fc935b214246dcbfe519d47b5c9c6,1,1
20508660e4c219175eda4a5f007513b05a6ba567b5c9e7f7e0159f33b9b5c035,1,1
fbe0a791e330b52c9656f895a4e480bdf9c37ff552c1b83fbfeb3a1432c6ee29,1,1
84bdb2ef32b358b231d531fc9921b6a29d22f51418a9dc2f8acde543d35ed56e,1,1
4331149b3f5a9229101d7159c6fae9e3facb7316f8664d1cfd83e2944717732d,1,1
274b56663cd7c5a713f8e525481de089798fe28536b5117d0729085338af14fd,1,1
b468ee069f630775936fd7f51b2d10ab349c94af6d35d532149a25ccf1cdd0dc,1,1
716edf1563b5c5403cfe20274ebb04e696c84fffe53a38ecf30e06f6635c0bd9,1,1
6f4bd014de8b80334bc52e2e48dd3be472521eede8bc090ef8a1c2307465dfaa,1,1
9b2aa6e32c0b87ad768aefe03b6590b198e8c69db64cc8850f38d9f698a18f51,1,1
d10e74d86bb90f6c26d134f9a5ddee4a0cbf75b433f4d1ef35f6f17f118d4441,1,1
61f5dc95e2386a7e83c8b78a99d440d95dcbc63353743c72c9824ff8d3799b74,1,1
1d3326425c1b8d0755d300d66ed3e41413eb4afeba91242b4a85b63959ed2a18,1,1
b541af3aa9c4e2155dff9a7c33681b0a36b369dd47ee2073b13479cb129fc274,1,1
6ae8712310c65d133103694cb387b1f08419c5ce6ae669b165f05e7512d37884,1,0
5bcfedb46c8177dca70eae632641ee6ca3fa26ec3e1cc182ad3c500bc055a739,1,1
55dc493de545b217387980b92dba40444a83721bf7a6ad9f73f7eb9c42735b3d,1,1
9cdbf8aedde43e9e67d983af7265af05bf267fc3022546d64b1831341b1db198,1,1
decffcaf5bc85721605a0bb9c52fbfa27acd1f6a5e5396cc1de594f43189a11e,1,1
c78ff6c9a5c734da72559010ed65012e1a83b7985032a6bd079b3c99f76e71fc,1,1
d25ceea5ebec7666f95af911d5fd008a2527afc66c3109dd7f9ee485fe2dae17,1,1
314cd803cc90a8d4095f73d637cdbfa92fdad6630a78ad022266f3f7c3ac0938,1,1
d52ba7a9c3651c03e5476ba4c892bf996b02be0a9053f227e03c64068dc06e4f,1,1
e925c6987c4f5063183500e3a147d0cb1fe79ec5f90de2d77b9f328da790d2ab,1,1
47b12110ffa1e57f06b8e6b0e1352305d55405d300b1d79b65af3825fe55988a,1,1
723b350b7ca84f8910fa93342c8b840f83039a38a045a8ea8cb81fbb1b4c459c,1,1
477a7b487a96fad43a0c12d5dca7687033b406fb585ac37cb9f64bf7c82b882c,1,1
c02b60866ca928958e828e5896a97e75aa06b44d1f6715aa7725b26d4dbc9781,1,1
874061dd9f47b94ea963f12fe7c1d0a1e597a66b684c24c4f8d88afdd0902bdd,1,1
db9aff9119eda32e7183255fb8c9dacb1c4f1761becb5473238596162b1e9759,1,1
240b601aa916d233252685436fd3913de63a7957a5d99a00b7f8f1bb0c382230,1,1
cb8752ba066b1715fc02f430ca5f971f5c7d8e48724af15bf0b43d58a01c6262,1,1
42fbb5b3507b1ce0ddb9985d07ca7a9200d153b516823bb2301d5cd030f40040,1,1
a9d0f1cea37389eb1a6b0125b0189ece4425572627c1008e67e5bcfd63ae633d,1,1
ac709a11575176fada84f0ea92da192ab06123cbcf2e2bc283d19f5bee873364,1,1
fb68650b2b34fe0ac6e068914f5511dd56c0b4968c1fd2026b5ba4f5ebc1db52,1,1
0258cb10d08efa6c45e5f40d8d09c854427a03e86abe68ef0f9794ef772974a6,1,1
583339bf474e68b55b5107c4b0907448f456af0020f0b0774d897d53b4dbbf54,1,1
d9178c08e0311f80c4386cd11b00f0f34b720502576cdb1e56488a0bd67412ac,1,1
715ab356f17b8ea6681d31dfa9426c50fd51bb2ae411c2baf94aa8405f73bd09,1,1
95070917e990511d3253c2d4d0a0caa4754774125c4c708f4998abe6ba270eb0,1,1
ba229fc2b975244ffd23db549741c3b3abc17f7b611e085ab220a60f3686c7a0,1,1
80dc51a41c88b5d796245dcdc567e02cad4fd71fb5bbc698ec8877b3716453a5,1,1
a4475565d095993aeb5a83e1006d88329562122f9c19e5ba7289fb1adaed5a52,1,1
721e93334ecbec1c01dde6abf71a78ddcbfdb51630edd2ede6a3b064348b1d07,1,1
089f99f0b696e3300dba71597d0a5b1718855dd290c8c5102b1b011895795b04,1,1
214f4e474dbe239005ca8055c0481eb8c2038b3d6c620a7bb9e0983a27542bfc,1,1
c1938faf1c81872f504b9a5a282d449cb9be2db7be443b1f690b5b3ae91b73ee,1,1
69eaee249b8c2d03cff9b621e27b82c568fcc2d9d708724805d77c726cc6d79b,1,1
9c0b3a456b83708e4ec3c19741f5e6c18812fbbe0d40f96dbac3c382d9e8a36d,1,1
1401c594102f6e8acc91e8412a0a556e59a1caca942cd1261688ff3a375598da,1,1
36cf66ace40c3dd2c49f62b2e175f7189134eafa38d779bb0ef65b5bfac557ab,1,1
b40b58761969aef9047b5a8231cc17cf8f606f4564919974a4749e0fc06e5b1e,1,1
3798a8715dff79f64e8b140c8d3dc848fc8828d34e0859efefe7b9aec245c0d4,1,1
68b96d743e714f38584fbfe69fd0f2c9145cb2984d5c5fcfae1d11f2d5eff3c2,1,1
63287655c571f4f467d63012b840fae4d0836fada971cbc8a9972fef6d98b138,1,1
c576db97feb3dd58fc3837d62b9856814c5b817392d6d28270375f0347978b45,1,1
9deafedb1cf180d75098ebd0e6429dee11bdce2fe655d972f45b46621edb6433,1,1
86e3a1ac36132ed73aafe4e19f06583fe51c61ce8aef253694b46d0036f2e621,1,1
4691c42e0b8cc204b4dfd331d1cdd3d8be5eda064b555a0b9360f407f5de80c8,1,1
82b666470ad81d3e18187919fc8e8f868fb775c8b754d1b75e74497607dce16b,1,1
777817fc9eab14230ed0300c08058e9db151e2adba8d20b2ceb9888c156799e5,1,1
b456cb70f8d3d3401f5260df6fb502eb60cd188b1a83ed9e978d85cd1febb0d1,1,1
4044a5fbbe8b77e0c382e1006a25bdcd954df3279d8089a1925ca662abb1bce1,1,1
95c7504427a4cb00b3ea0e7af7df08677f6f2852d04411aaab6161b1bfdfc480,1,1
a42eb3247e02eae9f816e506c765859cc9bf920b64a1babcfcbafff0bbe26fcb,1,1
0bf936ea017a9d53b65d06add25c941047dcb406455c31d7752c10f2e5156daa,1,1
a612d70e137870bafc9ad715ab023f93e2ede1aa8f1bb89b45f7e2c12211f2c0,1,0
fa51fe330b8c03f027c8af5e7bc3b434ab16b20c56b617fe1fa2a11c7c9b2092,1,1
ada22db65441b5cb123644d4d82404f1ff00ecaf159588aa3b2556e7b56b705b,1,1
086a985d13bacaaedce6cb9e5e1573541b9deaa48bb697ec94baec27a80e5146,1,1
67ff387416cb1248f6cc309c286d73eb7329c75f438025985281595e4d07282b,1,1
0a882228849cefa8217e613bff1018f10196f057fc6503b528380596a806b251,1,1
790d68e5a84de0c74190f6c6f9ac22926fb7ad61f31011e5b20fcb71a7eff2f9,1,1
6a67d929306157cd795bafdb0019688ad63f551157289e72d3fbd7c46bcd453d,1,1
7022f8c451b78c957cd0c7e4fff6ef2bdde97463e8292cd59a7b14b94f52f51b,1,1
c826614409266e4e9beab97a770a71d027511e9dbca69991f7273f6fef5d7d40,1,1
4ce0221b408f10804c8e40b9ac41e1fea8a6185093dd7e771c3ea8c725a54e1a,1,1
57f17c15b4d96d7d536c6a6df5a87f9f141d479ba6b1509d58e1fe750a07b4ee,1,1
5f5ae9369dff3bc9b5acd1233c6a8f549d649446417b76b470b0a0febb13bf14,1,1
e670e1815044f08b1504591d876b80980b0009443fc1d4776f2866662a067c37,1,1
b12cdb30053b5c6f2ac23ac0b59a1c8f545c40c0c646351a5833e9cbd19b495c,1,1
7470fdf6a6fb0dd9a79da33c7eef41b79d3ce32063a01f02805e60dc66c3fcf4,1,1
cb7c376bcdd419bc9ff9b4cab2846aa185c37a7ee2a770f1e51f2b12ff09a847,1,1
9281db75315ff846f329ee8b0d31657e39bfcbbe89df958292b78a14a9eb584c,1,1
ab8bf6aa007ac0eb652251df166eace91d36ca252be85fe900b459a0b15b2cb6,1,1
c011b46370667ee663548436f28fbc78e3cb368b364b0b976146ab1b0b23390d,1,1
60ff03da7f9674fe22bc6fc9b17b85d7030086d6bc092245d61fc4a45024804e,1,1
e5697ddb86b38ebed2e7da9b4acd655a49854fac226f1ba2a3af5e08bec897de,1,1
838d2459a56015341ed06f2ad2e629d2b7ae835927055d48784cafc262456835,1,1
810933542c1f76d025df3540e0514a5433ed64d3f73bedacba9fe997b925db45,1,1
d92a909ae55e5706ca9191c9c93defc6ea65bf5dad077065bdfd8fab5b4ec072,1,1
9088af9ecb6308ecf67b35f984205a024a642cf1f3952689580a09b01074b35e,1,1
076869d868dc07b1e04e7341ecac06fd3d48f884bd9f337b90ba1d2c5da0351c,1,1
fbabfdc4adfce67a0e9b3b1f8d27200ee80a2de79b728ee5e5d57e1df76a1e6f,1,1
57b46b5d8f74b5372c199b555fd3194484ccd0e2179c95a14da17640d614833d,1,1
d698fd645bd5d95fbb321a0b7a5ddb3bb4bef3f121aaea7475a91f374204e187,1,1
a60f44f1b041a5b7613959c0494663be2d79e358848477bd26842351af03fa0c,1,1
1024705039b00adb1980e995deabb569dff30847f5c95fdb67931301157b9e82,1,1
f02d2dcf3e5a214f6bab363c031fd5761c4ea0e12eeae9cac463983f48f4c719,1,1
9a7652b5b731e86c0910ce24f28fe92e8be5ee9bb06e14412a567466fad87ce7,1,1
fe627097dfea2361e44c64f117e98f24a62ccf6ac68931f9eb2d4eda381fa54f,1,1
0b9f9f320ae3ea0c7924fe957d230a8e46433b4544e28d3dadca236704826e9a,1,1
848a2c46ccb86560cc275ff8d0ec8644908c08bcc21166a4f59b1352b675fa96,1,1
c43990bbd47f037d4d42f60a1b5f84d4da7fccdc96440b05e0f7f31ae19ff0a1,1,1
ca49d11705678723ac2bc5e29d0a493edd0e0fe6c9c28ec366b494bbbff2ca8c,1,1
d93cbb3dbacc7cad64834f1ea0f32f72d7bd940a0062645a01e034645f10176d,1,1
a7f4a9d3f6d8836c9c3b44022da3459cc96b879353051ba4a40084dfcf1c4a7a,1,1
7007aaaaf7fe89e37b7fb8e2c8927812fdcdb51881b1dbee4d526a1cde0d424f,1,1
4b1baa97958bfc7ca951b9e38a46a547e87a3b568704bd2966a619537fcc4310,1,1
9d6d2a08b74ecbd2ed92f5aaac7d88a9d44e3c73a47977c63bd9611e700c7935,1,1
8564d0fa5afdc56af7e201e88768cab4a85518e651023397163199ce2c4c4b72,1,1
a46a290f481aa6b690d668a0e9896010e079af8aca18bae1953e0d8a3c22d0f6,1,1
a7e0007a848166da2aac95f1580eb975b396543687870fde47bee3a78a12aeb9,1,1
0e385fa277b1e6ada49a0a129911d554a9ec57759bc8a2dd7eb01ac009d19962,1,1
414271e0d2272963c775ff82f4e51eb91c0bb16212ae04e8c97e19425a580dfe,1,1
82e04d5255519c677883d6235f9ec2010dcb3f87d524be0f64422cf49f62ffd8,1,1
db615f0f1eceaf85940c359f6a27880bdf2b30eb31980a7cc459113efbc55de4,1,1
adb2f1aaeed3b15aec0c08dae3fc86d8d25219597c1a6aeaf4cd684e877491ea,1,1
0fc6430f06775f7ab500fa980b3aa198d6051e31f565ac74b30d5ca35d7c5f76,1,1
a04c7068dbf5342e53bca39fe4d69aaf25098959417babf59168f07db929de46,1,1
1c7d920e7fc60fff2f34eb74f5e54873106c106f3cd6d319925e43c5a45589a6,1,1
a690d57a2c300025eadb08943f082eacf3c2b24be6360788da5ac4044543438e,1,1
b486fcc4500f119768648d1709f68676cd2052cd6a0d425b34de933ad02d52d5,1,1
d8aaded26e60385087d5bf43afc36ce33d39c6187378960e1cdfeb58ac6aa733,1,1
e708b024bce4bae9818a535764bdc1430a526d05d4bd3b6b209ad4ed6e2f4ed1,1,1
66c0441d8a8fbcfe8dc8a320e1f0a1d4f10873e04096de6bcb75ea9227146c93,1,1
72aabad02fed5582b38460a39e41f00dab4e40d6e377b5811ccb2c4bd883ea04,1,1
fd8fd1fe143d0e50bcf9f438d70da23482c06ee352097260bdf022345ed4f9ca,1,1
185830bbe363633e0d295e61a5d932f0cf492b47dd1b98fc8938e8c36e5e531b,1,1
ba96b1bea885ab9b7a2ff9a3afd36270941b53a888b60793f80e917f129484f5,1,1
4ea19fde80d6db83ca13556ffb3c82c5716eed521eabdf1d50312ecd58855d63,1,1
1874496b163e8a881827a1440d81a703d8bcef4b72ea464dc8891c1a9e076709,1,1
7adc0c9db97a45a8694ff4df2acb1a8b7e8c88a9f7de874cbdfe525cab727627,1,1
d49ff68cc2bf1e24c710b387c9c470b3794d774f8a27ed630ec704eea770b48a,1,1
cf8da09de0cf9316c61801dfaa65db985616d9ddc2c986d0a7b0c541d56917bd,1,1
11feccc3a8e59705b848ddd9ce742bf8c565a300ee45856635becf9c43699102,1,1
bdf47815bd62eaaacb6b0702cf3a1b9e56a66c3b92163706b2da8f7237468823,1,1
e88c89f75323e01be71a2b0c7ec9c358b5e06d2043d2c7207f3baed43bc8620c,1,1
451521cf36f81ad0399641e037ec74939b98e445ff604796bd72f52ef89185aa,1,1
5314d0fa335508c28ea1d75a856350c1caf40181db8fa7e31a5361e990ae5052,1,1
e70774a3a954a9064dc1b9ad64dcfefd81635139f53c95509d8688a14287278a,1,1
d31238dc5bae063e878509a528687eddcca61dcdff00d95e5881b74bbc64755b,1,1
7a92ab7f0356e3b495910be7f98eda680503c2497701944a99ed826c680c394a,1,1
92871234b3cad3de9b70bef99765250fd6a8e6a066d5e677cc32338f46e39128,1,1
27c8350e4c40b75a737b91f32e2b8979d48e258733fae7bdc7cf1cfc16f1c77f,1,1
181960c06383d949978b6380d61374d4d62ea2160fcc8cb0a5f44ab37b0be3cd,1,1
172e05f76c282f684ae4092ab813fb39dfc5b7d9b75244254a8781bf72d8002b,1,1
06b257055aa4db680f8c580e2ef5d20aaa9eaa19c31624d332092f0abb5974fa,1,1
ed5325480cc41d2710804e44897dcc657bee6d05d5da06884e9a21abf367f081,1,1
575da12168f23eca76e18fa6f4a797e94e3228f0a22111dfe9fae756ad28fc63,1,1
8c72673218694ee1212b3e7e15913f0bf1fee3dff0b768f94eede15a4a777dcd,1,1
45de7e8544987edeabe7b37e22b09ba07d1f83ce81a59ddbad3148984f569a9e,1,1
a4f75c720c6d15b06b66ab5ffa71fc17b671fc2f43b54c2d8aff98bdc65e56ad,1,1
6d98d190d16de36d9e701115bf92b596c80b1b6ac688758192a9f444e5d7b5f6,1,1
9dbf844d353e649d119ba85954047ef26c3d24600e4ac7b9529cfc4ddb606de2,1,1
c0d11802d70b2891d3517598496b437e7cc57bf0c5687c950b6ca9daa7115e47,1,1
5cf74b7a7931f097e1109f5cfe70c975cd0fc4547d4d49da9283e1e16cbb0162,1,1
f88b09a2493a28b3a7df8877bf76539eb5c1a88e5f08a3b09b5d504be1ba8274,1,1
9412c35bad257923f6d4ac8ad9f96de52a467932c68dec00b511c695d68ab535,1,1
6d94c0acb64310122f1c1bc279d8367d79c19ec0e041e06303e412246f7bd3a6,1,1
903c3d1b08d5107f845b9355b5dfe870adfb5ce7a57e87803ba559d3a9efe63d,1,1
f4ac137ae47b38c39ccb2fafa1615afda23a5c0b87b8160bc08ef841aa30add7,1,1
0e604e42e858db3259cdcee13e80bedae7181441b027791ef9efe2a0e2ab077a,1,1
e445309f549aa77b7fc78c6116183c329d4cb3902f34e024be0f15fa343c4ea6,1,1
93d1062c778d0ff2b7dd64fe73519a81f62e0782116858c68ef40f3bd00325bd,1,1
4ee1197adcfc08c72c4d4f80efac58a73ba6660a9b88be10b862aa3224cc5c09,1,1
1872746049f029f538ae17db7cc6c68fae9969b9a183e5e007ff507475ed803f,1,1
d59a1b0e2c6d95c4b9d4628e5fa77e493b938bcb3adb703fe386122015a5f34d,1,1
722262f6a71076a7851e56ad8dbdfbac11736ab5e405981a744c666bbca2d96e,1,1
e40f3878cd73e1e3e63e9940bfc9c3c580353133022672289779ebe27d1baba7,1,1
4c7addd343ba3eb67a82bf189aad6539b4c75aa041902992ea374d034e425c43,1,1
a0708a649b4b3e8036e38bca2152723ec8815fc6c8d6956933453aa3df1db9c5,1,1
b065bd8c6d6e2e66214857c6f2bc5b038a68ed8ff65552c3199c556254e1dcbb,1,1
e11ceb455642cfc5caee683ac0f0822d6e4b5e54860109009192c4fb8a7075d2,1,1
1febcb7d89f2be022fd59109ce7f9d265c5d1054f9958485cd53d002c83bdf06,1,1
aba5bfe422481d392da53825ee0e6beadef2160b9c86eb40c7d63819eb624eac,1,1
e4105e6fa67cde89ea8d5559ad0bc9a5c973818fc978a30ed93bd5f410356bf4,1,1
2463217ac7f751c6e3d9a35871cc1565f560bc8ebfc5d6a8ae7dda18a8b00d24,1,1
fc321f640391fbf1fe8b82abf62a21fa6094ff2f7d24ecb70f99ae9e32e07222,1,1
25d57db41b5dfacf171ebc8dc830de17b09525304845463b302d8c26126637ed,1,1
58c19447c7eb4025342de4dded65d125f71bd71abd44f65caa492dcee98cb956,1,1
0b18e67d18a9a6bb983155b1777bdb7d379c12312f1f73c9b1062f97361a8afa,1,1
de927b2adb76c71764a8be6e11f860ef98a493209fea9d1f11509977df46d14e,1,1
443f47eaae77c2fadc5f36b46daec3cac083c5c49a230f0dbf5347d6b156de80,1,1
9d709c230a3ea6ba8c2ed752516e8efe32c04263ebba56221cda4f552db74d55,1,1
767b4fc77b1ac87a9c27647099555b4f4d5f2a04323601ae16debb7b3339e967,1,1
3a851e9b6c49ab021806bf68002964dcfd34051830e3ee20591cff8a06d94f74,1,1
0f8a73d25feb40df134e3757f0525dad252bdf44874878a08578d7a11667deee,1,1
7b24475dce869fd952a0c51593660e5ae11b1e00e8f6c6ce841f56695f1a8a40,1,1
27f55610392bb00530aa4b6fc3471066639f9e633df5f37e9ad24a4a9e0e237f,1,1
adf7e224991eece5a4d7aba13d37853fdf79d58447e349f7e1ff7b0a9287ff7d,1,1
39efa3f1ec150e1153c766798066a14801ba9477026a77a0c4c12f523266daf4,1,1
a2e5f5ff7e8b7d73521a4570b5fa69fdc10e15f18a8c09c7ac54fe43e141dbc6,1,1
bfa292c8006b0f28aca6db20431118d772bacac6eee10fd4109d16483a499828,1,1
2935537980df33048a196d11be67499f410740866686159c3f537005288f1d83,1,1
f29892282d3f04ee6002a1b9d65d8266355d2689a35bb68d930f61fd96b8a994,1,1
43a05aaebd6ce68114a89def734bcd403cbaaa301b9ccef2c358c7e2a1e531c6,1,0
3f2b5279ee14ba5eccd7fbb45f6d99bb58338f86441e860d5341207926b3bf4c,1,1
063f571e5db9092575c78d02addd86dfb615d6f07907728e25a603460a63692d,1,1
d03a0301382224d913a7c5bc46207f7c301abb72e7f7d8e573df6d4ef93ced48,1,1
ae95eb1195a15f7e92cc94d1751167efe09715672826a1381601c1c1430f9462,1,1
f47aba4602d9ffb64c32356b7ce2050775c61f5810a1d91e65ac9d7a57b6c4eb,1,1
cc453318835fb520780fcf132c96027c37bdba9218d0e00ca9571c1532316f15,1,0
0ced07aa11d969b57ce45acbaa6a033bf48bc3187b26a009871394d468937bab,1,1
c12cc9486451d970729aee756401ab2d7d4e0706925f68050167b61c22657ab9,1,1
560884224456a0e0cdd7331b9fe2367fbb9520c89a4c3d17b1d83f2cc6c02fa5,1,1
2c53c0dc158585e262bbce8d593a3a99141429ac51b3f4987ad9f54ed34b6e1f,1,1
55717cd3bd11ad94210cf19ab5987d53747480ddbe4e29a93e06b8747a5a4900,1,1
6ad633bb37b0e859bdfd6574debcbf7226e938888504b5fd65715df1ed0e3947,1,1
cbd70e53a31aa8384a990ef6fa2da4ddf0c3c69c76a98d842a90fb0a48b6d3e9,1,1
b38122958ecdd156217532ebd881796e9fc7d94b831a42f05f8df537cb21d29d,1,1
eb4304c79aabb347c2cad9a3db5ac5cbb06f7136f5efe82bfd2e008ed39611a0,1,1
3c6ac443087ebe046ad22c6cf5f12689e9ed03b48306dc98bcbcf16ea2f85cb0,1,1
8f787162143b19a51c1c3582de0b615ac9b3d6295b43de7f8325f21e764c6acc,1,1
e5e2a0da0b8ec8f68b286b971bbdd27b7088373780f4944b40b7c096864cebd3,1,1
60d4a581d21d26f109d2fbc8d0e214eaa1cd13f77dc6a9d9a366c4a52bf91e73,1,1
d2a77760e585fe7d3207250117225beb356225100047b0972881bb014bbd078d,1,0
b5de548eea7b85375c99d0c469397e1e25f41703e1c05a54d7549b72313b9f12,1,1
15e2740b7c3fb85fe0c5c88be8c6d796b51465bd19c8dd9812a60db0557d8720,1,1
bcd7ddab1aed52915f41138ac45fa77f78726cde3343de3e12a3c6b115d80c85,1,1
65d5c15da1329e886922306a6da9a50b5ac2d8ceb0958bfb9bf39071787723ef,1,1
2909d26e7bb73386c35fa63d85e804926ee27088721a93fb94efe7cc08727fa0,1,1
3cca2de6d1470dfa76864e3f43e22cffc8971938077bf57912f2e9f777e162ab,1,1
02df9548b439e9c70b8b92cee5e98fa58075edae6c28989e074b13219160577f,1,1
71c868871f96ee2cea55c63a7d3975cd2ee858d6470fce4d66219b1a0044eba6,1,1
c57ad5ad0b575b4b66c19fdd656d377934d16d09fe6a90b517fbd4c8932519de,1,1
c2d61f71b17a92d599e30490e5d48ba429d7d1950602f18585cb491084c9e1f7,1,1
c831dd56e6a3fd39091257a9e380d16af78634f6c5f7527d849e677fdb60cbe0,1,1
3103144f8f3f299c24fe91eb649a66a7ba0cb4bacec75fea2b41c22873579cd4,1,1
6d5b213122928a41913b99b2301736068c8b64a56849ee06e34b62f22843c4c4,1,1
8a416ab48e7b251b1ba4fdfa71276326fa93ecc621e9a1d4a785c8300f0d7901,1,1
36795160614eb9b2863fa40183c2483b69b48aa342e4925a70bba969498b67a7,1,1
fe0c0bf4175539c1ec1941c1d1345d8d4ccbe589836ec346f77485d7ce054c65,1,1
6832a1dd010c0081aabeb7c64bf88a7b1842064561cf2d9f8d4babd1c8b96b50,1,1
50017aa60c4dfbed07074245f8de145021e567a880138924dc92677bed153942,1,1
81b156dd5897a341f3dc4cc99725837d75556cb26fa4c40ee3e6b778214a076c,1,1
83a443f33f9d509a1ff77b6e4414012c2e458927b3dc9647c5f8c6a6e70153b1,1,1
4e8a0b69063d1be1adde9006bad13ce6a17522499c881a86fd53e20e36a8d602,1,1
556ae99a20800ecc34b211cbb7beef520a87a637c551f9ff2615a317acb80264,1,1
2f61ead934e8ff725f8812ed95d0acd40f84f8684176cb4605074640bc14ec58,1,1
9ceb9becfdf7348a2b641af0a129a383ca4be27cf89b5301e2653bd0c4fd2e61,1,1
878e9b629d52e4580326da5746d25e72b14e97d40027d7f17e48ff636992a0a3,1,1
2cc1fb2c44afba1de9be8e7a826f9fef2637141fe1e6fff284b515919183098f,1,1
02c1603e8477f6ccaf51eefdf23b6f6281c92b5bd56dade47db2cf17cf74ab14,1,0
0a576a10f354a3ee5dc42967ceac123d0427ccfda9b12ffc92856d43fd756072,1,1
51d6c00fdb90c02274c057b0c6df6277decfef1946319c35385d1c4bd8c5b409,1,1
71ff04e40782f8f1820898042f0470583feac158962c21a68cd39926b5142c2c,1,1
663659592bb56fc508a10abcf0c2241a2a9087635c3d8bcf9596e34f8805d4d1,1,1
4209f8bd0ab16eafc02fd2f2efa11e8e98cafd04ce3c91d037611a96a82353ba,1,1
c6afba086b9783bddc2f3d2a5fe353b848a8c6e7cd13bab4b136b03ee0a84fe4,1,1
c73559bb7444041d9a87af2a59dba72992bfa9a07b152ebdca2a2dcc86399922,1,1
309e6a604a62418d83a4391024a9ff8e57289ee078c44431720c675f77a909d1,1,1
c1fdfb3ecae65d44b9164e282ddad1795b47f77d8d167ef0eab0a5027d804b72,1,1
2d3b2c6b93646671dba51945f91a672640f2635e8f27de600d95e11e5e3ea802,1,1
ecd9362d7eb5109a0a235d8b30f0c040c1d3aa6d954b5aab2ab92f4067cd2dde,1,1
f27b4557e2f2e302ba8eed6f31d563c0936c6a4087c51840d21fe0c7ed1a6c45,1,1
3885154f6056a355fba0e7384e2ba89985621309efbda398668a6ef8bd4c1894,1,1
1dccdb1a26c2ecdf79a04fbe31be66249c9ca3e9e6822c6897fbbe349f351088,1,1
87ed6af7725c55ee2e63f0385834f87ae2255896c7ca38846c1c34580dbbd165,1,1
61353ffdbdb9fee18445f081c8ac868a47c6e594dc606cd37024b71415441729,1,0
012bff8af11e21c523654ce86fe91d8078728b62591a5211c468d0e1d48ff10f,1,1
0302982e7b37593359c8f71b166452f4a10df0aca81d53ad78734e153ae69d99,1,1
0f81c8c3bdeba906e5d85b79e4d9cf5e0e8309373806182155ef4ba215f2f1de,1,1
1565d0ac8a427542e0c5d23ea4557ba43e4ba137286041e3df98997a4e820461,1,1
9eeb30e0b2230197c97e6328249b0e6300b91177c62b50e79db546547496fc4e,1,1
96367e3805bd64224525ffc489ba3fb925fb5e34a54dd210bacae564cb243de8,1,1
9d4e6a49c9cdab173290810176fabc344d2c54d60b9916fdfd381a5a3140d677,1,1
6e97d9a9b5ef2e29fb07fb7f3edc451f9321e365efd11837b674acf3d605e3e1,1,1
18d2ad60f4deae15c7540b1be1ae24297f0ef036bc40bdff64ccbdfd94958f9d,1,1
5760b4b8a80991b329cac8b2b39b14bdd4fe9b2b937555c458a7ef19062142f6,1,1
a9c42c8cffc24aceddf6ba6d5ef23d267f70d2748a6a1f6f4ac3f46bc21362f7,1,1
4042142a9f9dc69d363b9b3d6eea5fa6dbce48ffd8bc7075a4965d9b8b43bcbd,1,0
de302a5b7c9099c784ee5c930bb8d44cf8988f9c4931cef56c46e7d389e08add,1,1
1fcfe06a73451ba2d92849170b0cb0880d4ff9d84bc8ad4134187de7ff5ce80c,1,1
11eb564234ddc6c6d393abd613485c864dabe9df5535a3225d5561579a390e4d,1,1
5de3cc46b543c390b01c300c0cde3c4f64531e8a7f5f7789f316fe414357eff0,1,1
a3644ca1684826c19e09e636e162514cd0be9a6f16fd4f438c7081b1fb46a050,1,1
7475a071cb3f19a6ec75b141bb800ce8be48d2fa97cb1d4c5de8d07cd2bc3f3c,1,1
1027f6b0efc6aefdcd3b4e55db800cac6cad119479e9666beaa71d0cc7717fb9,1,1
0716e2509acdfa5315d1912f28dd43e6ba8afd176509d3d642b13efab22719d6,1,1
984d3378880e710f7fc21e8ccf8b334b34713ce29008cbe67a66f448e16a6939,1,1
3d23adc13cb4151db6671492d3e1502393d818e4f409c28d065e4391ccce409a,1,1
f9139e46616bc315fccae2db2965218b021c7a94f07667c27bd869c0f64a97ef,1,1
dea80e7cf0d3b01153c21f14af58fe430350c116e49747a6658d08fbe51e159f,1,1
5abf8e5f340e1ed63dce7f1632a805f775f4436e3483da8268a7b1f4b51de97a,1,1
6ac832aed8900ecf79af460a651cf373a5ff3ddb4fc5378b4196fbeb31803c1a,1,1
88679a80d9eae28c6f21598c9232f434e9800aef4d3fd6264a629f7b2a18c306,1,1
ea2e668aeae376e4054c6450b65ab316aac3399880e4f79aa7a81fc8b737a811,1,0
48de9f778ae328ad0fadb83f734dcea13fe17306cac198e4e1723f30691a70ef,1,1
060ff2d4c00d6a0a8eda2d3c86bf842fff313406558b42e3e75a968e1debc2b1,1,1
fdfbd86d0936cb3e7a1dc89397a5209397437f1f40d7a73f2f332ee1aed735aa,1,1
308696e828d3594bb81d2d557c5c794ad859443295302c4da16fa9f67cd740b3,1,1
e156ecf3edfb544187fbb87ad9c6e1a7dc53d9b9e09bd4bddaec939e6846dee1,1,1
6d12baff18b6b7ceabe4d0bfd7d41004d8bb4ae38e9563355001110a7f384a1a,1,1
bc491155ada99bb9f59b00d8dae6ac544cabb6e42f5c5e9628adf5899f626148,1,1
354420508c27ef879f4c96742b32ffe3fe271bd188dc1822d8ae51714d7dd187,1,1
d63b5313f618f82160208b54d52970296babb802aa58f092cacc478deb915f34,1,1
da0ca83881bafe57d889fd89295c3335df28b7e92e503d0da8db8f7fba2649ff,1,1
cceb02c3869fd80ff62215f4e20e947b8d8fa1c43815bed3da6d48545e1a9203,1,1
b08833d3b68b1815112bdd7377f345b1d614cec569c719a2b893136ad6d1226c,1,1
4b1d7e288c42ee678ea4964d8b8d32af391e20b1aad00264c1298ccfd4891d98,1,1
d97b6b5ac979961bc72107a2793a31ae0da47bb1cd3251e22888a4c6880d737d,1,1
fb0ac54171a4b502248e740502ff11289d9d6129d1e93abd78e14801e4509b62,1,0
a2fa458ad7779267f9856574508d272b890b3a7889d2196c225da07b1eb292fe,1,1
0971525e308c4b715bde92ab45a494f04c9ccc32d66faa6aa2461d755b07f996,1,1
d572c82395cc152900c2c8a58da4207034381161723ba6acbcf0afea66b0f077,1,1
90bf758d0e5f2910f3736f22a6c9deff1b713bb6ca4c73158d76af48b8013533,1,1
7be721551e90c91021a0b52e9f2f30bef7a2462340beb66833bdf613319b1d4b,1,1
158b7d6c5f7a93bba62027521e0ddad66d87ffa3b17ea2c70be80c714e812a3c,1,1
7ae157b0ee266ea8880b868cef5bdd0304b8b00979eb4bb9f7be5b8290bf435c,1,1
38d697acbbacc22360693235de083395955e5e89da7c8a412c866737658ec3ab,1,1
37df667d63c63e681ba37d37ea707c4f75617e38efc2a9dc817f6044ef76a702,1,1
1eab1cb39b5577ad3c2af7e774231e96c35b1afaa91045f741d1521b7ee5af2f,1,1
0c22b3deb42d09a9932bf85af4347f81ddfdfe23dda1a49232f00a64aea0e964,1,1
8b699178a27e45f631018767413e72b04c969fc0fe82889446425c6e40bb150d,1,1
557baee4acc6c9774972e289932e480e551e43d21246d8345c987dbf6d420323,1,1
ac46baee6f564c4567929b3cba105a3396ab9e75771f6089ac98a5d8b99189e2,1,1
3df375d86cf36242bd95ee6ed25b0c150cc272092b5f0765f60ee25449b8af2b,1,1
7893c022e6553b9acb9da3b753d080d6129f997e9051fbc2ca4f2058db6fc4e9,1,1
9e8209120869e649cd1c80fe573fb9690f92c9981a78e2fc2751a7f25a84d808,1,1
f05ddae51f5560d9f81de7cf8016ad36569110c38ccdfe38581b50c7038affc6,1,1
44d4134931470764d04545771195807b83c4ce21565360320ae93db094b242e3,1,1
cbf43d9eb389ad24ea19e030a99c7842c7d5a003000f03ee848e4b8c4a7cc4e7,1,1
156b6201e62d9849a140167dec2b46549cdd8f80a15ebade7f8f325303907b3d,1,1
1ea0e5e95b82762b9acb8969d3f70da7454c2140715bcd57a9d0fcf39ed790e1,1,1
ae4469b7b49191c59cf9d403bc98c1f586df182b55d12451e4b22c39cfc1bd8b,1,1
e1b2774aa0ce46ce52923956045c96d31e79356bac1acbbade393d6e103f8aed,1,1
c8f8e7d4772f98159003ec15dd9a387db619854223a8944af778af0b03230365,1,1
6af9f086cb586d2cd9b15ebed447c50688e1dedd0de53422ea60d216cf2810bb,1,0
ea23a5d6590338755e0b94af18435e5b1906916939a90302040d7a4e9f3c92bb,1,1
112a99d11b262a87a4cd1f8f11c358cc76030995a304d6a6f02a5dd8707a7044,1,1
d34cd1f54ecb217a51d9cfa6bf4db373dc88ea32b5a8272baca3e6dd8df54c60,1,1
b20df6167430e0020b0b0149caf5a5cb4aad6aa0b68f1ae43c361d8d6ef04d78,1,1
8bb58cf35fbb3f13208bfb6408420ada24ffb1bb819ce00ea9947c49ef996244,1,1
a75d29657cc56d824ce735eeda272b8191dd3ae917f44ad225b19e0eb0f93173,1,1
b251466a9ff8bcf0839a6a8df0d7fbe185315e17d40679cf74cfb139a47a3bcc,1,1
c8dae650faf784a80a552929f1bd5ef8f921f72b6c7bf54817415a6d4036467f,1,1
2574e127d2bd7ab01afb29e0561b6b7c108cd054fe9e9785a9dfb9f8158c3d1f,1,1
cdc85250b197812c868434a7cf8741331dee77da07a9a796d88c3034d061dd15,1,1
8cd6f1314011d3ee79a175df6b5e9332323b1bb8dfc8affe5141ec88f659b3e7,1,1
b9d97930b76b8303c4e4508c82616601fa2ac883b4aeba92968dbb7d760a113f,1,1
2d313e8b2700d49ed9f1761c51fc8b4e18ca1d79898a38ba1418ed40158c47c6,1,1
1e52946217a255c3ec04ed1121a5ed296520bb15a9af5d50ad1d879e0caabbbf,1,1
a0392909c797bb3651c8aae88e52867fbce829b2f190da577989dde80a774c26,1,1
812d2fe77f17f9f236b4783641da2a6ee1c7c4b43f95a6f649d35598982e1870,1,1
3e8ed265ef1f7f8eefbaf8eaad071c3bda93f93e638dd4aa181107680f8e5e14,1,1
09465828e7d0be40465991aed601876df3dd682d486b3068c205c3135c83b450,1,0
57270563ad3ef05102c6ef72ff3f76b3e8fe140aca77b41149e349624ef443d8,1,1
e4704bbd7a0e74dfb666a5896872bb5751de3deadb68637c4b7755ed08ebfe1e,1,1
26097a8a8940512e468fe319cbf0fcc0dfa46371fdbdee1892ababc0899f9c33,1,1
b8df9ae86c6ecc576404c1f913ed56b68b487d85d3ac240b87fb3e1014d319c5,1,1
4cafd58e3e0367606d95332780c298f1699e55989a16446938f5599648489a6e,1,1
cf9883b8d52536034b8f1b6e06c685681365a5975620cc3ed70e30ca02b4fa19,1,1
93ace6d3a352607c983c14207900f7b67340f69c51cb7d93f7052b73caccf45a,1,1
03de53a0afe50bbfb641ec076d9d86581f363e307c67709f5daff9f5894557dc,1,1
4f0376c07d10db80ddea0fe93d52aed2f31e1bfe58c5cd2cc65ce725dd8d8f33,1,1
ac90d038c87e01c4d5d3739230828ce141443ef8d3a55fa43be9ec3efcb4afae,1,1
4fc7a37a636d8836c96bd885269e4c37e4894bb1899fa0cdc2341448c936667f,1,1
ab65d7d08b3fc03d8f9c26a4e9fb04d081828eaa05f90d6cdfa7ebcef6e0d84c,1,1
ca0e53461e60432c8ed5393f69db80421eab07b3ab76467493b51191f6ab8556,1,1
7acd45c2fef5a3643f7c0981b823c1c30949cc5320c49e784557371a6c90a605,1,1
edac0221d235a0ac8e99cc1da4abac12528e8d3eb6db1e101a1c97f94908d156,1,1
98c4308e3961ee8825948f93caf83de56ca0cef41d48ceb89a414d3d2b53af25,1,1
e40566fd6b156d1ece0bab8217bc8e52a8373c6fb3f8759f4fac20a89997d06a,1,1
3eac9a6c234d318cbb7b22b19ef8e6868566693f4e285f27ff227a09612033a7,1,1
df6ddfb344fead64700b3d46603be16a371f2c19481897fbed8ebc54aa6244cf,1,1
d0e5ac94ecf52fdb861cbcf197ab2154d47575176674173fe472ed8f74bff370,1,1
d817facaf3ea4d8d6566a992850c86242bf86024931a566c09c863d4759bd32f,1,1
ff1b078e43ef4866723ac3aee92fa592bd1058bd14a88046ce78e6a69831f198,1,1
f8733e122715c905c1d95860680b1c9400ad0ee8f68466e4a91885f28596bffc,1,1
0481f94b755853c53334da96ffad7b5a34b0aabc39f6448191ce33cbe5f1fb8f,1,1
404b311168f4d2530af2dbdcbba1dda2ef2271f06347ffa1570f7c484e1cb3be,1,0
7af71e6f422649abdf7272c5a9b70b44b84486d774085f46ecf03accf2fe1e16,1,1
1b2bd7638f2f6ffa28b1de013ac5dea2006533994f092b6a6e68dd8dead27aaf,1,1
cce80f0859d590aba244058a64e9b44cd4271c9aa4aba2c9c5564f9f5b2db8d2,1,1
7fb9fff02f45746b50ae4f73ae2e1a3d6c975e29ced593d81f6665488ca97947,1,1
485491da6de79fdc84d0640508838383ec29038dade261c4cc5c0eb8140d286e,1,1
011edb7b3bff242c2f5492c41818cc89a14e43e9798a1267aa98bced0edcad70,1,1
8df8cffd2dfc03265b84a090cccedf5a239d58f131173bd4884af335654d7875,1,1
94ed6e56c21a5457c7167f4c32e89763975cc10837c76bc02466b950a28b3dce,1,1
d8120634d1efba4636b9c75f209a2f4fe0264850cba602e21d6b664b4c43f339,1,1
0e01e115eb3a0f1245bc2226d32d8752e1e099dd4a52bca9ec4d6ee2d15d4372,1,1
744ad7de11c96dddc8570a4e190fecf896b3dbf099860f5e2873b3dc08314a26,1,1
313a6a9192472e98c02e932da244f62f1d399485fda2cdfd269bf3450ac1a21f,1,1
b7e2f1341a98717e54296154712b0be64fbbb1cd5050deab28169d91ca744a8a,1,1
c8179c553b5518f68134c1f17534b032c2944d6b82f225cf4f52a8e04c2080a9,1,1
69ae7d92382b95aa72606718dc38ae34126e5cc269af25ebd46094e03ef804dd,1,1
a9882c3c2f3ffc2b11a5c06b8a7ea9ce8552cc288195d2714f6f7ce6fae33504,1,1
8bf946bd45abb67adad91d47fa66c224f0a9eda8b84c0e1f003458f4361ef438,1,1
0d7a0cfbc2a4fda036ea4abe3d1c5df63b0a0085e1a08a7fafc96ddf305c4945,1,1
79470adb615dc80db4c45cd57adf200a2e2829bfc64741826c609c4f74d7b0b5,1,1
c810bc8fdde41c99431af3052c3a530009f4bc1c20fd783e1c8f256f067f590b,1,1
34e857449f009b1e1b3583a7adccd5d68c0f28a10f60299f93f867552eefcd5c,1,1
ed449c2d550cc2e55abbf5a238b89861b574c36523931a33bb6b0aa3857eea5e,1,1
bf62475d906520d6b95c4f46578c72ba9860d56d5d61eacc80a480fd5f0a1d1f,1,1
52d3614825666e3bd6538e337e1896a4aa996112e7dca187921e50ec1374c07e,1,1
352a186d6245d0d7213b78436b06aa981f1d8aff89a942af8bb5334e3c722853,1,1
94373fc66b29096781612e87932c1e386d3d427c689cb2a03e0eb6105e86f273,1,1
06bbc00a1dce878c38f6c19bade119c1ea91e19a88cbecc27c48e5e2d987f8d6,1,1
bd0f8db6a714a5bbfa80b8592efff19015c9ee41aa012458a9e36e5673a0521b,1,0
3991c16a33cbd6801946ee7254d1322c8ee636439850875502bb5885cbd3e939,1,1
56bc3c53db4a6332e9f23dc812f03c666e43d44276d7bef2f36a836ed8c8ebaa,1,1
b7f3facbb348b182bb8e2aa0591fad5874338dd3eb53e66cc381c004cc37b5e2,1,1
69fc04c71e30508ea5655cf51729ba98964b1cd5979c019d1e76987d61cca87e,1,1
f4e67c83c80df40199d83d2a32fd8d6e722cc7c3a8f86f0ed7153bf994747f7b,1,1
89f674dd47ce4c4f4aa612366287e5a35d2716b27aa18cf3bd07a1fe0f1b3e7b,1,1
38a81dafb67422e3d10f76076e1861633daba76e4fb0d3ccad82ee4472f4d3f5,1,1
a36df9ed76e8bd3aabe14144bc28804867ce9bf8751a4072508a6be6ee9a0213,1,1
46454a5e4dfaa78587e26e6b31e3a68e649f7459f686c5961b6e7a777c4f2850,1,1
28a42aa6032204e324951eb0bacf9bc74ed772ef8b04a1b6ffb8a10905603294,1,1
37af735e47666a7e0cf7ce2ff52147152527831a220e22d2c5a1b76a1e5b33c6,1,1
3561afc8e7aa354ff5fb90211c22abf2400c64a0204379af7f7d458bd706b2a0,1,1
a941e8ba85c9bc2d19f39bff970577bc57f0cc5e0ca0863e79bad3e7d57a0b3e,1,1
505cac8c250c57c0d7141b722de8de2af7084bbd391da73dbf8cda57fe9f7b8b,1,1
67a3cefd77d7f0975175b6d6b2d46b60b5eee76b4f8494e374e15a4c6fdc7b3d,1,1
833e925d9f5543caba13032d130999c72f851117defb44061e045e6eef43f437,1,1
40d238349ee29cf3e9f69ad1ae59011f7e658e652f38c1dce082be0460c88ab0,1,1
8de06ba9267d4e4fd607be06893072c752655d3dca00e55d9bc66a15bef06f47,1,1
58715b4863db5001c6230ce4b3d10b378ecbae64b0d2d328dc74c3349002483e,1,1
d8ce3f50565207d2188f77e90faf0ed6201f7a3968947c6542b5b68821798981,1,1
5ab5007ca1694e5497b6a244a96fb6261f443dd06eea4d99006014c159356af7,1,1
add5ba9bce14ded92e1b85a5f92bf42d3de8a6826ad76b9bd2f1f8473aadfab4,1,1
1b1e5a2def90bd9b5f7d4ac35a7a5cd407c2d43f08b238d8815d2bceacc4bfc1,1,1
b98338f5b599eee3774127ffeaf3b1f63790d1fe69c78581e93d3e8e4be9c9a8,1,0
b5c8923e58bc0983fcfa22df7290a9920f90e67f97ae9ede94e10770c73e31c8,1,1
27bd68a976b8545a3eeb8e669ff5b246d14bcf12764c9163f267f07174799c49,1,1
343c4c040daa49dd8f92c769b3722eb825530ae1dc34b68285c63e8ca50fbc65,1,1
7ab0db0b191c0417e71d569bfdd7aa43c66d7fdedfa4f6e7e5a3f8b0801a604b,1,1
d25f995126054c4ceb4d26a264241565ad570ea545308ecdf4dfa210836c4d09,1,1
73805107d71ef7573493606303915e0f62b5c66dc107475a7dc3f0af51737fe5,1,1
148b1887367bea95266b5c26b1f56e3086a7b068dd36da82641bb0ad54d6a107,1,1
9d698d7a21cdf80661ec6c940ca3ab00cbb24ae3477307495c80d1f50685d349,1,1
426c02173547960a254fbe5c6f1d68e4321593eabf67b97bc5f36a27825f7273,1,1
110efafc05970cb9cd329da2abefa18ecab8abbd90d2046dbe9f7e91aabf2142,1,1
218f10eeb404c34716c9aa85da1072734090848880742b36ad118efbe7dfd898,1,1
312eabf931d327b68b4b6ed0fb3baff3f1ad1a1af5e14a8d662cb56e8ff09753,1,1
d101541cfc0a9a8d60e493726789068afedf0db51dd4b0f4e63020720790a311,1,1
ea9f7670a561e0bedeea30d109b765c8fa78477807d3135f9f42293099506f15,1,1
bd7de317f023727f4538560e6f60d184d898ca4cff30bbcc1c916c36c6d882ca,1,1
753f64ae620aafd872ac9b723bbd3c465ec876397b58dedba8a99d03085d573e,1,1
be47af44abe91186607fe82ca29992a9d52397d8e1a1f18ff530f3798deffb80,1,1
e8d86b94e419fb02aa9ddb1a8eedcd75b5f62f8b4f0ad408167503b073f19b6d,1,1
9f3d650eb8245529b88934d13bbaf667908caa8eda222ca06604cca7fb1efc86,1,1
c7ef7e70925607986ef00bfab30e3fb1b490e4ff5afdf4709e851d96b745e2c3,1,1
ca3532dbdae2ddfc48fd8044f7f17091e20768902df95e88f03493148de7386f,1,1
319604932a9b3c249918ba31c7e09937159cd996c3877ad3ca5a08d8a5f87ea0,1,1
24a1f16108fa44e4e223080c638908cb428f26310bf8b194857db289a27a2ac7,1,1
84ae87182025622670155a9100bd891995096333ab42f0c0823344d0c8a03ba6,1,1
e4d549697f5823137bdefa3d992c79ddb3206ceacaa61b82f8f96f3245d6a044,1,1
e77928e79b8518d7bb3724639dd22d667f0ff4adf36b9cc84bf8fcf0bdb7d3bc,1,1
d238424d04e445b6c162bd333734af7fd5e4bb814460256193d0fa35b480f18e,1,1
bf529a33c84f5a71b2cd3b4f5948879b683161feb639dbdc00e9331e3f1cd679,1,1
c3db75c2d8cf79b4458c3f32b25f61dd671689980abd55b17477367760383ead,1,1
6620a34f4b516867410f184280dfcd244b300f5c1ede1d586d55665a64a2ab2e,1,1
c2983a2b236baead9d878cce0f2f98d8dd5133ee0ac7b2a9c7bd8d9b8a16ec92,1,1
4700104ea0d4aba0d8d64796b409be61e2249538841aeae9a13dd82f435353e7,1,1
564d6c9ba1bc7b3637edad896d4529b94ce9affc14f600ba9a13b36615694bdb,1,1
aacad3ab5df649e57e38a1936273072621d586d2553b54da495889705931dc87,1,1
f652ae6faa66f251e00824a9f49d752e61e11d18c65b52f8e8c29e863b8ae929,1,1
4304937b44c3260439c567d85044e5e2107d7578a122acd469f06368a4c5a5ff,1,1
8360bb5e411b4eb924d95a0a9952d56ec47860ab182ecdcfba7b7dd5c5eea234,1,1
6b1462eabe8b1b26d4ec1763ee5837d45eb237daced7aea4c95ba630c10091f3,1,1
85c1299731daf0f369ab6626c9a0b7ce0709dac54f5bddf30554ec4c974f1b6d,1,1
1dc7402896a730d1a8f9d9d66783bbed46c103ed1a841f531b24cf95c4f7fc96,1,1
49e78cbdf3bb7d57cb4786307fb4113497d104aacc55ddf302a9dc5222cab868,1,1
ba00dff9ab7fb5a5a498db1cae0b5cf009050532d5b9ec0e21bbb460a703f08c,1,1
24d20521f2a3eac4f5b08c3ce86e18ab09a75e2172854aa8d75f1f33577c198c,1,1
9ee5021a61015bb2a393cf6fc379f0f8289e6752f6c55943ba7d403683a9bb53,1,1
99c74020ba5d0acd76051c23d08b90056f84ea624f2ecf28b15b9661c69cc008,1,1
a59014725ca9d71af38f4b81dda742feb892ae5c5c89fa11c7bb3c88dc159f4e,1,1
f6decc57a2ac1409d67af7db7026238ae5cc471556c1c94bc22a9fae8661931f,1,1
91bd7bfc1783f4efb6fbfd02471cac8403c4b0afbdbaede692e839b52cab90f5,1,1
2a50e6ddf16e758f7d148a6a561671e92d2417b9a068387dcb786ddda8ec7890,1,1
a98df69d10877b9f7805860b367a28ce341fdafa3031ac17d59b5a69e2259485,1,0
db8b4dca726876c5da639747e697a9282e075462ee75961b7523b6d023e7946f,1,1
0928cf05b72dd03f15e0fa49566e0af0a80b90e9d606b9a1c96bf8022558ae58,1,0
9ba9f07769870f1298fe452fcbc796e9f7a66255444975689653c8bc91450a15,1,1
4efe419af10bfcf458b88d1f6d7756407d0195169a97beb41a7de855825f3867,1,1
ddff1654ccd852cff97c2220702db2291729883fdac9eb61da8c48cc9a3da799,1,1
9f8506c984e93c99cbaf1d997b5622ee772fbb0654e4dc11f58157a83024fd75,1,1
4928c12572afb8c51a499abe9238d6ccbf185417849a59774b0740640c4644cf,1,1
2c7ef990634382eb080d14ca93fccc3b67968e952424000da03b74ebff0b185f,1,1
f72f366d37cdedd9206bf1de1860b15023bb5d3b080c63a5784c0cfd6716c6d0,1,1
916d78f03333e0cf96d0455bbd9cd72cf1f686cdd85987405425954fcb2e80c6,1,1
202400a14d01163835bb5b8a6ec47e1df57a27a4db065e81a9b89359f4d67ab7,1,1
a933da7b9d0fb484b61d456e09380ef6977f866187c55b1a5ba26e765abb0615,1,1
c153b8990eed20a0d693ae197b83757e48d53d888367f09ec2797307a6a3b98c,1,1
5e355fa67ef50077d61a0aef5ad7959c3688d963a68cf105be4ae0c78a6efabb,1,1
70c329f849e0f229e45a0aedcc66f0ff51aed085a2005043170c3d86c9b79edd,1,1
edb09e27cc332fdee8def98a2e4c46875968fb15e6400f33a6c6623a0e6f97bd,1,1
4d8853153c4a1746abfa43c641b9de622e4e93df3a1e6c765d7d77854efbe3ab,1,1
3ac4d079244f1651c8511b25cf3c3c39c9fd6d10203d6811125076bdaece4bc3,1,1
1d2ad7bd8973ace9a34fe38917817381cd8f02305d0c19458a2f92535a345717,1,1
1f40ff7cd482c601201c7f4979bc121b0a24e597fc039e50b8e977d1dd7b7b20,1,1
1f89c81d5d99a86833a76dfd2e0149a62520a2908129b6948f2d527b3c7f7c25,1,1
2f646380b721fe2c3299e8efadccf8f4f8aada38361462962d6fe60e1827e68a,1,1
81bc78b6fbaf3206aa3dae5837628eac49706298f20d4abf40a629a8e1117ba5,1,1
8ff8e725f0a0587a1748b55c2bcce6725f73f1942af8fcee0f6c4f1fb6fe875c,1,1
f9afe56eb99877726fa5a2a6f322deb671e0ffb3ad97f74dfde1cc9c225c97d1,1,1
af8cdea18886871b0cfb440ba3f710694cf589ed4afbc76b4115e077d9c26a55,1,1
2435b7d8c6ec6a4f7ea697426bcf4a2dcc5029eea1d09155ff4f7dffadd15914,1,1
eb017d4bfa4dd970861f75d3cb9015eaaae478730e131c77c9c2088a8979f841,1,1
3aceebaf0af6af72091f39c6609e526f177c5a41a383a2ea523439d0f54aeb33,1,1
d22e95ef8718364582679f42153441558628f8821e12d21d597e072133738d5d,1,1
0f0418b2758aaa973872fdec566a82e092a0c6273e5ea22cdd9116201e0ac1b1,1,1
89cee9766a7a9caec0ed0858916969c067d4f8282c8811ec9875c5588ea5fb80,1,1
ab05a14c4a184f736b22b35270e93a42f1d82e9e6e9cfd04f7b97e9952e5023e,1,1
c4163ab24a19a2b988d00f540c81721c1d79e5c4caad2f88cbc7f0004a453de3,1,1
72a3f2cb1e352660579889c52f409c5cf0439cf9c53d6c68d223cf41c46e09af,1,1
c85be954a74ad50730243a047756e45fa78acbac60523a5363583f8b6036ce6c,1,1
08b5d45f3d36c23ede50aedb3db7a389d2085c41ca9522bac9916220a89557c7,1,1
043ae2b15d6935b546b12e1ced0952eab4d9e2b69c2fbcbdf33b54895846142e,1,1
ec2487f05c0a4d3e650a89ffe55cfdf30c7de865d2df946bc5cc2554c2be608f,1,1
0d994fd03f52ca473e02ca152e498979d054f2386d72d191dd413890b00ccbe2,1,1
428942070c028c27e11ac0568b3c608bc965c024cbd74d85f59c8d2e4a9d8e46,1,1
15dd3fdea79db51eaf90220c02cc04f6eee3edd7903764f2ad82b258cbca37ce,1,1
f629d80d7bcfe71e06cd889e661a353e198a9f5a811d736c43196d25fce3e696,1,1
6402467a5a2b1f8e7ee629f9eb3dd47d3c90f74af0713af9e49bf512cec8ea89,1,1
02e4c32aa49fb3cd37814ff57758b3e614e158e6ff59bc3147d7d8912d438dbf,1,1
660a8a6025e43746e39c9a9aee2debff6e70f90bcb2bae2b43541ff3324ba875,1,1
36d7d5fe1538e7e39411c89ab43f434c5f1d2147a1423c4a26191ce898572624,1,1
7b9b65669488a15a2bdb057a71266dad23a810f5acf3b00fedeee875356b64f2,1,1
7ee3e2a19213fce6ca8feb13badc026f9f0651062b13f530cff270f48bfe1075,1,1
bd24db2cc6cf0cd52f0ffdbcff71c55ac6bdfa6d3a29131c5d253aa91407ebfe,1,1
8c650def85d3ee2197fbae4ce35fd8760904c5778cea42b8e4fb74c961974356,1,1
ff229890c6e0ff35b7a7182390410539ae7881e557cc622c87fb4f390e54f7f3,1,1
87df1fe02728a328cab29ac9d8b132aed5c921de2784f7aa480dcc94ecef0a5c,1,1
65aa456f833abbbb0d19e93fe65de50ccd9de748206df4c409dc10a98d9f66de,1,1
e026ae435e1f2783ae7b4b70be633d0eaaaa3d75a1a72d66e7fd3ce5bb9f75cd,1,1
f7e5bb4b2db52a24351c20b89d1aa197f3136220beb149f03df19164bf30a286,1,1
ce2ca7fef75e410206f777048b69252d49bbcb4bfe8459c6c369a2b72b448e91,1,1
3abff5cce9c7c27fd617c8da8b2d19680a0f09b29ec746a88c5a628bb13d83b8,1,1
956c0e55059515916353c690c7ebff6f6e7cd48eb4c776466ef5e047d62cad02,1,1
40d6a849d500bab91304b8131e363431451b459fd645d10a9086c8641d36faae,1,1
dd85397134686b66dbf18a7fc4a23421275426d4a59681a95e6d8b0dd0625ff2,1,1
293de0354f64faa5f59dd2733f1391c8589e50a27b267fa69e63f00e97d351f1,1,1
52b22b7284b7f4a18784d351e4a15439d131dcf7469895f66098e1587192b2f8,1,1
cc3cde1663ffd089ac6e161ecd274e24f8b19bdc5584fd532be25a85ad06eb00,1,1
24198a7a01ecc8143173c6f5b1b7245159e9aba458d9246dd32d56dd81d7ba3d,1,1
8c17f6df26600feacd8e32da46d1d0a0149dd9ffe9ea322a8cb46e79eb3c3c9f,1,1
59f0134f7e70a59a68ab18de368d5f167d5d76fe5e8ec06321c76fdfea3ab9b3,1,1
45b218bac775c00e26d21600edb4e4d7f255dc956b268c5409ec8f22baed3a93,1,1
74cb2695ac538cf55d3ad6496aa2217b04977f625e14455e4b52d432963bc874,1,1
44410bd5ab086f32df374c99cdce2946197e390c8f098d23e34436da8ba4af99,1,1
be0c508d7ec5e9583ca96282738621c9760c353985e416b1275e2e2075ac5da0,1,1
a6a6a397877dd4a8b153c511514917906f6bba00a04616c54d7ab65c88400dde,1,1
c63f23f717fce4ecc1c3634fd727043106026a361e10eae3d8f3bdb5602b72ba,1,1
8af3fb49d0d7cda900e52ca4bcf15158882a37224d21c6edaf3ae2d74207e4f6,1,1
1becf1fc8110c5af801812435641d7a77d74a41a3f16979fbe44310016d7c015,1,1
74abb1ca9b65a34d3b2b972ff594c1ea2b17d32e834e2740faaf00cb5c993e94,1,1
b75b10d55f7c08736fa78434ff73178a730cdfb933226a7c6597844172abe8bc,1,1
dc1bafb678d3428319d4ead51b0f4db1dea4d7e08cfc1aa921d9f4e63433f3ef,1,1
128313ce881c38726b9dddcc09de56bd70d2e880d8984f9412fc54c5439d1aca,1,1
b68ff7176deccd7c2a1642b2438fd60ba5a632951002ffe6f8050b2245cd6cf3,1,1
e4b7b34bb2098c8065016816587818f39452cc8cee2a575fea5346a1d969dd99,1,1
99bcfb1c81197852574e39d7b281f1b4d80ddeeb8c9af2aa9e0ecdf415b35dd3,1,1
66b81634eef522042bb03c42d14cc60587377699e1dc2b92c0cac1f6ef1cefa6,1,1
039e7e6e63a589d143cd8b66fb052df521caa59214a62f37a632a929b05c8e36,1,1
a87b14cf746264d2254cfe85ab75d3bc5ef7db5bb96f06011633086c9f1599e8,1,1
db291c781d84c74c6c1e8eae44e978605f022701af9c4aa7c493eb38a9d64c32,1,1
e5b19cfd416c45d984df0d4feb6163e2cd9a8e9edd91c7ffb87372043b8fa302,1,1
511871a62dd17baacf2f6c6843295bfb49b0f154dc493b4c5c7cb4fe96faa288,1,1
8bbefe7fb0afbbed0d1fc1e46925d67a12d0fccfd20af8f49db21210014340ed,1,1
61e3b1b91eabcdb605aeb20b437b587a2a08fd71c914beaaa9d72196e7277644,1,1
464ce0737b14f89655111f6a857f708190178f59af47945b7568e418a8b0c3d5,1,1
2ec0e57bf33d979a5299b4aac8e0a71865a1190fd389d24b6c58312932e8789b,1,1
5ada9f8aa4435c0e60588625f968bfb992974a34e9334b61c210857b43c85519,1,1
18490cad69933faba3b2e24e313d2c9a1e5436c07610a5a360684d6231a16c7c,1,1
a9bdee48d9573f9ba7106163728ef65db4295a3afedcf250271add6aac0c8184,1,1
a8f575d90be4ec7a9b0106d0f5f34c49698bce10f94c057f93016ce71a886633,1,1
8ed6fd2b55250f239b4f3cbb368cbe8addbeeb7c2005424677d41beb73a8d650,1,1
de18fccba68819fcfb4b852f685f146a4448671be07c0f32ff90e76449f55fb3,1,1
c11856188bd4464fb075710e2461fe17e63b61f2ec2c2e4729c36932c7bb9246,1,1
0712a0d2cdcf5e72e05d7602d812bd69332b58134e3be4ac929e3e17cfc7371a,1,1
fddfed4838881fc86a6193f6f31d90bd867c2ac95aa8d3b95439c21b021500f7,1,0
1527bc0e7f38462060db5b495da9acac9b48c734d3da9ddc5dc4251f2f41c0a3,1,1
8be11d2a5a76aeb06777b65445b950e45387953b42d28a613e2f36f551a96cf9,1,1
986e6efde4959ff84907b65aef610cf67150784ca508566eb0f669a41d30a2d2,1,1
9cf76545e49c43e2a844e0779a77ab18dde389f0e0214af958d17624d0cf8023,1,1
02a1ec9c1cd929133fcfe8b29b301b459d28f2d2fadf0da155ca5663395c87b8,1,1
c6666842d5125fe9fb87fceed0113f96577fe4eb808c97ecdc555a9ca49b9972,1,1
3b949a70c7aeadf12ccaca1399ad6795285d0a75043cb32684449dfd84119ea1,1,1
138c55e1b5b77b9bbef643ec10806a1858b2a6170ba28822f23ba2ed6a3c3500,1,1
94baeb2a2fbef87f8f83702055211ac2d490ef5412d23468af274eebd3f58690,1,1
82f070f7c0e2d9aede8cec60bd2bdc154a8cc0c90fdc54ab73e00124c1131f74,1,1
60cef9f0d65f5ad7e2fb39262b46bee424a4d52d98031166a5953fdf73d39f65,1,1
13ff969ba62919f168925999fc96b5e1d0258a20f255fa502fd096e7d3f200b0,1,1
44fa56eb690bc11b2c1250b9b8b94645e46a02600625a0d52752f0c6e6128b29,1,1
ae2b4879655f8371fdd509fe3ab927519515e966f11c6719813be6d0bb638db6,1,1
6e49d6a4564147adfbacb390f05a5fcd4e054a344b70cedbb8a30d2bcfa5eb51,1,1
8ef59abe6cb5366375d817f26fc1534232ef5b0ecc3f9707d75ae037b996a86d,1,1
6188d0a4bfb2c4ffe3cd411ec8548211698a531853b32c4cb7643d4262dedec5,1,1
af1c9ac20b1bdd1f40015d25199fd9cccd4e317a12bc5dcf39ed185e76cf521b,1,1
b86ae83301f719e43e5bf188a9d5b60d24630ffab4fbafb65a4f75f4485abd0a,1,1
257f47b1b2706cfc86c481e8f64252e6c361827a112530884ca83f2a83b76132,1,1
4f54266310741c98e9bb634c0d48281a069d6a374d357c124473f5b99e93efd7,1,1
0e7683599f1fd06bc99d91ce8503917cea1827204075456efa89ec5cc7d0c23d,1,1
4ecf0507c4f90f0ae9bff95e60aa14d101bc309197a58b7dbcf0d8422fee5c48,1,1
4cd15b30be735f4559a52e2e8f62e3363ff759e7146eb4acab6635367b866a4b,1,1
71f0990b226e1dd70a0ac8a1a25a77f725aa896019da32954bd1619b9ba16f00,1,1
7a040f20a17ad7205a82f70436a5b574a60acb4cc0c0417ecb5dcc46f405ccd6,1,1
634853bcd714bd631627803f9c5872b3ab6d3d597b2afa648d8e2dd44a27e2a2,1,1
d24d095cdb28ba8a8829b4f2b3851227c8ca20d8bacb803d6c8cdc47e5d98a3b,1,1
28856b75f9721da6e866e07a4d4fd3efbff25b1ac35b067eb32b6cc2032f72dd,1,1
9db2598bd870b049ccc0d55eb0bb224e63435618cdfb429cc7960ccece6105c7,1,1
53ec9bf2aa7204fc1f900550a0c9d1c3fd5b4c30375cc0eb93531e707f8921ae,1,1
268907dd883d75ac45a4c6c00a8d38ae2344e93cd66212202dc952b8083deadd,1,1
060ba93a2c5b5a45f756104d71ad3125c40d740c749093c3340e338e309bb6e4,1,1
da4d9ac26174862fc1f1aff4b2af54b7fa0344133f51a17bc518a75240336507,1,1
29b13e91056ee8f6cd43251c17f95d9063d617ccf2d952f5b0ac2346166a8344,1,1
42081b4fca297b40c3a7372706277fcfbd8700f0696bf6b5503adff5d8687832,1,1
2472906472f96b9e321b6e9a5a7c15d13498a81e76ca1d6efa4115ca19b4e12a,1,1
e95943c9235d0c11d8aee702fd1fad84d3064b47e9bd4eb805c11249e3b94125,1,1
b025f322e95500f65581f78995ba5399e8d940599d07f022e629e2cc052c7e6f,1,1
ff70219b7661be9f4497cc5d8d8e21b598995808f5cf0022a8575956ff2e4951,1,1
578c751705b4a3cb8f1738f77cdd221527eea4d409eb2573a1c17967e8fab500,1,1
d9cc6809f83ebbc86509a0fc86ba7c218892b92e44642dee29d1bf3c6be4f3b2,1,1
3ada67a5cac378fa8adbb4c793b27ff536bd5b5c3ae937f4512b2d543f12eb41,1,1
77f443a3f67b56cf17d7edc402f6a8eabd8a2365fa404b6b22095dc56f20bf5b,1,1
46b548f02bfae3adc702cc9671735ddb3b77abf86347eff231a979f179cea90a,1,1
4e7932202097b5237eb2d0ac9be6b55607f6ddc43b20b086871e0fc2b6094641,1,1
68d30731138cd6e4dd123ccb861cf981fd13246f8a7855359f5bd7c6386b2558,1,1
7f38886ae68355a1fcddcde07e873e6f794ee92d1afab8a85c4b27e96782ebbb,1,1
1dc15c9cba34f24d09d76b805ff49720b2d634678d0a3865b401ca105ccadba8,1,1
d33f503f8cc0208bb038f768c3d18f960b66ee9bbb629a9ecc1c10a8917fa8f0,1,1
80230ba1a79fa788550a2371465fdaebe813079f449ef15f0eac4dc6c834ebb5,1,1
0688be7ac78e3cf91891b19444fb2c1cb704f9a1835d427a53e1764ef789334d,1,1
94b15f4d63e19adfa22fdf888d0fc9ac4f4412a012bc1779951734a43792309b,1,1
39ed1efa8a338ea43e037e5106ba25a6c40d79841f33cd8b163055cf1bacecf1,1,1
7bf0a8b200e9397904fb2782feb0240a8102990022f5e3a6df01abfc5453cb99,1,1
afe593e254d07cab19e75c5c15d6bb5d5bb59846cb9094e68eb1c8475fe5b870,1,0
d0bf9049e5bcda93e461af7941246a6a51395b7042ca7d8ba646beecfab7407d,1,1
b78cec80d0905288a1831c1f864db610240dc2d114221040c6e753cc68f1da18,1,1
2fffcaac81653a7512ae89bb908a8b56ce081d833247adb24fd8a2f847f7a1ab,1,1
a3f20b11b16cc8a2085c81cba66e0daa0dfbe88e4ba0da8ecf5d033fb767417e,1,1
8fa58cc2fc63e644f67889b9c74dca6e4c8bc7b68fd5838217207b5f30a06807,1,1
979cce955d1163efc33e434507b1912abf0678c48309c092f9ee660c7f1f871b,1,1
adb220d41ea484b16abac93d73c767219b3d6efd9ba4d58b113187134b55e364,1,1
312195869b367f68dc79eb7f53425678c536e60f6ba2794110f682a35b412d2d,1,0
5111e47f7eccc3d10c0a485feeec9f53dc9242ecbdaff51859514069741b3405,1,1
fb9cfe5d261d97655ca42fdb63ec376b8fc65d445547985586a38f652eeea61b,1,1
55c7a7e3d1dd42332f2e6181448a36b889e3ca46df430449501be89a4e0fe529,1,1
9dfcd31ec27f57943f71c81a46efcd7bde28caa501ef4ad7ff6633b0fb71bac6,1,1
c8b4199ad048ce01c30972cc809a921e11fccea8491da2bae8c98bbafdd34cec,1,1
eacebf33b194fdd40ee26eb9a322b2f583943b5b31176daf89c6f73d29fcc453,1,1
65188a9957298694871100ccaaa5a674f8a9c6b7d82bd08bc8bb29052716e879,1,1
c4adc0c892954cb7fb22bb7eedcc3642fc1f2fd416f219fe336ffad5e48f214a,1,1
a2cea3a7b6dc228c057f019d5ae7f4055e60bf14beac434c00621914b6c7a581,1,1
351fdc79b5ea79cc86a37a2d527a076ee7649f74078de13a18f6da6f7914c39f,1,1
78d9980ef265c3f1519f104de57210576fb86253c5aa1b21347e3d13cc7505a0,0,0
e75988aa5dcf75353ddfbcc75019595b4e517ed57009af3ce6e6c856e752cb4f,0,0
44931ffc08f5dea43704c97e30feb687e96500d41791f2d14fcf190a45b8aef0,0,0
8235a1162d70cde473f94dd515c07cbfd72aba5fcd4e27fb75e4c98f0c6af5f8,0,0
864057ca12fb7901c443954362c01283385ba253253d51bc7c49ad4165e0a611,0,0
e24d01c46020ee423f676cd67eee4d5fadde7aeceb49305521698c8349c355ac,0,1
cca79def7cfcbf0cb6f6e01d451d1d23bb05f406471bde63abd126e581e26712,0,0
ce1e3b5d7f18b5c77425147341b1bbd2655eb58a2805904c869524fe0700f525,0,0
4ea99dc1c68cb14c0aa8ae1f1dc7a3f5b1a16e31433b83f7ce5d21e5ebb3597c,0,0
f6dda9146d8199394fde4c95e8f896d93381bec228d069187db27f950bb7a449,0,1
4062b8ccbdf6577c36022813d21365540a5c6578bea6ad789e2782075d698eea,0,0
f34b86a7a19134d1534b320e85e09c79a62333a2c86f7fdfef965fd73519363f,0,0
5102913edd80414953e12992d97d47925c3785f01fa449a713a9978dc7b3515d,0,0
8e1c6f4a5db8c2969c57a3637b1a6000601a704b507d9b01b40d85a3bff69592,0,0
7c5fad75bc28b880c96454edc5f10dd645fa09f12db8bf34029a57b1bb106c59,0,0
95999b0335d2f8841a8e0008d7f744d61da202b1a1861b64d7f59bb09435c510,0,0
788fd4da6bbf0c0e45513c421f54417f0ea2c76da3520089d841c299c0a8640f,0,0
e25896c6a9d7270fb5d01e287a17eaef3ffcde58b705d46bc74f837ba92b8e28,0,0
b6fcb8b8ae7b5c79ffb3a42fd3061e8291d6e31ceb147feb9b3740f071d1353f,0,0
c7de63ade14c391e70dfdc8ca3cb1a4c67438e0c991ac2cddc4a2014c001fab7,0,0
1dc8531a386b40056e2241e5301c7a8547edb628b85fcc77e2023f714662efdc,0,0
748ca0d4ed37758b4d7ef493c6bc16e23a22f2c57afdae89a4c5a55bfde7519c,0,0
2fa11a10a8dd440a3e7df1ca2b51064ed901db7057a83b3d56198e9b3f75db80,0,0
e4c3628a44c8cc2b1b456e81ed3ae58be7ce2475fb9dc58d99a52a11234b623c,0,1
26756706f308858c1593cc5f5461259e947d343367349d4c7888a9dea1b1e5b2,0,0
6d6628a644fbcbbb174bc604c7eb00134f76f3209213580ef0d9bd7ed1ea4bb6,0,0
a31d2fd00e64e278b0e5b290e30d40851b18a77347c93474541566aee3453c65,0,0
178a373959931b8dd9e3c10caddf2631395d138e686cbf61e3b51c3248098069,0,0
2073f1fe35a22b24744d3b7718961618c639a663e314adbe902ee744d31c8335,0,0
e014e0babe3c0960d20ad465d00d052e66730c663dbc31cd25d154790462f6d8,0,0
9a01bfb0337773bcfe9447f13c59d53fcbd7478e1869aa3d051c213d7626df52,0,0
d8e92d3cf822e0ec010a93dfc7ab95dc77415760b552fb753f2a93fcbfb63328,0,0
b4786c6b7eba2de852e3877d223b2d2893567f4c58d7cf7c8d30c4a2b33fb4e2,0,0
dbc012d8ca0c5f235afc7ed83ab25123e2fc0c9e9b5615f7a727ed000e07d251,0,0
18524453af406f84e2a6e1b1b649c3d8103a286e9d8f546f9cc6acbb0dc96d40,0,0
6d4865324336946d75faa1f9cc525997c6d6db1dfaf646548a6a4708ac729f8e,0,0
0d530ee8de9c41f10671c5afbb9a1600a0be62f043765124399d84371fdea7bf,0,0
9bd7d025eb7751eb1cec777b92914c1a90c108cc2d57853ca2f8cabe4d573d29,0,0
42590ed315018cb987ea19ecaee1410a0fedea69dd508839597f2a65d31ab585,0,0
410257b90a8e026e187aec82cbcfdcdfe070d046562ca55e2d5b89909d8be751,0,0
b794c800367c53494ce0d0d93d5d6065a605974b78eaf6f9f792df7fa1c8ed78,0,0
70ce832c819207c4e535230d1ea339e00210609aaf4e611eb7e5a62b151e362d,0,0
700e1b156a78ad1fd6f22464b9d332a5d1a0e1183c7f5cd5533767faf7c51e38,0,1
10914cbbfb17f7cfdbd39c7270ffb8d3704d80971c6756e8feb60a60a26d5bc7,0,0
9291e7c8b38ee8c63c448785ec66be757e209c4a1328009d7d616555cc5ed930,0,0
7baa5bcef148ca3b449ff21dbeae003e9d3c86c8806306a4ff5fa8843010734a,0,0
8dc39f5c8d97453ee9d3be3a8ff54a49ce73e6be56d23632c784a0712e711e9f,0,0
6a619a9bb472bc2160ac3399b6626c99d37e8fd308f6ab3963ea8f9f87fb4aa8,0,0
8641204af4fe96e1ec01f1df9f44493e1021cf677675754ce3b107a3c5478832,0,0
7d1e775a1dc4a7382be0824f11bfa162d6489ef1da2604fd41215057be8b5002,0,0
580ae7998ba740e096784f885d7958c832427360f3176b4574fc851f51003fda,0,0
96afe099bc22f071fad8922a9eca73b9a3ffbf569a4ea871c4b7336e713a16dd,0,0
77f45b8a67e1c9c58b82011ec884b017b470deeb467df9650734fd0041fb4f82,0,0
6dc8a94ff4700aefab9b72cfd5056cedb520f950ae6830b11364b1b6cb89a8df,0,0
f0457624d637561a375cfd8c73c235b3462e8c91f54837a08193bbc05eaf02f2,0,0
e5eb31649cea5baf6b55e289f57ac27bb9992821e75eca982e7436fc1df41831,0,0
09b98e6b854a8d3205e9d974859ca27b1bb5f8ede875ab5062bbc58802896d5d,0,0
fd05817a71fe5a75dc065ea909058eb1d713d753609b757ec61139f01b91c59d,0,1
3a088cd60668f34f6365f684cc260cc7dfe1ab941381f7ebd3cc35c94c4e9420,0,0
92c166e75cb365eb5c2f4965cd2b435a08fab1c2adf5871a37a09cd3ef1c6ae9,0,0
8e0dd8742922c707b3f4b7b23c3770eb7d1e6d3312b232b9802c12bc074d86d7,0,1
1ec6f1da255259eae8c941679d8a4a7a318e7b0bc2bcdfc1fe1ea3b1c788d923,0,0
ea8953093c9301ac4c8eaac9e6fbcc8598e9bbc043c6add95c07d5943878fdde,0,0
a5a95cf2b251ae753f282de21bde34026ac4d3beaed0c3779f1e91649685e594,0,0
165f426510385e480ba688e13557d1b3f128ce9b4e6a4f37b0229e62ea1bd9e9,0,0
24bd51394a361476a8b55205ca03010ea0a1209b8aa82524dffc917caa1a0e3c,0,0
907706a27db2de720a561887c5ba0e02884313b0f219a44b0e2ee088d501f66b,0,0
1cf27ff80a9e43fbf81cef8691bde5ef7f663e8df8adac1ae6a78b86c6003978,0,1
eaf846573b1a6fa27d8e51debc6382eb1e8ec1d66939d789fb2664eac008fb2d,0,1
cba3d9c590c46b2c5e41550a8c777d6e9dd6d2f1fe1e5be84b5ceb04cd9c2646,0,1
817ce261f74c8a40752d6648936a4acc3e005ae22ac77833e9bcc85038b86914,0,0
77d3c31155d62ad3ae8a34c4c78785b205076bea7881ea93c3829cb9c2d9081f,0,1
d6643161f67ef7ace7dbce0f7cddecb62796298f0c6be9e467839563700b0b0b,0,0
5d65106c2d1413f9d23dc704301c090a0ce4e14cd11d6b795f7a52d180038c1f,0,1
1429d04e8ec34c95352a1c57fae352c9c0c24b0bbc7770f41a366b5e8365efa7,0,0
a3c5c3667202b0b51b0cc1ca6c63bdee27d58d9edd7c5a3998be720006b3fb77,0,0
580c74813dfe03bf7a4219427576a8926170f668da4841f735b6a933356f134b,0,1
776cd91cbc6188db2031af73542dcc10044bb94dc953245c5e990d11ceea6bf4,0,0
36b73a7cb442cb1d8b72ad520bc7b44c49b7d073000fd3bc165ed4007585e19a,0,0
a3e36daf41bc85312344538f296f51d4f3b53e58464ec1dab9ef2a4411db39d1,0,0
394e593d8cea290d695840a97c6f993c5445919ee75c0d3778105d4bea44dc93,0,0
ddd841bba8789f095081fe7abd142d721e9bff9ed725f4c953e624cb29b686e8,0,0
21063cd90bb4a5e31e3b167cde53e37623058b3d44d2fb21514911d872ee145a,0,0
82867cb77732d3d7b4ebcb5d20dd2c75cd61028a23bc57a2d409e376451b5ee0,0,0
ab937fe8a5431a6f2e3c787d147f0c3a0dc34878357f09f1ae3caf8f4a4f5afd,0,0
aaf9a5c3cb19d298a4cc913e78d7aaad591aebec5b152725decdecd6ea8282c2,0,0
7c614c9165bf2e7e7fef39cf474193500b745fde3bb3614e33de79eedc7b6c8d,0,0
a5923877df77345cb79105a963114f1a66ff05f97099f83fa092cc344af36155,0,0
e8bf0dc307f4b8e19048a77738f7ccd567bbf5e1025c8c307e2c87268a4a6a37,0,0
1e9c3d986a5cf30ecd3e937e016f59c9ac849f8e56e460aaeb50372d416411b8,0,0
6056769965447595de7e7e439bcfc9c6830de3c9b1b83688eee90ceaa62b8899,0,0
9216b9d021a70b5a9e761b2bb9aa4ac7e73b1fcbca2d1d4ac033084a19d659e0,0,0
d9c679e2cc622708217529da756fd746719b0823dbea34fbc73d46cd9ff86d92,0,0
193c79901ede84758fff19021474ae992533d2721aa134ad6ab70a2d015d215c,0,0
4dd6b488e30be91789812bc7444c82630a4487def5b718d6376c99caec2a2c17,0,1
ba637b7fe5589da4ce02872aaa2345a3aa7e0ba7be85ab2269349a2527ac0e98,0,0
8b033ff6f499c93d77c2bc776a6208b6ad950d225169246ac584c63ca22b554c,0,0
d9bd5f10851dc20718cb099d0499d6474f506ee47a0eccabba5df2ceb8cff9ff,0,0
dea2af9969b754220d6379f0fb28b260192fea91d9a3f81c4e25250e402e8d0b,0,1
5159a63a8c9b981ceaf52f3c594ea3cc5a5f80813c9e3b0fb5388d2b2bb54d2f,0,0
883648c2402bc74ce9b2a148cd3294f020c1be6248c981460e782dc87cbf7f05,0,1
947a1b3225f1214e9cac63913e38418dbc9021cb08d734f443df2f1d0c70b0ba,0,1
4e4b0e4eda1782ecab68264188ad65e9f436383603a489cbda111715842be0f6,0,0
0951f83b256249d9ce0efe6afe5bd68fe961fc21c5a7b46c50fed2b48b0f8603,0,0
af0f19ee02ca53ea19847acd72e680ed396b044979ec9ef6554e059788f3de60,0,0
47355821f15c73c297d2677e8cdf30298f51cd2f4c7f75191b9a623feebc44f6,0,0
a10a7bcdc69b3ad4a67cabfe674448e6d7f98c28dd0b478f4fb6c2e6cf5ed478,0,1
717c4f7f5e42a4d3c31c3e706977789f856fd7e35b4f79e302e10288e45e3cb6,0,1
0815f628b1049b6717780a4a16a607459d3ee8ac496a10ba26ea5f810fbf8142,0,1
1dd064b5a4a1f1d58caa8f000178a49abfad21f9f6cac208dbe55678ac3a765d,0,1
0dd80ecc5e4190d3daa226e7ca5cdbed2db455131306c272e05280153ca6eab1,0,1
725c919b62c805abb814c5f429fd39b9f125c7a7e4e775c83ae511d668aa9291,0,0
a48ea089ada25e2c36a0e2f181f957785f50763aeeab24544fd4a87e6c980084,0,0
67d23801888ecbff52ef0949dfc83118b2e21d1b15d051ec5e9d55d9842769fc,0,0
c2634aebf243ad656b4c4860742de8301b629260d91dfb5909a006fabda91cd2,0,0
44610bf5b2696efa754b4b410015c545041ea8e519c6733565d2d9d1b9a094c8,0,0
337b40512263e45f56b1f67b0d7f6aebb8e4a1f4efa98016255206d76e757195,0,1
19baf918b9bddaa367e25673854cbdde320a25dd03706e3fa2324b8dc4feaec3,0,0
869f85d4d3724636c1a909ad142b4a693e81c98dbf50951ef18bfd35ce807b0c,0,0
4b5f8884fad16e7e3dbb17628c82b3fea20b484d84d682b6886fbebe99f293a7,0,0
4d0a61d79ae6e3c503cef6ee33c8cf7e6f46edecf52f23f1506d7602452a7061,0,1
674e6fbb50b3a33b5f7dc4126619e298ff1fb00824413527ff5b658d60613042,0,0
da683a3e3ffe5695ecd0e81e715d165cda6902add0f8b2da92cdf57fe256d5be,0,0
ead7f34809bccc69b3b3181065c242e288761d02dee1653e154d0b8f6c04f47a,0,0
32030ae5913bc52c66cb59c7eb1a90d5792a347e6888bc3ccd7a6ab6e05dc015,0,1
1f52e2d45da01c6cb191e57519204fe4932377393bb648e55da8d89cbb9c7e11,0,1
c7a8867db585f7981943426b50643c72249b47e14af57e0ac18eb617f29fba74,0,0
d86e463fbc43a05609f7698fb20f585807c74f516c125b93b5fed4cfedcd1ef7,0,0
923e8d6429669e561265c781aaff03962e32d8b1998430b6cc48a29ac39aed22,0,0
dbbca10466a3ab6b0401e772ec58b10785d8fe7ea161f9f4f5e266d882dd163a,0,0
294ba72632b1f43fe3fcd6dd8fb3241fd2d8d0d1b50df9e22ebea1838c4bbb45,0,0
226e6bb04227d3808ddc2553d38325a342045b9447004c1dbf921a874be4d27d,0,1
061c974501dc1e35214278fa6f50faa397d0ab208a22b4d66f6b28ac2613afba,0,0
c0c5decb2631c7b70f662c2aad0c1a83276346d82fab81d21c5b39fb4b03cb5a,0,1
ebd582f630892ef5a10a1a4b507b3a2c9a847ef41314eb6acfc0c6b5673c9799,0,1
23c69981a7deab067778a737ae8ac6b5def1ebf87e3797a77560a10740edb324,0,1
d545c6590879ce16ebabb24971697dde9aed3251b8022787203c6b7f80a6f3fc,0,0
27c85f120f58f4ddcdd81360bb6f1e117b3ed0fcdc2796f402a96aec673ffff6,0,0
e894481c7ddd4a3ddc65815702ea108f6622f64c59f1d44095ce03ea6caec905,0,0
fd8bd4cb995bba2dd6636340959cf0c6ddf5cd36ec53f3b91612b5852234cc05,0,1
f1be8c0d50a7b2d3b7f33a2fbc047c8d2be682422ef271b870a345be3c3dee00,0,1
a6ab7d10d65ca913ff772eb541371b128c721bedeaf42e6bc116de5f3d164c39,0,0
2f467384d7d1df302e57b986a9b3c91c452f35451723b9a67eb75b3d3222433b,0,0
e0bdf9b5aa71bfcc4824389b4d2c63fd84bcde2fe72c0e137c9ed4a21dffa1b8,0,0
ba8a7991c06eb645c0b395e37a2762f3d3eebe94afdaeb9c941f554de0a1e0f2,0,1
d0885fea1c42780969217f76ebc2c119ef0a2906890e25a6af4642f01689c384,0,0
ea23a6b930ef01059304cd6cbf03a045e2871067b41014e5d131cb489d41f059,0,0
bcfacb9cc5b9fed64773b9128aa26e42d3509b66ce09295a457622315926d2ef,0,0
bde2ee8ec8a69ceed46f2e2ca326fab5003193699fcdfb3aeefcce057913bab2,0,0
b04757e23d5c18ec20abd4d0ba6c1144fbfdb55a7aa6bda2998d3592e8397971,0,1
48be96c68ab40e94dfca6cd2fcfbc7d2ed1624bad1046a7e2bcb9dca657dbdb6,0,0
a47dfd614b3d1bc4accb4fe916af946dffdbec881180167bd873988ea68e39b6,0,0
26cf51d8ab50e96e43ebefbeee781b6467d93d00d08896c60f10f80cbff8b0b2,0,0
e044d04ab2a15a6a9e26560d0f8f1d87f9bf1f6dc21d76ee5111d1d70d1b4296,0,0
2fc0301d0af811ec46aac5fe6024b1a4016ffa27b6f83ab3165f154142226308,0,0
39a43d264f367587287e9f27fa1f1d1b366463563c344cebf10e23707f9b4d2c,0,0
cbf618bf894c4aa0b9711abc52e97b7a4b6d75099ad16d8758b0894d44dee822,0,0
51ad5dce2e0c7fd362a026adb75259ec51fc12f8af6c0d44b4c2b86a152a0886,0,1
706500f5c0f11dbe92aeb71da1614ea09c504b9b05459923b083ae45bd1d1b6f,0,0
cef4151c0f82765306b3d9083375f1fb5f903762f5f5c7e96bbb4eafb9e521d5,0,0
1901021401a0b73ac0157183df0656316e536469c341926b0a5a97e552560e9f,0,0
8d00f92e8332f67e66bde91aaaa26ac7bde642b1f043be9850c1d522df10b361,0,0
dfce9637720420430ed7503a7a79d1cce67e11f2f3800eaa0250ab7d1432bcaf,0,0
37c6a9981b54c0a08a92696db155efe64462e014d15c5431b1d36e1f5be95c77,0,0
fdeb411ca9174b7a8351201a3147be1c70f52667acd0295b5222edf8507d3022,0,0
33cf78b401acf50fd67a4d0694113fa6374856867699b1aa6e9813019a38f252,0,0
0f14aa34e7ba2089878e77eb5dd2eb7c4129a36d7cb3f13fc4a7f65c638436c9,0,0
c1039385c8e7e99a8bca308fd2c83ef82498b2b81ae9cf18ccfaab8787288388,0,1
0420af794180756b9363b0d478cb64858c7ad8dd8c778d0c6d33a7bad1de9e0e,0,1
5120bb3bf531554844277b587c36eb77e9c3252e8c368e6fc04d6e2ffbba7f25,0,1
df53b3b19861190132f6b32d5bee88247f3573086b65609f8d9b2dc47aed7086,0,0
75d68a5d0942010c67f185417cb3f0bed93cd5a1bf1115af1060e816dcd3ab58,0,1
24efe4e8dfd78a09833fc799e6387822e2f2f0897aebcc9d87be11c257d35a87,0,1
8b01b4215e21bc04edab24166aa3ef12b5735834829ae35084bf82d2c636f8cf,0,0
2890a6b8983afe4660ca0d1149ae457d7b245d3761acac93085194d6913bc95c,0,0
773a9be3b9bdfd538ac4580ab96554f2b6896b43a4a88ebc36cec2cdc1b6144f,0,0
003402e940d38960054a43984652054aa14ecc4854f1c9411416fe602ee62db2,0,0
1eabfef6338437b56067e95a2cce0487226a5dc7bb65c94b4ed3c2e52add2acb,0,1
55bdba4af42b2bb67f61f7e9f1bbf44d1204e418dd47454a9d89faeb7ac47b9f,0,0
ad79464834c80c0cbfde301f0cf29cddce3df9df004f49d7c3f045a911624626,0,0
617fa176f134dc1cadc33a404e4b349b2c8a78aab96215ebf60ab5e4842aead7,0,0
56ef9b7788fd538beabe6abc87e045dc9410eb9ee22dd542573843b0d97c491c,0,0
acce027ba95b77f54cd47e1b714a2188ab36804a3ad815feebbe822058d305cc,0,1
3057aabc2f06d551fc476ab1ee1e228405b13ee3608f0b05c34904a602f4b80b,0,0
ab11281664c975099e7d8de4a878556be094fa87583003e3fbbf70a67acef59b,0,0
697e7e44022e7936560892262b714cb264a586ec3487e21e3d6ca41b21e995c0,0,1
aae920017bb53345b57de4c5abef1d7dce97b11653c61afab7d9a73f009ae0a6,0,1
ceff05c87aff54ec72329ceea2eaeab8bca902bf1ea6e2e7cddbd0f6023c0f75,0,0
4e8a01f60c4769e2ebff57477f3e1f011b4a2891b1fbb34ef1c2819b61225033,0,0
12646d16376be2d318ea972aeab151e5e652ab84099295bd741bb088525c91f0,0,0
60707e9d46b5a968b97ad699181bba3152afe49a4ecaa1c6de2f78486fab3692,0,0
fbdc4ced583a68c59b7e6ca41ac9b5e1ffb2b3c97cf97aacfe10cbd71252db77,0,0
79f63384f64bcebe3bbccf1e7b3eebd6df33c5c9d219f42442d9409849d5328f,0,0
503a220af9ca7e94829f4f33c1f57d0eabf51c1935fe9529215e8c317d0515d3,0,1
d9f5645090a24112e31a37dae458336bbbc0f2fb7e4087b710f82e6dd40aab71,0,1
10f977c01fe96c907e8f6fe8411f5056304c1e01d02ccd14586c058e108a57c4,0,0
513c0706e0f63c1218d599d593fae03fd0f7c813adf29d4a3a186d66a49c79f4,0,1
432bdfe0a46fb818651484d0e798ca4da4952502296976b64bf5c3144582f36c,0,0
2c716e04aa5c3ccd066a038ac5375e2b93542eb4501098c2739d68bf2ca9bf4c,0,0
a8bcfd11ca9cadb99584989a6276643874978784bbba9dff6b786cc67e4d1e90,0,0
05474473b8a44a585c3862d64a5ae97bfd875ac902369ded7abbcdd5498e6517,0,1
eccbcf0069782ae8a07e466d77cbafdf1989a7efb016f8ed364d97491b13d575,0,1
dab9ab98e1a6566b50816e9677790584e20247abedf4a45e2faf544091a86fb0,0,0
f672a60e901494da62b7e8e2b19e82652b1c0f3266dc14e2b06078f5ba1da749,0,0
679e983d824bc705a0b11fbf4b2b4fae82eb19f5f130db53f3f07be4d5bfdb3d,0,0
adf435d3ce098cb750a6b906e4eef72c8e51fe9a78789b8c05deb3dee5f967c1,0,0
711692c88227e5fb7c34905cd6886d33e4f39ccf25d15f591f273736d31d5a97,0,0
e4d20c9e2fcc6d6a7b41a839151a146b155fb47e3fdbb3c300e86a2d125915d2,0,0
877ac39a6a83bc4fae2aff13cb669259d1645839dcf824d6b3d10b46c914b3b5,0,0
d18c9cf43ba5ed2afb046032e52d2601d710e36c9707d381bcf22e6a9ebb3f68,0,1
6404d4abb1fdc7739443d69e3759b37503428d8531d27717a1d4272d4318db90,0,0
93189f4ca31b5933a8dd2297f129fe7ede9a0ac1824df880f8016fa60c311c07,0,0
ee952906b0392625ffd4b84f60b6bdb5fc76693810ad4bab339679ebc6dd7713,0,0
608a8c6525152a7add40c2ece257d546e55f769557f650af79a269e52864d1f4,0,1
811dca718095a3290cbcff51cb924641594bad30ecf67fa31fa4c71048112417,0,0
98275cfb3c9a0ca70e249ac28daea9eecc08ab32789dfa5ca007a71601a288a4,0,0
c0af9f4dd7d2a0b7057bc487fa66b6c58d862e422c117e452f1347fc9dac0509,0,0
8b1fd02abc2eab4080aeaa92e372e827f38700548947988937ca519ae5fe159c,0,1
4569b968e09304f0091dff368ac1a53164eea5633c813e6d55d0063d34111383,0,0
6d81b944c20d4f8a201003e37f4e77852b4e420493fab3f0db4c5705960b464f,0,0
0a6db5e9aaed8b568b4ed34661c4c25564d999ca98b3790a88862606b204001c,0,1
97bb5533e6c9510db72aa516be438458234a178c32775a616716dcc46af22d55,0,1
a6d1505920d4f430e261a3e42e5f2f386167e8990ec90776081eaaf96d0d03a7,0,0
7ea6d5ab045989980ced9f20ddf81d3c613d09dcba81aa4047d22748b6e51eb3,0,1
adfbf88460370a7de914fa878dd0d70badb198faeac6307807105290344e1a39,0,1
e8a7021d6efcb648d62a7fbe12cc59cd6375214af978dadd39a7a4d92595789a,0,1
9c2ae00bd5ecfee8c51a8edad75d3ec12397b5e3d976a034d9f4a436539b48f8,0,0
66e5a136e3d6ddb0c9aefd2a60c68ccefd8761b48eb73ffdafacc6cc89f58df2,0,0
1e26db918394f1ab665be2d5af4437bafadd9789b3e5cb0fc48922058c6f01d3,0,1
667a93cb3cd97f2215e8e6e73b140ebcb0e61ce37860bcb7049a2bfb55b38155,0,0
5ff53cb4a03bebb48753fbec59b5c6e5646774bc65ade06d24ba3078170c6468,0,0
d1bcb2fc08206a54c6ca1a003b1185fcf00937f94a8859112f0c9f52022ec76b,0,1
0238dc58843856d20e247786e37dac7bc2b400db72f9d1d775b2085dab3e11ef,0,0
a95ec9ebd66467304a53cb7210fd150e86cdbe52ca5b98bf7a078dc1c40db19c,0,0
081146de535afab10915d631be0736e217c347fd673b0a421e8ebfef4e5b7c27,0,0
bab2e1223c6218081988e551a81e7680860db6f564b8691811b1456ad458a8e9,0,0
75271c59c77bb26ca85188ec89cfc3df21c09996835311e2796cbfb47efc227c,0,0
7ca6445c9953ff30a3e1e87a240c83337c3d553d6e5754071d1fb5517cf917aa,0,0
73ab5ac7c3647ba3e90cf57d2866e40362be2247849f9139609844b8f25c38f9,0,1
d54d847aefd13108d0640d69e253e2730a80e00fc9c5fa2012aef3c80c0c2395,0,1
b92868ce800540bf6eb09ab0f92f0022e77742d53d3503f459069ff9f8225bff,0,0
3c836005608054ea6cf71cc338a1639d1ead1f8f832b428968e332568f39d355,0,0
48e712a228474fc24ec7d8b7c37b91c61756d76598e89c7c38866bab6f644abb,0,0
50b3e37f1c7d47ee161d7060fdafabd06594eb7513a2e062db44277863a984cd,0,0
ce469c7c4842209655ea3476782a69f11ade0ef9dc3e409fbc66c44c27d857cd,0,0
71164821fe6bc3607c8bb212ef4959e4cf17636556640bf5399be8a596876da5,0,0
9c3abec74aeecd3ebf1f1269e08fbded6151253e44b75af2f9397f3e0590b479,0,0
a113674dacbf82ed91966e2aa5408080f48e7534316d543bf0f7ce07937806d9,0,1
af44604e6ee110e1e7247308c1a2d32609bd0f13b9e3e1ee46874602ab2f4036,0,1
b997767c6b5aac3611136f0d5e66c391b86cb6b54cabe273e7d49f011848b878,0,1
a47148c1ed97534a76bbecdc0c930047dd73d859e017546f608baac5f06834a1,0,1
af18268010d6f6a9bb9540602c4c27f2f68d0d3e7a5a520f7849b6d025b98275,0,1
4e7126fee5b50c4bc975cfe9da187c29962c0c6f7cc6f6a9dd325f29f4b6b6d7,0,0
7c790966f0aa312432594367a9ed8eadba76fc85cd8ec4cfa3f09e184e9d5137,0,1
64aa786c5101e62b1dbaeb9fe8b179172e808f372ddbe08165c1b17c8702f6de,0,1
3e089374d373c6622fc5f4237960ebdb5a9be99696d4276599aed8fb906d645c,0,0
4f1f05c41f55314afec0dd285cf7e7c8d75a27fd8470f8cf3ec58710bf6ad0f5,0,0
b2f9566a25c4a8263148a3aca4adf8409d40e388b84fc3c69daed1536d71da87,0,0
4602d1d8634b2b9650feed92c8fe93dd8a4b7236aac578e666d98f3f2b07bc87,0,0
ea7d8e40da16058a779a58ab4e128b36d306ca163d2211dfd0d63e398a546ffa,0,0
63e978877fc6a36734ec3e820abc4a0ec4e6605962dec7abb8c125cea1145353,0,0
d38c6b1a437d64dfe4b3c2b97e92df14218d48d0746bb3aba171a9fafb71885e,0,0
beadd3bf80edd45bebe9725986dfeb5b5c30d6f2fff388141eb5b51704400e2b,0,1
c2b967c13b3edf8e3420e9d87635eeacbf1be9a8412d2ec140a6d0edf593ecc2,0,0
4a2d41cbb8bc085ae76dfc3b92e1f3c32330f0ace57b9e085a14b2208cacf416,0,0
4893b5ee35250e223e720801569f7dd3a4e6596b241371b1edf48696acb988ba,0,0
5d89784bbb48dd879b51ea66b9ca241482080b553df7c434850de3c1a1cb6ebe,0,0
31f7d09d7a2bcc19f1d26f69e5ee4b7d5522081c527a2fcffd8085f354dba878,0,0
058cd99eee73d5be6cf1a0112d4d78107ab2be6f56ddec7bc3c247fa8557bf8b,0,1
6aab836779e424bba6b5bdfc05260a3f38f8e87521669780734c6644dc80470f,0,0
49453b5ac4a6f52445e28e09feba4c78c7ade875da7261c063ce2f9cd5423427,0,1
af4b1e6f0d3c716dd5f592aaae5535d5768b4110d458241afd8e61d9bbe32ac9,0,0
5712fe56f71efaa4e4dcfcf3ab937a76066e786f6d048585f3ce0557d2bebac7,0,0
2608019305ff7ee3b1f60335ed1468c9b902ea230fca22d642445372953485b8,0,0
304406b43a4d96a39ff6f199fa568048d50bf0a70f470ca3edfc2f97254046d1,0,1
0c28b529e20ae21060581a02ba568f205beb3945fa67032bc024958132915d94,0,0
747d020d50a88c4bc25ad6d7590b1b5b6e9447375d796ce6533b6da0ff5eff12,0,1
72a46212382bb3c70190937209179cdc571ecffa88cd16f0e5b90a7f0408426c,0,0
ab8c53442158ab54e287f0d3a1cd8ae0b404887540cf4bc0f21325c20be1a283,0,0
86759c43724e45235231f96c710c6a23e53619bfdb185b2c72483b5735a2e0c9,0,0
348daea52c079e1c14c4d0199466f0ec60ea32a07a06a2b82646d907af4cd1ad,0,0
332bf1a6ce76b674b6094cd9d5d82c61f740057212d4be821f3581d15fd9995c,0,1
0060c830d010f0693cade3e780422bfe2df7577743d30c121517183cdc645864,0,0
61cf04747ac3b0f01fbf822d7cd6f312e73659abd2812c689435854180be381f,0,0
3ccbf914e9e8405c07947dea23ebf4f198044ac4a12335c14d7bab8735e81d80,0,0
e75d7971e35826a4d5c84e1e3a33c40a75208cff49918c3066452719fc253f9b,0,1
d718789b822e7d1538e015a779cfaa54eba4d48495b55251da7329074e98eb0e,0,1
d805ef140236a3dc48cdeb64379f1269559d8513708b1830744eb4812f520424,0,0
3c122640da1c870365e2adb4c2a3ef01462e8764f4bda66d942230f7ababa737,0,0
77f17e7db1f808c02cdc6f9714a9bec19e5b87f05328c36b01d88dfc179efd7d,0,0
bb8a70a84baea66abb39904ea6ff9faaacad7186174f69f9e181c30dc44bbc81,0,0
a8dd520c626aed7c560cf058515e940a78c8b05766646838b7a0293af42a1413,0,0
a0342756054e73d67ad70137fb0b92a4fee06b9aae955f5d6f962bc746d6c0d8,0,1
30a3a514ef12856fca56b2689d10734314221fdc333649c0baa4c785e16812cd,0,0
6cc7e8b809bef69882ffd457e6bb3333b8dc25745a8917659ccd00d1eb7ca480,0,1
3612efbcefb08be232edd23fdd9a271369371dcf852abc0e9399227edb89342c,0,1
2c59c90ba1461c8bbaa100bcd60dbc09e124097e86771e41b45fdbab7b276d55,0,0
db78478a506770a46fae06c27e1adb3eb5ac1d04d5bb0bcabf9de3f9f4094f5f,1,1
10360db65935c6da48e884d1c9608a1e005189e21326f0a076d1dfc0ee1fcc89,1,1
9143b4ab36643b50541140e855a695d9ac23642b4c2c68e45e48fb5aca0300b4,1,1
b5300c69106da95b68744c4abde8567594e4b2a0dd1e3810136e1132d148db04,1,1
8a0fed0db3d14f4f88dd146577b59ea75f861f6920ba1e844bf72f7c91a207b7,1,1
e411b3479cec76f1da00803e1362e0c399eb8d17384a2e42cd99bc4c92c5b669,1,1
160a2c9903a2c8e787a87720d451f8c8d241a4f323cd24928fd0234600fb584c,1,1
26a1d1fed366fb81066aaf09918dbd8ccaf89f55e432f1d17f4c912840585a1d,1,1
908c2aa4ac0a93705aa150256a4a3bae2927565e3d6c7ed7c48c713d4a66e711,1,1
84916e56894871e07a25bf5fcbf1784be9abebfc5496944d222f333ebba046ed,1,1
e6858a88b0dbf21428a9653410b06993bb72e5a8ff1bf1f614451552c6d76c6b,1,1
3dafd0353450d0c465a2565df0e65b69daf9827ad1935d72b4a828e847d28ef4,1,1
46752d9f6b773bf0b39fb3f078c6dfe21fd890718e5293a9e2bf0ce65248b314,1,1
f57b4a778eccff0ae2dc6c73418fb4b92c2d8e274cea4715d3796be10edd0a74,1,1
627d5f3942f8a782200942a6ad671f802da3f3934c81286ac7e136f9a95f9b8d,1,1
1472e600a225e29211753950c23504dc691ed40d111cd462a85f575473dc0687,1,1
aab53459998d598c02a2c265062c8280c249a8b955ed92f0d342201d4b4eca9b,1,1
40e48aad1bc32854cec21e7745d3584bb4d80fc9bfc4c08fda06586a071f7642,1,1
a109908a7f35d4c730d94c433a2d118b1926af0bde32f277a304451418fd3b40,1,1
ae00935e824751f8040e07901e0675fa1b9fd17a92f43696481ea929bedfafdf,1,1
ed36f7378246cc41e705c73c41dc56c6653cd1d346b98ab10145f93e741aff2c,1,1
e350eef9df66baa52f79bb45461d9d28ff3786ad5b0ad1b48818183c33d160e6,1,1
63bed04fa9df119c8195a956b0165f9382ab526d4ebeda700c31a7137ef7b841,1,1
72c2b93b339abe419623a1e51360f72bd1ca04da91cf71b152f88546c7f98e76,1,1
1361530a0ce060ae7745ba0ab6e30af373aaccf0a0366dc6662b02ad0c5341ce,1,1
532a201ac5f127aa70ddd89a035063bbaa2f1617887c7c8daefd34cb3a206acf,1,0
a77b74ed07b673a09d0c0aed1814e307cc67dbf9c021fcdd9694de28af5df861,1,1
840e8f285e1f94b41c168bada5b2e4000b49daa2216e6ff59b560949678b0836,1,1
35c5c5c09cd56c8a8e0f361032327d59b72d62e762c9e64de1370be557248e8d,1,1
f023a4368a0b7ded6dd15a4564453ee7fb317819c32043fc340e11e8efd434d3,1,1
461a6538aa35a4854eec1e1b01fbfd0ed4ddf71f93d6784d1b8367320c06153e,1,1
bc4783a64944f899a85d796236ce3c9dcceaf1564627d8eae799579c78e83ff2,1,1
7f8163ef5ac9ffcc41ade53b8d9f3cf674f53457bd961ea73e084f7890214d96,1,1
4dc4cc166778d560a64e8b7909ac61fd747c74f962b57ccd8a17616fccbfffbb,1,1
60911103c7ae03d084a4daa1b160e82744497752b67e01a8c1d52647c1a96fea,1,1
f88ec92cff6c39eb05869f520af7e726df827d0585635ae021cd75fc88cf4303,1,1
7892bbade119abbf30fd90a5fa0284bf549adcd088c0d06e128de5f3b7ba5ced,1,1
2210ea8ef7738a3608132f4d0d29e426405e5547c4b3374cdf9a8aa4ff28884d,1,1
41289167748fe43c7a63dc296c73ddbe7bc21d0b4ef51d8f3716d8db41ad2395,1,1
4d6477ce40ee57aacb404faccca4c3e5b53b927932639f0b36ef72a9d5ad8fc4,1,1
db65f54f871b6df05a122a9f36916acc24cf6777ea1ace40ae19fb07d42ab0cd,1,1
fc74860e79fee85914d65f4411682a69b54e32be8e8998976b636f29feb9e754,1,1
98f4b84c9b1b0a51a4563cd9228e17d0c6842e72fe5368b1f6f286aafc664687,1,1
3a2ddaa7093079d982ecb0a5a3186eefff8350bf48fd88fc30e64cc9551d9e52,1,1
2933d2e380748ad5f9a78d31eb39f4d8ea1680eadae930a01404ee190ecf2b02,1,1
f15f7ea6166c6339c086187ddf2c511c163ecdb62e02a80cd7d200deaa0adce1,1,1
33d78f8d24760d741985bf9c1c80496a908849ba170802b7d9249d40fc13d2bc,1,1
7677be0be2fc5c04c5d7e0d18846d4389917a5770a1a2b3de2fa5ba7f1379068,1,1
622f10bc7eeab29490151dfb606628b7fe0c1a77d70cbbd2cfbdb25af7d35ec2,1,1
141541af011ff09416745781dc9c37a171b3bccd2140200f6ed89f8fe5bfe2e0,1,1
1709bd36c1822855aedebbb4396f437b00499826c100c832d3cb268f46c846f4,1,1
2fd701676cc195753a39af3e4cf459172105af0aedb7499a4b698f43674aabe3,1,1
8f470ea1d64d02807ccfb72027a91205edbab255e8b2f602a9fbe8e5255d2d2a,1,1
3cf385066440cb9b68cef993e99a27349e7bd48b8ac22cef85b6a3329cff2656,1,1
8adab2ada4d9c836b44a35fa20e4f6eac39fac8ba1052c8e7b973d3ad5b44ce7,1,1
abcdd546f0b136ca943f64ddcf2b28f0bdc25734a51c18328bec5ca4f752f2c6,1,1
556d0f437f69d5a4752537cbaedc9e17bbbaa95709daf9faac70cee611830dec,1,1
394695d1c613b17cd34bfba756c607b1efd5e3c54d2f5621b9a10b65d44ba27f,1,1
b9bee9d021dfa37062dd605cbfeb9cb2f46c3ff36569312fb8879a1b8209c4ba,1,1
8aeb92ba0d3f7585ed56c443497a4dcea0dbc68ed4f55c37b26da21f03edc572,1,1
7d0e39fa2184a4f4c85101d9dbaa6e2d4d9f5a975fac60e78343e6c27c8a0043,1,1
f35c79b256ae0cc772187e014c98c9f6016e7d288746f17974a40be86c971eb4,1,1
30b1cb41936c1bff4ed5ae0cea9a4e85f1146aed5c87919ed34f0b9700190b29,1,1
0786475c5fa9a602fe932789eb7558cc486b0c873f0a3873e53c37d4a216feb6,1,1
53efcf94cc1d415692197c3468e81f80cf09d810812b327edb053e9a8b11ee3f,1,1
bbff5c25b2010d7208f00c9904270b6c64e23684780e519b4d016f0f4cca0360,1,1
f83bb9a2b214371ad5fbb8ace2a7ca322399d77557652fd16877271715a69e21,1,1
8aea33d5cac20ab6176d803ab3e432e143564524eaeab6a705303042ab82336a,1,1
0f99c5991b4f8f00840ff7588b6344b7a49476b426371bfdc7c86a405403947b,1,1
323bab898d9eac19872e96616c01ee9612df27fae1c0706fd5e0d5fd62a86c53,1,1
c67d54c87902c91c01b5ce72654a1b12b533b974c8fc05cdefc4d43fb6f11f9f,1,1
43a8cc1dc0c816d61d75b89b4f609fea2e586263252de391d32c79b778b66832,1,1
57012e8a6ba6716d5be33272ecd48fd54394b4a906e29f2a61f10e19d392b4cc,1,1
91792f3dfddffa66c9f3c7174605a668256bf2107f589dfaa925e25c5632752f,1,1
e70f8466eb817cf1dbaac6f1090df1740a558f5a96f5a6829b8db44ea9411dfd,1,1
a5f702d86eb6e32bf2e98331f8f49d871b24cf13f59c9281b6a949bfc166a356,1,1
af9b45de50b006f59123a56d9c15de85b992655e91491f0f2fff963c29a019db,1,1
38b5a63e7ec70cd6085d35383bcdb868cc117863b9ec46017339c8912d15a716,1,1
9070d7fc39898f0652ae4f3c3fac7c0cfdc6aa9b4f1124ec3acdb955dd84c546,1,1
b32c2c26951966ef0ac715d54a192dea1d9f72d009a48127a49a3adb1f614d75,1,1
c51e4c77f945b192087b846cfa2eb7ccb353d9c89749e1a10f9b3fcfd5b36153,1,1
87cfb98af1dcd5d738ef727572503f0d472166886a2c5baf46fd441fcc597eab,1,1
2869e533e772e5ce472fe400b57b3eb302b7a2fb44e21057664d9a8308baa6ec,1,1
2af394f3d65494149b20ac0774682ba1b65fd3233e3d25d8e8400e2889d8fbb4,1,1
c7bf21c0de744c71c5215520a35c6d68f948731d0a8a968788df2fbad3188d23,1,1
6045f0351a27fc3082d7959af9d943b86e3b065e456655f0dea53c60d24702b6,1,1
94be70ddf5d639c2365cebc96c94836cbd61c53d8136d1861a69a71f6487db36,1,1
cbec99c1f33247e8f473d8ac89cdef04cd16fc0d03cbeeecb10872c87cb041cd,1,1
b07394e4b6535537475e50427c2bb24ad1d20e3a6729ed5f3ae3c7d9e906fbc7,1,1
66d6dd2bfad078c6a470022d10327900bcc54a86cfcae94cc454ed5567790ab0,1,1
52816571af7252c19bdec636cca1cb7b9726e205a40ec28e84f333e7d1fe6af7,1,1
32703c13b3820bab676b15d6ec46a2837de1cce6ad0aad6c16c893fd09c91e4e,1,1
8b379be201fd75effa05939b4c3f89e2303604755a72628dbeca08310c5a204a,1,1
8330d83d070837c6675ecd72985da61a464e04e89bab2a4a6f15296b77169f4e,1,0
f1328fad81e07bc968ec30bbb02df2b175ff5b31567f58e07ca3a05af08a2e3d,1,1
b1e72a8b515c475005ebd5bb90e5f19b0206f19e5206a8c90c242412260b89af,1,1
c6625f8894f2ff63476723e60dee307001fb516bf9fcbeefef28ee9b6b65710b,1,1
c941b0c8a0aa36cca6a578680c72566c775efea64e188a55430480f294939ce2,1,1
124270a755c3eb18a0cf30b2a8feadde0bb37379dfd2e53bc0b373acbf51f9a8,1,1
25c9501573da6234aacd9646a694e2ebc4eb270e92fbdd4deddf4493a533e300,1,1
b2744c4c9dea19b2f1c2143f95111359dc3b5720e694d6b36e7968b36e58b601,1,1
a922e6040e8d959682f99ff6b4a5104aa89910d35f7c141a616730ae982f88ee,1,1
0618773058c98a037ef6c112aa9d89385be21576508cdca7eccd0f149acb4262,1,1
a52bf51421c276c5e764afd8fcd540b8c076c4e7a2a37cc65b4a183fed5fb2dc,1,1
f242ce6ed8fe415751a4f167654205c3e17fb993212283e86095625bf0bb70b2,1,1
37c346c6e8ed58dbc3f9bd94b8cff44b6c3eae5217b7f28486fe409b0cd5f37a,1,1
2393afa14f580206a8b78e1695438887374432b1ca7b751997d9044c89918682,1,1
a68d5b1873b719c9a25289559bb30016bc257bba7dd5b7ea10bb888c8c771707,1,1
2ca915ab5eda91577e5204f2a20b8d7184b2910bed38682f00d51e7a55c2441c,1,1
df3b8560fb93ebc9b9989a8b9de7bbc2141317a5299596f95e4f7758fa7ba4e5,1,1
fdf929de07dd35baa1dac8531ff4323d123572f7081f6faf3733825220eb8718,1,1
6373368dd29ca5bd9b7f7958c7febdce2c5e647b4d08d1d78ce8db5690e38028,1,1
1aba63dcc584484c23529289a17ce2734f48e445c7d5ff8095d2a2def72c431c,1,1
0911b747714d6d7c22cf4a2c2d8b0c059efe937f5a1b6859b4e68ca47223e1b1,1,1
979c6e4bf4b6025679af54c6c158b5d1901f20f4be56185b35dbb4e3ac05300c,1,1
6ac2bf2cba565043163d29b7e043414a9fd1d4f359a3a1a65a7a26c2144126c3,1,1
28a18666ff10e4278ef275115165b090f65c7be779470f18f9d6cc7e5f085f9d,1,1
8200acdd418ecb564bde3c936174f23b4d1f24fcd9856010064325073706f100,1,1
34bd93ad5230c04909a1853d5e0974171468f83fa387f7aec0d8d687b98ac214,1,1
70f080942731f2b7db16fd57c98b6bd0c33f6dc18ebf090170763fdc6229e3e4,1,1
3f5faf5cc9dd9842c88549d2b479fecb5bde3f3f21308c70f1f242f972d51d39,1,1
ebaed5e3abe192c2c348e2023ec669b8dba09ecf9547bf06c3b78685fb2b5189,1,1
c33c7df5029686b3572968d2c7e33f3e758c61fa449dd955a5f90694f731d9ed,1,1
de08707fd4cc999943b1c4bf6dd833e24e93db00b80a0a8dd4fdead4f74e5036,1,1
2b9a98717dc028846e44116da235239c5132129c29b2da5dd73b3e03ec3db493,1,1
7af0040e4531508f089ea3f36296404aae53eb6933863c6bf15a47f46e4b4174,1,1
4927e140f0b883f23dceec62b76c81d978281f01288e38b2f34bb9f2b7142842,1,1
45f77175e8aef941cecbbf1ee3d53c0ecf77fbf8284ade20f36184415a6d4f6a,1,1
9ceb4eb8d5f8beff64b5ca7b770dd810181b510b2ef93ad5da956b394e86da73,1,1
f04dc8e121309defcea19f5337b468ca51ac9636f131cb97aa6d78eee4a608e5,1,1
fa07ca86d17f32fc560dba39bec24a1f8412285bee420470760ec7da55774fe7,1,1
392f6909b5f2ffccf75e3dfaefadc012c6d48ff3fff946df2d17616c0a5d3158,1,1
90a02516cc09e4bb040e47b7d9ac374343305e73de668a3bba7dd43ee8fc195b,1,1
3a935b74c6832641dfe33a25d079bcf1e75de755fe35427319c6d21bfc50c24b,1,1
df61e57edfeca9024efef75730bf8160a09b8a9ac3af590f53c6c7d41c2850ba,1,1
ea4dc2185cf96a90a9ed1b573cf0af095688a0fd302cb8192c7803c6d48b7625,1,1
555a2d032c752dff26100b7c27ec12128023ec97ce56235ea1a3b42225728e17,1,1
23508fd0a5bab2a3219ba5808b10ba1c9f699be71093641e6de53c780ec238df,1,1
40a35b4c02beeeae08f234837846f93587b75f0f9c4507e355b173b6dad0a936,1,1
2114c3a589f8a9923f69a6e76579b72d50b447d7615715de6463fc5cb2bd1fb3,1,1
803ae305245a1fa88f435c32a02d96e2c61c777b3c3710cb695a13b414d44e1c,1,1
873f98b1cb73dde07f85258ec1430bf8378a8277958717b5f4086db46a90d971,1,1
39c7d9d85aed6f8320802f9dfe14aa59e36681e83f2127ec528e51c9cfc73b07,1,1
14ae19c7861dd421c598eac632100fa784149253a4907ab61e75daf6e30e36f2,1,1
897ca664e6c942c185a28fd8975959fd4f73632d1e5057e6aff0a8034555a51c,1,1
c915cfae2d86e9b32639ca229d3869a235231b1c418d7e1a60cbee20a26736bc,1,1
bb68983676e93bf373dee846605cb2b404c1259b0138e4cbe8da6891c388aee8,1,1
f5a5a8e7f20d0fa7edc189c560442cedadb7c08056d587c0bb7ae4ea1c164b9d,1,1
071fd3b381a7e6500d0fe1e78267cfcb1a3286cf293a6d7e9650280a10d4ea56,1,1
fe3788f33636cfd67fcc96047ffbd0e2c3aea3d87afcced4a6d67faf61855486,1,1
140a1945f0b8ab6411107a406c7170be6b160c6dd786fcaed1702ad113e2dd64,1,1
f72d18a19b75076ba2d4d7d01f4afab0af80e060a5410c359b405659a5ff9f28,1,1
aada1dc0281b80e72f847fdf9d587bed023e3a6980521db4ec94b2fd2d826ebf,1,1
4313f3632db7549f26ead74826eef6b14361b430ca5c3213026b2a7a19e5fcd2,1,1
84d144075e583e0b3c1f66b3014fb7d055d0a3e599f1b4df106ff47456a36274,1,1
069179a3eedb8e22e9d6c6628376db9fdf9d8474a3dc2bd5a9f172bc5e1ee058,1,1
cbbd869085bd6f73cc122aa4491044abdb9fd6050604d24d49d6708d3bfdd1c3,1,1
6fbf2319d362253b1cc26a3df9987a44d0b9d19d875293e77e6204a81a8df8c2,1,1
ff1a822f8a72f7a01c1381def6ca684cfede6b9c549adac8cd71687b814f2397,1,1
1d2bc6d41e6b9f631136b43d378f98e45da0b37f839caee31e9e58866e1457b6,1,1
6bbcda9e3da7cfa8f3fd2c4335ece50273f7377d03a53107687c6d497732b619,1,1
4eb1995efcf745741ee5a0519880814850bf0b5611dbae876cf071789eec46f7,1,1
7f1e8685e46a5bf1e2351a866d9dee8361bb727468d27491aa25e7f12a486b8c,1,1
1ca30ffc1649044f414a0f7a946cdb4b42cf24d59badec551d914f337548ca5e,1,1
a709c33be72145a62197cb6be12a268bb865af369fdb35c69de6c1e466daba56,1,1
230fa68e1394c1653c5e8a48c1dde2fde88bace76d2a2d8f301c1862375667fc,1,1
092bad5e45b9b65747c5e9c83d05cb947159b1ca25eddd7f03659f96369c40a6,1,1
94035d7ab325dfa6b89dfa0a4712bc87abdca6b60d3d1743fb6805e2b809e704,1,1
934a0218632295603f6b6f52fb343edbe3aebb5973d669936f9a1acec91bfad4,1,1
4f4483259528e67be75ab53bffdfbcf9e4ff67b7b50e3c444dacbb13409a40db,1,1
4d22935fd1dfb904792f93c855c08f3f4bbb2dff6878850a663d86c4f44c2887,1,1
2d2f0564da41fb9328d998173e1cea597a006b98ff5686a820cbd40c971a99c8,1,1
2640ab511cc3bdb1f58148e49a3223bb00913592030541c91e984b0a086cfd14,1,1
9a19831942aab5e2b02b7c7494a78f7e68f3b00a98daff188b89b221eea149dc,1,1
220f20ff11dcb655d863e9db32fce16b7b2a3fbfdcf63819388f319d7038599d,1,1
cdcbfe0fe00e19348c543f7d10cf6e8e908148393d0bc506f11d1b76e4e18898,1,1
b4b3d8b0fcd715e56cbc709bc29cdcad4d72b96ac25a9b8e836239a6bff6aefc,1,1
7454263dec77e5ff7c510d2ca86656db83a4211953d447a22460aabdcfacf9a9,1,0
64491af45d9aba0597a2ce36e424ed56849126d11e594b3765535031fa769df5,1,1
2947c7681b07680d2359c25f01f9eb38210cd90c032b61554fbff808290b9362,1,1
44a79dab5edad3786eb8aa8b5bb7a9c2b9255644f61454aec9a997f213687e70,1,1
191f0f5eeee1f4e6bdbf3f19de356c3a6b24ddc00db730783a6ed86494ef3863,1,1
6edc11a5a218d64107e0925a423c8c6da946f8cf96625ce037534178c338c230,1,1
7206f25c59d49597c4e7e022f801f967ac3164b3a9d5074b5515dc9ff96c3a52,1,1
7a8a734035fa9430b8ecd4699d13232375d88912b88e44030c97cc500b97f9d6,1,1
741ea9284f8db715b572dc83d8b8607e638f53874f96f0fe9372eac069ba5944,1,1
ba5a3735421676a4f720e8bfbbd907f58b93be43860e2f9e597f5b9f7c7663b2,1,1
3a4fda1b279dd559be93b13ff546caa2659ce0c91d4bfdc264fea635621a3ed2,1,1
ac2bf949f903dd5b30a72b30680cbb82fd1ce23f874612374d9053df3dfb5459,1,1
2caa314fcd200868dfb1ffd7e232da1509d05a896ee256557ef26da50fce8620,1,1
f48f62dd9c89847f5f305f4baf7e065d8d0bf2f5a8790a93a65225f749ddcc71,1,1
a6ef4dfd9232d61481a01c20118226571c056ed6e15266ca2841d5edacdea401,1,1
2f554bbb5d5f7bf71a475fc4931b87c703cc389a40a55636e7754d03d25caee1,1,1
611579354de463804b69df09de3f8f840d705ac82a284082cd96ba3e6e936788,1,1
776c49055e15028dd3200eaad03c59a6247cf0a11ca8638647be01db911da3b4,1,1
b874d7571ec733e72c918ecc249a6497d70ca19fbeefa05868348fc90dc040ac,1,1
290157e7cfda0f821daaf40deb373432aceb421b1e972c9e29bf57af75ae5555,1,0
48dc0b2b72ec1a5b52e3cd43479bfd55ba8f56628a29fa7bacafc07b3363d454,1,1
7f85aa66e2fecf78b17b157f469ae3f19f1498ea128423acdd167f9dd133e047,1,1
69608814037343c4c21d4cead5cd2e57581dfbedc8a8fc6bd57afa23f63b3a00,1,1
5aae15723cc0b99ad6ded16420edabd9918aa47c5229d561a618dc458bebd258,1,1
d7efdb306b031dc232fb99df98b4c151ab7cbd2071122b36b7f37e7a82b8ef52,1,1
ecef8d8ec536856e07e2f13e2f83587be8a3141076461e9dbb40bcb27f81f62e,1,1
48126bd50ab7065ba70fc7d53421463d7a796171e777673634cdbfee1ebee539,1,1
c8a0b9051339c0993eccb940abd0e587fdcd99a02fa88f5aef68dd671f320249,1,1
ddec7bd99f1bead7e1918eb8255b28c4ba970728738ad0a4892587dd796a3ba9,1,1
84ae456887703c5c6a85a128dfac2e1176011d88d893e35a18d7904991432f1b,1,1
09f9adb484fadd05ca2eb273abce7082be365b6a0b2052ddf53dc4ac35cb5fac,1,1
e27650463ae0259a1bb931c0d547c5eb6d977f026076c7ac8b48f332d059c64d,1,1
65c48a50eeb6efc07f09669bed2bcdbf8e96ce4869976bdb338e9c7af92965c6,1,1
e5984b3eee908b646a1f3d87cec6023f77d0d8d9626793a77949984670b845f9,1,1
798db53dde60fd2bbbdc6d14bb949f00319d40eba64cff3667012ea437cd507c,1,1
11159b6a359be7a00600f12e75a4e4a8ea94ac9a0461cfccb32e7ee7750588d2,1,1
8688f2594353c29f6b87d26bb9a39f0d122ce34ccf74e37465d7f11d05018bc8,1,1
b0504735a5d22d4b955fe3732649cc6949b54afa005db07a645fd1efbed22544,1,1
af5dfc96d7f21441378f5b535692c71080743d402465b5a91395ea3ef75cefe8,1,1
612cd27c7a5519daa855901596f5d6b42ccd9937863862d4970d75648c7eb232,1,1
ef80d84a36511a400bfa2d374b940d5ff16d80394dae3b8caf14909ae2aaa8a2,1,1
42f991abc051284afd6c155e3bca392991b299657ce769e2d0d7e1b56cb9a360,1,1
7c8a77f160d3933d98d8554a94e4fb823eee4aa671f21f2c6755628c732f2ef6,1,1
1db11b1222667cb8849eefd8433520abb99af6438b156d0e2ec7906f76d1812e,1,1
6e19c205b6eb842475f7cb9c20b70b2dac730273c25a31e7e30a0d4ddabb8f37,1,1
2554e20e0bea557fdb899fab10b28b679068f8445c0c1b2ad2b09f5a57b13d84,1,1
389997e306e3d4e4754c344dfb8b027140134f6b9db804c5bd7108ab6357a848,1,1
a855f35587cf02e4e180763dc9b94719de8e592bcc8ea97b717297d0134e8977,1,1
e51061f854c0ba64c359005467545812e79eec0ccba8e0fa4045d40eec5f38ba,1,1
2f4c90206921d82b7c5ebef36ec886d51d22f6ef81eed1c37c1373f567ca851b,1,1
652d1954f508933dc591fc1b29d8de7ec121101572e703407b05728b98cb799c,1,1
92a8ac9fa6f739838642d42bb0095ea283de7a2884207027503972234aa3a1bd,1,1
a3e1db4ecb340e9ac7b87aeff69e74777a028677760a6eea37c967eca4c186d8,1,1
cba52410eb24889c77019d226001569e9af7e52beaec58509479257a2d253ee7,1,1
5e937e0ad9b402f0f303fa2c69893bb21cbbb570c38f61c5b6aefcffb8d581dc,1,1
4afe5f18285c035b45c3fe422b344cb8c2a4e71034f245e7121749a094cacf4a,1,1
3059a66c58de6834a5d0cb07511070090a69197aec1174d0f92609f463ee745d,1,1
ed1643b737bb174e4116cda12d2812600c28a773d124ca82f15bb42ca3dcc4c8,1,1
4c773cf54040e16c960b154badcb83b544095e125a63c86f0334d7bc580a09d4,1,1
506eedd8a82a856555c4f7752726e2621d4c4b7b98a844b84f35e475000b2d59,1,1
5e9d45430ac34032eaca0485316b3666f38a63d5d3be9714855fc547e8c66e5e,1,1
70ba466b37831f8cbde95c9b5a97a7ed638590d783ad2e28f74001b29e772ad2,1,1
f4202a2f4dd256d1b461e3578f7ec8cb1619dff3dc6058993011e45766044e44,1,1
d0b62000fe6f1fa2410fd459b2993ceac53286e4d00125b7fc0bb2c89d2a59c3,1,1
d6eff0c98605baa69b1e599b2fb61fd09cf1190ea9903d6357bbb16202c381d5,1,1
fc9f58d62c72487be879106edfec468a6b554716b69b2c4a4fa3794c604c3ef7,1,1
1a562c6f2618342d87f8f5b708953a749826cad79e4b0377780172e4164a89f2,1,1
8d48e34dcf9bcd7cd379f6187263183311d48e0c1eff295c6de34f05b60414dd,1,1
b7e28889f84a9fdb54441282f5e9707179545c902de980c4c3679b50ddee3526,1,1
735690778bbcfd40783ab62ba6bec66873abb6ee0bfc7890ac8fac1932ba8e34,1,1
eb2af5846011e5f8eb322990932f2f7ef2cc788ce34cdb947801db0d0ffd8698,1,1
b546c3f930413ec295f4870a095e29797db68ae35f1c1a8998ff80caf532b968,1,1
867d67d0e29a75580fa8db50f3bbd9bf2a2951c47fd60eb11c462b7352c06ebe,1,1
b3d0cf73e8b01a94b709da7e9e6cd65508ec6f8aab71f7a6e70d93c91818e64d,1,1
f8e3dbca8a68a5247e3ac1f803a6d51cb390b79cfde62759f63a749cb3a5427c,1,0
bb6762a53e5df29fb232adc8615c74ab94539f0a9fd0dbf8095c863c7e7f1b6d,1,1
8dee513390578e7a54628365941fff4d3ca4cefc7fcd8e4f6c356c175d477b12,1,1
a0170cdbf108153f9a0cdf183a619b1e3f123f477a4d1affe69c4fcaa2c5c3e1,1,1
a146e13bd2a683f1ab149df9692418f6739a3d3c75284c09c59e3e0424b269ff,1,1
ca6b617c594c6e63741b3c685edce467a8e201a401e80319d1a808034b31ecbf,1,1
8a7a2e6e874f75b6341609206f25f54436be181aea10ed1464ba8cbee89f0fcf,1,1
8dec0577e4f1a73940e97e0e2fd83418bffff930ccf4f4f4cf07aa464626ab23,1,0
da6689d9cc6cfd6719e9fc0bdfb9f613ef15350e5bf567c37127ac44521f471e,1,1
ce3eb6ca31ee4e9cb0be970a96b99534db4ddb3d3c4f33b8949cb97650a0f6bf,1,1
51f0b2bb2be73994b06fa03301541e60c65a94432e277950a2014e58038dbfa2,1,1
161a2120285a0c690a848782fc957987bf0cad22b7b9dd4dd94f1cd115d61e98,1,1
fa4ec6d4289309706020c8fdc410787803d098513792689d7d14d5968d27b194,1,1
a8d5419598176d616dc459be7faea494c6ce5e22274928535438cfdb116acf57,1,1
50f161b10d8da9e50241f800b119ebfb8e7489ca49d5c5b47dc0025f78b1d1b5,1,1
8e7ff557098f789cf3194b4b3b0407642f50b6d00a194be6cb50b8771f1ac07a,1,1
97a389740aa70551345ed26f49d2063367c1abe5d910672c3a68718da898489a,1,1
d49a34c46a27730a850ab7fa4ace01899b482e9396be1b1e73da40bf7b6e11b6,1,1
f8ab9be596e5c00e4c64c0877ec866cad0b33e6aa67cabf457a9b85355b5c71c,1,1
78852a77190a508321a31a5bcedcf7c1df64b80b68054539a51049443fdc1cb1,1,1
f87fdcab735d456b5aed3b9bbd9a09bb9ea8df73e87c6144be70651b1049f430,1,1
9507192b207b53e8acb755f226eadf267f28f043114b8ea18a080e24d945a5ed,1,1
458c9817eb19a217faedd8b90bc515a01fa4e0969b6dbddcb0fb20c93282b070,1,1
d3a344c7d527710bdb00ef6b174a1f4cc841b16831789069a897f6292ceae81b,1,1
4a30a8748d1d714aa1d679c7fd710e0b240aad265dd94b79b539d3b90fdf86bc,1,1
7e9dc4579c2131977ff9ce358f471a771c7c14363aaa37196b2f0d2cdb97d9f4,1,1
eaa5e2ca77c4ad1f112a3520344094d1e2688d62c2cd89b8242307c5c59e0c4b,1,1
562b7a12e1f08a21cf532e66c6c84ce68dafb565a21a8be6823f25a61f4d8738,1,1
2695e3ba63a4a83c70b3d81047896048fdef03e9c2e47ce4b77036a87294b110,1,1
fd089d7ecd0438a6848147b78aeac9076fe0bed4ebbce453154e250ae7afb52f,1,1
0a8808a24044a9f1de797a80010eb74771d501fcf8aca6549d9e075a91850620,1,1
f2126df9d8a41b92fda5898b708817d7680852d7465c951523ad09d7a2557cbd,1,1
cdc05e2b4233180cc5e77c0867ea397dfc1eb902d8fcfdb8987e94df704425da,1,1
d050874d893a724ba64107291c212728f6fa1dbc3f830048cd18474f25d03541,1,1
9f8410614583bd4241eb665da3349c45505f7d84f2d644933712c7d2355ca119,1,1
61dbffcc08fc92c1c21292e7a72b024b6aeda3b4f8b767bcf75103f56faea783,1,1
9110d9f8ee403fa66973cafb58db6431f28dd4c75a15b03db6067118e3be49ee,1,1
adad97895d7267138af8575ce4ecaca6feae4da7db91df8184dc041dfcb7f0f1,1,1
c72c0ac4cf214c77fd8e7e747bc6ab467f63ecb463b1c052b9eb47f06f607bee,1,1
3d2005f23e4372a723f09ede3a0977827377246425eb99635fa98ae8684c6e5b,1,1
ae7353f2cbe95440baac3c3c5c1c1afa666d26968aef3ca60f9dc8e7979bd66a,1,1
c55a0c113359c424d1ca56b8ccc5913b02b7392297087e5ccc136e4bbeb7cdb7,1,0
efcb95d717de654fac94aac5436292d1ef8bda84b92d39505d25ff3e727af3e5,1,1
c27a8b04ad1cfba348117adb5130f7ae38309970877f48a95a7e7977f0dbbee2,1,1
ac40c4f9c8475359e0870f86858b16c537d6cbe5215fa75323c189252a5c2a9e,1,1
55dea214605fb478c9f25f7b3c396d98c10a37daf1612bc5da43558a3632f1ad,1,1
004e4a54d88ac843af57975eb41b91fac448118b85f91168a141d4bd1d174c22,1,1
8dc6e97febcf158e27acc823cbc0b6b05ee7f100bda8530d025360d0ef5506bb,1,1
8fff073a453d0491420f5246faa1ed7bc796a4d8aa2b285ef7f6bf75152f0f7f,1,1
6d8d6bb29bc93dbe9ff781b6ab1134f3f89aed2f115f5df868908eeea78eb03f,1,1
dc97163f1f222dd0747b1330294e281da2efdad166747d284b60bdf889369092,1,1
341604bc23d4459097c6a24d0319d2d421f0941169c7abc28fdd88e07294a366,1,1
1e9e2b7c587481908fbb212675688133c97ae44f9f7a08c45a349426ff422547,1,1
a6354b300e28afd91a391345315409ce357dfa2d6d63f6a4277bd6512c7499ac,1,1
dc4ab47092af5cfdde511abd8f7c813c87d1374be480f0c4e76573aecffe5379,1,1
9509e765c31e59a80dc4a8cc886b60508c1a01a956d78e1fe73828f8b68e3c19,1,1
7fbe3d0cbdc4fcab670b3b034be2bf4d14713dc7a7ba3202f07d9bd16de37ebe,1,1
82ab9a7938408cad4b951a2fd331305b174815bb936681bda1e80ee736be1e18,1,1
bfcf00743782b0a0a6b3142506241342f641383936f64328b7eb01f9ad55eb08,1,1
3ec6ec1bafe0e83bd9144536d86ff0a7b7aca00fb6d93d063e9deaa753ebda6f,1,1
5ae2eaf64d7c17d62e614ae6801d97275071b2f15e26ec956b7f298e22b08d6c,1,1
cbbd26c84661619ac7a2f5d92cf8e7e1435e4809366dd73a1b80dd5c9809d926,1,1
0e8c99ce70282ca81bbe2604fa07891147cbb47a4d144085e12ba43704375172,1,0
a262fcd76d8876abb5facac5e445aafe1763f039f6b0862b5ef5debf7c9ffbb3,1,1
753ef21243926ad263a8747dd0c476dac0731e91ecb026304473e92f5f8c35d8,1,1
2cc728427bc0b4ff4da22a0f5ca42bfdf1866995657801e9fbc215c902f2bf31,1,1
6e4049659789bdff3920fbf1c027c767bbe8eea365f13451b57458eae50412a5,1,1
cd5febbbc87fddd609dfad08e45f3af90ffa9d48d4d1efe14c086a737d1395dc,1,1
33c65054da2273b1f771631c022ff677c0a553ef1615974e7bab9efdfa7821e0,1,1
532ff31c8f265280ce019fe135496c39ff3579198ebed1b33e10f977c54682c2,1,1
a12b272ffcad71e696539188a3405743527cd4d52e1795871599e7caaef1599c,1,1
4b0ca58f5df1e247fe25b1677f2e1ec5070cdc44ad98c7c0407b74a2a46e2328,1,1
67dd1af7a459931bece1088f471d061a019754edb6a3cb2207caf5b885d77cb7,1,0
f77910c26c48e2f5f63ca6739e4a1d1c2e9de5e5adba4670a58978d7bbb762ad,1,1
865ce7190cd036b8b9f6a7ac0267f960d5035221e08cd866f9d72d9a958c45ae,1,1
e332d55d8f2733b2c71b88b3eb2adf92ba970d159aa023046dd31918a73dba3b,1,1
c309ae9520eda3aee2c0a30e6511340e63815ccfc4177ce0eb532a4c47ec6d36,1,1
8e4e7fdfb03ef3e387732ca7c8089c3e44e719412567b40b0e81fceb4fd57eb0,1,1
56067c8445710e27c40ec1f9e630e17ba76d2c64a207cc1cec1413bbb704b710,1,1
140148baabc8c1e815f20ec171e2a4a9ee73bb93430730582811032161928593,1,1
104dc106af388941319d06b6aac962be3b6e542214eae68b7d924c28a94d1e45,1,1
29f3556511238c4bbd2b0f2e8cb21ab88549113ea77b716dffbd8c632981c06f,1,1
9d993dca0ea2db9704168183c02850f24df24b84cdb6aa9506a10dfcdbadef09,1,1
ac88d21c0911bea37e5de11d0d3613b61cf115ec3e9d87abdcc4d3cef337ceed,1,1
3204ca52f56115ea1051c4d9c4728f810d7344f4a37631f34d1432a1955c0c62,1,1
8d82ce6d44055b36756e1ddfc1eed40ccb52511e2373401bfcb5511db3499abe,1,1
d00bfe056e98c4b6baaf244e36d3b0bfdfd041117563d7e9e70360ac04998e81,1,1
b3b71807d3b9764c9629bcb816880c4fa00f6a6bf284d512b12d7328527770e5,1,1
1977a1b34b84764efbdb93c3826e4512f78048980bc5c8133006b132ea2c7ed9,1,1
b9fae8b708b6fb1d0757ec679a7fa62af47398546430797ccdf89b4c2f469f29,1,1
ec0dfd33575814187ba595818254bb739074cdcbb12558f8a7795779c42e5082,1,1
77cb99d3d22a4ba41d1783d69095da99eb057e6825c446f6f6e11b81ed22d443,1,1
9ccfa7291554d7fd407bb3b017db66f51175254a7ad7e535b5373d7bd0e4d596,1,1
3dec894d008dee239a9d8e72139fbdb3968fac8198af2bc435e7eed8c4a1b67e,1,1
09e40c3216512013f4539ea402adc0bf1263baa4070643a047f9e271cab6601c,1,1
5eda92a2678a56bfdc79a218ccf1b30dc459a126ed79acde5813add8d81959ac,1,1
d8b42722d110332c577de20edc5c4ba4c02e90a9773e450a4c4b9e32e58db6d6,1,1
df1d62b95fbcb5d3bca6f9077a4049ce013cc0131c8e63970727129690f54ac1,1,1
05a0f7355a01c4f15580ea0132450ad268c0fa9142b00977d15e423849f28ce8,1,1
144a266eae9bbeee745c2305cff827e5a3c899a586df3ad340eb745d39701c0c,1,1
a418ac1f98cd6c4b1ac406ebd7ba4d38de5474d09467c869fcb227ad7116c9d5,1,1
59a58986c566a059c9d7208dd95e7d20c9766e29fb0c86394cea9c5932741de1,1,1
5af1a51b2c9073c36de01cb1d69b28eab3b611e7d52d2216af6bbb722450216f,1,1
7b54bbaf46684c9a3f4e8dd5e0ba04db2d5ce75a4426667b1c4ca5b742477de7,1,1
7ef870434a58a9df4ad9a015e2ab3b41402382fc67ad7b37aba75715f4b682b5,1,1
7a46c160ba4150563e35909e63c55633eef44476d44bc4d444ba6cc32a7bd1a8,1,1
9d635068f758a98ac68a7250eaf00760059c94544a15c2a9186a365c2bc99110,1,1
d972b49038fae6144370d91a752504bde90e4e343c12b65ceea71268464e7e25,1,1
48214eb19ecc06a3002459af839384cc8577049be789970b0f08d982c421b1f4,1,1
726070d9992a10891a0db8581d1e129a741fb124f9ee607c533aedc5cdf3d5a6,1,1
aa0fb4c697379c3627846e416a8182b551f3ee1cc087ac752f7a1490c1552d7c,1,1
03c5658ae3466686ab6a5bb75f7f8ace3afaa030d80925a7ba1dfe2480bfbf1d,1,1
82482fc7583ebc06e6a550475106a9e994bc0e2bbe2bab80fa7618fdcf2a45ba,1,1
85c228e0edb47e20c29c0d7b83028eb6d0002ee72d44adf42531b802c6ebff2b,1,1
5ed5f4b1a25306e5e9953e18539494ef1df7417029b3fc0faaf762fbf5cd4ab2,1,1
b635e672425a2fc5d4fe5e2235ad5f0c16a54f37accf7b8c76115b9940393896,1,1
2eda4e219e09d3d7785ad123e0962b9e50e03364565198bb639e419f68b9da23,1,1
2d2fc0562248976d6336cb24d193d42088a3b83b8acf55b05e1f77c2feb58959,1,1
3d3521fc4523786fc702144767de0902b56c0f7fe72597d3ede3704bcc4394f8,1,1
35ec8ba27484688a652b1a5ee90824645c6dc5268961f097d3f03270890f7d3a,1,1
59c56ecde5e4a69bdf39d7d2079db7fd43016167c45a80e26400874ac66ef815,1,1
65721d52f07568624cf4a7c0d0306d4a664c14d3a2296cd4371b129d60e679e7,1,1
bcb13089e547f0806d7cf24417a62653b8201d8e4b1f36590268ecdefa8b943c,1,1
7f68cd511079b81123e8b202845c28fecb40b12d377e712173a360b1863106a3,1,1
371fa226bfc30925860786d1f68eeec99c6b31febd75736e4e1fa482db666149,1,1
d8b04095492639872ec6f5e35c1349048623f58e315591cf1eda561dcfe2c6e7,1,1
d9d348602cb82d450dffee065276a4331a94a34130e8577bcda3792cce8c346b,1,1
056278ad75f23368f04a9d9178c3aff612c052fffdc715d99a3be51c8d2a2c4b,1,1
04bffb65af5e66afcbae556502bf4e93ea9e8e4b8f1a1b0133b34530e15ddff3,1,1
78593fd04fac8686c07246bf2eef2db18155a923810138a2f79a4523b4d3d6ba,1,1
84d668cf0f852d996ce1ad0d7556ce24a8f3e42ab3e9878cb41b64b47f9ecde7,1,1
3970976cb11525ce364e460d0e21cf174a23c7f6d53e6f9056a8c09d39bc5823,1,1
03a8bd2aad27669effe3077a5b653a9099f9febf59bf51a2f324e91cdca2eb90,1,1
35a044f95c98760495d41f9b4e60ed30974a28e9efd2bfa4e2e37537ac3a3828,1,1
b7eb1a819d504fb85e9044ad2efcc6c0ead803209f683e66b8218fe87040cd62,1,1
a5cc4a49664446d51168be05bd23c08f8db1a4cc4a8747661e76abb39e1f96a8,1,1
318b9322e088106723efff69e0eb4e64e2dc6ce56388d5cb590bf0f3d3ada58f,1,1
9f34296c3b9d2391ae678c142cb5ec7314ab3bf01d3b207b2a3e6887bb82a667,1,1
c94e9c9a67df992aebad4690417d0d49e8394dedf106a06a90fb78863217c12b,1,1
0fb13e75602833ab4f771994e476bee98f92814b8296462c9ceb1b34dfa1078d,1,1
7eb74c8bcfe9aabbac7e7d2de7f865a790abf0680b552cef5f2c9990b3c56c4c,1,1
72d0eb2e53c3639b455d026d67491c1558ed88ff206dc9341c341ace3ec7f9d2,1,1
3ee55d0a09783d4184ee844bc9242434f18773b85bf79fe3b9acf60d03a54b09,1,1
579729cbe8cbd36bf3fd096a4ca588886c3eb6e117cb73c9f9b7a7d9a1ce05e5,1,1
7d3796e4b60198269d71f83de1ff9b59f1221c1b2d080abd4622dcc8edd93166,1,1
c5cc61759b96c15cecb158ce6dc06fe30bfea259bb20b2099d3a1dad49fe3de5,1,1
b8de5a5deea4c8088c727808b95ecb3de8512ec12507ac9df97810d90f858761,1,1
0c8f76fd86c5ad87d3f0b3a93788294f186cbe8ac0b638865d9a8b820c61fe2b,1,1
2b8899c541c5748a246c596b19d7e2e1a7dcda8c412ec080941183b368fcd97e,1,1
2e31aec8171fffc28a0cf5e888c282b6efcbaeacfd996f094a917db75a8e8a09,1,1
f12dbee51eb1a5776706b397fe3bf2043885b4ba2b68d1e13c9b6fdb09884087,1,1
beaad5cdde015d99c886aad1c7795b1d684eb0e75968e9be1e5939d7dfda6d9d,1,1
ddc2e83278e28d3f96c954e66e8c0724eed818f30b9f500ae61150bfab215025,1,1
d326c2690d28955e3c47fe0e7d80b30c47d756afe014cf29e116ee7009e94ef9,1,1
88a3810ca8a8638b6a77a2e7727a4d265f0b3bcb123d96592817d698f6e3604d,1,1
d55f6bc58c9dac72a04f80f4451d09a73d159127e3c7cfe42314655d70dd2845,1,1
a81024244235451bcb21cfc782319c9b5e09493a8689f91402995e6c46f0252b,1,1
dd9b8289f9e9091bf367e2cd5c5a32dc790d25b677dc81f98db8bf388747d45b,1,1
f03a414de77f77d193ac430df83fbd95414126ec9bc9c91ad0cc3d45473c876d,1,0
84d07d2ddf88a8e15c1cbe467219785383a844f276a4f08092743a107495aa95,1,1
2e94d5526532bd60da883c168d283ab843a92697251901cc964aacc54db4c59a,1,1
31218613ea641899bb3dda0c50827c996b2736e350dadecb0725c84e027983c7,1,1
0c89f7ffe2c73d67f61753df976a1ea02df140a9b6cc5128a666cedb9ca3b45a,1,1
3227d73fdb6eb0b5276b6547cd03f337181a5f1e54beb9cf8e129a3b4474a6cc,1,1
5580c86e88a19e4e11e3004f7983d526ba6c3d6444e909ae31667e78c98bcd28,1,0
41f2b4efd3619fc62bbad2903b57b4f797c30e048f529f69490d79dbdc599514,1,1
32b04cf69924aa146551a10f95583cc42ee8e7634da240bb5663324a885c12f5,1,1
c9a4159e21d24901ab38742b7cfc902dd731cb842a70cd343597b3de93884721,1,1
293950bb740998d3534a7cf343548332eeb54fa8c64cf079c339ea3207abb329,1,1
d48196778953b93f07fe4e8c0c53984231dc7cc99194215ed5ab001a715d567d,1,1
f82322ab098dde741b2af5633a7b003e5bbe276f0b995a717be630cebd2fadaa,1,1
832c3a96c10e7bca928c67d0b8f579d400ecb1fe90a51a4015b1a6f6a6e88a49,1,1
4beacaf69923d87ab2babcb70077fb35f85e60e4f011b85018fab5588df6659b,1,1
7f5a6ec9214622d8698f4aca46c4a1abe1f4439548d5b6880ac24189478aa564,1,1
71cfcd2d5cfb70b1c1e7e87c79f0d61b75d7b91e60621b8a51b67742fe5e552a,1,1
bfb3182103634387c4f00067d503ee14e56c629c5f27bbd9f2a5a4f311d3690e,1,1
04e9110e140b33d600079a740990faf09238440e2f520f2fea3a45dde8010bb1,1,1
723478b84b6c27bf8802f5df4a64425d13d33326cfca09024a3f541e08456e55,1,1
3e6c841c651c63d81996015d64cf55e78e5e10e204c83ed58f4299bc38da151d,1,1
29eee7d31a1eb933f13095262c3fb7584c78c9a055f91c695d1563a4ff0fea0d,1,1
7ab57719292b7a3e3793d92ab2a69fa679739e08b5932592dc4f8649fccf6daf,1,1
77850650b43aad51a2a5da83ecba092f63f928460ac05ab2a2777966046501c7,1,1
3117ff414a0c7f2ef02103d777b3781f840c42781a75c4476f86d54c26d8466c,1,1
ec8ef9ff45fd06453348edbdb6bc91635cf94b0d4070fb51d56896063921742f,1,1
f0ca17088c4e0483bb36878538cc702ec80ba3c4d961f369a8fa4039908b84a9,1,1
a557386aa9be66ef2c4f1ccfbd46159c5dbdf62274fe3e843bf6be486c1e6441,1,1
805ec2ac74295cae121dffcb1773a3eccc82d2251777cf342997ca197bcad938,1,1
39e93f268b2ed44f8d1a6448e1ce52b524b7ea693c43738c89dc9ea7baf6c3c4,1,1
7160c33171c6ec6bedb2f4f8f910642ea0bc710cc1b83b94c5fb492608e18409,1,1
b229a9e6d68fc73124100dbaa7b88715c582282bab2a55389c96289386e739b6,1,1
3e9de832e217319c3a6719f8d18edffcb76ff9cfbae4f92bc89d6edd717c4f4a,1,1
c8cc1f77dbb5def2bd16400a329b425d71918b84d9269465493b0e6d1ab36978,1,1
eefa1b1b981a8ab7a86c034c1dd7e5a53f6a6709be0f0d01c6c0b1634dc9263d,1,1
507ac57ed74dd7e625e8678908e0547edc1e3e6c0db7b52da3b6495ca9dde416,1,1
a1d504e403d8d9d55d7ffdc467d86becb3f2a7dc9b9f138911e70a3158bf07a6,1,1
ca12350f35f5b42b93bb9b474bb2461ae6022253bd8cab341fa34e6a9db2843e,1,1
690b5cab08d0b219bd4c5e4ee2ea03685dddfc556ad3bbffee86b72f3d7b8863,1,1
7e03f9463c562a4d6c71069505472a81281e06190358d3e7ca287632c598cbc5,1,1
5ef32ffcdba819133c6d689fe7ed26a0d8342014b0c745fde71c4314a66cb4eb,1,1
52650c72b90862a2ddff50d69770b3dd7c320161b67c16c9882a978b5dda2519,1,1
8ebe61132ffa3566fce3acf079907515b8ab28c9f808931d7c1713cf4eea31fb,1,1
cf797d6fd11a56729de6a98ab7c0114f49822bcf7adb14a35b407663cfe4bf80,1,1
28053856a4d97cc096a70141f76c58317b96d7a1bbd9e9b8f38c781d187efc67,1,1
0d7b0b4c8441a333b6f46c6ff2ffb8179d47b98103a223184a95557ea9d9a84b,1,1
5f5a6bf3a624e012f5ef73eff3edd3cf8785610e46be8dbecba6d69821e33952,1,1
59c356f922a8c6f6c90f9db364b5a0bd8f852b0b7c2e95c201d851b4aa567620,1,1
ae7165392869370f32a536dfc9f8ba916de931f7aea7e7ea7d799dec397b7341,1,1
81918019d362bfefbf40b259ffce1fe54f6bc7ed6713104091dd92f46cac9bd0,1,1
3e49badd82398978828f43ec85356b434db00356ce701bb02923353ac0eb72bd,1,1
bfb0588a75f3e75c32f0a73fdbb15d5284f3b259fbf511b89c351363b663975c,1,1
662bd96da9842d8d804359cf2e35658b98b9957d266ca5ad49a3a956c7e07bc8,1,1
81dfdd1afae17fe86a85c46c7c20b27c4362f0571d57f9a4d751c3ed175a01bc,1,1
9e9f0636b9ee3e8be1e6dc88808a5ea1b3ad6ccefb97741e948e08a28331b8bf,1,1
163f1b80c0d555a35ed1db6dd61721959def761d0ad7b73cdd034c8d8d5a5bc9,1,1
93049c73d9c3e0419a8ecb87bf30b5f36b96d8dd9de640bebb8a0395359d25b9,1,1
ec81bfed92832c4947b51c0a9a7a73eead87426e455b3963837d2810406e2000,1,1
7ed8f666a0621f0fd0cddfcb1ec34f3ba9cbda466991c58f045802f1c2622f61,1,1
5266dbb493a7738151e4213bf196bc96fc7e7e1e0c0b1ab2eed8777482fd84f7,1,1
c2d784173779411a1f2acb2d54b37348674d5c88e14e357c9aca9934884c6acb,1,1
8ef6b31abb2471f29ba35ed4987b43da69c34236f36eef915f9686167f6d6fb9,1,1
a8b34dc74f2a2444afc8f05eb817bac11d1ab27ae1a7291cd54f9f4bb526749e,1,1
b384a87cbfc7110c84e173e507b7b01d64d90c6e7650a5f1349cf7e565b795da,1,1
93989816bbb5e7526870e0ed15c66f50123b68d85362052ff7ec26f115025be8,1,1
4ac1c803660ab85d5365ad34f971df1cbe1e5846f6b43c26f87886c7fbf6c1dc,1,0
3fd3360eebbd60a0a0fabffc781757d1380b8a6573bbe403c83aa3740f3674d2,1,1
adf87e2d1cc0672f6a8c4d2b9b040dac84fcce4f3a457c92a6301017118b5f0a,1,1
1da940b5840d6248d1a16a0e8dfcd01220008c86b17703f846fa5d308b052f65,1,1
d6412a23837399cf0dfcde6f19e27ebaa689eab35d242fc7abce45a6b2dec371,1,1
51e4838ce7b909642478ad1b740f936eb9453dd85634e2671793a4301ffd39ad,1,1
4e7c49949c83f493ed4fb585014955290b861b3203e5f47bba8620a52c74dc17,1,1
43b2f7f91be3afa8db319e139f28a645e766133e3b3dba6870a090a8326422a0,1,1
d6d79dba8f11c8ef4a305c3f7a8ce2d7eeead61e4435d3a7899b06299ca9678e,1,1
9c8b531047beaf578362b4a5ad7fdd2cc084b92d67f39b1f96a9b1a89e8fa24c,1,1
14c66f8d33b8283611866cd41a7a0a957875113c7a59e57bd2ff2a207c80d46d,1,1
11ee315d0ff72479cecacf623927c9c420aa77bbcfb7177178eae8e8b772c151,1,1
11184c48897dceb8ca79eed6ea5f36c3d215b0e4aef114a55fb174b99760615c,1,1
f3e3d45f409b2cc9ad406ab6189f12bda9ca383013aa2d57c99b3c7d36789ca4,1,1
d23b4b9bb71ef81fe17ed16831c89e8f19b5dae355df9ad4ec8d387fa8ab6ad0,1,1
0b21f5b49e721e7e754efdacf272d2ee0f367adcdb3b4ef555e223fa04ca325c,1,1
9614f66d756c91753e3b9f13b32b29641cc262bf900c84c47a9e630bb1c8711b,1,1
f308ed8e767f3a3d9bb77b07e63b503bd1fd49628de2132ee50d10b45f66062d,1,1
6e5904d9ff6d44bb9c19147ac737b3c3767455ec3f967ed94caa583adce25282,1,1
546cfdd10faa32327825b724076ee09d9f1fa0899f2248c4d87033cfb7176b9e,1,1
8879551d5607f98534f5cb776ed79eda81c7c9baa1536b81bf0c99f9cf9e9ecd,1,1
a0c189e54a7c762f4b9c4160f0f4b5e574829fc798dc655a0c88b8a2d7bf906b,1,1
c98c4015524850001d7819996c428a6faa6d787a20e6bc5808f96d2535f0dc9b,1,0
a2866fcb84abb81a893bd7548a68166522262af2584275d01ff78c52a703c4e8,1,1
fe63e2b7860f1debb8c3cad88f323b36b0a35c7a05ddbe30e0ef9c8f2c8d7636,1,1
bccca8424a8853dfbfbf1e72f776e2c584bcd23dd29f66d1ea6f741329f91d31,1,1
ad2f59ed93f6c32dc3615bf3efe8a729fb37ab239a31432e7fd543b1227adde4,1,1
8f96466ed40ca222086f01e3bb33f3b078c738bcf4614432510df00408dae77c,1,1
b180fe2ec6394f444c5f15e44c5cf6af310ff2e0f92fd421cf68f532292f463c,1,1
a83e44faf230dde0796fbaa3481eb729818fd0ff57192064abe9a53af3c8b32f,1,1
88bd96f18779f256665c61fa876a9387d544b0a3e90c98e1cb91d27a255e472c,1,0
8c86822d2e3048d6e608b8938446a6ef15caf8fee8798363a1c3f4e886e40eb6,1,1
5f2c23ddd707e48149ce7e8ab5cd4592a53df5d599b3cdfb482768d78a88c7c2,1,1
1350f14b6b03efb51f89c90b75de6499b74f40bdb72f3db009958e81fe1185f0,1,1
500e08a1f741da0cb70791ebb7e1e0828ccb050c1fe979b105476a9322e8e5a4,1,1
973c2b4c44f45e8ca8c57ea53202542ea78eeca2238440ab22fabce0f104305c,1,1
98a4d3d1cec5417cea00c4a4c4e892b3a002a2fee1d4a35fbec5a93f80a8a76b,1,1
f74fdbd75b2f7eb1f68267cf743187f59244e20c600678089ce1a17ad20eb805,1,1
9e6d2f7986cd5443f5eed38341857a8094a451896616c52c3aef8833f0b1d569,1,1
38c6ee16b0b6d22affac69da1a8f44129c0af25bfcc9b131f441b71d2d7f51d7,1,1
a81484f86756294ccc7efe18efa73da514c2e35acb76f4d195af9d4be53752fc,1,1
68fd1cd845a1125e4b1d03fd756db84252564bfdc87c7a08a0896d4ecee719be,1,1
1d125a9bb479b25d62d8fba8f5f6affa89212134a9b32c690f25a476f138f5c0,1,1
f82f663b0107780c3bd7d871bbf8a1cfb181798b1599303448c859c7c99e70c3,1,1
60cbfc005188a675371b68c617284b10b1301b24f66ac137b6efcbbdd29b4874,1,1
8c6a46289dd4e90c47796ca008bc678f9ae63c9be51695aac57ed7109f22282b,1,1
59102b394c4f6879caaf0ae10a0ca78139ad210350298080fa911f4017b7a714,1,1
e985744d97f5f458d973f67369158463d8ef2a0cb2e8a8700eea2282d1365929,1,1
79105d167bc2c5ef15fd5d305ec806ca47e0ce257432df60d61fecd8e6fbf6e9,1,1
70d669f2cf766846f7afc45720d83ca9994f0de088961fcc287367e57225013e,1,1
9a5f90cc2122c2598422f1832f95b7c9256d33e1c5122796cd7d69f25877fbcc,1,1
d4e7fde649b52b746d0c0923432b2123f18f15dc99aca481eef94ad986a9c5d1,1,1
c7868a8b8d480256ed3317baa1112ebd6fad28a5eb5d228d9894bdb377d5f5bb,1,1
3b6d3278cd4d3d9abf01cc766acd6a8086badf1e8feb9f0025262e29e43d255e,1,1
6d22838361b3082391881d4e72334ba63bd015f1040419ae8c79efc17b7d11e7,1,1
c5477ea2853336cd1ae31aade09906faeccc7c8c515842eb89f7488c65104a92,1,1
e2fe5b57970cdfdab048a72d33d20c0e63eea7f9945e6f1c382aff79d364f78d,1,1
3e607d47e94b3a33229317ff27611b21961402e155b71889492683b3e873f8c5,1,1
dc4a4fea2951de2005fbf32eba7885171dc3cfe747db0fb41eb6ded5f7fc2f6b,1,1
539bb6717d6330779c35fdd6f984a789dc50da89077dc77910eb2762e993c6c6,1,1
19b612cc66628a066099471872890d4c3f9cda9a202f1baf372754c4fb9c8c01,1,0
b33e2e1cb798fd5659bc66e40bf1e48964085ee8058e9142ba4767c1238049e3,1,0
231752abdc85172c82e8a3414c2fef8d00112bc38e8531ec180fcdf21854600a,1,1
91c95f92e4298714681fc36030d6b88d251af81945191d07eb146bb2504809e6,1,1
c32c0f563427e80b64f7fd72b0e3e15f7c442adbf1e6631ca9cd1335f11023a6,1,1
fb883f44807ed1b3b815c79a266c2962591fdc479d1cb1f13d39db2ae3017980,1,1
2619ead49698e9520c5221e5351e68ec53e1be1ab06cc02333366d8e6d9cbd4c,1,1
eaae512f5b7034ebf781f0e33554f29d1054ce5d565787ed24e8ccc97922a380,1,1
b1d494af8238a9d2a314dee604bdb676420a34e74004dd3323f94dcb19df76f0,1,1
6d7b156c66844319eacf62fe2cdb0ffdbaea9c47cb48b9d6ea752f481cba36f9,1,1
32b021f7dcfc528dda29bef0d502d608431274ad3d4962d042fbf2bdbc7c0722,1,1
b52b8aeb18277ab371458d4e919ab6bf1dda2fc469d4f678c00ee00155e07e0a,1,1
241c21bb15f5a93ac7464555915798673c95839686545cf8cd489fb1b37d465d,1,1
646137f6ace2b488addc6c8e1de31bb1ed3c66803d3bb24eb6b7a6d8c6ec1eb0,1,1
b270f3406cea4d362d4409624ef8f1455ae5210a4057b3ce292e9a9603334c85,1,1
a4f33414f6ebd35ec4b7341d659a592c95808352f3c429ff00436ca2a1abee74,1,1
61dfc9be3810d8722137350f78bc7733229b3007ed3d6caefec9a8d90ae18ae4,1,1
ea57e13501c07e9682041d9277d4b3180b3ea366a090e55aecf1643a135eec8c,1,1
6ba2ac65113aaa29954153aa5cf1aea635c813cd7d49eba3aa0b97306ba04cea,1,1
79e45a4f7b504aaea6cf088045354c3ed1db28b33ded998c5c5deea45bb2fb65,1,1
d4d4d652af38afccc1576fe98d88ccbe7951d8860c48217326b2beeb4887b6b5,1,1
859128f75f2a4901479a68897b7bfc720b450e892fe5ca73ada8641030b6b1d8,1,1
544cf4548c5e110672c853609ef95df11bf1eedaa10707a0ec2594bd64b8f39a,1,1
66280e98711b3187e90f763cd5d6f97a02f9ce2bea24122e9cce375334a293a4,1,1
5ef92fbd6a594a501d26cb215e5feababdfe4f048a112f33a356b435664424f5,1,1
7e2038fcbbe271f7afb96e173e3a7024f9bf7a972a3d7a9e538e635313b1370b,1,1
4d8d57f13ef71d19bf38f01a1a623aff62781b0db9a366c238fb6f6d123b5991,1,1
9ba9ed791a59c731617d918bc479a9d7f8515ea09db22c74d5dc5689c66c1f1b,1,1
e40e77ab7866de6a6afd440d5b78c35d96b15569fc95ea7f8d3285bb32f0d4cb,1,1
80ad1d4d8895274517c65e7af58faaf05cddc3a0c99db41d4c9310ecbec000ea,1,1
b30185f77c62470c4322b7d69a552306abd733f52947100bfa68360ef7ff84b1,1,1
c772ef476fb8491a23367f5853fb42e43b07aaae19f772dfbb30af13c4a22e7c,1,1
5e630d9c21728dfe464f6cef57b66f7dccc5acc551b5305b8406b94d8b9689ea,1,1
860338d527d59c75a7e12068eddbc90bcf7e388ab589951736ec8fab9039f029,1,1
966bacd39ecd2ee6f266c790e772a1be3ab05af6a3a135149c2f89d06babf317,1,1
32fc8ececda73b02ccd8dbc1c6cda2f0a914ecd97e841be26812e98b4879765a,1,1
212c776b319249bfff5fd3e229f1aad4e8935f4dcfc295225a62ae753c73584d,1,1
604138108a7fbf52bc2cf57a6c2d482a93d952ad210a4a1cdbfc0f368b3c79b9,1,0
127d43b650cf28b78418042663a1fab3dc1ee210fe13cd30c3ad52a60c1bcb9c,1,0
6d73e01b35b637680c84b7ceb83430682287e0bc0f74966aca680c17e1a05084,1,1
849d764d1f5fa76b91fb3fb2d8d7c584c376fe3ffcff8865a012e25e72fde52d,1,1
1bd06f2f081a79b08e986e5d594d5b6b02dc5c602e9c3cdcd8b562e27cfee861,1,1
adc8923b87853eb654c96d0f87e827ed11a1e47408bb4bf136d7d3efbf7f7236,1,1
ad7c6354ad39c5efca3880d3783094f2bd3cf4456643bd1f6e39f5dbf03efb8d,1,1
501a464aee5e3a0f46bae94c8012b3e770a5a619c3c0f27e4ff40c6d5a803cbd,1,1
7b18c78cf43d4b02fc3bed7c4d3d536427a0cdc2b28e58e17655f3e4836c0a84,1,1
d1131b035a7272c2dde4c40f2236ecbc6f38e096195550b06e9e22fc434456d8,1,1
93ddd7df0007c5654d1249793a60f932e2cfcc9a74d26e4824b038e2f44e44fa,1,1
21b0da75405e661710649f59ff45c6742d854d56b73fa68ba755b27d86a3e6b9,1,1
7d4683eca0c8c09139caadc56bfcde0259b216e178dac12cc26c3b32c2a08fa6,1,1
890ff62282c7f533ad52490e8ad65659ff4c28063e73f71ca94dd455b9188a23,1,1
0f5bbba0bb7718c2cf0a52edaf8fe49e7e2ae9e14a552deed007ef39b7e7b45c,1,1
d57385afae1cf72794c2da0a500e8ab2550ebcf7f33d18e382d70d4fcd0c9d70,1,1
0f27a2635656143eeb60ab0e91a3e1830113c7de9d34e07f8e8970d2d30ba408,1,1
2dfda374578eb6f35f87621c3329edd748f8b24918ae92c71e8612708bf13682,1,1
cb082c185c1dd959cf1db122ffb4b2800c40301425ac94896459f5b138fa9cd7,1,1
111841cc4565ae609bad1bf411801a0e1d93c5f03be64ecf2908aee8c99bb9d7,1,1
e04c38b6d23635991f739eff53639810066dbdf3fe3150f8bf5b404be8ae9f0e,1,0
1a8f9a15e2dee24c337d15419fe32fcab66bb611d1e6178d5a56b2c3b028af56,1,1
eb19699c9f033a309e266425725901dd89c987f68168fdcb7c7d69403fa1895b,1,1
8966659c2fbeac0d5d117e9388809a34f02441200a41df559e80efe33dbbc8e1,1,1
a233171b24ffa5c6e8204943c46abf8f8c73db648073e580864f05180fc50c33,1,1
c1a0e99d7b466c682393c7705d957e3433a3f7e982754e9a7a5049aeb24ce7d0,1,1
db1c55b1487495a0e1ffb36ada22c8e76fe3e1816518c757d7aec201346a45e6,1,1
a3a0610e92b3a293e5917a56c1211d07db71fabf4c783d723ba3f1559003e69f,1,1
3bbf39e5b283a593f28c93ae6681c34c702745239e2f5a4a757da66785f6eb18,1,1
efd4e2e05fa370f0019748d5a8a14c86cd894d4ebeab08fcb03aa10cb6fde2be,1,1
5a1010b1d0f7fe87b75407c158a380681a8e3e5302bd17a6583c3d884c62297a,1,1
096dd4351a26ebf519bf1d3766832f03bae6f7ab384459ed5d4781f4c348ae45,1,1
4767a16ac5382a9cc1f72485a04e05329deeefe33a2a1e308919cce9dab2b650,1,1
bf1ce57a423e1afa8f662b63d0c7b5acc76cf736638076eb703352545e2e9a6f,1,1
beed006befb29032102ef8fad0415a2fa604f292b299a53c2df9027a7c41e2e6,1,1
3c1478e5ca62aff4b928af947cafb4887bc269f37699cab9b57544c2eb4c79d5,1,1
4e5e770a5c99ff4a996817a619a88c07f67f433dcbb6e193edb3d172aa9e1279,1,1
81ca4fc084df74563f7f1c36b4dcd6a8d28019c5888985e4b4f0526934185c18,1,1
f1220973ed6360c0ab6fa0147a152742869c8ef45c05b60e7bbbd3f1e09318dd,1,1
08231c627ef772c3c3555fcf6ccafe3b5ad217711a7eacbfa56b79f618497f7e,1,1
be2add51403f2e2fd02c3b92bfaa65841f32513f777593f989d8205a443b3cb4,1,1
4958407ba051ef3ab153cb2d25478c8c1ca9c4c39d009c13c333dea8a0da6494,1,1
39b409554090912c8925cfb9b3d179499352cf1d62f49de5fc9c970ed6e56245,1,1
bfbe43ed5e818edc7216d95b83f2bf5432c0d59d1f5ec260492bca3db4131d17,1,1
dd3b63f6942f6d846ce430c7f70886840b9677d1c84872b35e51a2e4ef5eefed,1,1
8b4aa84835e46d7fd6b118897fc263d6ae7ec396ae9b3679832fe310a89848f2,1,1
0f595c94e61bb11a63ef1320ff37af9d9fb21b5bc6f645fcb4399ebd6589cfc1,1,1
f67bdcc1e96cc47bc93a96b7a4b85a214656dabadf6b45051d193f049e9b7c88,1,1
0b070030380b8500e5d44b2e236cc2510f053173af31c5a66dd8f9efc2ad1fc0,1,0
e4412d5fd0e1648ed2777090baf1b9b5f9e2208c4ffad61c31437960a41baa4d,1,1
8f3cb311be81d80dae00ed198851c945e4125e5d92eaf9c1756e3e8d5c64f2c6,1,1
6ac74fd8d1346d62c0b1eacb86e8589407559887d5cd4f037183ef6debdaa563,1,1
55d79c72135337c504804e6a1ebed2c172df4e7a809e6e172837467fe3d8a6ea,1,1
f9901b89a5941275ed5e1e47869372650786a43b29fc8c5453fa85785be4076a,1,0
6d5438d911e7aa84ace9dfd2e99ecf199c286fd33fe1c1f1ef1bfe7626927aba,1,1
f09b77c29a56aeffff7c976cdedaba962395f009f400be47de162080394579c7,1,1
a0cec5cf6579829465b706896af8596820ccad54c052ea66af5c373ce7ddc572,1,1
96235832cbe357e9837f013d6dbd5b22ad9722a2b7a16016c4e456ca8b44d40c,1,1
72fb4dfd336664075efe5724fcf8d4196ed9b1fde8fca80272c2ec622e19bf01,1,1
5eb488109c16878150eef692e314b84423a690cf8d1669524a85b04793199fe8,1,1
b19283a81e8cb5258d5782c1fae7173c35fc5b31f69767eca7ecfdcdaea6f2fe,1,1
1c698b3e3924bbd79c7bc9d62d51dc76e93272a5a52938cde4cb5a522612aba6,1,1
96766ec64e24745cee1a51d64f5e2c52772954a8948b2b1c59bb53ce50174be8,1,1
44fc0b0d2ddbb047508b65590c87a1ae9bd46748f054ee7e3e5f46b1f5034e0c,1,1
f380793e952385108e93bfbb60c03f9e37e259092072407bbd3c84835183fcea,1,1
f8d73aa96ea2b8ac28dc56592bbf32e8edb6d763e901a1f59904b6ee88bfafac,1,1
0e4ad59473e7df313738d22c183f9b8caa7b66aac6e7e0f0e10b1992d7df8d19,1,1
5b1bc6cf8f91a118b02ba190a8b54b3e1218394d94a66c04d63930af5492666a,1,1
a74424961a2faa630f409321111e0064b49bc0779b9e437eb25859ef3bb9956d,1,1
9f1342d2e6b2b1515b3f6ce5ef136a871fe2247bb14db07143d2e852220c8c68,1,1
1c7c5e600de70c3879e8701e37c95927bed5a10140c2c1b0d40ef6794bb05ef9,1,1
4c65e941f06496a6d344ef4cdd32474d84cb66f7dd8664c1c4d40def17461a29,1,0
c0dfbc1c947e6f93da12ec9ad2241c366466e7e422f163a5309b171070d24b47,1,1
2c456d8cb11dbc770ed3d03ef6fe3125970a86f6d31be4cf93270e05ee476c55,1,1
b16d2e16a6a7fd9bf8bed6a040065ed6a9d0746bc7ec6adc9790290161680c69,1,1
a8a04bb773212cfdec1ad5f76eda01172e433d98ec8eed5b2eb79cc585bb0e24,1,1
fe34c3b719e79a844b3e0de4c197713eb29cc1ce94e019ba024579e73bf738c8,1,0
4361d97f1fe5a76ad3e642ef89a1867901e63a2731f353b19eaa7e7ec559be70,1,1
2b20dea400c6539c01102c1ed2d147f6c595bab96158db38df1258fb5a6fc28a,1,1
4963997435bcc1550864d376ba08d4ecffaf95cf034ff6343ff8937cefb00db4,1,1
302cac53808cd3e9bf711e1479b3f99ca2b14b2a6e08448be0f82697a8fc3059,1,1
1c4bd5dac9d22fc9dd46cd3d3df24298bf7726fc06831d5c24cc85855de581f4,1,1
c4471948e705c875de94ba6b8dfb5e52f76b4e5d6a1cd874100f00428f72a7d8,1,1
d97267e60c1b8b7743628274a93f157f53f80d930a141e784d35a012ff558019,1,1
533a5239e30d1614a7e1ae2557e59f3880f9bb7ad0122974a1f1a0034d04f330,1,1
863a520407d75f4db3d41976b6a7f073abf5271beaed9348acd8eec40a689379,1,1
9bda8c5c5f84ddaf61cd2f575d8139a7db57fa2079eca87fc212e99e39666d5c,1,1
4a5b45546f86f23db2ea5b1c43a4b78837d8de20441a0d805ca2f86b9a04f05d,1,1
aa54c63eda7d7539964fe9e0de9d914c876dd5101fdb2def843e2ff7169b659f,1,1
913eaeb2db4d61bf3bb22cc427b90c18fb2b752edb7f8df8357a644cb40674bf,1,1
3d528d7bf43cd59d4cb80cf36bb57dd576e26efc21e44cd2a03bc45ef610b616,1,1
e6fcdd20df0b649825835abae6ee5c4b94edf085c1d80b44c5e35377575a462a,1,1
3dee901636ea7f1f3873eb3cb4a56dcf3f4200667b6fdcb06e826f4f095a6274,1,1
2186aa9b4067edddea36f65a67a8585e6f6421710f58a853f31a08c94174bcf2,1,1
dea05750899a4ba993b3728fd5045da9159dae0ae0aece3ac22bd84a7ad2914c,1,1
ba7a04d07d87b26ea0eef17875783c377cf10865ad33fdc999d5dc5a49625918,1,1
984a928f6e188a366091030512d81d72970948e6e11ff54250e8120eb3e15679,1,1
8df0872a4bdc25f84595484e32a645a5e179a9475dd185d01ab16c4ad68325bf,1,1
7a1b8e280b1be9672682db23b95eabf62dd04b958c5f2fe87981011e308b14cd,1,1
de8b04dee3fdb3f2d4b197a9306190c30efd91bf9903da55b9b3559c68c95249,1,1
604ade94ed92e671f143e9dcfd0e90f93a6c99ce7e2a1ccc3eaebfdef30f8ca7,1,1
b018d835ce878b72228245da33de6907319a840cbbd9ebe7999b0de5e4bb21d0,1,1
a6cfa0107fb8fc2340bfd72efe1ff4c2564c1bd306c00df02900166b3355b1f0,1,1
18cb4da7c2681158f4fb9eeb9f57c9cd86bce0f5558c967371eb5084d99f8aff,1,1
3b76224bbee64b542cc4a51334fa202ab28ea72d8e12db8f6e1663b72ad18a87,1,1
b83674121a0e0f2a005228785156575716407c24881ba72455a64d0c60c41df7,1,1
bfe0486a58598d95c14d9963b0fcd8026af2d426044275a83dd2af79c00835fd,1,1
9051424a6707715c1914ea83e9c9d0b48e221510c6b910761a1e9ee6c321f2cc,1,1
8ee324551efe2e4b55e15b41a9f5d0b40c19fb03f69bdf07332affbfd4ce3991,1,1
845aaa5e2f14dd660cfd888cd026dd91f1a6470dbceb7792e55b93853913453c,1,1
de868c72ca346a1f8015e9d855acbaf32cb73f6c0f552a30775418c508da52f5,1,1
092a15e8fb714d496150454d20735604c2f3ebb8e0ccc8c6b6a32cc557099471,1,1
0e5030b61797d37ac8f28f12cc5dc9e3829e84f8732930ba75015e5377b5a780,1,0
59304d21abc31e2eb7abb5ed4f38b663c9fc8eb5e3107a07b7ae7f5b70f3bef6,1,1
29db497310e53fee3da88a5a623ecce51c314e3a10672a8c011226a26502ba34,1,1
8805717fe04b5ec9c311d1a34498dd807047397f46b41c8171310844e43c53a5,1,1
0d9b8e20907d10ec4ccf070a91ead0cc92b440af711afb08e67270bb0968bf5d,1,1
d319e37a31edc8760e7601544fa8e198f0abaeb23b988cca0b8ab4821fead2f9,1,1
a2d147cd51bac5bcc40f94cafd4ff042bf038c5166a83326cdcf15d1f77b0666,1,1
6d6b7aece3ba64346e093dc305421b5d6464d32355a54386f1eb9e44ddbdfb05,1,1
68a5b6b79986636aaf576bfb2c22fd80f95e83a4f7f7242ad608641b490cc99d,1,1
a373ae3954953baa1abf7e368f6299096d68635b807a7ea1fe7b1873985b9b97,1,1
1b5939c482ed3355c0c0c055d5a5fe9f9afb6826c01798975d09044ceb31aee6,1,1
d9cdb39b198d93cd8d0f5b7b1aae95b3c7e346aec9acbb485ba775287187b7a8,1,0
01d74b67f2982ede450ff18e9e693f92e57bc0817296beefe869d1909766e483,1,1
a613fe30d3ed17b167dc4bd948f02810ba5ad886792794b51f36e7da011bb758,1,1
b28d213026048350e2ffc0f146a4334941de3955d54e45b422af35ee3516086d,1,1
70d346482c5fc090c9f8eaff89fc55826a6ebd54c46a74128ffd2aac8484d1b6,1,1
b917e8a35262e2d29a06938664118247a3c26ee78ef53f4d4f3d0a496f339f1e,1,1
660455a581d8e25109830dd48b406390c2d4b568a45625ee2ce9522b8d47cf30,1,1
2cdea959bf3e0bd3b105baf9d3303dcf53f5f0fd126e355c18e0defb94d3a747,1,1
1ca64c33f3adf4dfc40e34a8c192a40cc22b4ea13b8fb13a71616358b5fc2820,1,1
9c9b5a44cb927cdb9a9e8971c522fdb078e45134f1c9b12a105d1a7ad48058b7,1,1
7d7846cae2a2f6aa067b918c08c90690619cf69e8a92745f06a257d7f9d1da19,1,1
63bd8c4445b25f44dfc9fa0240a57a6c7e2ce01e8b3fb72506e8461b17845392,1,1
9f0eb6bf0372d4563153a69851db6e80121f4e1534757afc669705a525e4c24b,1,1
d55b00d3f941384adb1e207d1918dead6eb59470fed2cbf93dba493b94f13e65,1,1
6097495bae0aba69fcdc7dc04fa9bbae52b6a3d34e1c1a397a99b40e7f633a17,1,1
80597240beba7e1631ec51a66b71d024054728bc8fdfc96e4bee70bc8ed3a735,1,1
a2be86d728b4b29d57b5aa101a97c5f8fb9b335a58e716548791531f3abe1d1d,1,1
fa0240e32e0f6c9dd0998d772f29981997d5e9a051039b6c906b9e5ffc27ee27,1,1
8bbd02a49e40cdf72b2a948e4359f352eb5560f7041afd36b4d26ba6e28e27ff,1,0
73f1ea836d2ee8f5602850ea1467c70a68d4b269823b6795fa954e9bdbcde4f9,1,0
2d48a352a4c08b944165ce1653a7abf6aacccaf126fe77ccacdf783451e75b4f,1,1
b02e94fc63955d9d2ba2e314cf245f0217a059c06d1fbe7e2a745ae47e1e6d1a,1,1
7b8cdf067815b2316ae06b8abd70f72999b2e20ec8b2f93c9dbe3a743f893105,1,1
f69e2fcd9c62bfd24493264600b6ff6d96a02438572d70f45fe82e6acc4fa70d,1,1
76956fb1423aa6ab9e791067c91dd4f2ee8f761c20302ec2087fb2f733c14287,1,1
fd1aabdcdde0af136fc256be3ab35defdd80f8fc1ea8f544c76e9c03fbc55c70,1,1
2d85ce5c51fd03ceaa47c0047c66b4247fb8c9d451f8aede5d848efd04acb3e0,1,1
1326df33dfef28bfbdf4a05149636c402fd2144c357164b230f1894f42b35474,1,1
1b054a77cd755b433af74a754bb3817fbc3af573fa7a053dde1ee8c693132676,1,1
4398798a7a9d7b20c09fa32d29bcbd80e6cdd9c781afe6a0dd973541a2521680,1,1
3b4621b52784ba235a6643b92fa674a94f76566ae72ce6380b843aabb1626d14,1,1
7506dcc21aaf7bc9bbe062bebce161ae8130783c3b0aa53fe734b6556bf15be6,1,1
8707363d7c39a47ec1318c4cf8f44d10fb33d8c0becbc27ad4e6b6dd43bc7890,1,1
c3f5e49d4492c06290f7770cb3a19717154a2c6c8c0160d8970d1389655df46f,1,1
c8959ab5c87a0b5cea05d037186bc55866c86aa8d5b2623a795bed4e9b1610d4,1,1
f33ba152277eb9df69fff37bdc7030ce27a5d504e40bc20594fa838209650035,1,1
b8104e4a1d6ae85f3352ffbc75d8552e34acfbe9f1d77cfb2bf6fb4783e30abb,1,1
38960508fd2199220e771dbbf7d3ba58a91877fb6dd93ede2e3877c48f5de772,1,1
413dba6916a30d64b26372794279bb656698c1999415aa9c5708569ca2f4e711,1,1
a7f1fb5a28644578fb4fdc3ab2ab20e204a218d8f986f65ea1172b7e74892baf,1,1
a39a501c2ee55f42bf6df07d438a99c3740a1a1a3fb688784a81093efca361ad,1,1
35320d152bd1a369197f41439a5ef2bbd2751c72038b647b0b945abcc8da4116,1,1
78855421c3045f1e4af5e265982e8db91228c166bb0c3a1afc4b6eb3cd56fcb0,1,1
0fc2c561465e3b756dd3f1bfa30b28cc8b970241225ec63bcc450da5b28f1def,1,1
bac7d602fe57333874bf95a0b3db719798821fdb1aec07eeb7c4cdd09aafbc92,1,1
3be9407f3f87e83c277e4e622cc42f669833b550c1ac686e614de53e326236a0,1,0
21dd196440bb8efdef9f79ac4afdbbe9c5a9d2ed7e5dbf30990ee4e6bb6486fa,1,1
44d58a3ca64e29ca267a035f7ef512bba0f72248d68893f7080112b608e1903c,1,1
a44a92112015a233dba8fc9d111ddbc468508ab92f9b26eab645830af6f28af3,1,1
3a55c7eaf272bf383ed3de201f0b8f9a53eb93f977796de821cd5f5907ef5340,1,1
28ed36798cc6de30e546feb2e9e5f4c38469d33efeebd5589a3fdc490dd46f9c,1,0
35b3aae8dd90531985707dabadc19be464c00532a6d73dc1fe9a9ec01d7ef03a,1,1
a1a1e6cdf869e57a8b4bce049445a9ebd44dbaec03604b1fb0e27583d636d3ad,1,1
047f79ab37dd4072df1540f1ec1a3464e0f0ae2ca8bcf61866540955887b1d60,1,1
f9e08789f11b30b39794eb7c43a7fe272128e84ca7f43fd9477fc94d7ae9d6d0,1,1
36443545f4e941aa10e35e4124a95c1abd94ce1f03e1c64bdbd99158bc0b3ad8,1,1
ea893b0ca936ec48829f6a4d1e57cbf44aadea31508d2329b43e85f015721f44,1,1
19b10b691ed97a3cde24b032f9740b2801a5c2daaa3370f747302e9ee2f2796b,1,0
5d68f6873eb79747e81dd0fb704b48483a4118e9387949f57bb7d565cae6bd78,1,1
d146fe7f7eff8aa9f9853b1b5bf725390ed2ef3b3e7f99ca977b8f0c6fdf1b27,1,1
01defff9cc9378882bbcc1db22d8363fe015673c94bf301e7573d88082083af6,1,1
c43bc3f778dc86633b50e4a2c94c9189865122e33a71c1e3a5d1e9e2fc0cfea4,1,1
0e5ca44bc5577d91a7f263653799687ada503394e0a00b515c105503d5f5fe3f,1,1
7cea964c12df3cfd0229d35e7d193ff9c91892ccec3811563413af4bee617eea,1,1
2f2f8e6eac891f3914f78b13aee7a105595a2649b3c68b5065fcbf259aab62b6,1,1
4c54963f2f0c29bee1a505a1abcadd37999de34eb792a4a74781c83aef85473b,1,1
32d3074813a768cb44d739e1229e85a62b61144c51f5bf50be3d3af8a012a271,1,1
88c43356ea0e4d5bd8e511fa1fc48542a49103f196446e2c39706c5cc1cd22c2,1,1
5e6433bb03d62564028ea5dae9a2bf0aaa5a543a7af019e348fa730d91251b3d,1,1
2cbac690ca790cab13c8d835c5444eeddefc626e3a429bd28e9aecfeef35458b,1,1
2d7bedb5e17a2afca132b525139d30df5e64b3355d3fd70a320f55caabff7e1d,1,1
bb4843f42b325381046f9f207335e4067cb15b69d91657c10e6792d0060794cb,1,1
db610db5d1c4a84566bb7519911437c6079226d497f6b7af16c5acd0f9e8682d,1,1
723aa6a9f8ddaaa155e3ae15cf5cc447a275d1d97ce977b91dd01fa43929ec76,1,1
4e50c90c2d0f2e77703d462ef29fe35e5a7d9ac01778fa62a135f4c86730afb0,1,1
0a378764bf741dc6d48e5a799bcddebdf12dc83cd8adae68a8a30d05b76b4630,1,1
dc038ecd9845706e2c7ce62091fb9fec23c62a7efcfdfa2f8c4445cefb817789,1,1
e3e353e9b00b65a99815244637ccce531b16018d2338026a86c8f80fc2dfcc3b,1,1
0b19464cfdc3a08e3cb69f8f8a34f72ed3aca98437189699d7796c890f0162ef,1,1
b8da4b61ad18382195fc5ef204d5f2194578822f37f6af1dbe8200d050ee1672,1,1
541f2ae523a4103f4e5586a62add5e31ce196599c4a36b1eb9da2865d3a46b1b,1,1
dc3a4b26d5fbc3d6f8740619301d143d7dee280d18a3b1161e28e5c54f9fefde,1,1
cab5dd01006c87cc49e9ba87e82a7ddfb475e84f8e79e24c9901e77153fed615,1,1
3af8ffcbbc0774e01cd24afd4b50fbbdabd9bbe450de720837327361f720830c,1,1
eee33080ef7bda777a326332b09818d9f54ca43eb1033e50ec2495c979cb3309,1,1
4b620293c4c66c27bf45544ceee001e5b8b6bce911d2330c5e152d097ae9193c,1,1
6c6076c676726c6cb8ac69b5b5754b62ac0122b7b8b03856c9927da3bba22e46,1,1
c3819a1fc02d1b2855db85252f071587486aefc258f24c3f63b3e52d438017c6,1,1
fd2dfec7f93a47b68e99aaef21675d6bde78a068bc380d260c6aac4fa4ba65b8,1,1
ddec1ec67ce7bdc63804e4de44de47468e4aae97e2e131ba842c5bae0a8afab3,1,1
cef4bbe3ce4763d6492b9c938736479fa908c54dab73d52c9fc153f061bb1c2f,1,1
f901b708e9ce782ed28104e92fad33cca5a76961ee3e837f5d0fe84baaabac98,1,1
a5cd0aa250d52262884deae0244ea2b8df98bd11200f5bd427b53978e33e618c,1,1
d929d6f0b3d5e2187532911d191f24a62d5e28410da3349419a82372baebc31c,1,1
1d1902c7c53d3e966703ebdf0cbb8b96536ddb18b82d2ee46ff754fb5eafb8fa,1,1
bca032feee2732967870d16b932ee74d46eff967efc01058cb0a83a0bfebab47,1,1
900b500d005406cd56953ac2cd5ea21338181fe2dc9a90034f631faa84149fe4,1,1
1d1bea5bd399b3518909ac30fa7845257e122f622c6bb55a31bf8d9d1f8fc836,1,1
cb41fe087a0c760592d8854b583409ef8cbc6ad34d78b2a6a69c94c0f440e2f3,1,1
84f93b1a2d6cc3c7f1e2a3c9b9f8a2c517444b5a44eefedb13d6ab73356df8d3,1,1
7cfcaa3e4f19c9c04081f9a121cbf2ccd761c75451a5c2cb7d4990e051548749,1,1
8fba377b595b471d018697dbdf7577662c191c50c7066b2c2d59e66acfdc27c9,1,1
03a91940a1e0c9379d2f7a48a19e645ea10db8d3a05297df97a6f1c8fe2bcec7,1,1
c51951eb3ac955e3590421adde439891df79793576ccee5d4cc1b8ff2bdaf07f,1,1
25520bddbeee19f4d5ad751ceb557f280f6d5187745e19295af345c58f62b95a,1,1
55aa7646f05c9dd8dce09608845c8bbe76d0aeaf21a77dc398e4431bac74d552,1,1
7cbdb7a5ab6dc64aa7fef81ddc6ad3c47a957cfe7464fe2a63f2f955a9bf89a1,1,1
d564427111e5a432da61b31cb01d6ce95d45ef1829b176d70d0dcd454a625ae5,1,0
c0ded8f464ed49024c8c6b08c348fe188d6e7842281bfca15b8d1076283f9707,1,1
c58e8a9f1c2b209d966330c2d14cc34255c24491e858105e1d31ed7c503cdb60,1,1
6cdedac214db97090540194a00e3ff45591d42e7e2ad4d3c498abf6464b1d251,1,1
f1b5ca28d5209fff805f9b6fdc9a84e60f0a244ea06d378174619a003b69b7f2,1,1
bfaa91369b412ca297e0c5e2d39f1c78c40eb3497c19ebbc642a0ad29d5d4c3b,1,1
1388789b30ec4835f3c7ea3ea44b538abdae7b29cbad347e95d806a08b526beb,1,1
bb4fba5fc796adfe81707d2242f143e7680dec5c0ac7503d42a9ebd3898bdcc4,1,1
011ea88288f305e0b4f6e061b4e9b76764b5877b01d545b90a43ab8295f60cae,1,1
09d5ac75d1e6b0e6cdcbd65ba7730b4eff4c1e44afa522835dadf5f3861ff7fa,1,1
d9cb32cfef97e653bca7501f14c2cc4e07523145fe6fa10002d81c579b8f8fb3,1,1
406c58dbd81aabd7846d6f6fa81da1587e212e967031d6c06fb552d345ed5ac0,1,1
5c65a54c31910cc744fbeab3f9ed6e4a1993b546a1cd2d099d8f32a588723b58,1,1
a845de103e516d9320108a469a3c7b223484a383db4d0e30972df175a57973f9,1,1
067a317daf234668804130e4bbf4785a13b6d27fb5649936f69794b84aba0c17,1,1
41f3940356b124c22854174818d6d13a580f16cc0c5ca253f75608abd1ade752,1,1
888ed533687d294d1ae562a322b945c020236b1e7d45ef0eb598581e3c6274aa,1,1
4c503eef2ae75c434d214ffc20b272fc2a09c838c3c5ba68af5f349595fc5380,1,1
298e74bbb0fa0f5c3de1155d32404bb64dd9b29a831089c439f21597abb593b0,1,1
c210de1cbb97a431a37157ff6f36875f7e69cf49150c0aa3f294609f227608f2,1,1
02a95353be6a03da02a73d8a8bde8fb8459cd4a741b25e9738ded1902837c506,1,1
2c2589f7f32aeac9b75c7dd4abfbc07e55a9cc0776eb19dd5e8575f8b0287d9c,1,1
32f77401422b66a6321c37fb5e666bf8e76363af83baa7993b9ece16ecdb6e20,1,1
e4b6d8a82f413bfbab5f271852aff87f536094167cbe2f596aa7250e979495bb,1,1
398b66902271ac3a0a9c6ddf4e718e2743d4bb04c1df1ae3f98b5d29e42dc71a,1,1
9fcb142d8d0667c79a57765b47e9427d9453f556b1289e7f4e8bc6e8660aa18e,1,1
6a0b79002f9b9b8bf87cdbddeae02c4a697c1357c8c2dbfd9389966ad60bdf41,1,1
522ce1e3899acab57ce96a201b6012a6a68f40de49e75a38daab855489564716,1,1
9073a5f4473cad00f742190a179df9600af12302d1c4c298376e9685567e964e,1,1
4ed9a0908c5a689f26898fd9323b61dd5bca70c6edffd32774cf9f165f3bddf4,1,1
c3fa3cc5463505e7b6b6b8dad123c25b7094bc4ef71a1cacf0025f04f5ff9902,1,1
ef0982a22a8c80d6f7abc40699b4c521f0a360a094b69e7eca4a3d328357abb0,1,1
358087045ed53821d65a4135546aa6e96ff90c12c94c0daa9f09d904ad1930c7,1,1
ede7e19cff009d6f7acd0af904e851c9854e8392b64ea6be5bdde7e54dc1ffd2,1,1
2eaa3391ee27b63312d3d62d616e657ce54b976dd91e3ce0dd079c68cc6ec348,1,1
bf6c6232c2dd36332ea46fa3be447e8aa291a061198f86c4f8bbc3aea9fb8fe7,1,1
aaec3733f2046ffa9650df5f0bc8bd92d8f1f1609e5a9e757fcdc19acd2337df,1,1
4d166ddb92a9a70b0f1f52b35024b6828be9c14e5a2cf0c8bf9dbf326dda2467,1,1
14734ff18d4bf489d257735c11c8b0dc1e8c7eefdd5e57b70dd6d1bfdbb0bfe3,1,1
bbc3d5901c471fd6d86d1113b8c8154098c0d3268400394552fde7a7a2447157,1,1
bf5c3b6bcdd2014f967477505b748d8b074eb4079d4ff64a3e824178e8959e85,1,0
ab409b4bb90142afde022e2a65c3c39b6abef0fda82edfa97ed082f4269a7828,1,1
6b25605d34ca7442e69446138ad749ac560d938b993285d3add2e6910d859f75,1,1
2fb619f22a063a5c7eacc9ac1bed7c7f7a2de66ea87b27eeaff6bdf4fb44b6d4,1,1
dcd0f5909a004a8ea69baf4f01aa5f2f699f9f956f7b40cfbef61330c520e37b,1,1
554142c328ee03ae740c39316d5474ba72d3fd0c4d3cc0212f40451d1ed472cd,1,1
8fc783ab50efe5a8c9b1d185b790e45f497422f0351bbc5e1c325178573ea385,1,1
e89668d68442a92afc110bdb3549197f203e6db094f36936ed232cfc820059ca,1,1
0d160a3c6eb2d19717a8857a2c25b25f82581278c14b211d9823eb6ca724e9b0,1,1
810aa450d42c011399cee17e0bae403627559275d4981445ccb9df0884790c45,1,1
0bea75677558b68515f128b61a4cd709edcea174d4a01a382c19daacb3d73d2c,1,1
0aa44de3fd1051989a8e64ef2f46a6e8b9e62a7faeb33ee9483eca7720320291,1,1
09232312f7a83de15de549a8205bfd894072211c2d12595d3d10ff729edc2fc6,1,1
a05c92d64ede8f18ce1c5c0b105a3fac352a72be72e8b0051cc7ff15b2a4e064,1,1
9282f701afe5fdbf2aedff8d2dec207aba7b94b34478c22e66f7d33fb1876fc0,1,1
a7091a72f264cb179ef953357939ed8afe2eae2d5dfe621a4c9b8e71925e6f9e,1,1
8ace000da60503f4323609bf5f151ae3068a94d9178d8e151c75641d74ad8593,1,1
6bd625daa71b2793e66cdc9b8b513032155f1540c7277d8698e5221299af4034,1,1
748ba79b90f5b962a52881a516c65670d5f97203c9e9f5b5dadd43fdfc90453d,1,1
f5e69125446bd530dc3f34786131f127c33d507738c493755d70c8ea0cb11d62,1,1
e401a1b08c37af6f0e216235e8b94ccea8b486e277ad89d4857c382e48eb378d,1,1
fb268531d19b8a7347a18b7c7183a05023d926a6ccffb29b2cf24fc41bae68d6,1,1
064f93fb6dcdfe6bfae4c86b5b42c66e4c736db3f9bcc94dd5d9920d3bf0593f,1,1
3b497ffad232c4a2170b4a18511c65f52270ae1794457dad4b6ea7aab6ca65ef,1,1
5852ee81ec3c4ca493eb0af18980e30bd6539eebb99c52316d8e55d631ae13be,1,1
28ed051d871463a94c11fad57f88a66cb0be75103bfc4c8c2dcfc97a69ce641d,1,1
2a473b84320eab6a6ba07edaecf5499d1d8d3a6f5ffe0cdf7d17798180ce9028,1,1
90c90a5649d9fde250bdaf1d1fa9103de1ceacc31d43c0202e8af3011362dfef,1,1
090bc11e0fe14fc45557513b32b25df5b3abcea0bd8ddb06d2ecd90eddc5ebb0,1,1
c9b05ef51e9ce994bbbc823e8171a211dfac45d789eb53b61a7fb0fe4a2adc46,1,1
39632b5860220ce2d8e17e6e28630a1328206feab61239dc883579fab14ddc37,1,1
eeab951b543c602354084634d540c497de6e2ddf6c210786e094889f12e61c0a,1,1
f81b5b1c0f0621431196f047c472bd5f44293fb6bbe3f8c3e2dfc3b2953adb46,1,1
8dfd0a5878e28edba1fb9ffcc810f94253798d954e346ef2217b8d5355d85c1c,1,1
f46f601e983d00b3f5808665b0abd5b52023225968bfbc2b4960b3dcbe011ff2,1,1
d800cd1522da75b7d98abcfca1786017a306348097b08444c8e663bbd8bb4de7,1,1
6e7a2f295f4b74caab69ebb83970c0818222073e0f472e5b90da5e8ff2481485,1,1
01ebcb2090567f4e5e57c004766620f3bd0189890899bf65a5789a3c5227c0f8,1,1
ae0cd7ad82ace8e414900367c61b652a0e815aa175b8276743bd827c0ea7582f,1,1
846c38121c9293422c3c44e8c415afdc7ca0ab41457e58b568a4b8b092777ab5,1,1
f2488331e5f9f3d6c04194d8d7e4b3cbd3fddf3e1e89eadb339333efbf2a63df,1,1
c8ab04e12a777bf9a698542ac002d7c0b4ffd761e79cd592710e0302e43ffd6d,1,1
c0d4180d5d08048679479113969176ec2ca8aa324d498f9ef0ab1c08e9de4e39,1,1
bcb6094c6ad92a48d93c7292346421b02656f272105a5f56857f8fe0d5405c5c,1,1
e60666780793938448abcbe866cdd6f873b077b6adc34bfacd4e3df9b5c34da7,1,1
cd54a7daf8f5aea5a8ee319f32db5e5cab775ccad81b9042eb6ee59e09035e97,1,0
5f631b2bbb10766abd6554bf5964897d2179bd0e8b426c8b5a015299287f0adc,1,1
d8d94baff875fe57ad3eb024aec71ee1920f79a93c3d93a0963d1113eff96f29,1,1
092be1b47829fe5adf322e550e319cc38de40350a65901e5100f9d5b616678f6,1,1
3fb7f02f5989e340b1f45ccb1be980bc19723a9ed22abab1248d21cf022b759c,1,1
191a4f059c0d1539b4b3f79a54d46afd476e197da6a7ca03056000a14b09c2c1,1,1
becec9dc92926fc7c53283e139ba0af9767c6c18002bcd115744d2d28249d4a8,1,1
be7277eabc5ac4feaf77ef137854b0a6573f72539cc92e9544d115132c930236,1,1
47f819d68ae4fbb37dbf7e6d30a93a75984df0cf128ddb33ed6afcf680c5eda0,1,1
f356d3fe6fea57ce1e0b8c47d14bad92aff60ae4a41eb3be4158195ac26ca849,1,1
1b7f2598ecc83139515cc75cf423b2e7737bdd89e901bb3f0688544f85c83f30,1,0
bb1c59fc3c8f39ed5976185b4db3a460d52b4ae96569c284ce5fa63a5d504ffc,1,1
3232677e080228a81e323300dcb014e9b076e8bb18cf95cc0faa99730da08f53,1,1
e87ac08d48cfdae604fe3293a577f6168f99df8618eadabd30da7d9ad4de1a91,1,1
01dc7f9de61ca73933b52b9f5fb7ba9b2392e58c3f4108232c4f3f37c897f6d6,1,1
e2bd617b38735b4c964e503523d1bce82c04e8c3c814d8347067afd03ce87a5e,1,1
c5e1f884c636e53b18e42828dada49d05adcd590e7bc3bdf02955880693776b8,1,1
4ef6bebc7ef6631388be6155bfec3f02db6370723df9a1e3b152d4572f1e1798,1,1
597d92b23274d22eb09939c7e0726763fd62479839fc35dc40ccbb69469c7deb,1,1
914259ad0b68716674bd836abceebf9f4930246bb3f4d8e803f9c2c8803dec9f,1,1
2fff4abcdd3429e5993ec2ac86dc9a8cf4378a9e8ce1cd7c21aa122037de994d,1,1
3e73d8d9aad856f58d0a5196d9bf7078519cec91a7ff0466cf18a70180751108,1,1
12f84b5bad7d305d5c79c9f96bb43d57930e3506d9a164334c38b003da7264c3,1,1
b9e5cd52d176118f4832110ab6e8c9b372692dac8e1d420210ac25faa20351db,1,1
670bd505398c3e48af62ab27e56e32eeda73245ca820e6c43d92d9bc630bb072,1,0
25c189fbd2c43dcf42240fe6b17f72b0512d42b81403525c3f2657e5de6ed6c7,1,1
d4d7f0179fec1ab2c0e208d203ab39cae382dba8eb992507bfe5010665f63388,1,1
670728786201bcb89db8801cda9a18af77c9015b833520d066e3a1e6aa9d4e16,1,1
15a5444d0305d7eaf900d79a98b232bf726c40314b48c827af2084cee7401942,1,0
ae2875150839d436cc3dfa0c65b3f56b468b5a971ec111020550a6b44efdb44a,1,1
50c17fb7ebeb9296aa1d66322754f3e03d1ad60b921cb574ded933c442d69d11,1,1
c73f871ee72cf790918c44d43ed2eac886525c3f89763ee20bde62afbf35698f,1,1
e972baaa6550eccca82da797fd23674406a787cf979ca28e9d5dc6f577383e53,1,1
04de99f5aa40e1febdde2a3aa8117db23f1c222c14997409e198103e5713f6c4,1,1
240a375543988b6e7ab5ea90d0a83fe3f77244339522de6b11f2cff928f8ccf8,1,1
ee01ce431a14a5c174bc4416151abdf2da659668853ceae2002ed16aa8351714,1,1
7066f55d0c12c9192c6e32883f1494acc891a1b134e19af500c74a66f49e7bcf,1,0
06f4b1a5a14d0f50a67c633db9a4dcaff97b58f5ff8739f218eda0edfffc9019,1,1
ef767fb536b25aa0ff0a3cfe8fb0772959d2e5d1414857263b423ef7ef89ba12,1,1
a1a76ab7997d63448c2786dedd2e7e5e15b10de9cd92ce4bde5ae76def417bed,1,0
e4c3a3c9623b10407f14480ae1632d65ea6091b9ad76081cc0867560c8586b1f,1,1
442f6f898207214d10cf50d94fdcf0a25a7fb31754f7b50b341310b68595ebbf,1,1
b199ab01b702521303b3d7daf1476f72b242e77097300324a44f702244ae2f0a,1,1
2ebeabbfd47ce5f3fb4eaec300d75fde0ca5dba834b70f72acb1639c8c892f70,1,1
5a461588ffb7f02266a0ecb9f106fc2d5cb9b46f5bc9a21417a8fef003414a87,1,1
354f5e53a166e9308491a4c76171942a65a51d3494ab9eded6a446bc18d5e37f,1,1
75365a82de5e6d9f313440599e855435fb7fa4575a4fc82e98ab779d3e89b38b,1,1
046406f70fdefcddfe702a678b834acb71e1612f3e57cb6af4c13944dac3beb1,1,1
95fed7e4b25a491c863d2a0f46bd5e504556fd26a2d7f27815953ef64325aa7e,1,1
0d18063dd4e1f5a45e3cb78acf806364823d5f0f52232f4168eea88263ee99c8,1,1
927f746894e9b452bab773aa571423f2de1efb31dcec72582f01b4bb0dca5b37,1,1
7338e58e7663d8b5f237b73a39669f2472b1aa6d6dd68b58d58582e0ade3807c,1,1
4d8d08658c87b38e1215cbd9006e806cdda4cc82df8de86c8476f8556faa60e0,1,1
8481492fc8c1b59988ddbe4a84c813ece2fe69f3cde440bda1689d3c0f3f4d77,1,1
6a995c73adbdf0aa1fd7878e5ab560f69fae1ef05f857f556d490fb4ad07a6eb,1,1
b1184fea3f4fcd030b7a5de48f00acc38f4f5ec99459eb001b33f229553d29b1,1,1
932fb8843d825e34d1d590d79847d999dfd2db1a26b9fec500963ef2b7da1334,1,1
8b86d50fe9413248f73c933bf3017bb8ba8031b0e121e7c37da4fadd392210bd,1,1
3325d246e3ce887b23c34174ea35e4be3a718a6f5b888736273c70d4f42b82f2,1,1
b014516ff2b571ed4dc7c4dbb4fb04c328ece2fbd08303f955975f28d043d5c5,1,1
ffce43db53d92a258e7a90d663a7e3a7f8699464b88793abff8cfb5157019842,1,1
228b0ea2e40bc75faf87aa318d803b30713bb8e83e412249fb23ed8cbaec1557,1,1
d03e5936fd37787b4d546f48282f2f832b4c69c092b4364765cc08b0bd61247b,1,1
ad4d47306cfa9dcd88c88fcbb741d44d8b305f0b9bc9edf76251ab2cec2a9afa,1,1
444520c7bbd2fc37f359bc9ee4d44b47ee6ee022dbb971bdea3234b0684bb8a4,1,1
5e8b3802742213ac42a21cc2e5825733517766503cbee51ba9f052c8bb024f59,1,1
b8bb297105bdff2a520ed17c7aa68543ad44b22cd5571e667420e295e7f89f2e,1,1
20b4450a10feb382a6d0af442a9631e92236266986bc95cb8522e295d3aaaf3a,1,1
c093b7e74ab93dc61fc7ca47e533502acacb4e6dd0d8b3d23e3eb4ad1d17ac7a,1,1
37c03903f2b035adccbd0dfb8d0357c639d631953f5fefefa721deb7ed2c2311,1,1
34f1982cf72bf608d95b25b608b441135cb5d5f258fe74a9d8c78f9e39da95c2,1,1
57d0a5092c5554f39b99643c59fc8230c3db7e0667d8cf9ad1a8ab008b9bccf8,1,1
a9e9e4ae0f422af8ee546a6a4a67e8a755ecd0ce5d7337e76a2c66cba9da9516,1,1
6dfb65926f184e2ff4d071537853afc58c7d543f454367c6cbb43046948a39f4,1,1
647e017bb6c5a78d4b68b9bb7983156b594a61bef66d7133bd68c6fa739ab435,1,1
24404974ca2232ad90e277c22405575db9c9785e9dedd48f813dfbcaa63428dd,1,1
1138b4be10303e823304173d6e7827f2c7733e78ef2397fd82f5728893faa0dd,1,1
72d73c33a71efbff3469c620e3f16b0542712bb2a1b9c26f4f2d4f4a05100de2,1,1
8e45f42ea370d86c589c9137d1d4fba660428a05f14f071341905afe68695173,1,1
93d626548b5f48b0243ee91c4eb911038a29b3005b3f090ef237c4a8d881e990,1,1
427c1fa8b1dcd0e50faf8d96952f0c3a7b2102a9b552363f2dc5fbc333cb5c23,1,1
95ffc86d3b280ea70cacdab28e80648290dfb018e7154993995bc4e289016a44,1,0
4400dc3126ffa3f90b09dbac425f00fe4880051c41691175862ae9906ed7c969,1,1
a399cacfd131462e08984469460a40fe85f142184394d3b9597b725d7401cc84,1,1
9054dd776179da3f390fdde80e4f91e5537a86a6d4f9c666961ddac23b36bfe6,1,1
61329a360b0af200e5a9dc328056a5bee0e3aa9d67bf4dea8973cc9db0c94b47,1,1
ec9f9de31b8f4b8bd5f81f0e453042f7d112c5632f83b97651ee877275dda571,1,1
b511c5561cf1341e2723d72f5fdcb6489e72d4cf6e78266408859d2d11c575bb,1,1
1e63ff4034287c679438042d696856ff29257ade47028d19dc2f405ff5aba6ad,1,1
99ba79bbc7bc220bef7122c095e22a632924564b75b900a4989c512a98358843,1,1
97aab5e457f8b9a825a5c717a138892cfc0ba647ed0ff525ff14806b17715f79,1,1
a62ed3615f18545c58ddb0c4674085c4a9c4ebede9d7fc6c99bb93d85c9811ce,1,1
181f5092371f638bfb9024d673ce6f7d99f8448a7502ecc5f09f7089b1ccc7dd,1,1
b82b3170319271038627eb08b4b684e251ae8e30334c9a7def97f7ef9081df2b,1,1
3ec82e06386728228a004258a306f0bf3565e937f128754b8d6570bb0c0ade37,1,1
b22af45e7fa3f4780a165f7931dfff379a40d288f2d563be3398c89283006c86,1,1
66834f400683ccec5af2826bf344ed36e9079ca73a73b818b940e8fda078f259,1,1
f42a055d2d89e9d95dfe128b442a91cd129c75cd5c3f3906397237632db06db2,1,1
8687d84a973fa8f676f2f5832bfcb298e492c3470d96ca86caea6959f6b99a0e,1,1
679d9a22f46c5fd364193e502ca97c9d42735ec779ae8777c48e613511b01d6d,1,1
672439941d7d9f3bec7ece8bf10a8ef8a33933ac0eecb8a947c57d4da17065de,1,1
289f1893b6c8dcb1c842422cf7abb7d09a2310f4db751da85ea9679a9292c1cf,1,1
d3461c96071cd053083198faf9eb061b013eef109e8e5b51d6f788176d1ecaa2,1,1
4becd7a6a766d8e1bc017852ed28e395d5e37a51e3346497ce44458ad69f560c,1,1
f42037116dc23efe04654e603a67c1cebeb41e9c3be9576b884fd291ac04c151,1,1
fc6949cf8e7df8394d15ea984b6852df5cbeb6434bfa8674643ade9019c8f506,1,1
d0f85a83b4283c110c4c23d8bfd5a60c6ae6e5e70d5efaea5913c13d6fb73f2e,1,1
06068ba5cccb84fba70a1341402a1e59f7986d9c0854954bcb92d6f8e86fc015,1,1
a2dc47e839af369f563fe3217a58503bcfd62d8f6df476df69054eaff64b567a,1,1
df140bc7e277cbf1784bf3c7a7f8337dad327780ec13a10eb08f711042ec2e18,1,1
88026f84bab9e03f113370829eb9200c65ff9af0d2df55222296dadce63e0619,1,1
37d22b84ad0a848ed764dea1a2ff64c95d27388bf2213c2a59ed314208496df3,1,1
151247db7b0a535e25771893992e9ae53871d559651427b802fd8619d6a114a1,1,1
c2615d4a3d470ccfea9eaa72cc793af270d4c03cc4f10dc4ae12ca4b1e722ef1,1,1
2825d434f95893e1fdc38ad48a2478a1ffc6178fbfa16139909e29c37a80a870,1,1
00f96109c8c95fe112d9e3bdfeb531389666a8c5d56cd5471a358785f7eef5d4,1,1
5f66aa2f6e77e562ca5a3e21a084b3960ee2b1ee91bf233f96c2b14e08d6af5d,1,1
f32aad806f6d571746974bd568403181e4dbd73ae747878f770c4f459b51fc6b,1,1
8453195457137f6ce9aaf569f92a2a42a70ae14ecd9542a475fb7a4ced426a14,1,1
b26bfdadb7e20aab27f03f2f0dd0fe7651914312793c26527f0187d9b5e284d0,1,1
026b32c1ae04b99e19b4f913ce13a0fd7d46d6d21fe66ee0279481e5677d195a,1,1
882e3cc8b0141235c80a0a7be610abe10033050bd11c26961a4bcd806b2b3c47,1,1
b3c588ddcbb2461a29b4c9675b5debe187f0e4d426a515be0d6bfe0279d1a42b,1,1
2c4e144053a210cc4df78ea94cd4ca0c9e524fc0ffa7a666a0f93974b91397a8,1,1
36a4a30d76bcf9ccb5530108e94ff66766cd1210f93c15bbf538a82ed0ee13c6,1,1
c19485f441ce7616bd9b6fc21d28193a3d90f2658fe51afd10ab44e2ca6f15f8,1,1
1ed8b3af8f4449b0a76376f990e0286275694aac11666561811fe0c17f1561b5,1,1
2632c5cee5392d1c7be99473284f22cdc140b4a9d0383431e8615c0101c19e0f,1,1
cf7c387a8fae29f1c311f022cd5623ab60ba79d5f36441cfa206f07358ac0abc,1,1
1f1a50dd7ec5959bea887505ab2a0b40eb6855fb53878c9d73bece6f7020a805,1,1
42ac3e5df618b68c473f8c6d87feb04dc11175b237ae5e949c3dbed898401703,1,1
a12d2beba9f0fc87022fe77ad323882c3c75be0ea2417349fd963fe206d50c49,1,1
c381c0bd39b2217e3eb65d31116ec69eb5da3349b0aab05b3f714e229d87d831,1,1
53ae3dc7c01d61dd10e901f7da8abab46d3e64f76e78d50080923bf28351ac39,1,1
9e758110f59bc70ebf40028247a1a2f1387b0102fe310cc2a01c9fc6bc8b0bca,1,1
9ff60b0b08b1df7d46aee8fcea68a6583cc04dacb58865c3e24628a069f111e0,1,1
e8366971143280758fa9c530e9e0de2ad5e4c153f81118e34cef4be05cc28460,1,1
51c43713b640de3c54349ecd2999f90d42adccfdf7e0beef898320da3d7fd60e,1,1
8b7359a247499ba2b392da097f978addbdd946e79dffc57086d9eaad1409134c,1,1
989d7762fffcc2ba0f4f2a8af03777c70dfd62610b329461a541f9e2da399d45,1,1
6984a232ebad6f1cec891815bf1c1d24576c3a76f235abbcecf7bfa749a6e23a,1,1
511b10f77005a60332f35c474d42f80c605265b53514e2efa80225d64d4c35bd,1,1
2c2aa2e3164a303ecd869daf58887b040c98a661517f4a1ef42fff97763110f2,1,1
8a6353081212335b5e383e9bced72922ac0a003a10cd5c06a8dec5c967a3868f,1,1
645516c38dbc6f96d35089d1a832ae8254b72ebf9a016cff90a3eae754da2653,1,1
e25d4c9bd949d0cf0b59ed0f2c4ff16b8a24479051c01f95818878c2bec7a911,1,1
2b96a57bafa3316535f3c692e9afb4b721f6a6aeffee17d07b926d89f956a8eb,1,1
016a97798568bf6929895349675c027e30bd3d09e48f949f70499d27cb5a38ca,1,1
5c94988d3f1ca968a21e92f20b7ed25cad8bead81ac7b69154077df596132a5e,1,1
f2c75e23e966c7fdd851cb222fbba3f7406e1c46d1d2c8364fefb33be0c3d127,1,1
0135b98125d80e1753fc9b1b5dd855e328bfa3cc3c333faf95e1ac058f5fecd0,1,1
e9e47d5a8626c4c902f6abe5e13786a95d62182cfe92cfcb537424ee15e6a56f,1,1
4bf2bb82a4aa144f46268f3d4729e727ef888367ecf8f0437e51a839e7ed4ffe,1,1
fb77f8cafefc790013b77dbedb81170a7bb8cb3ccd55bfb7d405cb7aac857cbc,1,1
508004161e5525168714bd28cef367b54a1bb86299b37021874a4a26b77f6178,1,1
c232964fa765ca4e37b96ef537b12c1dfa7ceb8ad0d8d1a8380e2cba22c24145,1,1
844a186554e42defebc9c59021b5cf632fabf6ef3ffe4e69c95bc342ec163f6e,1,1
9d337e47f01308f1e6b9336a00282a05c63726a860bb5150bd00cdae41dd31f0,1,0
ad906327a0595af0b69c89d03b3660ae387e7b783f1c25953bff33a56ce23a33,1,1
d3218833ba1b2e612cba85ddd347ba2ffe34fe8204cd23fc08e17b50c8bb7130,1,1
46f8fdb3ed69bf78376ed7408c7446b6271d4f68eff6a0dc50f1399bd4ea895c,1,1
eda7365bceb26e82f3ed1d0ff2f58cb240f028867ed30c8af900c0de31664ec9,1,1
b802d4523b62bb7b563c6af4b0ebb12af41cde0b8b4d48b9a3e5e13d089470e0,1,1
70f2d334f4d0ea04159e0071787655e94be83b077ee378a7dd025d0100c25871,1,1
dd87718d8e6302864bf18a8b4fafda669a9e223ab1041d5a3cb94f9dd9017cd1,1,1
bb49fa55cbd5b99222f3e37e88b0d1d0ce655daeae91df046cd543083ab0de9c,1,1
164a29ed26c483e0b68706a46b6e4ea12fdf8058108d147056b9ff656ae54e8a,1,1
39cb746d711a297fc2229980f146e30cddd04a17378c604e31aa92ab7902b15c,1,1
d5f370308d72ceb0c4f3821a6e87b8464afcc1fb400c9dadb1cfcf81e299e64b,1,1
186ac77dd5687386049d2c2796c266b5949ab90e4e2b6aa2939d1a7b6af7538c,1,0
fe00182fc3ff1d73f0d379a9471576db9abc3b9b65325ef1a0bbb1bda2f0efb2,1,1
c5c53ab10d3d897b59a1797715f3c7541ac8262470273eca21cfff1de80aa1db,1,1
fb72164699dd378ffc42ad189967276675f42333bf0ab201c53d64e1755ff057,1,1
4e116d07aea6ac4e9578b3852c2f97b686cd9f343519e4dfaa631af02b8f4195,1,1
d71053391712f17c31f7de2347f9a8e5df9aa40b6010c3b3ae33110960b53986,1,1
bf953da74642d8b00e8fb90f33133b5c728ae9c5e6c248e69a232ce1452bd97c,1,1
1d8943a42bfd36d2fdfd00697f9c465e320fcd6e92c0a1e4055ef43493fd5b69,1,1
4c594e225b5e04d65359ba9bac81abb2804472b93f6f1a7f9a7261efcb08e4de,1,1
3b91bbbf121aff9463b83ee3179984ee87192d9fc2b903551b75b4c449b584ad,1,1
c22bad5cb663c8bbc068bc7d2579a39e44aa79306565fd946f91430078e9704f,1,1
274cf8b213081498ac0ee62a1f21e2f99ab2eaaa9361f8cd9b0f2ecafc7b445c,1,1
160b6b00c2971a20c51d62060d5c2047a85726ac00acee55c91f162baa73d366,1,1
7cfcddd28fe08c845c822b8a317e433d0d43494b875a83c3e4a9e970e0b09189,1,1
2c50626967e7022fde2092d65c71ed339f6e5e31111e323a4b76c305280590e2,1,1
76a3f64e848538f19b14bac84e22731b928f44f09ebe946f0efbdcc1a99dee38,1,1
520f291a618ce1e234a70367797be168d14bb9d2069b51a246a66c0ff5e8888c,1,1
b82b191a029a74398750b6fd57e3d7fcfe395ea9ea0272a0d0b716f6181c48f2,1,1
9a27ffdba9908c7141a151dd04bce8a496f319eeb0519ca793fa5cb0361e2fea,1,1
01243212cd62f07053243ff976e138afc735a397bbd34841a97819594b616b7f,1,1
5ac27a2f9de0c2409dd7950d4384ad7084d24980e5a8c23ee9696277ea315e68,1,1
c1afcf4d84acc53ce58f18aaabf60ab3fc58ae3cd7fce3d36338cfb61e5574a9,1,1
74cb8b5eb845c3617e24f7dea3720b264fe6687cc83ac9a6551f5caed4e98e40,1,1
5f95a516d82577c42e264faccc5b6982e78e3c570447db8b0d26860eb46c45d1,1,1
b1bbf7012ac3438548288b42680b91a81567617e3af6a3a4a9fedff74ee7a71d,1,1
df03df6e65004d78f6579c93c753da027214e0a117ecdc49cc3fbaaf48f816f3,1,1
adecbeb6ee4536b9822ef55769cf049fc58c6292c7403a4608c8cbc7f25b81e0,1,1
57cbc423be24c6b250a33af6f24471f1b5a6f37ef4b7bf779b27d15cc7aa6bb1,1,1
1268bbe1a59126b738f7efac2e71bc44aa5a2b056af1877f4cd5947198b34da6,1,1
547b69dfb5fb35a036197f4989e75ea8f551923335955aff6cbe9f42d9e5f0eb,1,1
314636b31dae8412f390fcab54fae3e75b0ec77798b93ffea5882d164a156655,1,1
ebeead0e9f382495b3f375b1f1161a2156107cb34da507e15ec750875995839f,1,1
d6e6d3a3cc09b30f500681c23fa47c3e780d174184f6f9b0fd35e6c259490da3,1,1
68a1ce8133dfef7d847a22277d047bfd8259ab06b74004489d8fb12a87648b6c,1,1
1903d1f3d5d8d93ac049f2b675f304b2f4905b1cf18462520c8c362c2f2ffad7,1,1
aaa8a3bda92192ca125a3ca20ed6c6ae4801f66fdc28a84db605725a80279ef8,1,1
72f35108397a112a58f780dd94dd8319a22c9b1399b7b3606a432f41008566a2,1,1
1f9ed3c540924e34422e70a987ff6e71754adc28bcd56037fa5a441e02d0bb3d,1,1
457bba99f7e4124c1ad46be596f5f97735cef7b4b3ad44e281c8bac866064ea0,1,1
85849e91cdf55a164d9b06a70f5387e39daab6ee476eca6e32e9fa6adcb18712,1,1
6513509450b24123bf3934adae86c06b52048979f3be3f260934825ad23078d9,1,1
9cc9279e1f504195b1eb2087e3ef3bf2fdb12148786084c2fca7557f7f3217c6,1,1
698458edd456d5e0e70202eb0f16d881fdc4eb690a8cf1688b30b10ce4563054,1,1
6491f168ed3dadf74478b702c004c3f34b598c5d387e09e2ee13988bdcb066e7,1,1
68b0405befd5fc23c11ee3bcbaa11405a0e458c294de2486bd34e3c802fbaa07,1,1
7012c4dae657f80cfacd3c4db6e305f00399f88ece4d9a53fc9263a0093a8da4,1,1
ec4985c108f1befe1d9068875b6d70f5a7293ebea83e10df3704e945d177f043,1,1
d34dc35a1d8218e7e99451aee07ba110f1a2db996b6c0049f46ff9cb06d3193b,1,1
0ddaf316a344e1f3cc5e3a1e0999d1ef2b2508427b3862d6f32019591c9b3c42,1,1
bc1c9b6f0fce4e797576fbcfee48bfda0d527e1dbfc3b0de278e86d8a5f12d62,1,1
44906d986fdf6043d083aea1180b39845bdf979e0cf7192196c36504cf44f57b,1,1
36b5a05047181fed92f7ada54b58a12a397dd808d30d4210c88e0481eac0cad4,1,1
90ee7d79eb8a68f7bf55c1ab81522956e8afe50f13adc97bddbc9f53605a4317,1,1
4fc6055e401ead709c54e4a996e076df3599278a6c420bb0598f21ddffae8f8c,1,1
44459e046f20f21cc8b49f5c7042f0f523639b409eba0523e2a2023cbf2d36c9,1,1
afd73f34d962804e629f6d8b3e10ee7eb76a5abc58bc705da461eeb1eeb19513,1,1
39b03e62d5f4db464bc6063d103f2dc334a7f833f7c9111918ec6f65c6e8e301,1,1
d8c2a38e507fdd42280820d83a3710b8fc213646087efb9f74a1da395035f89b,1,1
4ad323c46b71b284e6058642748c129f30cdb86e00d6df0a8856ec2cff4a1dbe,1,1
40b810dd875a0740d372f89609db2391c6e1c0241ce2dd7e4b202bfb3c988f08,1,1
c3c03ca18380b2cf0734d031a1722b32d8cba5db96fb93841d7bca3b2110c847,1,1
cbc6659761ba8c155ac00cbf41b302989cfff2eec30044a84ebc0679460b8a7f,1,1
dd1186b250a6bc58581160b25d42828095e0fdddab4f97dfa1abe0a76a8d0d22,1,1
066c04efb82639b8baeea6648231231ec29cf4e2e8d8564c6f0ae9882a0736df,1,0
3d41fb8ed8c7cf431667d0e59c99c83cb5a3f4627a90f043d9188dfcea8e0b91,1,1
33cb7e54f836f9fab254c5fe709587e957fab27a93c49a97dfc03012bcac2922,1,1
7df7e97c7ead8eef9f6a79a2c33e526c596a3854f0a99a9da84f9993dc987011,1,1
71dd566a60efc8e0b98a1225c5e916edc085a635b88229a96742111527a4dcd4,1,1
04841ff127c1299d41f4fcf6bcbc5ef508adb11ab11f608810cb40afae344ac6,1,1
9c6cdbcba345198d3f38dd6c9cb507789bed4e1e7125e5e8dcecd62b4848fe44,1,1
96a20fb6c82c7d4e5c47b5d645b9138f2d6a4f26f6264a99c09dfdef1f7cd31b,1,1
1c7a8a1d12a25f1f94d201e51a05180c083c3fc4a67f995d4a83398b5e2c4207,1,1
05d79f8dae36ad4a6ca0d96bcd05358fd6fe77ebc8e2d49bfc7d7bd2befa3e12,1,1
6394dc30d0bc177f776ca238958fd98a56f968a24c626797aefd0970252ac4ec,1,1
929c2cb4be69c1a4ff8b9f5087ae6fb8ec6b833099e931eecaf3945b0ddac436,1,1
dfd8c7b88f8a989563e887cc6c3024d304f5f8e8b93e892faeacde43a137aaf4,1,1
1a72e512de681b1bba5750992baed068fc9405b310c144e705879ee3db3ee294,1,1
5ef8aaf40a195e679bc4b879dcd0e9c8ddeb5c81b4edb30829eb520b36dbe56b,1,1
ac5f18c964f12b075a6d84eb315c74adb2ad7c11ff76947fd3785c2e672ba4b6,1,1
182e1792be7c06a83c5f46c93d111e8d1f9819f87822ec47fe47dfda967260a6,1,1
64ea4f442e509a3f73f25ebf4957290aef1162f65690ab9010373ca28a6ce83d,1,1
04e9457fb9133a3cb8f4fa7ec81cc58b031858966f0bf432023b0d64661ebc76,1,1
e1c0307be13853f2588a4d43bed4cb77e87f6beecb0740812de7f070e703a239,1,1
04af61e25ba7c990729cd14ba386c3c34dd2a9e665d53da0972659299ef3d2cd,1,1
cbf73e5ec800f0fbf025a1033533218ff2d2aae5d0e9fb78469aa33fa6b6c26e,1,1
a21788b9763114e88a01597ce1985f75c26528938d78079f1202f874be369ec0,1,1
44cdb7c5fdfa9a99fdc72bb6db3179c1af17c7ac30435fe4128ce8f1d6379e5e,1,1
7fa795f4cf8014d8445fa5fe4d9e07b0a69f2c059020a74a777ef9d96e53cc29,1,1
7e71ecd24508b31664fbb58c5d072a6a38f9f9991f2e7d7458d51ae95ad8f945,1,1
2cb66e527d687313e828e87f1cd2ceee4528ec4de9ff913e349d1865e3ec1a30,1,1
019b2d0680ad98335dd34078d20217d2429993c90459633800baf7199af43b46,1,0
d017278080a3cb7772ad6fa4ca607b481f89042c223c5273f408a11f88700082,1,1
ef71eaa062bc0be060cc3da3c2c33c7b5acc7ad6d2a3e9e9946f32e4383bb4f2,1,1
0331e3a44a22487ce54bceffadbbbc2b2eb7b0dfb381ff59e57b3a405706d0eb,1,1
da8c930b0a5d2e3e2ed4a5931a00b0a3853d271ec90536aead82c29e77ab0821,1,1
ff9a983b97182f7ffd9ba95c7413149a78c4fd198af481013fded3f673098693,1,1
347f06e807319c34dcdbc849d3a7a9a014d53c8293f363b3d933bca1641d2f5d,1,1
964b3d50aeb2f6feca6c714d7f5f43742e437724617d972733f1e4f1f95b9bcb,1,1
81a62e4026edbd8499687de35e94ddf4a696f414a41e7269581589af218b04ca,1,1
2852a12a6f55a833ea49bdf0b6449b5c4c965260637913adaa460a65ed20d21b,1,1
b4ea4677aa0a090d037538f41541c855b91cb76b15710a5453a3cc83c52f2710,1,1
55dddcf934587252a2d29b31221b098c8a7fa1f065f0e476a98249dc3d9bde3c,1,1
c03316ec1fea2d6a2889f51507dfc9479b4a960531b7a33e6b323963be4d6115,1,1
5b108b76003caea20120cb2964a8b9cf3835f7bdc2fa4ade0f1082eb5ecbaf82,1,1
6345ba100a153e9cc2b55cec65166a0f131926d158892ed6e2dc92019b0901ac,1,1
bd0d1bf5cf8e449d153b589c681d98a9fc49d1f1ce2ea14d801f8244f02fa793,1,1
25231ced6534e91d6024cf61bab97b8a6dd2aa95ddadfb8c4f1a765d1571597f,1,1
bb45eedcbb6f4b5d6c997ffa14dcf8c7dd7ae9ac63e1aa3141252000125195f3,1,1
72b4bfb6e2cc8bc809346eb765f8b96fa090a4a0443811fd7cf7745aae3788be,1,1
c5027a3901acc39d0f15d72343fa36255e242aac7c8c4fc684a3d6a440cdd92f,1,1
dc612e671b164066bcfaa91dfad4b154f2f773918dbc5ac96c228a6d6bbe8d5a,1,1
845ee9b78979a532e4176fc54cb980fff484d725d1b109d0bf234e6dd579ea41,1,1
77f1af9058340e1375dd63ce67d47615c76e7a2cd0d57d67c76f2243f7e799cb,1,1
0e12906a1a1bf5c1bd2998e3e6e18e316c58fe631fbfe3923124833634ffa438,1,1
b1133b8326b543ecf694780514466dd1d54cd1e2e75ad5bf73520c73c90ebe5b,1,1
858b4789a438d48c0c847d247db2cfc5934a28c0111061168f4faa50d62523fa,1,1
bb5891c5c04ef5d7b6b6ee5186345225dab30da138b6df870bce898484c85918,1,1
ae789cee56a63a37a52fa68b33afab524515497d499b0b799e853faab677b64c,1,1
dbb861908d64a5e4213d3ca6a46a33c20f15bbd6ec08b81c89ecbcd00b81658f,1,1
6f0853ca5227cce73f214be1fbfcaa99efbfa821082a1d8e42170ef6e72f4dc5,1,1
db613b40aaad41b791b8433f046e6ebc3a757436022e2cacee593081e7094e7d,1,1
baccb8db486b980e81947fad0ee911db4da8f5f2c3c5e1e7135cfc9c167e2d08,1,1
77a1764f93933a8b3c54ee929d1fafe0d789f50ca9bab3f7e0464404080825f6,1,1
cfd068177f2caaf85cd0768f8f0f744a45d25d2d170b0d4d44e4143946a03b7c,1,1
7b326025fed93265fb578b7aef5fc3984e0f8423091e6f733313956874cda09a,1,1
2af2bf8bdda3f2039325bd08a6ec6a8c17f091697692c8daeee7cecdcba97d02,1,1
80fbf4b66dc082373b26176d01192d47c3cda97de2344c82a569a2839fcc88b8,1,1
33ba3a3b356db2eaf178c9cc96783cd5782dcf9b970de735e0dd1ebf6a74078b,1,1
7af9458e74d9f3cc2b5f5aecc71c258359888c49557a992c02354c578e9a9c85,1,0
cb163ba0a3da6f52c656c758d052aa0df6f4db0c5a7a5224a0234ecb15772bb9,1,1
c150721bcd4ff47b11fa5a1653794d40ed006806ffaf4c7d2225acc6f9c15a38,1,1
76fb29fd2103a0a15241775568519a941765b5a1cf38bb6074aa082d5f97c102,1,0
64535ed527acb5126fc795e269b5f3d42191d6a45f97f422a4f7ba96119420d2,1,1
f6520be8d167e8558ffbfcffe4360250b17db308782777584bb78b5e57d36f68,1,1
ebd0c86b1a983c984555c3196770dbcb4fe2270b9750efbdd6c4ece0244f3bc4,1,1
f48b1ea8e6c979c3abba8b3ea4e871346e78cf1dc63330ba027c00f152704fe0,1,0
48d766a1c788d63723d698d8b73f516dd230a1f36f9429fd5806eb7671cec172,1,1
4cb79ceef23ff2d1ee3a876ec70b03a618ff74c07f65bd607241644d60ec0dba,1,1
8f49c4400fe90d8d0a200564608e30a623b1158b39872a7904aa7fd25ab94094,1,1
5ff3478cafbb1476a1425436c3c7f50e4d8b3a41f797599c0c14e35413b53612,1,1
fb271c08df74c828682a6480c3034089a6f19138ae06a3073bf10f08de5600bf,1,1
6312a6500221c7757124b7747e046248f31169d1caa0d944d0cd8d0555f0eae2,1,1
4e0c94bf65d8fe4b37314297f89f85bf803a9e4a344ae5b0bb6debfaf2805108,1,1
cb3dd0a31f1d72cb08a0cdd7fff7d290d69e63a7639e5c17edf6a24aca9d018e,1,1
2ed4b21d3fc786ef91a4bc774f182ea700be625b56ea0b6bea626ad0dc0ccc1b,1,1
434b1079781e39d2ec78d0e0cd75c1373d1c627e8d498d9d2da5027109348f62,1,1
699993b17926cf622964d4311f22287e21acf0f9f86e5af3a288f9cf5ce1c6ea,1,1
77600732ca7fbde54e2278cd9d19a0f7f9377e808c08ba587031a69961188ad8,1,1
b496e3f461fa1fe3f0e4705397831bc0450110a7e2b6d624bde114db300a9aa6,1,1
a17773fb1162a7bd6801abfa4608f3111abc0b80720a6206ed4f5f092f5a8634,1,0
b790c6e28533cadf661da67875db3e4aa129863861789fc9c1ed2003a3f0e243,1,1
94d5283d7ce0daa5347345b4705f229e58008bf100cb0ab3f6d8f71d94dcb012,1,1
e401495736ad9fa6b3c9f7a765082a232c56975a10adbb3f36e825912f329d9a,1,1
da42ac77476be5d893f79a4f2c90abe56cf72565949567ca734713c20eadb897,1,1
ad72c2e13e8b4c42e4ac233bc1b994136101f41d3221440818e39fafbf1d4ec1,1,1
4ce9ad6d85f718ad3371ebf9ebfdca0837e3f8d9cc0023d372074c181a99adc8,1,1
12306545ef9ccdfbfd16fd173fb15c03e437e17125237df25b6480165e3c14e2,1,1
c4ca4230a84b2729314d878fcf0cdcd9ec7a50b71b76e618ddedce9171f6d04a,1,1
f1688048cf948b7ec03094730d27076eb6092cef87c9ee4dabc6d9cc7e805699,1,1
0b66971300944783e0783c161b01a478e5092a15156bd50ccee347d997ac51ea,1,1
01c49955db484519f06a8a7ad1ec5a55afc654c75888bcef046294ac594e85d0,1,1
4283d49c65e95b785bcf1e7e80c648d46663bb224ab0400950f583d44b67f0e7,1,1
28c979ad09e9c5a0a783b2f3fca3b4126ad87c16db07e7ad5a293616d6dc795e,1,1
49523f64aed28221e2c7f3639caf6a7d16ba1a46b5cd53282b3dcdbe47f3c5e0,1,1
3a148e3a05b7eef60f23d7a7dbdd21d4409553843651c69cc6840685328182bd,1,1
65fabb705f3bc761b536f505408a2b4c378c91946cb3ef070789d8ad286027d8,1,1
1e43458d7bf90743631f2a4bc801a726a0e19375f214f08150e5e4f3c8028643,1,1
c177e62f843a0700f6e15583c4e6cdd969803125e61900ee1c5d16f214328030,1,1
27005cd745871e3de06a9ff5e982f52d969c818d7a37d6459d80b24d23a6ea6f,1,1
eec48fa3fe87fcdd457f2204d33e1881e55e0f23dba2a7a36f506c7ec78a8730,1,1
458b6048a41987f2843d6a48c0685cddace45ea8b69c1d512724f5581ad718a0,1,1
5923e344ccee40f4cf5931cb38e3b8628a6a56535e7c673d43f39dc1dc1e5915,1,1
bfe726be0f4b7a8e9d68bc4b5745adb63266a04d45bd8ecfe99d7cdef05847bc,1,1
e25d8c2c1fe8c051a3f3f4265184cf0ffee73aafdabb92a367809d9a368954d0,1,1
19558de9cade6f40f4501fe99aa35e63b9b4a5e5642a43905ee1cceabc7af29f,1,1
b8ae6bad409ad09dd72d037c867db6bff2a44d4311d7edb76479bea27759f7dd,1,0
a4f5739dd279445bf168bc98fb30201e18db1fb6434bc6527da33862d7764601,1,1
7e0863bddfdd9b1e7f9a6c6bee2529d0f08b4380aba1f82551c8042a6f8b5dc0,1,1
1d3ba19f8f8067c4c8aaa5c186f303e7f47d44e92b2da939b6f19e85b3f83067,1,1
5a2c581f0e61755bf4f8310e722a96971fc060f00d8a161ce5b68a4ce91fceb0,1,1
fcef0f1928ff0f185b9a5c11eb7665c350f67aed93f419403fbb90395eddf0a5,1,1
e9b09ddf2daaef30ae72a26af38dc2bb5eda20b2a54fe61165ee1ea613a1fed7,1,1
7cb757e6f09ee8782967db20e2e0ccfb2bf4b8d63e78bd622025d19605b81370,1,1
6c7534c355c8d0ed58bf5c91ae8da35a9729b0bab4c081e9e5980e6d439ffc2b,1,1
9144c4dd7e696567969006d938c3f01868efcea42efa18b68d72b787fc19bf24,1,1
3230cd699c8d1aacc447f9f039f23f0d15a8c07947fd396fcff2978af982aca4,1,1
fd3cba9c2508a4288cf4e46ae106f7d8f3d3d77d176020a203ce021c6ecd7af6,1,1
4770bdbe03b0886255d9b55a80bf31b7fc2663d62cb27869f9735a412bb1f861,1,1
5c387fb0207d33ee7130a3554d2fdb776a072495fc58b6f167411be826a0e896,1,1
bc226c6bf252be269e01f451d52a6fbcd1c59aade4cab036bf200183c8818cfd,1,1
505f4912dd22d41cc39f0df8db34d4ba07dbb04fca0b6bce4d9f2ca5acd7c66c,1,1
8e5199f7fede8150b215bcd78e078c24515529a36ef4194d726f59b40ee30a4a,1,1
e420fe6c9350d0cf1b7ce7567bb3fed17527d304b411242e3d4734c3cda5cd07,1,1
0f296064fe48e48b92138e341e9d9ebc5ad12fd03a3c1f11402f63673e04ca87,1,1
f60e51fe40770859d5841b3165462752243a60ab09a014f8f7a905cdf928930f,1,1
717a31eb06b88fbe733a99fbb03eb469f3dd3c604ff2c82e82d968fcf61523a7,1,1
42aed08d53438d33f445e0d56c8e4cbab4a7441db53ecb1607f78b3d977fa868,1,1
1763c71f764357d8ef64fc08163cc518b8230065416cf8f65704b424b0335b4d,1,1
dd7c72226ac93598147f64a01c9a04b853e7198ad8f5ecfe7ac49478ef1b4dcd,1,1
e274a8471d73a2c7c725ff62787faccc37d9ea1d4679efdbb8e006e7126b6d6d,1,1
d340c32d3f24994e12fceb1dcc6dc2f63d5e669a987b050bb5c055d6476c2ebc,1,0
38b7bb039ee47a4320679ee0c8a433a644cb8075bfcf32c7e8e689bb70430e13,1,1
678dcb17086251885487df62ef06df64476178bc658727030a33cd03aa0b1328,1,1
d0530e2b8d18e18dc9e104d955dd4612f0afe91c4fdc60fb5436c6afb0082cd1,1,1
3ea15aceb1a8a038f6c5c9ea2816cb8e51fdb50bdf0ed2bafe259b523c007324,1,1
10f496a972740427174315dec03abb41a69db016afced27cc11e8fc5bd48eb40,1,1
a6668135090dfbc931c38a58baf79b1e5654fa7b8ba698c0dea2258e053d4f9b,1,1
91bb6c2831a0b02c1b5ae56afc6ffec24c0f0202e11e9204e94b539a4c526c0e,1,1
2016b3eb4d6c090a49c81172fc915435a28e8f8c4d10c881a23268448b5bdd75,1,1
9f171506e7b9f1d7de7e0d833daf460ec0530786605beffbefb694d3b7e42de7,1,1
acea2aee5f961da8902c43ccd31b2ba1a709369bf54bd106afa172fda95b3e04,1,1
620eac6dcbcd746fa55906f05fef06df5be03360d5a9521d8d56a402f93b8fd3,1,1
12ab8d47ac9096656a777248e555e79c61f3b206d398fc2781eb017e759a8ed7,1,1
2b778f8e5c584605ae30f7579ccefe5cd3eb63eb5b36bc6827a35cee17bf5f09,1,1
ecc94c035fcb909f626cd696687cdd9134faf914e1b9d8261e37c7c818faafc6,1,1
9e7ff948a83764a64c412086be2963c4cbda172a319fb685b93bcd579068a7d7,1,1
0ff2ef214800a406a94902666a700663f72aef7e18c7fa074612750698e382c1,1,1
e12470ec357501f8c7ae78bc2d310b3a5d47966ebf26f238210634fed0137304,1,1
1a09a600c09bad7c04b75895c359ef6ac39e5b4420aae8f44286b942b725b796,1,1
010eb21d78a1447bcf6959855634b122dcb1662e59a4becaf9b7fad41fa67f32,1,1
263a1399cb7903f2843f77bab4b2930282f9e7bc307b26a58248255078eeba7b,1,1
c97640bab82759dfc0825f2ed61546ed2b41e3ca80edf9b1f347053bf1c5afa2,1,1
081f0520407d64bd42162e65a33fede3bdf6593edb0777d6db09408af7f6bdc2,1,1
e5e1020307f4443793f41ca12683200d49f052c9eda7a0de3a33a08725fb5599,1,1
68b70dbcccade917daa5ac736a0fbd52ebb200fd179e1c9dccc02db25032204b,1,0
d585960639144a51dc05e8842104fc0f060223dfa1d028bca11b7708fe09175b,1,1
22f1b908dd5141193a792936942d9999b8a43f99fa10880b4f781882387cff29,1,1
c683f2dea2e99c451b0f314bf0faedc49f3237bcac4c1e10e1b392d24f81d32e,1,1
e8c052b5614c603c2587d8d943a37fa27d9936095ada45ad898541f7c8e08124,1,1
0f196a3a0b453472ad0f82708fed01a8d472dc5280d59ab270aa69e42c9310b8,1,1
01b6ebc2f7829f9a34d024ba0521269539139497c9edbebd87375ce9994acb8f,1,1
a4943f6475d7799892f6aeb231428897f1def44c51a0f532f509e30e15f2d05f,1,1
1aba66d4345a9f31647dc95d89c2b445365010a085bf9174162a4e624c95c4ef,1,1
a54256baf10a3605c69d16ceb364cb297656a21ad04bc769d14637eddca6ac3a,1,1
f1784ebac645a6cdecf24ea83d8c142b490fc50ff963ad42cd6efff16d6e06a9,1,1
3852eef603b7676590f12692f1dcf98b12937c8cd7774c2fe075d165a4da9c13,1,0
0b939b83379f77ee23d2cac561f5f911a7f2f9139c0f633a523c70e265d76c11,1,1
5ab25ce87130d6fca69aaa5b56d0c8f9cc027cdc9bc1fcf0a400b89b91a34654,1,1
f9bd554f6c6f0f2e0905ebd706025d37d488fcee6b809c96c328ae34dd0e0297,1,1
80705b6ee388ce6cc60908bf77f540e45843f58ca5209f151c09e70732e838f4,1,1
cf48cb2ece3f8bda7b5af7f6cc3eb6e4e248b71c261fc1f49539a154248039de,1,0
4830e7290ce1fbe2656bc049d66b96f09ded5d7749bbb3013839a054ad8006c2,1,0
720897a0b7c24fb09157a789a8c30452e420b9ac7255b8cbfc3f10c3dccda3d4,1,1
a18a783bec764e71bfe499a7ad959151b8b0751456b18b7f0beef055933c363b,1,1
b3a6503dfed13888fa33657252a9e22a905b93c0b2889381987cad12e6d090ac,1,1
88eca24ec04744314bf07ae2699eb38b1171b6830356a1ae721f969d9923f448,1,1
5365c279bba44f4c994eb2fb011b20fd504f183fe734811d683d9bf222c1aade,1,1
eafeb70630f9640b5d4863c731cde623b706843143e4ed69e6f2ff34b07165c7,1,1
6db512ccd1f096759dec68bbc164036b75d69cdd8ebc840c7c0069083aca42c2,1,1
babdaa07dd6804863ca49d85489a8fb9b3f32c9033e23f30fd587b27c0436ae5,1,1
50d6dce2583ebd0cbd76ab5af44ffc4757dc30f235cfb8573753359181c6d7b7,1,1
812925aea3fd856fe107ac79436378b84536005910ddc7ab36c35954da764e38,1,1
b9cc6dae8b9059f80c1d4b7d93ced3023bb9d09d5e215a3fb8b30cabee39ecd5,1,1
18bb1d8af78a16487a9b78fc0f4015b49552e39c4308dcc58e58de0801da5fa3,1,1
8cebe6dadc991743984449029e5d9aa86fc44d06e258a979bd5996e2e1af7001,1,1
ecb323c138d02fb5ec526918b4b62182514336b946ec806bcf96980ed5906fd7,1,1
b06eb7a94da2e330df8e66a540f1f477aa14539011fbf16a8c11b7e2240d75f1,1,1
3a51fd6b4b0b162c54e6eb36f9cc11120d6f8e2f60fafe9e966ba21f1f7de37f,1,1
f1d88050b28ad9f237626040b17eff8f90b5da0fbf661f6589d2979c8b34b001,1,1
a0de46c413f97dc652ece7bb8336841b89d03a1b4e957c64f67837c4d8cb5fef,1,1
148d75cae34afce2f573a5b9b7eda34513c443bafc370e30a375c5b251d667f1,1,1
5ef8605e492fd0f3482c1f5903d0d390b920d591309c2fa49ece323e715b54f3,1,1
c4787ab2c9db8b3cb0bd3371cfb8193c342582f94b69997a92976ae593e299ae,1,1
aaebfa5f2c7863bb7613d50eac78b88e9d4543d72f3f9f9e9890dc6df8912046,1,1
3fa74f8c5ae9e9b3778209a901d7d0f7c169f4f5ec0bec1bdd71f8d428c98d01,1,1
be85a20c125a15b1eddff8d66cd91a350d7271c579bf7499007b6c2f34cfa2ee,1,1
b07c92a9de266c44e356dfd4ca8a3faa86588b67af055221bea19b16e1530fba,1,1
f80f52d3cefd73e9a7f5057a05684e399d593b8833d422bd39e74dad301d6f51,1,1
c0611a3910f7c1ed93d4aba7067e15bb8d89d1ce196d24a26dca158ec5055137,1,1
cfeb397922cc151cd277d47b10b24df77de160590f9c10fc7455ccc86c948a08,1,1
f8ac53d77a4dc26788e05122e171a6d8da5b173634d20af7feb8554078261923,1,0
f7a52044278d22e666ca5823f8bf0b0ef5072f895fa68a4e28cbb7c3ddc87f48,1,1
13889e9f109eb9dca109a143da125bd3a873ce2d8fd8c4d4f4e9d8b4ae078136,1,1
eca9427852b11794dfb10383bf6cfb6794dd93a52ef8271241712f2670053781,1,1
b8e3025b519a3e2dcb6be714f81d8839f474cb7fdac2590d623928963a02211b,1,1
00fe8b7d0ba9aaf5db0cd38fd945d7089052b0747b6f132e364b0f5c4f41b82d,1,1
5e3c4e69f6f27b478439c08ab4584a3ee21cb629e595f98237c89e03eca7f1b6,1,1
8066e859fae156639041c4d1058a4a279b29ea8809af2fa90ffea9ca0130ecdd,1,1
9c7bdd415eae0371cb123b32c7da26573f429e8050f56d629241bcce1ff9b8e6,1,1
07afbc2f4fb5abd081b093c6b9331827e8c09b5f60dd739b1fe79fe0f439230c,1,1
d23bec184597f5743068c2ee6c3e9ffa39fe05374f6fc16724b4ecbd270175c9,1,1
94daaefc4b047c2030c72b5654eca191129c0c4c9c55bcd2e5f631388a48c47f,1,1
92e92f2ad94238389de3ca242bf34df9f7ff4c3b3e5cd8a64be7a9d809ef2bb0,1,0
ae5e55a1bd5c094757c4df74e24e3f4719a86625228aeaadaf6e14cab80aba23,1,1
659c49c4cc23ff84ff088a7b07233115c0161f1e3df05743f52f32ba359a88e9,0,0
5233ae401d4fd7a053eb5327b8880d2cc7cbbd35b749d67bc9d42d86684729d6,0,0
3ca9dc1f2cbbf3799c4dee75c3e9d3d8c14d774f2488c3d0d480c64e20ed24f8,0,0
963d82118a21adb0390b0c842de31d126ea6746d4e56dbff84aeee8eb4514970,0,0
e308388d0cdf01aed8d0fb5080d904ce519d0d652479abf7df31491e27eff93d,0,0
966530790d7540a1cce7d76019ebc333563136a37dc609880e476c3a8c7fe685,0,0
fa3169f69d6192207b1c6401e83b2df73a3e44002ade0b877ab0550ab9c498f4,0,0
992b31387004a6c8b88676d1199cc027c3cb17161e746907f177f6b9ceffd628,0,0
007182d20c61b8d6b24f7f9113c2ece4bbe9dc200d5f361cf65900c12203af78,0,0
3926256e951a5893eb593ea0f81e22cc9ac04063bc2f36a7fd7bb2d8e26ab8a1,0,0
428329e0ae6c69608f338a5665b06d7ac58556b135f91313d412aef8ed9cea6f,0,0
421846dbbd98f3ce674133831b605cda32d6c4b5a0bc84ecce76e50d6d87cfa9,0,0
52398bfbebaadb09878346900852da8ca24781e9cc7b6f7513caa548d3e25ca6,0,0
8070f94fef448886086faedfd9d854b1550296b4b596b6ff7dac614a7832be90,0,0
d351a2f227dd9c5aebe5710a949d00708229a79f6d55b7dd506f71c34789f627,0,0
8bbeb0e706b563e13b67a1cbf01ed909cd081121d98206236ea2425e7933cc60,0,0
8ce920b55b9983a17c540a0c08cd60be91b23f7f60862909c11fbfa8abd9ec4f,0,0
8949bcaaf4b8661b20dab404ecc841e3d59a9e4422fe5af458bb3325008da545,0,0
763cb368cb8f76cba7785957f2760fec54aa4e04e4b7948ecf9eb55abea80c90,0,0
35fb79972d535606fbd80172cac6ab25a838b83525e39167675e3441957d2e16,0,1
57ffe68866c3e0a6d6fc9297cf966c6afcd0fa731bccac94969bde9b23de3adb,0,1
c0f9244960a9b8839504f1e8a39f23e0f08ebdb26ef15a763e97b8c54ceb13b9,0,0
b66577372d526397ebcc18adb86f3fc998f981fded891720213f603fd5f7d636,0,0
8d24d9f9234a78e1a9d5a4133cc04373341f24ff516e00c349348eebbfce0499,0,0
a1f4d64b9fc9fc315c33d1362830411d9a98bbba86d7cb5167173835f452a7db,0,0
87287f6a1d1a6a0bf0f5b56dbe637ae946bd23e07126fd470b5d998dfee5fa0c,0,0
98bb7df64c15096b69c7c06cb8c488d24212a16eca17fcece326580e47c2e802,0,1
1fda15416c01f7555554b234b9fc31647c8676c7fc9d428fad2a44f97b1f6123,0,0
6f756671116673a426916a78eb600cf11ee32456555b3e89b1373384f320ed16,0,0
00969c6627abcfde61437b080e8b1eb37ffcbcbaaf33433d78841fe8405fbee7,0,0
d52057fc36cd09110bd68f6011733afc7d3ad617af033c5e26e3ad7bb606f4ec,0,0
3b6e236d6ba54877ea2fcc69b19b41aa659b23b5f9b898cea72606d9aedb384b,0,1
d1ab61476cd5f696872af99f56734735f1b71cffe77ce5e1fb9fd1f5c2833087,0,1
1d72b34fee7f19b2e738dfe70332ac973ac8a901b9aea2068bb4fdd709feab6e,0,0
40bb4fcb4487995d2d4761fdf5a3909b17d4e8f8802677ae54955085c431101b,0,0
cf758d1056621904f1d42995a921db45335aad57baf76f2b199c686d049497ad,0,0
534e019d74b51a4ca9f467c2bdb57b85793fa98eafc65c3ed0eee8510535db79,0,0
32dc11c8d1c3f838e3415b549ee6d84a9f631f55d67533d8891ea0de9266f3e3,0,0
465009cd3175f7dbd77fb1f7c0df601a0bb34bba4b189c6d0a2a6e6c39359127,0,0
61be309d1db19b0657fc07cbc94ea032ff9d2e874202fda36b2783c7339045f9,0,0
30390b3d027eecf29e2d50f1711e8759dd65e7a8f675c6903b7213dc0cf33302,0,0
8b4817fdc7a054945ac82f76ea5282a95adb7d3779a56be99ae09b5e3deac90c,0,0
072b8ad0d68f636fd281e22bc29f671fc598d1dd1109020ed59c629190397a23,0,0
d4125ff447225e7a3fed4131ce9804ab5c6c888641c01248972be249e465e7b9,0,0
169ba851fc01305524b6bef682f94b147f3ea156fce3ec2dd16160fb2094ec6e,0,0
a221468175f52fb352a78e4b9f7fed70e5b2bdab16d91e95fa0c5b946a6b9323,0,0
60cd18aa8c6950492b39708449cd15ffbe11b41d26c0146a7d84940ce283d22c,0,0
456c292bebcf2a025d21ae28883260d8fe885ff372d0776fd4d0392a9f0039d1,0,0
9bfce2560e9e28bcdaabc08897285dc344acc47348e7bc9486e6418a2f5c3da0,0,0
8f4130a89ca9db33d31fa4743f927faf6492d836fe0e4b2c0dc44234c42b56c0,0,0
dccafc48325e076ae0ab81fb97b54d531ea3b21f63a9471d18098efa83808ba5,0,0
f596792e3ab55390a151cd44dc068cf98e2a091bffc8508822907e3c69ef2cf4,0,1
d629306a2b12fcd29dcf70d547467c77d480892b926864e219c9a38181d6fd11,0,0
98c956495d936fa7c88fc5506fe361e130d185abfa78632dbe8bd2ed5b202239,0,0
96a2aa8b5499b74ba51e22dc87d3714460ef2bd4ed43379a0704a3f30f4669b6,0,0
018a704a32d1a297bff6f373b90830dc88820ee09e196820de6da614006f2704,0,0
9bfbd8f0b0aee2f51ba0c27b0f228298c688ffc1fc09350d4d76787bf8614f50,0,0
cbbe207d4e654de142f48881674d7026719c1084b35cbf2edfb308d64531f203,0,0
1fb0cf039a6fcd08862a54131e3cae430133c9fd825c0533f76257308b3d446b,0,1
31836f31202d809e7cdebba1b916398e4dfac1db1fcaa3107c4447f91ab8448a,0,0
cc32ed5dbca90abbb76c1f6872e17ccf82876fe82476a7dd7f027807d08dc123,0,1
6f3b480941909b0ab068fde5784e2e7d22b147582741662d0b18aabbabf9e56d,0,0
4cdad6b0a7fce7311ffc52f28515919e8fdc2d5001f54178337e9491221f4dae,0,0
0d0a7cd900f1982bdaeeb36550b5063a4bbd11a2eadd29cebbf93e3b7d5d732b,0,0
f8edede5c21965edb54fa26e01aa2e3a3df3d01723a77b9822c56efa948bce0f,0,0
cb9eb466f33ba812b4066a69af80fc4b76cfb0b49821cf90fb6f75ec50309ac6,0,1
4a3e4cb19d2ab791b88056d95ae845aed34e02fed0800e1e6715692f367963df,0,0
32213bbdaf9583c661a2789d29f43422d76b26dca2ff3e0f8ad465d8d7ac3784,0,0
ca89d348903805cc7792ef9e8022b1ed37a1d709912eb7e920a7f90d6ca64d6d,0,0
95d63992347a8c6b959887b2d83afe1214d307ff6b03cbd09b02a6ac7db96a60,0,0
1a900ca9308a0ae986f2ee89a173635491e9f7df0447661f37231f798d708d28,0,0
5fddfbeda1cbd064d43ded548340117c837497554413684f350adea1df5f650a,0,0
35af30397ffd49f12ca77b958a482581363bd882aa466e02bff29b0f89e31214,0,0
8aebebb4eacf24ff76085edb9b6a3374c4e8e828208847e0395038f0801ec257,0,1
c59fd4bed8e6234b982e4e261e996eeddc131bf332bbc275055ca2440af3a74a,0,0
b4c0cd82fc5726de7fd500f9e851777c208fa105001e0d4f668c8073e985efa3,0,0
dfd930e3aa7baca131363d306a2ba2914caf9f59bc8a283cf74650a7edfe4e20,0,0
0d3b1d5136f35dc9a6d0d6c95224b084e4e73b447dc8d5d55afd60af06001984,0,0
e1683408e3a678ebde434183e976f2cefd39dec32443232360ea30c9f9d5e167,0,0
a5b41d1289cf416fcc9bf95a97a3b96396b604e67ddf51de0b995897a97aacb0,0,1
55cf118753431c85a5b76943ec694b8a78c85183ed702e92cb8dc2e5f2f0fedf,0,1
83a697ec0eade43f469e201b514e2513c84f3b3e5d311c679323ca6a6e710013,0,1
2b8a31e27b8052d9d2c6d16cf12d4bef88573e33154d977ec7f463c8b2741b4f,0,0
97ffa1bd62efc14f8c8f4e76609b7080f57a3137123724d769844dbf46f57421,0,0
989360fafcebe63993157c8f7d894c0508c8cfc6c2d8484427b0afd1d5288581,0,0
bc1a4d854c6fd8bd69ccf6b4bfc3e0af45717aa71ee7a48b1d97a3d0f4852e5f,0,0
2a0ce3bd49beb8a539a00b22f12c7c6b61a6a1c32bdab1117d2f132699a74c70,0,0
c0b4ed1f67b40ec2ad1264a4d9d76ea36b0ba2b7e26008726727d355164a399a,0,0
5bbe2e3f4c9b1cea86cc857c2ee085f743667b13afb134fa971a42cde4ee75da,0,1
671d3ec5ea80f6a318863dfe7289aa3675c709da08b530d7edcd3c3cf6240fda,0,1
7930ba5ab5b4755e350c1a997342de575c86e73bb26432b1dd311d1ed1d0108a,0,0
f3b4f427d1ddfde226cd02a2f4459f19212e2e102777175428fc609b8e88ca0a,0,0
22af6160664f3c4084db36f3d416b819a670895022a875051333b5d01fe920af,0,1
b4ed57e18361f93de0b86fe9e1d8a731b0fe32e9f463a14e57316b9039d08db3,0,1
d58a7d350e7cbc6541504eb6badf130b5a03d6e9af0b5fb270a06cd2e0f7db07,0,0
cfa62c56a83c48656edd98f6a87756280748f8b50638756fc66fe2ee9ec08348,0,0
1106a16dd8e7d1a83d8d5f4a6b0795a87c5e4ab6114121f6dc34e2a90eb982a4,0,0
713a59a3ffd626f9460171f8bbc589d21c91792c5d30a829b708b61e5376c9e7,0,0
7a3f1ccdf0580e8cf426292eae6f07a887462d2deb87acd2d03378835c034b92,0,0
b7c1201c121ea64588262b1523b423dc73df203acddcefeb89ee8c3afff0d448,0,0
00e3c617eed9fd7f09579379310e5fea007524df2ea52585be398501e0db3427,0,0
33000149c25015323f742afd03066056cae7b4ec93bf8440ee66588fbfe01d5c,0,0
3e4f5a35783b280e1847e28dbf81a533c84616b7d090515699829dab535746a9,0,1
a4af55124b5fb37d24c4ad0b4d18b15d8db41a17c05593a0339ee418e6543e22,0,0
abba1ce08ce334fb6e15e1071fabda504b3e99fd15652633c7c8a5dde703ad60,0,0
90757614370805d32caa27145a292f35aac9021fd4481d13b54c4511d695fefe,0,0
91b0b328ccfe6caeaa720ab6da2f26f7653b9f05b2512a7e2dcb9a9d2fc2a7fb,0,0
492b94daaeec2d72716f930f15cfad24cbccb0c8dd4b93a01a75e3f763b9a4c9,0,0
f6e9fd31fc3fd89317f61767bc4bd1540353d4d635b69f38eb06365b52add0b3,0,0
09ced7a384b6be0baf3dc973a2a39527ddb814a7d0e48e0bfc98138a8f3f482e,0,0
ffb2735c8800a329acb6d88a193913c234538d0c77a312dd4710b2f96053c03f,0,0
11c8e1c71fd625730d527596b679e1c61d9abb916be77724b8bf14f3a177b4ad,0,1
48645dbb1a5622298f735138bd01019f08f48609646f9bbbc8ec39df1c5649b8,0,0
6bca531118a252b11e96a5a55a404b8f7cf580dc8490ddc5fcab7a9b16256cf6,0,1
3d7ef88196ff424aa871bf2131d3963e17a8435a6d948319422a1f4b471fe86b,0,0
cf3888e4f54aef0fb7073ebd0aec0daad8544025676ab609c2ca4155139e25fe,0,0
5be172baedd258d9910419f58abaf8a7c7b38441fc99a43fb806f7bc7c08b5b2,0,0
e04031906e1d281b67123cb39159583ab0195d5697e67a2a5f536f783b52f7b9,0,0
1ca9049007ed419d6f11e3057c0fa649a01ae4d3f2bd6acd9ab466f650bd1003,0,1
a59e9d562e71fa50c4a4e8e0b40796ae7617a0845a7e552da2e0a149e1c54e17,0,0
84c98c0e155df83308cca30ba9cf48add4dc6a36b5d97aaa02b208a5696c6b17,0,0
7a77d824edd9cddf75a77acb6ff8f68b00e5acfc9420b028d54d30cc709ce130,0,1
a4e6bc9d505e0c7d71ee4a72b204afcf531e22d264d2f53bda4fd9af031046c5,0,0
5515ea1ead618e2cfc911ac35f8b98b5d6e3de361bbb99a8148190acc751d00e,0,1
5b32a871dd1c11395414cd60d7fe835246af21e543cebb4fb02fa07be6f4fe83,0,0
0b2a13c557a911b1e430af593e4c5cd812c8c6132c85a6b4c9adcfe39f627543,0,0
0ffb564be8aad2d0457ec49bf3d7ff098ce3215d0482076051834cc20ce05297,0,0
f597640fedf2a4cb20ff6e80c5ab6a88701e1c37b68136806f84a1140f7cc2bd,0,0
a2ffd2004115a5b9d8912e8c978663319159f1c0608d64b363586d5304efbcab,0,1
93a6b0894419a5ece1ca5177021d95c2d69b0c9ba22f657016ec3ca9d055df71,0,0
6a43693888680dc4d677227c4b2ea8ee129818957671798693caa179e1c577ad,0,0
34bd8c4e89c94b8f857ac1db05536cae72468a135d6f115797f6743d693a7963,0,1
e4ec3809cf57dbc8cec12db7b5f5851d4a87b61c19fa3f824e17b0a1a92376e8,0,0
db119a21627607d4151cb26c1ee4eb9763a34125743d3e1f4f508e0b81923dc0,0,0
e434f0c3de99f7c3a7b8eee0099870139081a7a1362dd2972779db095b71f5ec,0,0
0820ca054664c47cc6bad1024a0ac9b3e3a16aa72ba736acafa4094824b1d058,0,0
6565cc89226deb3d2c4616d02e16c72e7f073d3cae17a0cf849a8d705f29b25a,0,0
46f7b91dbdb818a142fe34ff65f50b17e992755586c3314335ba5309d58cd5ee,0,1
86e94b34cac2734a563a4e22a1da53b99a7e927ad649fb856b910ec7858bc08c,0,0
9bc76af989377b675e1dd797e8719542bd9c2bed30949d265140614ff4b72a7b,0,0
6d44556b34acdb968224a8e58556c8f73033ff5bb62952ef3902acdaf1126246,0,1
098f30984c059f61874ae9f285fc064f930f0b52d60ab61a161a51c466a7271d,0,0
83f7d4f45545a32db251e9ba26ca1195d2d3e7ff9e48cc52380c23e870b5b3e6,0,0
807606b1316dc9441b3bcbf0641d502b978c484c04bc3b7d70eb6ec9d0508adf,0,0
47b960c95113984f768a73804063288e859ee189095216f928eabfecc4546074,0,0
cd7774e5c15b77ba29803833973a1245b675fbaabdc77875ddf42901907efc33,0,1
023170f6142453ec4f6cb54d4564876cbad04e3f916d59fcbe4eb820cc0dd17c,0,0
d82be55e66ffc4857fe5f927a8bfcf28043d9bdaa61f7deb2069adebc2321d11,0,1
7c0dafdf50669de3ae920c40b41b656eb660844ebaa84593e521ce4ae2fa2680,0,1
8aef880e130f163943d5cfc2d27496b0d2e4be38765a10f08c03c9be998fe85f,0,0
e0104673cbbca92715d16619904635872d1d6feb6c3234a90584672d741a9213,0,0
2c3ca9d0d2d10fca9771b0c5910f7b26c5a28ca8dec878f0b8cc72ac76f7bd92,0,0
f087fb6b7ce3c67992eb79e56e683bc8f5143612c0c6e72e735926e2837a2f2c,0,0
171f92fba06e6906a6b5e7903ef53cf7158119d3bf69f1e29cec089144196a05,0,0
dbdf0dc2702f2a148f5b0ec2d14042bfa50fc320d35725eaeb98a50158d177e4,0,0
a1486fbede86622ef1946f98369c9539f5abd967d7ac32e1caf556bd00576d38,0,0
38c6107b7d7cfd804d7273d26aa95cf38e00012b246774d613bec01beeb1f019,0,1
ad0362e30e5be746d9ecf0afeed6c5c0609ea7f1b111fd7f0b2efd0c81b2bbc2,0,0
bc8cb48c7520836985a3803fb0cd7c2ea26a3e8c06a8a0159d398338159e933a,0,0
40efae58a261ff238c4ef55ae881938b2a9359919559f87af92e88b8bf19eaca,0,0
564c9c9731050d7b7f4aec94b7ce89a23943f48772c22f4da9e799d8c5add2d1,0,1
c1ea5d2bab57848b487a0b673459daca3bae98217a5c3a0e10bc8c009731bbc5,0,0
76448afb953444d05526837777c922e5296bf9b0e076ed173118c226faf8bc73,0,0
e77e0ecf1b721cc4346867557347a45eac0f485bac81ceee2303caef5f7d52d0,0,1
a4efe260cdc812df5e85d0d5f0376c2bed84dbf8f03209091eaa64557cce5373,0,0
bf21971d208fb8ed9ebc872a96444b3f99e6b20fefbf2b29adfac568677b6c0a,0,0
e9e498c1b3c65884dd1a1192b4b2d84d6ff689b75761a80540faf60e8e42fab5,0,1
e6895664449b4be45176568829828aab6a7f32d1a3470fd2196904eb242ac86f,0,0
21ebe6860f12ff69629cfeb3d82e0c48286e988d69fd19f9c6b293364c55fd6a,0,1
5295645e77c1131c2bd91c0668cd3d744e48395e5c5b657b132d678f0c98012b,0,1
1db273028cd281fcf058e7b09332fe74721592afa6a96093aa0b53a457db1e29,0,0
3af98f4885ab8e88b22c41a057b9a6fd0cfb5b5dfce9f557a1472abcaeca902a,0,1
7128d4c0e8d67fb71fd7f052217bbc006ba1fd4607df962697e7821fabe2f3a7,0,0
cdd925b54a276f9046ee92b9bbe65a83269b6e6164aa8e3767debba9842e4fd5,0,0
ee9da47b642b3c1b6c50d2b07d3b11f4a80b109d779eec4ae78a8fc923da9a22,0,0
357fccfa106c24ef7d943e81135fb959a730c7ab1715cf7c06beacfe1441d51d,0,1
b4066e04944700ddbd91603e4621fbdf095537a9f10cfcce24b286bf52a9f59f,0,0
a04b286ad468f96e6fd788326e079f5947529084705c753437c6694a1bdde57f,0,0
24f85aa38e93587809b694eb53d882fe919ad125d9d8ffbbcc42cfac06de7dd3,0,1
5a0f61777e4b227ad5bc92609fda55aacbfd02b5da00437e62493d3bf2d7e50d,0,0
db708fd3522268b4ad78f99d55b3bbbaea05661d685c37f4a3e2a802be209e0d,0,0
956bfb73fb1e790324d30b6a0582bec0ee31163da2c37ff22834aac45e2962be,0,0
98a8778818d464023710b172e88dd49c1863ae31089b9d0a30955ee9e0d47227,0,1
1e7d856a29d1229d7d52f6a0a1c3d07153eab40715e907ca8a8f5e5c5a17ae04,0,1
1e54caac1d85e8ec1584145594fbf5dba8cec35d1e2d0fea991a37b58d4445d2,0,0
9f381efc60fe20af77b6aeb83a1b632180a8ee35f00ce4dcf3b7aabfd0ecc45e,0,0
2c743a8bab4c298d5e1089d393cb8e7c9da9a42ef30bf780283ed27e659deb4a,0,1
706bdb68dc972855f80533f2567ba93543e9da0d09b64d2e5915e4e83a094b9c,0,0
e35c74058d44452620d94a3e22f1d533c57f1f7c2f3252422fd7edcb98957047,0,1
0814b9f2d024602d981529004f2f6903198b984aaddaaf6b6bdd978663f31839,0,0
bf3a5ecf1f11bf493ee5992207921781372041b8a7e054d04ea3465d43e0d558,0,0
c8fb1510397249027beb3d46ca3add6c39cbfcfd839da1a2ffd36a9cb6a41179,0,0
4c5646697504084d84574d490982f2e49ef05b93827334eb6dc5b2a69de146bc,0,0
a0cc0103ef1e2dd3860438fe302bdfcc67993bc24336eb45efbf50ef535899b5,0,1
358bacfbd27b23fd94ef53e5ba295e8b8407d0ab7dcc6cf218639e5bf50cc21d,0,0
5fedcbc45b562af033c8cba2b26b4cc06db437aeea8bdf36d255835258c52ef5,0,0
22b3c10ac1028cc210817ba07baab833a961e145de543aab9190e42de611a674,0,0
416403763b12efe3045d6b590f1873af0e79ce7fc4187a713dedbe6623b1541c,0,1
24eb0bbac9aba507a3dac5a614cfa5732b872416e3f045418617822a8f11b95b,0,0
124f7084c10f80cc849a261cfdca34029b44cd7e5e8cbaf2d4a85848c244ba4d,0,0
3de66ba3a4b8e58e276302ab213b47e3e5074e5290c3f083c6942ce4041e6ee6,0,0
116572c7e43f3a84655b2e57dabb050341bca19cd79dce5855c7eabb9d50c6dc,0,0
dc61d25fa731fba8ec4f96312e777f9cae8942c21922cb7ce86d7cf3d7e76568,0,0
7fc39c61e19c59a61f7b064083decbecc40d3ca1074d4756c23c2ba774b7f58a,0,1
935c3ab9e300ac507ecbce06616eb032ac2a6608db0b151a0cf1d13f12d05b2f,0,1
0011fb257bc25ca858e6bcc7af06ecf52e2bddf8c84df2d272f3a0f7f4811481,0,1
9b24d422a8bc2da3f7c3adc395999bd27234887c0b1cab3ab45dce7b445061e1,0,0
e919fe0d71b4e0caf9710258f58729ee07e9cceb63da44dfcb31102e3ed88f02,0,0
3341e7090d49bad21af2e5157dcbca9bc3504ebd854ec231fe664affe58df6c9,0,0
3fb9efb2b1aa3ce6b99e92652bd85a5198d51f2ebd7b464c6ecf45430d64aa50,0,1
1006331467d8d5750a7ecae8d0bb78c6747c79886afc6fe72a634ae98eb8be88,0,0
07aea467957a3328839b8ea3acecd2141e4f6f3c83dfcb56cb4c1b6c2c14c203,0,0
0d7e49ca4503065b63d229c000655ddef618bc03ca6705753912fba0eab757f5,0,1
63cc1f2fcfe38d2eaf912a6cb45359a08cf24f97386f3074c7dd0cacf3c9d9c8,0,0
d3140224ef71b0151044ee82efe0809b5c8283e8cfccf265a58e1496520a87de,0,0
26b758c00bef96d6eb1893bd288db12f08bf1a6aaf7c29a449734c0589ae0faf,0,1
7d2b8e58587f0436005a6dedd9e923bbba47294cbaf3e484d10072fa13ec2be2,0,0
ac8e35328088c8d188d752fa0cb3740d54e9c9c3c922bc1af44ba8e9e046dcb5,0,0
bc7373c2908a6e7d54eed7ab941967b37cb14393d07e7f583c298c825d5e6de6,0,0
31ec0b0ebff384ad450c1a259706f6967265c2f7ef4f900902659c0a832aa475,0,0
c8e928dc26430f8aa815f86def7e8ee0eb99e50ae44e1fc9e68f7f44b01de6f5,0,0
959389660d44f843451fd60287a78a8bc9c53fe22dbc7a543a018809fee90a86,0,0
992f3427356ad595742ec6cb647ec2914d1e01b0ebff350ac983cac6d4fbb2f1,0,0
733364027b3829e7a46fac89a0576dde5a6061e7818b43dd5cae6abb562816ed,0,0
c46c4d4a58978b8071bf44c411c1356bfe5e8ad00f6b80c915d828118b303a27,0,0
66d52fc3b6a3c1bfdd4aff2032dc15b2bb6945e19f04aa4b71807c361d579bb3,0,1
ed5e3f22d02b8ab67ad5147a6000649896c19ff416d9e9d276e248e090a3cf74,0,1
02e58a2d1e37e2ac1727dd42101a4bcf5949e109df4d5e6975c5f7717c4a8c7d,0,1
e407866502b6e1f7a8f038cf585e39e8fa0e8218727878f3e567c68b19ab6871,0,0
3bd87d8ccd06fb38a70982fc9a8a9e535645bbb665d6444c7f15fd7df929286a,0,0
f71a8b88839a6a8f3fefea242d629f9528be5d82d940d2f40a05d36d056ea32a,0,0
5469231a8b36b4fc50cf1de3a0e146d84d0c15e11c31c4b75a8bdb434761f669,0,0
12a5ee10475f31ff576184d9c8ce7b8311c47152a94a3e130031789da80ab750,0,0
7721a57f2b6e766454ca39d7158b3570d01b8b7c5365fc1a7b33e04e59410f53,0,0
dfc6461832cc3bfbccee0850b7a73f32fc75b554e507b31c8a34744988e0ff0c,0,0
aac360adb10109160c51d367af4320e852127f7b5c7e7ec780935ed0b854f646,0,0
cedb51a84045ac32fbf801a6665a35b88538fe27749b9ec6307796e0bf9f6336,0,1
c57ad5eab2e54c9f12e1f8d1b0619906bbe5fd694a6074731b6547e552232e78,0,0
6dd9ad912c5bf3bd715608dcacfd21481fb7edf44e579b36ba86c92bb5cd659d,0,0
1aa8f77fafe457cd9342167e5d70e36dc6641a1c12c8361a84efa7826f291ef6,0,1
7c36c425f0c727449375e4bbc9844df72cc1d43a291fe3c0310201de0e510875,0,0
61bd8f069c27991b2758c2cdb5866f6b6a967b143c4ff2adc63e7c3137e68c7e,0,1
b5e5e8cec2c29f641747087c5df217dafaaeff858ae3a24b365aa17300da8480,0,0
e608af0a0eda40d774ff7194cce5e439ea767b30ff4236aeca8565eea7c63b46,0,0
e609b32c6524aed151c3047f15e59d2175abaf586871fe1f39332232668ffe99,0,1
470e197bb49a538d1e837b685f5f18057fe6c6a471ef968f7aa06a39504a09be,0,0
804c8698c2b5fcd1a60685ef5d3c190d68bffbea36468aef6769573763094e63,0,1
2a63aa1e2150e0a9ea9472a4c30ec7080fbb05da134cc6a4b2eb125518aec9ab,0,1
c18f5bc80009bbfda3d8a8b083ac3bcede1fdef173936de645775f0fbdedec56,0,0
fead4a1d77f17aa02cec0515043e9677072de2837bf0efee3c352fb146df97aa,0,0
15559b817a9a1dfc03517da5c6142711c6b9b767fb5b2c807f0c941138991704,0,1
05bc45b04bb4fa510acaa22bfdfcd7cdd079f7649d7df6eaa3001a21169fb553,0,0
bce40eaca1074fbdc07aa64ecd0c6b5528186e4c15044a512ee1b897da8bdafa,0,0
708da6286afdad8d5d435601726f82858b5d1f9b2433ea40913d10c651b27c48,0,0
588af911ba8cb491fc24529d4550d669393abd9df0ba41807d52cf968a71c207,0,0
a88e1dec12ac3d115526ea7ccca86c15df2aede69946382228cc83875078d776,0,1
9663b49d2e0f81e0ffbef49d72f90012ad342759c53f0d2191adf06645d2265d,0,1
5ceed16d61cb56d177196fc6f72cd2583ef6ed280e5db434ef0fa9a8cec77d94,0,0
1fac330b6f0b174654808802f5dcad536ec9781a825c5198ee24bc232d00bca0,0,1
5c73128194d17b81b818e5756e1a82796892563d8fc9d5d333130a87888b34e2,0,1
5fc25dcb7a2ae726cf2b1a12d0315fc10bb52ec4a9169027e5e63443876fa12b,0,0
3f9e1a1e412c648643f6ae1b28df04964495741df4b86d708f0abc1749238e71,0,0
07b09f6a31c90d03364b6a6625e8dbbdb9f71cfc0d42e1f0afbdb917bdddd554,0,0
7a3ea61baae084aaa7eb6201e92839ca705fd2b2dcd3653474f333e3ed94bf4c,0,0
5e093485073d2716074030d71add5ec87a82e7950b0c9bf9d37b328f9311405d,0,0
4b52732baffca2fb5da74fd0ae9aa65877f9df60904797069de37b083ebbb354,0,0
63f316232f7e6ebffdd912658dab3d0c0ab8c27c048d90b3f46435c82eee3788,0,0
59819d247afcc860017411138ce34abbbc8243738bd217a2a5e10f7d546be5ba,0,0
7b5bbf8be901c6032a617a0798558dd9e9dcbbdc6e2af23df21f32b4a69416dd,0,0
e80e6f7acdcbd61852e82ea283e7132677d72b02bf0ac479f394fcefd8b6adc1,0,0
b0406d32b01003bae09ee8095b33e8c77dcd3f0794d6d2197bfd1f3db2117ed0,0,0
6c3c676646c805ff2b56e4c6cbe4220d9a5e47e865c1589ffc0a4ed253be7b2e,0,1
679fcc1946f2fb4f60981ee487113fda5cab04d7b4cdb8e39b79c95b8c6da149,0,0
7ed8452fc94e111e4322b23c34da29b5870c6ce2e082a7594ceb39da9bd70bcf,0,1
4e55f421f3854f6ab384f757577f85c093c072d52b13a7d7bb1408aa3d3941c3,0,0
36cc343f40b9bcf59f91ec39ca557ade03d5e0cad3cef7fb3345d26dda17b8b6,0,1
3fccc903fac4867a190b0949c350f2703cd7f3cc65e674a0a08475a11f43c546,0,1
cb08c85a67004549f1f2a4e90a47b26ae37299c5af1350aebf5ae81580f68a33,0,0
61bc2dc0b4b2270c102bec69f74134ac8370d8e87a0b3b17ad30ccb819ec3a2f,0,0
3fe1396c00b94546f0d597b545f84533834f36c6ffd8ce77714165ac34941a30,0,0
6db4bae1c2619c6f92c6b562b90a9c2176bc0e92701d660938fb4168812b0889,0,0
0034d7d8496fac4606bb79fbfb56e5f945ccca42fc163a3e8cf746d874288456,0,0
c082511082faa2b7abfdfea013d2f1799f7526eaf3a15132a0c5d678392123d2,0,0
e7867492a6bb02078a3661e96d0bb8950bd6995f5fdd32156783cf729b028a73,0,0
21f93d5b5414bf4b08ff63eda56da7a5f548606bc6b5d236c084d0c482bf6b69,0,0
027cac3e536a5fbc67b37d581cd20730f15d03d39d08d80eacaed7efca92f435,0,0
46d09c81302740e293f7805563cc971193aed75503155aba5610aa2c3375cf25,0,0
dee8310766e4556f8ca08ef646cf1f9fa5e9067773a8307f090f089f40097447,0,0
3735560eeea76420bd4068ddbf6bd8af3e0e2181d8379789de0792bc871044ca,0,0
3f589f3e2beef55b5b57572ee8ba76dc7dacc6683afb27bbc29013c2204d57f6,0,0
3662e5b87e8616e92d0db0a03859d8a7ea39011bed5581057f70bef12c93d31d,0,0
fd22b7fdd8818fa9ed3c4c2d80f9568dad920b304033d1e1615b87ad6b373a55,0,1
19bb460416f74e4607ce77a85adf982fd3176220329d8f8cda51f6f3dc3ee947,0,0
1034164f98b293743ef98f087783de97ba306a5ed376b30941e49e9c777e21a1,0,0
6072772ec4137654403dd28f6e2ca2ea4cbed7e6a6e90497bbbe837c10e6abb0,0,0
94da3d388d44289db846a696551216ed40d46551398a819f406c69de72dada19,0,1
b62e1f229377297bbe59998cedb4fff4355eaeee458a4121e114037371c85f49,0,0
27d0a3d129a75e145e4b9b8a6650f64a5e98c480cdd11f1de696047aa9c07a9d,0,0
41f583291a6e9f63e3974c1c38bb21a3e12a350bf9eb58ab7435fcb9edf3184a,0,1
30e79f369a91c4b235257701c5aa91ae09c2969cb60a8605cf4107fdf91e741f,0,0
3dffaef2f19bad72628b5227484c64b0bbe4baffb1a6b3a1bc0dee62dbb56467,0,0
55e386882cb309f53c3f6b9ecae74aa484311d18e5721f7725cb79b26c6c2332,0,0
2728dd4a44191800540b6ab01e4e8de586feafc4e7abcbee07db6d22e0d6906c,0,0
158ec20eb0b3b8af134a38667b26cefe524d25c8442e104e2f1170d9f3cc3049,0,0
b092808e1f7ba7edbd3f4341370fcd5467328cb309077b4fe62359d6bcb56433,0,1
301a099e33a7508bc8f631670af802cb389173789ea7ae0daf17710e62d78fbd,0,1
8fb8202a4d6047e51bd910df148b0105f05b59795282e3d2e5bddae70f99682a,0,1
70d2137253fd7fe1ad2141f67b9af0fa0e2cbfdebc5067a82e1a0be87b6b8053,0,0
1fca028c36177f4ba407ef50c37b098f24c205cf607e69aef02dc126e7d700f5,0,0
ff8888c87d287d356e31d0371a1c5692eccb1c456f22cdf37047ed17ae9dea74,0,0
20bcbbc6142aa55d812af75f0d16665c6d33400bf2dcbbec43d16b97677d76cb,0,1
24d078618e88dc6fcb8b30875a9bcd7fbf071325eb54f0e063cc59561c51db20,0,1
9236d8821e857beeb8ec8b7625d68e6ae34535a75c948a560f6b3dbd670f53c0,0,0
96ef59157f8ce84ab5a2d637b991072f073c10decb8ae0a74a557fda7d433c16,0,0
072852c95205f6967160fcb53fa77f7cb08b6499b9da3f289b959292ac7d4507,0,1
886a13d4c7bf3524a9851a3e33a1f883ee892d14cb1d9b2412c7a4f31416d0e3,0,0
279e3956a11a4a7b2c6b75a1a6df3cfe41f0ffb187e9c26d3cd6e7c26edf114e,0,0
41e765db87667b8a5048a76c427e6356ce6a99a1e0baf852b14120ea1e2c08b3,0,0
524af1e149f676a22b7b81893485ef156de6ef6b35e0cf8f370380e40206ce50,0,0
8645651cfb5bad1ac9fc030c77892dbbb9ca5ffed5d48a79b9a14f038bd80ae3,0,0
f9c4b69cda8bc3f7745b34b598bd22557d5b91224cf825dd9498dc0d9d30a88a,0,1
4e1acd33ac896c754ee3e1a3d13fc1962fbc4973e33be0dd987d6f864496fef8,0,0
1429bf3ff08902167c25eef6c477eeda4fe0888c5729a0dc7fb7d1518ae070c4,0,0
0a552511d41935c9465661e45cad02485b9e54bdba8852b2dff0273d76e79a5a,0,0
94125d46a1b7a072b5354bba488658d90b2898809dfee4a962206d08c72a9da1,0,1
a75e734b677b1b4cf083cb143c76ff7d30ee83947e5ccc750400e76036a9aa02,0,0
8f2a195dd0841b890258e5867eea1a39435e485467b3785ae8a461b8b909d601,0,0
8e003cebca4fc83f1d1cf0933cf721200966be7882bb4eef39b95777faa78d52,0,0
6b570fda815bf07d6c5237714db816c614f33cb66a3d7c4b6c0989c20ff40757,0,0
81e08b96215e4a18bf51fc3070b41c340260330f9f7e6223101513b0d09f9bb3,0,0
f728ec92953857233c6404624edafe8fcd46d8fdf578acb2b628799aebabb116,0,0
1a91bb890bfc8171c6387d309443b428f545c11b43bb7a4ee03853496650f11f,0,0
3f44624098667ddfb067b56d1c8489db76ff38f19c430d3cb8bd28073303ad75,0,0
4cf977466ef78e3a2964bd1c4472baa24c2777a6e1c91629402518e21fa6774c,0,0
eb25d3fc329029831ec5c36fa0a84930c6c8c5c962c3b8e8c065635473535254,0,0
95df982086e7f2b63dcc205b505dcd5436b42a597a77c414f6ef9727c8099179,0,0
edd7d08e83bb1f07720ba136aef4bacfbd2f651a1704f1318d7d086ec6d6b8fb,0,0
c372a9751bee9309dfa0e7e69cd73944d9ff8058a9af2c5b10c96c352996172b,0,0
2ac7b51a96570068c2c2a36acd0ea6ccadb72a92d151afbc831688289bf0c652,0,1
efa7c1c3a6f4e4d46d1e3fdf478cb4ab72c40fc815971a11408629659907e5ec,0,0
45897a2628b012d56f5897bb54857ff868d39435be173a978e84a5c78dbdd997,0,1
f62f261885c6f184edaf82face7e00f4cae36c216afe3681b530a6284953b5b8,0,1
07da8da48b5f076ea6e4e157d8923bfbcb43b3936fc22b8cf857579becd9686e,0,0
2dd9bb0c4eebd2644861c1a114451ddd6cff73adf922d5404d8152b4af4b361b,0,0
f2e4e20d5911d97aaee66ea0c22dab753f4931f55fec52b39e2fc3e408427f81,0,1
66c13be06ecbd77689a2c90e1cf5ec8f8a07e7b4437d30c54e65b64d1a6bc70f,0,1
0a2249ad37acefa6fa708e14d95309692f349b105a5001f907d009aa783fabfe,0,0
2b5687b00766d23062f7296576e693a1760ec2474df0f42fe808dc1c4467fa30,0,0
5ba3d8d9f9fee9f51585a3c3a74097e2e4b24bed9b985c6d95ca29d3bf6deb9e,0,0
6e3ba3669ebc9c918907e2aa8cb522de033cfd0a16bdb8b876a32cd4dc035575,0,0
a4a8381ca5cdf35265a54a056c7802711445537650f09213f12a82e16e53b657,0,1
fddd263c98822993cfcff809858a5235b5354eba8e7cfe946aa633ed2aea9385,0,0
f5e4664715066e0a41c73cf7300839e480afb3781f866257fda269ca2f2cd179,0,1
e3eb354533d0f063d25accc5b330a4ae65649ec8595ce5b9a1be4bfce7cdf200,0,0
ed380423faa16804c856bf6d4ffb02ecfece6b3cf08b0bf9918b2a86dcb37707,0,0
fc6612a6e2cf2f291c366f24b99a0bc994faba116a4f71276efe56052d4bdb8b,0,1
a49999541bfca7177ac946765266a8ee2d2f8fd9aeefa7bc5941300a3c5634f8,0,0
9e458f142a843d9ef7cf1ac4a1ef2162fcda08d19b7b59dd78323becc183aca4,0,0
7626b50698d7e9936e7209aeb43aca4b96de4f1ec27340c11ad913ea55588e95,0,0
be57de6e35a19191d1883210ded890fc65320ee2a574a13a22b7a14b1b6dcd74,0,0
9ca76d02ca826f79e7362713d04aff576e3fdb4c877fbb7c05802232ab4c12c1,0,0
9c32db0d4eb5a0811ada4059bea267c531ae489f23481e20b9941df586095880,0,0
7262d8ed9709438bcf82a953035601ac787769c51422ec5086e41e1415f04ef4,0,0
262101324770a5bfeb3faea727e8e5ba637a16bcd82c2616cc607f665288d41a,0,0
9594af93b79b4593626a822304ff8eeac9cb837e179bd83908ec0e632cce1f99,0,1
5056c92ba9cd3a7348b28f6f6e76b004d4439246ddb990811d0daadd642f50e7,0,1
b31e9e24a8105318732afa0db8cdc1ccd9cac8552b50e08702d6ee469c1475dc,0,1
b6c9886681d67529a1a44050fb645a2d4854eb45d684965b09f769ab78206615,0,0
60cda4c4cf8487eaa32b8f28c0b66815e486579ef90cd7f03214bcbaf6e22793,0,1
26cfe139a4137d40678d75b60b0c68f341e7b0b56930eecd532d9bc0cf8c8a75,0,0
4fc71046e0f5c9c7b4ccde25e8bfb1a9ffbe8d7979e8405091de0559e00f2e41,0,1
6b3030bf5d31c23809aaebf7389c031938923d9b3f2a98caf696cffdf7b13235,0,0
c47f564ba4eeb986ae807f6711d0a1b287dded25f3cd2e6e244ac96a5dcf96c0,0,0
e0bda1e3e7a73bc9ae2f636108e3568d1cfb0cec00cda54160e1c8ffa76b4176,0,0
7b10331ba3f33ff23f232397c95cbfb4f91087cef03f1fab64e3d5ec4811db6e,0,0
74c2f7a45c942c41f824cdf744c06f74d10312dc62555cbfa95a3e5b852331da,0,0
bfcf4a2d74e5f642c38d9af7329221a60a1269c4b38d312a9695ac4b4504b5c1,0,0
79fbacaa48b2183a99554778035279f47d3a67f32b797114610a96f8694fbccc,0,1
b417d6a5187b412fd3c68c84c1723b89b8eb9aee87153e828582677d6460a7d2,0,1
2d808d8bf8d5cd1e58d354d1888ac61f09d53032c175c07337e4379d07f9cc3f,0,1
9942eb0e9b1c26245e95392ca34074fc20e47f20e3ff2fe56399f65345d75aac,0,0
9fa93810e3359729080cc0f671d34a0e17da5d8263c7e33612c5207f6f9f8dfe,0,0
6295a8eb347d981e81f440fe8dff98e926dedef8052db5ea352908131675d516,0,0
21bc595b2ba81bdef41d1c5938926ac8cd5dde1b0542b4b56c47b4cd4bc3ee52,0,0
cb07886ada3d6ff6570e380ac3c19b3460236f5dab8eb99d332b2eb55320e4d7,0,0
6b1a6f2a59093bc69eec2e32afc26f190c099230c2872933a8c1679f2570f8aa,0,0
dd3f4fff964017c9ae093cf3362b6c815d6ff35c3efc3bf955f67cfc37a38d18,0,0
facffdd2cdd4a9c266b386583c4bedea24b3730e84012c34832cc8514936998e,0,0
7f5248397333ecc1c20811454ba9f2fa2982156902c7582256f4e227d3c80195,0,0
8223294c8912ce36d9e0b3f5572b90b973bf43388b241e3182f15ef19a15e945,0,0
d83a834827f85cac15c21cda7cb55f2678707c80559d58410596dc8a71f7631f,0,0
f0a9cfca1b62d65b348714e3e42d0f8ba045b2d2a27705de3c75fc05709962da,0,0
0bfa58b5cc03e7dce04155a08e79a84e6325775c02ed70e6fe32c3630c94ff4a,0,0
1c95623f3c37fb6ff6b7dfc16159550f996a8391bda1db96f80fb6d63f5178c0,0,0
dfefcd608e59ebbcd2a2e24df5da61670eb6c073d2db1769003280eb9e187739,0,0
3578a99af2836f190039063800a9514794f3092b2b986d425bedc9cf0c0d3866,0,0
4ab9f71740cefb8453d42c34af5dc43439a8fbc214cac66a0bbb8ea363f37bef,0,0
3616f4ff487586436db92dfe23fb14e4c769c7fd8e6c747995154e64796b6f8b,0,1
6d22f8b01d7ea982734f5da5939e8c526a2b23495a9f8fc536844e6496c9be39,0,0
aae1637e861850c767e3243739d91549696ddec1bdab5f7421ac85cb4203c906,0,0
333455c915a9dcbae4f08d53b3a129279ef9435102dd5e4bc8ca42b53eeb0740,0,0
766dfaf97f7c156e4adecdfe80f552150ffb4e805b45e70b6d5ac91cf2ded7b5,0,0
4d7089ca07a87b52ee73ea50fe33068ba54775651fc00590f5ec215464205860,0,0
8b77fe5bb19b54bf5e121e77adf8354b39bbf0dccb61a14d85e5d44fa90f3cd1,0,0
9555285e478c99959f979da9ee002483bb4aac7fe4fb0d97e22bd2e2afba3959,0,0
da2a564316a367d25e01da8c20eafb28a24bd0d3eae00948a58028beeff4edb2,0,0
bed518c60708da41ae3304e27d31809a0b516c46cfb06030631728336e36a1e7,0,0
80d5c7f1dd352569a9fa1cc4598699bff10998cdaa2dddc7a9c8ccca43f7c50d,0,0
163eee64a599e9e1b0e74106826ce7b5e83ecde36d260202b7d5ae895027f2ed,0,0
83d5e7d35b6806427e3a7c8cac360664c0d44e2d5337a9f3e2135c36a5ad47bd,0,0
e05c7a933f2c86733aea5aa1ced6c07ee510544a4eef321b5d17bcc6df0e7b2d,0,0
b350dab7aafef08d7e3e917ab4199f7efbfd197dbd0825b49b949505a2642507,0,0
5c7ed73e83f3fb2e2b608bafcbf353b8cb94c785178d0fa66a3ca3d0e5aab880,0,0
dd1457d4fc63ae13a513d78c2e5a980c054fa5bd32b7a57b602dc15609f8eec8,0,0
9a640fb984ff9eeafcec01383c13e8c1d1b706537fd826facd4760ac14080d77,0,0
4897b7ecbcdafd17cc193a4100209259421d6954bb0f2e7a696ca40488c5abbd,0,0
39a58c315bab219cba60792eee10152bc117a53f056e9c3e96465f400e8f4fa8,0,0
1791cc1feac12ca23eb9afc5fce691fe990a343cc8adccdbb6a45f3e22b21bef,0,0
f793b9990fba990cdaf1679fee01fa53e9c74b39a5eae498b9139502ffcb3320,0,0
189d6b2a4544bbd1ff02b3befcf53affed448d882c83a4dcc2cb502f0f223e41,0,0
b8a65f607b32f33a94dda8eca4f5f6f7f11eed9d05165c7be31e3f3d2aa1a763,1,1
aca475d57d7aafc189c2a33420091257ec926bb1be0fb4807f635164ff55a056,1,0
4df331e3cc25a52f017d25e29732e85b588a899dde191f3b568d0eebb5eb2b81,1,1
9f9bdd8fca0733f6e38c68a3d45ad7999b4728cc7f681eb35c23aa003c562a70,1,1
c218f3e90bb5be451d290fa97c5365ac44860a17777d16103b5969ed1f76c1aa,1,1
d1ef1436fa4a4e5f1db346758027bf3f26268f804c686283695aecb5bd5615b8,1,1
5439192e7d7d7bf6fbcb3dd96d610377dc986181ad41f4502373164dcc311acf,1,1
57668fd8e64bd7d7a87f7757d2e7ffcea99bfcba67cad80b747837ef9a5ca969,1,1
2b0d52f3e7337a3e0578a46f866eb8ff6b211d8dbba8f138db1b74f8de980964,1,1
a3821068929875d3852de8c094bb35882f252139c7de3bba1e186a7be032d4c6,1,1
405dcd168abfc297e95f1991a6684c06338e7638ead33a65711d014981e9447e,1,1
31b164ad50ba55c35951b9130774dbc959f3f85d28979ea4f72e5839c83da3d8,1,1
0ecd27a6441202a9a18a88d032a6921c6f81a708052ad949495a4ccf55100561,1,1
4a74ac3c316309a51b76ab8d4c0f085a8137a6c3b576cd0644f99f7c20c7e576,1,1
38d6961c7a82c08757e78b191837649a1901ef053dc9a97acc24eb27c960aea1,1,1
63d14d4875dbf20d5751a330b6d7faca7b38013bf7df91ed044841f6c745c67f,1,1
a37ca5991fff82bbefa9b76e28ab66ba7d45a94ab47ee12a4a1c67c6ebf68c93,1,1
9815e6f924552f192d3e06ce6f523a5a0a1a2d080f684dde2a1bc2d540455037,1,1
47d4f792994e02efc2af643c29d771d8fa42f66f9c6dab98730f4ccd6bcd0a1d,1,1
e0efffeb06716e61c70a8c1ba52510716283a8f62b1b89e5b229317373627e3c,1,0
f5a5f9b65e059cfc7a724bf38efba91df327cd97bb0ab065829ecd3f8f766555,1,1
f533eeb168c746675579c2f7182ca009fda74bd54017190fbb2151e535e07d18,1,1
a5bddb64c0b7332e4f4f8026d30e813a2da061696ba8f59286e7330af3b04ce6,1,1
248197633238288e420d2f6a5d03247d9904df65ec08c80f8c9e3b59b8aa79bc,1,1
356d234c4c5af48e7ec88f31b0cad863ee869d748064eee7f2af3080cf83b899,1,1
ee227412f2846312dc12d67a7b32c66c542edcbfaa531c30d1b0159ab9dd013e,1,1
11e20bf93ad77a2d3060eb74984ef8ff40c708fb0ae33baf5b89981b2f148bd0,1,1
c8fce930e6eaea57dab14b2d107496eb04a298aeed931a31a12b58604b9c84a9,1,1
c3746c2035c0a2b5bd00d79acb41b776da711ea775fc436d94528af7a13b9cb8,1,1
2f8dec5e066bd83004e0eef87f440d3a1269de37acea08f4645fe393fccb1f1c,1,1
9e92efdb715ba96004d76777ac888f182863ef99882e523b3460953484888e0b,1,1
803afb123b6d19618f3e0aec9998b80a5200e180893dccc748383058dca00be6,1,1
96fed9a9d9feb17ed6719d524472d628f2b117c0fcdf0e50a4bdd67478f42969,1,1
a7519f0c65bce192f13fa2534170a5e7c25e366d377c98d71313e0ba2eb4ba08,1,1
b990215b8453a99234b0253b746ee36646b6b51e60e346d77985ea4737a8f52f,1,1
482db8be90686b3eeed224268f1bba471980ed69f883ec96e7b45e3caaaf8b4e,1,1
99b103feef3514b417a444890c8a2530bf38660965db0d3bade7811f34b43622,1,1
7cb94e273b0669a9946d260e86859394602978ca1245636f5fedc5595b5c7c2d,1,1
b8a9d0cd62bb72a01b0fcbe10af134b90beba0d1c6b57e01f3037286f8c6c7d9,1,1
ca831c49b9340aac8197e25eccd4055b844f823a247a24108ffd17126f7c524a,1,1
1625eb42c8a4bc2656893257819d6406176b10e776197621d6510272586b30dc,1,1
2c69f55026084080df7a24e77756bd483dea94776afbb7cd208fa72f34041f1b,1,1
e2589b6eda8c3038f4c475805afc0b8c49a04b8ba374e48d8942d7e3c9414431,1,1
f0ed7eb66516c98e70c60e9e8d9dbb5893209c954d78b570ad9d957ecfc8e895,1,1
a970023f227c3023d9a9ab640d6fe2584e20121b694bb4cf72665696cc7b4ece,1,1
b97dba141a6e4d339e485864e5e13151066955f70a627c0f1c31636decc116bf,1,1
93884da0ab86885124e2537bc906edf0eb30897c1d65fa2bc86ce62e7d13e6bc,1,1
d801fe3d56aaf9f8af4cd303e09b4c556697474408b88a3002ae1ded1b28dd8a,1,1
cdefa380b2861c64eca1252a1bd2c21043ceb7c96ac99e2ba29ee4c5855d87b3,1,1
47ba4241a6ff06ff1be44300e00a455a1df8b986c13b0f96b5ed6fe0d4bf6bc6,1,0
7804fae4ee5a1549e43699f43c9db141be4f51214ad01c87d1d71c0f9bd1c092,1,1
9381ab3a993e14174b7bbe7f46155c3eeacf8f64f7e801a52ab9602663fa6e5e,1,1
9e7eec831bc988ebb565b2f4e86c7a55004625a69c04cc7de161d4d6dd605cf0,1,1
444c9c2cd659485c32a97202e0b5fc80c69312a57a959b056c9cfba715c2d0c6,1,1
21675d9aab0580f010c30141120b2b9f51eb37c04d46245b6a82a0976cf54bab,1,1
b58e7136cc1f2ab5ae912c3a7fc0df907da802dbf34ba54ece1def20478a7f67,1,1
0c7af533757c7cec1f53f138e8ed5705603e9aca4d8f7433cedf8d39dc497ff1,1,1
6bfddbed56dc0a362c76a3463b936ee2ab3ac17abfb83b3de779f641f608a370,1,1
132333ea9969474247d06ba568a8e59e73f5795082deb6896c77da077f9c25a8,1,1
838e16b8c69ce7b9cc591d07c225af5e80e329b8b5ac79ed4354c3e8e404300e,1,1
46f79528ec9790c9b9d99173000cc8974cca408ccbc64fde76c9952bd2fb98b4,1,1
4ff17c2cfef7f79fc0f802d155f4b3d7f12f0a3f7f5ed1cc6af926461e84350e,1,1
5d7b66aebbe950c419ceb6b705770086062f2ae06627c26631d77b38ab71652e,1,1
ba3eb36f20fa95c4d069868ac1d1a2656c4d258dbfb24388e6a3087a848e0779,1,1
556f563ea4fd43d2a156aaae6b9873fc479be3e19d6bbae26a69c5a0e61b9b5a,1,1
ee68413b7fd6157f5fefd5f29b775b5f25be42c68043baa8b664b2a9fcf7efa7,1,0
33ac62e01917d4a1f0dadd283ce58afe0251617bc4f747c125996c21929d618e,1,1
13c06b3aee00f60f23776f0b13f6d4eb1b36e5ff3a91414680478aafca1ee474,1,1
6188f2e383e287a211547155a7a61cd67d398913b4a0513a521940d2d06dacf5,1,1
1a32017fbf7bb21de97e68c587d092ac80793dbbf361696fcb3ec5fa25387ba3,1,1
9ad5737db5326d7ef468e5f9c90c47409f73a03a5fcbc959c8b7688321c3d80c,1,1
934854b0e198eaea85456fe4a34284369215374256bb65a1f381327169b5a6ee,1,1
dfc64d631cf0cf6248d069b0923898c1a6dcd2f04c8be8c74edc5305dce4c88d,1,1
7c7ba0933694ce047bfd9383826211626bf9d575a8e9ffb1404ead02d7c5e9ed,1,1
9498b2b5b10ca0ce438b0c0b9a6b7a0be84c15dac0ca76e2e599fbefbe2d5c39,1,1
34bf0f74ea4acbbd680675fceed70add8af4f86c58b827b7191e38ec55492ed8,1,1
712dd3116879535cfc85a60efe4142df69162c69553d513c3934ce29b655f842,1,1
b09bb20db71d4ec5710411913e876ae8a994105ab5f3868a52744fb2129bf266,1,1
60537f8d3d5ca6ad4d37e67c209b9ad7837ad754541be3ff9f893a375884dea2,1,1
8cf999778051908dedeb8473520573db71f6c4050100f2b7d5434b4998693ffc,1,1
0a0cb29467680589d22a19d0e6d7d7893c6dacdd22491a2ac6e4ff76ec92dba1,1,1
397663ec490b4e625ce53385dcb72ae4bdc5e231a696e2029adcf4f2a18d22d6,1,1
0b8b7e0da42c2be0245153d2d39b3508f5b65899eb20a9224e0810cc01218f5b,1,1
1d03a62a155468835f1700f11573af80107981eb32f7bf0015c0ae16e2a8ca59,1,1
18d4b2234b664141aef78de1e1d9ebe02f561a957e85d11ced6835d6bbb07c83,1,1
7db7e8fcac7be94ddd35cb6316fa56e02e59d13b8280bb34c2eabda3fc8fce1d,1,1
61a4d9592230e3b7763be7519b6d8d41dbcfeb5480bea7125602710772817a37,1,1
9f25d7f1c1aa91b7a6d813021aab5603f621bb56f4d4a4b47b2931e246acfbc9,1,1
3bd14bc8b5061107f7e6247f2f0918d9c20783667269da1ce6339c8d9ee26092,1,1
91132952773f652df5b585b11a9339915ad1e24de88ce8e45ce06274a70eec23,1,1
2f791d781e59a2875569771cda21cc74fef247c90c3ff146023eb3f31fdb5797,1,1
a6c9ccc73c38fa1b84af0c85f73c6bd579c402a0b9483ac14372cc4183abdc12,1,1
228278a76c3d3a4aedffd6b3d04f92dc439140685392a470148c9a0c2039b21d,1,1
c0583e622949c6f90ff65a086a75e427b1ecef963fcd6d167a8ce32b4ec65d1b,1,1
c9a30f1764b1d672f65fd9ee192100a232efab7eb4b86fdbaa9b4ec0fcf4bda9,1,1
5a0175d013f31ad26c8504c53dab6301297af892f6e6d44a07ea9d4b962d04d5,1,1
ced4ebe0093d7496a50f60688dacb80e1b5a4c19a7a43243545a8097e79ba800,1,1
463f56b05427bbf8f446c7cb8e999b8012a48d27666936ec007dfa41ab53e465,1,1
f083478c4360e923f6d81b86666ddfd986d84e04fefd01a39f2c7bac790eb7db,1,1
81bb7e4b14935ccf8bf629fe43a9a72b8181837f350b9a83eb3d1d19a446147d,1,1
209f2dfdfbc5c42162471e38bec980940d21ecd075a1ba2f0487ed68ef470443,1,1
2646417e5479e34060a335dcb83941398e6dd7893d3e6f65cf73df227704d53d,1,1
245a6e5a611872458c67ca54f3c6e3a4c7213d720b4efde31947ca9b87026db2,1,1
9792775703229cfad0c46a41b69630d0d32eb64d3e3b0d20d3dc69aa58cede2a,1,1
007f97318207d6b369044e374f417f83624c54d001c329bd2e14e23b7fb0797d,1,1
17cef63e9807d5a7d82dc2cc66d2757927c25dd5ab0ef39ad88b893577f14df3,1,1
fd515849efc120f5cb34c02bb308b44c701f608898d35a63db3b0774fcc5120c,1,1
cf6dab5a070b9ae3a5a5cacc5a8d4e42f2d07e3e60a993855520438647a75f10,1,1
16da142721f1ee569c62ee95543e33f9c521f9e1d30b0e6e303fdf2f01a3d7f3,1,1
ad74328f47cb3e1b749961e4e834469d0b0cbf5acfe4ee6d74946198daeb0a18,1,1
8c76371b6e92ff1537732085c54b6592b99fb1bd36bfdfa607e564c67676040a,1,1
939e400789823e1833a6603eccd1f99c44931150869c91b04471724ea919a86b,1,0
3200072511d7256148d5fb037610795d7c11b9a357616aa19fb79eae6103b1ea,1,1
90fabe0370756248a43387d985a2e70e7ab5ff1eedcae457537068bb641aaa10,1,1
1198a8f5eb91de17f3caaf79c0935ece0460652ca67b0a80cc945f4de4fd4033,1,1
b47efcb14c83be0022873bad234d640407ee329e09a89e89266b4bfc2775e484,1,1
a5c409df49ce6e21f8e61374e5a783aa2d4a69a6269bfacbe5a2bef026318ae4,1,0
7ba1020d46501299c0ad16c83ff219a9e9a3be35684d7b568b8630bc84025f38,1,1
ee2df52cda068bcbbf3dd8b859d69bb699d9ec391658e94b0dee04696f357d34,1,1
0ffa720f20c4d7cb90bc78a382a3a99f882ed6c9388d317eebe06ed8ee8f5f5c,1,1
14952293e5c0277c8a455b2d5ef40636557aece9760a2616037349d90c09fce8,1,1
54df37ab51426e39dfa82002ef03f615f6e2e969b26f02558791961ccff3cc8b,1,1
45f775183b620843fde757096ac0d61d07feedc00d9421b5044de7d98a1b953e,1,1
d955472285811e2dde33de64a69610faa701258731b8aa0dcc56ccbfcac1f4d8,1,1
086c2bfc53baa3d84df0a0cd54f07a0412f42104ad625545ce9ef90792110cd4,1,1
4873cedc61b790c9eab3dd9ddb14c808a2a5d95f7be53143d5ee9fc0a25a2ad9,1,1
d4c694b3b82ede2e5d871adc59009b4c2ed6e2065d1b65c1e6d59512f6ff4e77,1,1
7ec40f1b3800d7207c4154a8e857fcc766f0c0167c0a7189c6ab802215297747,1,1
6739916407973787468552b385732cefd8a0f368c228372a534e161ba6629895,1,1
d260578dc2ddea64a4dfafee15a11f1edd01ae97548f15587c03c89d73bf89e7,1,1
b1f770f827c2818a5c935f7146ae00ed1de616def8b66d81a92330b4bf30d37b,1,1
c0b32a64de14c7f6373e2648253272cbdf63a8cef2645cd919e1fcad7ad28910,1,1
214b8d4965bf6dd50558b434788cf0606f82980bbbaa118aa5c4c5ce7bc8c6b6,1,1
db870c8a35995b46319e823892eadc1e3bc29d77983abd23a360ebf6099aa1d4,1,1
37cb2c3cd0fa403a9072ff740ed6bd8a65f8aee60f33b1a9d0bc7ab3cb93e786,1,1
37025487268ccbb0171ed939c55ba30310f201daff27b5f50ec044bbd9d6e9ec,1,1
5049b34b568eb208f6c09301cac47a172b30cfa3111af341cd02e172a354d9ec,1,1
f345bebbd237359352efadd0c6c93fdc4b431c9c9a1ca6443bda63390ba3e8ef,1,1
30ed0ac0c25178b7d0bde7a8b7f7259bf158889e4575c2fc5a236feed6223b9f,1,1
4f95740de14fafd49d52d1cdeacbc697f6a16c1a51271742d2fc26de6410ca1b,1,1
7b054b0334954047f21df6b731841f4ceabb981410e50e7550292b051571743a,1,1
b6a58583b7c80a68bcf3880a63d67e1b367c55e43f529610c2eeea6037e87725,1,1
5f5883ec48341b5c2f295e10e6189952f8f7848d2b38c5016d19faddb98eafff,1,1
e030c7de845cd1d1ed0f44d37c9db53b8014fe797a0e2a993e638f80fd86d386,1,1
a6cb238bcd3e0543a02288d84d7c5e6cfb32ff97ec3b9bc180c1269fedca28e0,1,1
1509f114e2246b1bed1c2b764959ee09e786bf5a42574ec4f879f221fb9bed01,1,1
23638c5decd3265c43882c5f238511935d1f46b3486f8ed1c61e9d4168e23b74,1,1
f2e2e5ca69049d545576b2466422e45f93d326adf2916311a5caa7af308ad06f,1,1
0c39ccc2edba2a601d9cb7db0e91f265ec8bf4186ecdd3cc0955d97c540324ce,1,1
da58fd8012ae55fb1ab06422a7491175bcca83c00463c46d2b7b5864de5721c0,1,1
324153c6c140008a134df511e50f8acd2cfe951f9503895903286e397bc61a4f,1,1
cc6729832d81566ca2d334294f826a2d4c30e70e89d37bf86decc2db6bc426d6,1,1
664911fb59164e39686ac02838be2c891d67d724e1e3b502785d013468a967a3,1,1
6a5645791eeb09f4a881dabc25130fe2d918c0d60eca572623e0112090b804ef,1,1
1add4dce1cb58021f2dff81d037805c0ea94a6b1f2dc0c71261114224a296ef3,1,1
8d74649583c56d9e94e04e3ea9bf3dce21e714d2da2ea36f9be21b082b9c9743,1,1
04eb8b38d0f37f263a8a1561cea9aa491de68f998508a04493e2dcb2219c6249,1,1
2b1dc244c713611c76548c4c88569355be25b78f3744c4e4aa775441f6105c37,1,1
0ca3f7d55e9f53727a97908304229ff16eebc44e3a5360ad36d8ce3aa7c512ce,1,1
acc93caa43972e7ff1910c614790df57a395181c5d31d5d544aa84c0c7b34088,1,1
63c75226015e44edcba2098d8bc20644a5794c72e52ba21fb00d70627186a6f6,1,1
9303fc09782edc8b7ad7af48cdc1c06d3f3ffec8f84763ee20769133f862e7ba,1,0
cdb87818671e918f767878f78f06f91eacd609b2d919b443e9d49a0f80919a42,1,1
ccb2ea841419901942705bcc9a3bbe3ad807b6112025a23f5749cace89ba0131,1,1
187b610c50d6224f41b8439855e8306cea1319a9de6f72a976e1f030636cbc3d,1,1
a81df53b57a15bc72ff50cedf411cc6595348484cc8c6f23cb2ee534cee71d75,1,1
18c657dfa208f22fe60ea58668e34467cfdb46c1da6c3796bd19bfc8ecb4ff92,1,1
721d54f9e56526fdcaa07575171665036308d14d2a4dd4715b357e1c6798c8d8,1,1
2967b113a33cf564a73260981724bf69e32bbccd16ab46fb4775afcc607dc2d2,1,1
9cf24d1f8aacf243854d192c5c1b0c6f931755cee4a0425b102ac26536bf58dd,1,1
d9c34c4218cb69f9e47d213959c3b4aaddc2def3e282be229a215fd43733f5dd,1,1
67b4ed7ccee4ef632e7356e72cf936ebc6b8c70028a4754fdd1253a5a19987bf,1,1
905fd4403a255c3c0f3759370b1084527170a818652ffaf4f2b78711154200b7,1,1
0b91a4ff4a2c69204724fb768ba9a28f7628e6c172cb58e11ed322de9fe820f1,1,1
6d248dbaf8fba1929b113f5d567a9ea0f311da264d5c6891da154cb03aaf42d3,1,1
5e01fd786c4e94f2c0cf237d22ff3a16cc8dd89ac2c85274aa7553c76aa99a1e,1,1
d2768f3c6501378abd41080cc1921036998828ab00ca6441352e33c15deda151,1,1
2d4e2d8c9befa3a998cc0db7a0f758bd757eb9a97dc710b13a42ce7fec34918a,1,1
f732be438f2b2fd449686de9feabb9a42ad67194952d2f50d9f18914b050fdea,1,1
13abf92a161e8a608904ff290269a4f5883d9fe60cd8d601d1f08f61ac349acf,1,1
5bf7f18f5c32a70df42e6c0ae6f96c483bf6aefd15c21a1cdf14cb892300178d,1,1
37343722d1936007b5aefd4b53c65a727cb7cd516b502d5df034a082fca8744b,1,1
a4bbace0d05636c5559a95125d2609b962ee8cf55b1e1de5565d874842b27edc,1,1
6c90e6b9322fdc1852b278a86a726253ebcdafad69de18a9d1ff3feb830261ed,1,1
8884a2cbfc59d836c67b27a5c2b750e7f80b24cd0472b5bcb0481088ab31ce03,1,1
acc232eb4dce386ec6b294b2b98dd72c3b4bfa573513336f8b2cc6af23e7948e,1,1
076cd21ac8baab6f6b2a0af9d2b702939586d803d0f5f72388d1a7d648c8ecea,1,1
39ce5b9ce37d457afabf3d6c02bbec8e16b96036b816e9be03d5a10cdf56a055,1,1
882ab98e3db1caf17e7a55624375afb1922299ec5ab63f9acd852b72a0979033,1,1
f7d5ebe21439f430ad435675d440ae592d287910904c5d12702cae377911ad65,1,1
445ae36a46f5ac4db2f4dfe09f2a9677e47deff20def97445fc1c74dafb46f20,1,1
ba99f489e45ca3171ed9f62eae394572af6268f4507712e266acb4c8c4cae0a1,1,1
edd46ebecb2c623e57809cd24fb4088cf9c5d9af901ea78ec45d782782b2338d,1,1
2a74cb172ee9006df9dc4420cfb8504c1e5878e2c948e8d4d58796516cf2315d,1,0
3546b2dfaa38b9b60f141030578968fe76774409572c5713f7dd822408e3c254,1,0
f6c0dd4a93d64e5b7004746fc4e1b6ae6a85f8e170293715a89b4a5fac5b4c4d,1,1
c38e95966e275b0d07346826af7ec3b93d86fcdd6b003104d0eb206be448de98,1,1
0b9224ee520032b29563662aa50cb57d3f45720e3e34ec613ac736524ac390a2,1,1
d487d664fadf0b740a85d1c93885280b638264ff0b2f225e49faa58df4fc23f9,1,1
3a79d5cf4c171fb8adedd98316b3abaad5a1b10f935b93808362817d382b77ed,1,1
38bfe27465f0ce4187c1370f759b0f981eebfd1bb0f0488c87c3eca1bb98f9fd,1,1
0ebd4ff2800ba0d2df479b85aaebf7e66d5b5b9c7242f865785a52a9a122f799,1,1
d91d450e6dca2a100022ed0de8e1608c06a112bfb1adaf118233718e553476b0,1,1
fb56a27165620dc5147fe62afd9a4d6d88dcde79a7323d1c55b02dc2828adeac,1,1
5459527174abd39a5296ab714f64db1774b5f9c688a604d6e7149a323cdaac33,1,1
f0cca44be3ec841c2fa84d371c062568c56042f7b782f91d09159b39b2c38efc,1,1
17683d962d5a7454fc79592edd943db06f445050333e0b0b1050aebe80e505e2,1,1
1f75193473132586c0e22790b43ecd487481adec35734d237ca15f69dee0d54c,1,1
12b4ea50577873147d7f9d62beeb1be09ceaa0dbe3a5f1a88d50e62d1dbcad00,1,1
b1ad0561037a08894ac59e21f1d7e9dc47060295ac5c21e9a9d3796a48b32928,1,1
50bf9d48410e853c9dcdbe965f2dc7576ae0794bfb7412bb407e8952a3ca9f92,1,1
bfb5c680e0828cb7e805eb3cbe50e7b7f5df937b4e1232a91eef12e9c3a13751,1,1
1556ce8d4a36f4dfae3d010d6254fc7a5b6ef43a0bcfe64e03792cdad92c49c1,1,1
9c8027f4d404175ab5d421ab8172a55d11c1b1d2b3573c6a59e1611ff2d66d2e,1,1
f99823eefef97dbb6c296965a9da9c9ca22fb2b3fbc3d73984fd68650539974a,1,1
e0a095458e347b2673e531c904c4197b1862f521b0ae9b85fb227c85a09815bc,1,1
4dc2bf5001ec5f104217f9e64bd1b5ecc865fbf9fb738e45cf6c4e0ff5fcd01b,1,1
265c91f6dd335beed3ec509f2b0978ec01b3ba48cc33fc594829bc96328163d5,1,1
94b3a2fafce2723efa2a662a9d0eeadec1fc2fdb054a351734b887523bd21c8e,1,1
3570678121b7f5cdb9cb2f78b279bc2dc7755d9a26cafa54c620302f3528487c,1,1
c8493e516332dbfd3c910012e4423304fab3bed86d778771f1259c2458e7a42f,1,1
49edc2ee2bd4f4106f8ca400f7fb4351b1a6dcc79cb49fc91972815fdef01fa7,1,1
7e7798bdcfe4177657a65048aa0cb5a22bf4f012a60ebd542c5b901ead99b004,1,1
c8cd8d259b2ae69f99ffab83e885b3b28ec14b9de2e0c0527bbf0b49693cb7f1,1,1
4b3df17a621b155d884c328b0f56cc2abe4242aff1a914544044649f4732d86f,1,1
79881865e1f3c572d9cbee8bac7e002ee6ec0cab530e172104ca30ffb038a132,1,1
29e94e5bb7b20f5c02c02dd63e4ad2e048a7a664e17abb976fca9ffda6046d95,1,1
01841cc2444418ff733bf52de38a1923a4fa569587d30985bc9acb5945bc3983,1,1
101b906c95c93b5b3b514cedb5d57018653358b5248d344ad3e7812f479be93d,1,1
dd9918147f0a8e64b92b565ec2410981b42946e914b47fbd19aba0f08b370efa,1,1
a05cd814cbe1bff8db41bd47bc5cb0364e91f583c33c881416a217a83b7dc868,1,1
d4dda22881320659a24b8639a3f185c3e81c7facdce382351e1ffc9559e0317c,1,1
eacba47de6ff49d172ecade52492176b4cc7482b5549b4893f59f3cbc80439ee,1,1
84bb7efb00d6d1bedea21bb230681ad2d90a8b07f94a0e4c00a3f106508ad193,1,1
aaf9e4055588af3bc605ed5b4234ef962c1f677fbab9f739459ed4c964095156,1,1
81c44d46a3061c63f3e208eb7ad0cc8972a4e1518ff52170bd7306cb0da818f3,1,1
15ad7cd8e189b0617a44bc889446e84d1c60ed031626a77122b9496445302232,1,1
f5a29190f9b849442467eb840fa4ee0bbb946fcdd78af7084d83a69f71b28a6f,1,1
ad1cc5d4987bbf62d19682ad2572e43ff8f40c3f1da8012c2ee0b52898aafd6d,1,1
0b998923a8f584a0ea2aacfb5f02781da704a4bbc68e744adcb9210ad3c7e83c,1,1
d5769eb518f8d2b80e99ba0a63ebe1a6de4b3d7fb346149249273cd6560af2fa,1,1
694d908fc89e50c5202b9719f0f77dfb323320e002d14cf57b2030456b9d59fa,1,1
cb8e1a4e4268a0c824f69a305a45338af53d1099cb81b295829b3ed77bbf687a,1,1
9180c8baed0cb0a3198f5df4a2141fb9a893bdb08c094e355dad7e1a6e3f14e4,1,1
c1c8c51c16931e46b30808992052485e82aeea63406e743a02df49ced177e258,1,1
618273257fa0534f9975958faeb1f310cd1a27268aeaf3dbba7d628d92577d05,1,1
1896a13d8922f339470282370bd7a7d59f07ec0ab649cf7b4f9f97cf03e3ddb5,1,0
5927c8893f2a5c762a19bad5629749c88924f2f7734445c087f67f552db27f1a,1,1
a98a8b8be9cc951dfc31a36538021b09e4eb098046ac67267a8fd3868f0d6efb,1,1
cf86c89a16e0a7709e88152b32cbec53fe20fdd2f947853b46a0504aa95f91e7,1,1
788090ef6c933201da93ca0041c00ba9dd0de8680c84970d94a9f1f430d4f8d2,1,1
169f49a4a4c43c7983a3d32761f7a868e6740dd252bd72d7aafd8838815ea7aa,1,1
3f1ffd5f3e7a4be42e2b95324f32b95f0695754fff45b4ddc54eef8d7a93e492,1,1
24e8baf990918cf08a49733ca761ec665b494f4bb7d4ff7ff6f2595ec86553a8,1,1
7d3f2f179535413ad16ecea485dc9c6840c8bb40a6f6c88b14def573138292f9,1,1
63d3ca3ad9d9a524a3c7928e655d261e4188d1e3abbbec8fd90b688f0b8804f0,1,1
e52ef0312d036e9cee47a342b9305781bce3db6ab92c4649340b874871f78f2f,1,0
37780ad705bfcf3022b9e9f1acf57628353423a2a9b977ba43f1d0ab94aa5f02,1,1
4ba6f4a8115af3ce5e1552f5f206d673f25696b7377fb15a3894796e57c2ec3c,1,1
9b558c5cb47faeb015be167d5d761d7835e97cb783f18181cd8977469164b397,1,1
cfaeec476191df1c3f9e2ba412a7b7b71c5c46297e66eedc4d61a42ec0bb3bd8,1,1
f3f07591369a867978a92a710c2cfc5b02f942a45b14f69b325aa44d4daa9851,1,1
819f7fd6e4b8d512ff57defa062e096c54f30ff82a1106fe0d6be2be6b9a2d55,1,1
5f540537734e5754d968d616a7523c3224813ee5c19b6607f2b69a070e8dc5f5,1,1
2c910d173322a271e73301fa1171f662e730d228f887f31341e5778a697243d5,1,1
5a38c6dcf56ec56c3e4a42d0dee6190914847a6cc0bc9db653cd0398935e11be,1,1
a876ccac3db5584ef9e66b58df93fce781e839a725e966102ff3ce9a4ecd6cbc,1,1
f88258074ac5478b5c7d1a942f7e78bb50129035c7c08f089714ab912f31728b,1,1
c52f9c1ae38c0036d471519b401af27a9040334c598d0e5a0b0579f3e822c9a9,1,1
d1b77850d9cce361bd89a6af6f8950c7f7cec21936aee4db14abc5f72a1d1378,1,1
f708e0ccd3ddaf62f410c84781fd73c5f25bf0927b738dc5aaaf135553aa201e,1,1
1d240360325739879670620d0d94898e89f1b5bce76bd8afd16eb4a0558470da,1,1
f928bfe6e24e73d38d172ae26dbd9ce341ce8c827ca67ad82e28a4fcf7dfc57b,1,1
92aa7daf86d248928d61b447c40dd1b44415996795603b26e914420ce86ab964,1,1
719eaf52f04bd28a0a6a905f0eea1c17fce8906180464b526cec779a10d38c04,1,1
90671f4d91581d97f7910b33f3fd0c702ea0220cc7225cca98770c91811047d5,1,1
4293e45e4b93d4705d9a7d8dd86d9471a4792aad38f9581e325093285300959d,1,1
ed92988be20d40dda562509d506b55f2f5d52eb095380132fb9ebebf5eead248,1,1
a83950b584c6924639bf7d6c99f394200064baf3117b0850d635366156042932,1,1
55decec116339d6df4b51928717fd2d4d3bc98e48ca09a5853417a540905857d,1,1
eb8581895432d47694e5135e8256f05bd240b4bc14f0a00d38dff633d4c0a01b,1,1
bc4350369195aa3ce0717f6c608a75455e5905f95f9eaf64b5a10c4ebe89c216,1,0
6418c6349fe4340ba532e7d597cb9683dda6e9d006222dd181b3a26f51c28c07,1,1
d84c1b69f67a7ddca478b40c2875162964d9602fbfdbc9c4c9ffb5b046e0f947,1,1
298032db9e4329e43f2cf978954507463cdeb7df7b2ac8e1a1403497e2feee29,1,1
799d7a378e0b9fee4c39186fdd5b9b023b35584854e3276da67eca19ecf02375,1,1
0fad96ed292e542fd4ac85617e54ad3ea7139779af85f99d5fac78f35515f000,1,1
13c197766d0aca2c11944ec4965a92c63c9ca0c453632474d1271cbf1257f453,1,1
7e960c198bb0429862364c89763ea497f0eaeb8ec3aca159f77f0200f63203e2,1,1
6f5895d0f5b658c2dc0dcdf3b56a91672c398dd1f21683128888f21fd71c2fbe,1,1
34de31f89d60e679e17a49366ade1d1f082438977566578888cad5688ca80bb6,1,1
982f84221253f18212543ff5cffedb1452edf34bb71401c674cb6333625891e2,1,1
cf56c4b8c4b5ab6660704a3bcf442d31088c3098115bdbbc06e94056178f1f56,1,1
b63a0d9e98f28c7241e5096b38996e8984c690b6a920e1fc8b1a992f438ae0ae,1,1
67cb6d1c6b88585b051e282ad477ae08f4d4e83cc88d933af92fdd749c6f706e,1,1
532ca3d5c8e9ebb672dbf6c367e86c502abebc8f851a25bb733d356a5dce8bac,1,1
8b3063e2203f86447602b3cf35dbb3809a746c685b5e5975396dc72838a15bc5,1,1
b7011de175798cb9a62a9c0670808490883247abf089893d73ed028e05a3f27c,1,1
77910ba51381ffa3c8d26a1637553fd64cd2e1362937dc6510e4fc804597c7d8,1,1
82d52fe6e9993415a27ba9f84b4d7c9f8a386249f5dee8687d43d0853c5bfd27,1,1
0625f6a4d5a89e46d2a81d8df99018e429c0f1c76c9aa604b2d0efa90e5eb03d,1,1
22dd0c1f456851f961848adb5bf7a0ec881e3780f9ad778c6c4b8dd51d9aedba,1,1
5dc69373d2ec9efe300dfc8614e8689081c76bb8233ab6199ad296a21ddc80c2,1,1
aa3f046ac7407931913596a9de96e2caa3a7c0d834d66fad2513d06dc565e4a1,1,1
a51fabc860ee49a3f7ad59ded62506f5037abdf6b341bd199f87c28cce6ae5a7,1,1
59a948dde58a9d0cd72c5f361f6e7bcb68d925f3725e0b8c470469220b20f0fc,1,1
111069525559f4fd7f3e5a0534d25a555d97e0806b92dc69cdf2966090c8224e,1,1
87c3a865ca29a49bebd919aa4f85b08f5636353d24ed126951c0a4b8a92b6c59,1,1
1f9a9ce87a7f9587db114ab0e393ef7ab3cfd78b9a963d052af08ac16a817ecf,1,0
229bd87b4292f8410494fc4ba3eef01934c9bd7157d5f4ee629bbf5bc614fa9b,1,1
d2af729bf7fe68494ed2cc31749367bcf57256c622f73db1f21a01d02d63b017,1,1
69201c44a5f1c0e2550257611266fb9fd8d8b52d0cf1d9c91790350bda61c1d8,1,1
24d4a9d17bdb7d01f7d2862b800910d11561752fdcc55824270fdfef52685823,1,1
b19a57c44222acca140b7b719e4ce296dbfb5425a61faab1863efad17440cc7b,1,1
c5e388c684e13af4695e0ad98b2331982a4e8a6e5de3b0a154af05d6c3208465,1,1
f7298d2668207c9445d679066e8d475a9087b800c4c0cb6e5aef7c5ad81cbad4,1,1
6a9da96236d8b67739ba401be44a8a7227c16065b5aeedfd54910a9141c398ce,1,0
965b6acf8ed8cd33016184182617f874693919bdb1ea2f2659a01162e93da249,1,1
ce1af58074fc49056fb4510c059c82d255465e3913ad5c1ec60179020c1d7c88,1,1
9e64e2aa1278c0cf4eb0d73439f669451a03e0f2d13dde9ea21f1c8a23b95986,1,1
92b7db44bd4a81efebcf3be8020ded34c996128faf3138890ab56cbafab8e8a4,1,1
05c3ba7036dfbd23cbce5250e99212ab188b16ac0458e452132b25d5f56a7395,1,1
5508b5c54a9d3018b6e7da42530466022586ba450d0596f081c6b2340f8139c6,1,1
88a8c1837c1931fd15d9a36ea0ad9ae60760bf4349642f7b8cff510ae1cb26f3,1,0
38d2ac667a35956410864eb916a4e9db6421fd406c570a71f56184e1a7a76e42,1,1
4c6b70e68b75067c64dd8db602698cb89b6c333eb6a71a68d08d2079d291ce9b,1,1
4e89f8610cb373ffd0bdf4473f1e5ed0d0af1a80b6107bf6418825e3871d8b3d,1,1
c1cb4131ecf8eb7d7af6df99f48ce0fbacf2269b4d306490e914bd45dde54a43,1,1
074cb383929afaced0129488410623a9e80c3787dfc79ffc97d21f62ee2947fe,1,1
4cc482e89d4d33cb6d30ffcd713a243db890596908876421ba212f11d78075a9,1,1
3f1f0ce46d628426fc2fea4e7477e1e9c8b368685c13258774a7d98f831a6db5,1,1
a3a7edb9ac5acd4046ee25f4ed103d66c8192f23862046c5f9a19b5e96226fca,1,1
b6e7b9bdf53c50b606652013a5c0f004df0b7611b055a652b10efa71001e001e,1,1
0c89f5df6a6b31df168e75a6cb0ce12bfb059782c84ea296317b7e873aab6a00,1,1
3b5d931e86b4155ec31690bb43e050e7f4e80540ea221dae3e4b3ebc7a449890,1,1
7ba3d03a9e20e79f4dfb77768ac459756a1d2c671580231beee8c0c97b4ac691,1,1
6e118db6714d1fdf16f03dd9c2a043c88aad3d38acee2300d3f4e7ebd29a1272,1,1
4d78c4041d511fedea786aac1de69e462c1fd46b9fce04808d77a097576cb455,1,1
760c087d7d539d0f1cb635c2f06f0698c10b21a7a098d84cbad9ea4a73ce655e,1,1
f08e3cfb26369044697210adb6bf5b420f755aaebfbb377268f52e195c8090c3,1,1
dbcbb577c86b0b8f0fba0c01723b96b1c51ee51e6245742858713e33b19c54f6,1,1
7d6c8afa34f12b918ee66d13d03e3e69ee8b303fd8fa7149c43c6aae094aef8e,1,1
6d19d3cdedcf515b09fae2f3c803db27985823a0db04c5832c29d26ce7c1fbc6,1,1
4b33782b1ed4cda7227c0c800b50d894e6e81526e337e6cca7da18799c74d1e2,1,1
c79532f93377f23abc2d97ac76766d52840c5239cd4aeeb7d9d9e7e454ce4158,1,1
7bda36f715ee15212dc1dfbe7543ecaf98471b36aff26db1fb602c4d093da854,1,1
6db68f0235978780e082fe29a6dacb8301a8e395c894728554bdd320d59928c4,1,1
b16f89b6c49d3ef5c8a92f5193839ce88fb9c3f7c43ab3387f1c87bc6f2e51c5,1,1
f6f642d857320ecf9e332768f24f8c9923b2b918408fbbfc6490a252ee9e8610,1,1
54e8b297a7f0443c35c9a64e7e4e3171dfae649e407dea5ae6bc47fade019de7,1,1
51f7c2429cc1285799eb2d664b8a408264c55cea9210ce311a78bf17e70e1113,1,1
e69ed693cbc6ee9b20f4c61a96e2ce399302d5d2f2e4381eb0ef111f509df1fe,1,1
66e6da62b70f269af2b10f9330e56194654b64e1ab257fe59512c148f934b2c0,1,1
3b24cd9945b009c8fe650b70a0f0f51a908a41d0e5b0497d1db490b07736c1ee,1,1
12834788ce621821b9f12be7940594c250168ea1aa24dfbb548c6c1e9164eb38,1,1
f0c5566f3a8334d5a483695b5974e9fe8db7187f3558ab201bdc742ca9509494,1,1
deee727742b74e42ffe65ad803286925b380a823e99f7acedb6e08d1969192e9,1,1
4e638d70d4547b510173e464886a6fb8f82c3650fe7c46960ab71038a437126c,1,1
11de197de982d3344150e783d5d33bb9ebc9422fcd0ae032c1b7c36d11138cb6,1,1
5f0ec7e99d6b257194fbea4cd7521be217b78a88b2475efd2ad460e24e799395,1,1
80b02397709ef0b4f26e70ba0693ad0a3247b43e0cdefb19b4ba1be17af07bcb,1,1
ca335f5ad34abf2a24a169f5ac3da459ee6f447bb4556b14aa65450055b7e571,1,1
ce427380f4a5c90bb69e6189d512cf7d9bee86b22dbc9658ab3ccd30a1789d5d,1,0
c92a226f33e91a1ce91fb742f766116c1a5f4bd991af70481528e67ed95876c1,1,1
0ffbb749d9bdf4f38fbf1a0c4fc12f05f6c906b4de99d13036766db1518b2dce,1,1
c06438bff6bfcb7cd0ea1147512512289dd41a6192654188168a839c75f5ea99,1,1
3140da7450f0401d4b0e85448b80547ece626fdff86d3bdef457b5146c45de57,1,1
0871bc22c48e66791bb6689fb8147562aeb616c2ee5b6f039e63235f5b2feaed,1,1
a43b3b3e319ed1837eac51a15e9ce804bc56a5e733cd0773fc59e5dd82302451,1,1
eb8bb10b89210d1f3f051c1d0c77a61433948664cfab3c48c9e61e05b2be4e3a,1,1
0117ca3361dd8cd3402a4f07feaf31268c8da377c2fb7791fe5b1b3526ed5667,1,1
fe9965a0efdecb87ca4ca2315fc512928ce9aa921b11ff97e83df5271c01bedd,1,1
91d9e34da4831c2ed67f3c6be5d26d28214d33d946af0c79a4664ec2cf7e4fbe,1,1
0e2fbf48eb79fc410b063b4c9f0813a581e875d33d2cfa3197723808a83794f0,1,1
1f271ee9ce2f7b9a655009f0d68dc2bbafb2fd0b9613a960be464e9fbaddbc82,1,1
20cfba9a653dd9b23432947d0de338022b92f5c6e8fe50be4f90ba02ee774fbb,1,1
e6178bd9eedabe26e298347d3cb935a2ab2fb0918826138fd22e219d139d8baa,1,1
d31fb49d5d4cd37f6de4b9627debb806b40ba01506441451dc0dc3efcb987b41,1,1
e2c04d0e4c45bf72c676804a01badea92ec12d2d409c205a69120911cb2f35fc,1,1
cf3fc56b68656eb90fd460ef07bb20ac97a394a7a469be3d62c8e979d14a6c83,1,1
5ed15f63cc60f6cf5bebf204c029bf8e4fbd438707c13159e8c218b069d0ea3a,1,1
71659278f3d611a90763f48861d140f7dad367bf515d2d4f81a9287b1c3f5981,1,0
1d204586af9fbf0b670cddc264a500f0ddffb9dbda80e69ef18ea4026710a1a5,1,1
42ea3fa1480e7df20d4e0da02d03f6b5b107151783f5e0ab140541cbd68ee838,1,1
e57a89bd16cf5f86c97cc3fe1260c7badfe74b645d8080e636f0e234ec649495,1,1
5fa5c7ccf128edba61fd5c130b172cf1e4504b566b2a9507a3de9c1b1bbb08a2,1,1
0425969dd2c808987074f794cd140c14da5a023533e9bbf3fcadb659021676c7,1,1
34b446d902c0fe69dfa5dc20c505585cc2bdfc917c963b64ecc8aa7d6faac58e,1,1
27575f42892a20cc0197865be706fbbe96088af9c19d130e640e3a66d28de9b5,1,1
96b46f03c5eef7d2ffcb1cfdb0bed0e5897b9eafe929ed68aaf1b7f8daf433e2,1,1
9e17a979d9824e889317cd0fd4eaa227960ef203149948853ff205307e364220,1,1
8d2b3ea5f00e0f4706df19920de04003ea0764b18d2fc554412d58ffbe2cc798,1,0
608333a0430533f3b11ce3d6c08eb504545404b90ca723d0dc57457000bff243,1,1
1bbb4b9997043aab7e1d1390c6459ccd368e5ffe87c2ac683e1c6b9411eddd68,1,1
9e270fd59e40882a178a52133c01bff3bceb30d96e4af562b326905e313ba368,1,1
d22ae9d72ae0759bf125214929de6afb5a47d6072aa68cd2d6b01e451682959e,1,1
59ad56ab4316f14a9efc20edd5c9030506bf0c1862729cbb7894125d04c19452,1,1
2d8b41249cf1764341ab64070038e950280ea891f0d3c6ce13be5d8974358341,1,1
8d2d21dbb720628450a00d0e2c75a9ac44dc526ee6cc3e9b88ddef4d8c1d1b00,1,1
bb6add037424291bdf54274022d42c97227ff183cf03e44a42b2f4365024aef3,1,1
6de7bf871c8fae3f52a52fecd4a665a2327a4947c822d61af04e72e769d8737c,1,1
a7715f9a9048f9319050f2207cf9a6617a25fecc9a181728fd6cc45ba7ebc371,1,1
c4884c683acba9d4b3756f681d2f328d97dc3b448d63e5459c8e4e35bc37ad34,1,1
19b391ee6576ddea670fac6d66d3d2524e6df7976689453baf6cea40e6762323,1,1
2ee0612e7644fb5008df0d54652eb8d300319f7663127e3f85f5193665eb4425,1,1
5c90cfbeeae503e168d49b1074b07e8d224f62987cacb4dd69855f23de5fc381,1,1
c272a0a971f4b045eb8a88759a4c8ad33fb4699b31b3c53d396c34be8b694c3c,1,1
705d68b56e49971ed2317d25d01c8c4bb5ff189f14aa367cde58656b869fe860,1,1
a5f92d2bcad45a92de84147a03f7ceb7e0ddb4446ff6380e13f6ef947427da30,1,1
b8acaecbbaf1e534b7a8bae7f938ac34ebc2a25188946100998069157bb90e12,1,1
3fa1ddae30b6699d6e8d790543c2c65f3a66b3325b87001863cea053e3be50a8,1,1
c75d397a4959b1d5eb1f98a02912ae8648660a11df945994911832c5e152a499,1,1
e55ff3fce172bb23564d759d3ffa12892c817dae754baa6e8174e38044690a5c,1,1
c72afa1bcb5609e19bd47f06f0dbcc84b237a423fa5c3b2dcabf30e963e95415,1,1
6d83a7db4fda70f85fdae40018464ffdae8e385e569a209f6cab46ede90cdd68,1,1
489256cf26224ee462c4089b9f8e856d478e6e9f939ec1aa7a84a7bd0323a711,1,1
a1e4b228ce72cb76477fb3d3cba7d6fb7d36a083057c90f490c3183f6f8f9cd0,1,1
cf608772e6a81053617ddd0734a5bcd7613c4dfcb77afff9936c44744507a935,1,1
77d66008a39782e4fbfdfaebf085efaad5e576535e6db29105eab73aa714f75b,1,1
3a68a0714f19aaa46cbe5dfbff08fff11c5a422e500753c39086cde4b9fa5558,1,1
28de2db9b32565cd03a2340f62e7cddfb91b8e723e7b46222d687f99493d4bba,1,1
d6516e35a64ad129a9747eacb96dc7f714f2e208fa32b2dfee5ad50d685f696b,1,1
68c8722f4deab55d535650e4e655a8a269eb3421bfa41eafef31628a7265caed,1,1
98223a424de4731756bd2d2a949fee25f85f24e9db73bee35ea06b512865efdc,1,1
cd1bcf8a0f4f436ad5095191da9256b31e5e04e2092529cec5b255264c1a1ae2,1,1
d6f8bfc112f4874097e969538df3149e2706d006106d21859839249dcfe78063,1,1
c0a70cfb994a2bfdba5b9c5b885762eea9113cb5089805d274ed6ed2dc5ef927,1,1
be024b5e79fca3e4fe0b1c2745796722bff4087238d550cb70b4110f2f844676,1,1
34b6aecb7232ae0ac5e78627fc9e55ff2578a63cd6e10b78264a661dfabce4dc,1,1
6ba38dcdc8897d86f8b16cdaf6ad48719005b2527d91f3648825912d05dbdb0e,1,1
330189d237c4b69910d08cf7d6106dc0b39f93020c741107a3275b48eb5fcec4,1,1
2c5a402c7676a6ad86ad6c07704cb8ca1187343166c9fe12620970f2eadb6370,1,1
af439998030728bbebef25d3cec7bc3aca39ad6d1a2dfb0a94666008e1bfad3d,1,1
9afbea8acb32218270b19bd36bdae3f305e76da71edd7496598ad9aa7f38be0f,1,1
6a94725b5b7bf814d6ddbbe1f148cb9b9f739a8fd528962a6a8f53cd2eb6a5b7,1,1
f985955cdc6532024af47100ee432ba891d0df1e3fe1479f4bd23735872aadb5,1,1
16d1e24d174dcac4bee80f118e1cb9f4260843dddf3fe4ff680daabfe5134d21,1,1
cca806f2de1719af62b05bc72683982275e134c0ea5eb84625a3f4cb08539a45,1,1
efbb7a5bfb2a3eed2577f36371e3bcbd449544b36889e8f575aaabfd3cf21448,1,1
fda3e038c8b17d677c380531b065b71080a4a477f3f64d169e492d286261f18e,1,1
70e5cfacd67e089f5fdcffaf191d94ba1453d54ee14d22ad1dd878e2bda0c1f3,1,1
f8fc5644f540d37ad991e290887b8fc4ac13c669b7fb612863b3a19bbf78786b,1,1
a9aefe5e0289e698cc9c31bc788350b5bb3a403682b4009ccbd781450c4aadf5,1,1
fd61c038e9291e7e5e14c5ea0c1d4152615feef99f9ac432be5f4a9ec4a0f1e9,1,1
013036a1b13c17f46cfd202de77c5f844c6b2ae874d5ac432a66a1c6c57760ed,1,1
3884baa6375369288fab212c10d6b9a72cbdd86eb0a119231696fe5df0bc5dbf,1,1
93c27b116871bfdf0b9c3e5c4b1825c182dba65030b4434efb7e11b6a464f4b6,1,1
722ce92baeb1352bfe2565557e984444b105807b50ad6191ad96015ed1f8bd6d,1,1
242ca250ad9f9d0614f7b7a01cde85ecbb521cb3f71c13d78b74d20d13a7e994,1,1
f82e0988e00ebb4e2e390cc4bc08c50c94c8b0c2fc9d685e0656cd154a6bfde3,1,1
37a6a2eccbeec45330e6bdb40b4ffc8fa81f71c7354a6f51e19564a90ca9a866,1,1
4892cc76c1c7e5fa556cf9357fe75210b3c252ec9c963dc689083b128bbb37f4,1,1
5a1657f648f9e4a12a7f5fd07fdf738d93459496391cfd17ece14c34f423100e,1,1
59e36c99fb8cff096621396d7095b333e351e2fa22ad78b1f17f94ed3a7c45a1,1,1
8516141849721df6ffa362a29689b014eddcd32726d89629c89a7848175b9538,1,1
4f28a25f57c642942fe1af94db288d6f545b921e5038bbf3eedf904d8944c1ff,1,1
9841ffd6f8a8886a330982130cdc329ea830e6a7db515fa102d20763f40df387,1,1
ff30c29a2f5e4063e5e14530ffa44d6161de9c8e0abe61548dc86268a9dbd1b3,1,1
bf4807a785b806a978795af1ad5ccc7a0224338cd3dca6aba9e5ee4f929f36a4,1,1
d496d22f04b76f563c95f811d1caf7ec703afc937c7530b2879e91a1da2f348d,1,1
3150fa6c48adb60f7f8b959de9e32694a004ac88a22c53e26b43b0f512a04028,1,1
1ecd772138507c4df7c46b0d955714a62f69fb9787bfe41e28056e18ffd7066b,1,1
d846532907cf8ba92da8f9df113887994a8fa71be018778293c11976a6fbec65,1,1
8580087c7fc0a6e9606ff5b2e9a5614403f51aea65da950faa791f4975fbe360,1,1
d04607264f607567ab48defca7bb6e7cc8f199942ddfa6ea527a6342d9f20856,1,1
c2c1ecf2f5c1d7ffa1badb4a2b0174bb0e6344c760f402f139d8596e6c17d537,1,1
42b803a9b88e30aa9237e252f404c46222ff2c9ef146849f0b6fe2b0b7f6dc27,1,1
38a28ecae1b652f7c519e5670e211e01f9702130231961375a3ccad2d44692d0,1,1
19c5a5ab325f7cc4b5c3d354b8be35c7211518a488e350fec3a80b6b993a56f6,1,1
179c2c06c12fb17ccc59974e1f2e157c36264a52b591b822e93c9328440ceaff,1,1
09853d3cc95de1e7d1017ab56f9755ce49d84332525398d2884b1e01d47cc7b7,1,1
7c752cbbd205ddd3726670dba8057b96e59fac8de31e77782c6a1ea3bb390bba,1,1
0027116ae6a2eaa7f3df18433bb61a373984eae05ddb5b29904fe8ca122adbc3,1,1
ef70c8f367251955b654a2018cbe1aefd321a3a98d56c8a248f9ffb0a59b89e5,1,0
7d2a13e8d60bdcc7abbf2c43c466aa7434f6dd90a284fc6a1e4de65522698925,1,1
df64e32c03ab797ae91d3d3d8040154e23fe1f36519288eb377b27eb5d390e53,1,1
2c538b91bfb898578d4b9659871540964e5ccd9e05d03bc5c1086bc5a9021214,1,1
b7c802f87fe8077d62c05da1a3f9d27ddcf49b9381912e07425946e87d79aa29,1,1
4a3eae8cd92a40828b4dac07d2c01b40c410cbf4a360d60ff1b6379d26065752,1,1
9b3dcdbf3c76385260452c88653efcfd57d2754df9b2b1bf1ef47d4b3e8b0c83,1,1
7a471f8be5a48a2ac05550d46dc853c41e632dbdc6418b3264bbac473aae233f,1,1
7845d0829de77a595f82e51a37be711e6992013bf65bf235ca4b028e5da10bb4,1,1
08283200b92333eae6ba4a337b8fe67572c81294030c62da77fe160fd9f15b8a,1,1
28172651fa650be686e38ccb96540beecf5c42994b9e5bbba8c1f7162700a4e0,1,1
e3e3f28de9b40afd9dfaf60a701221055d13614339034d073798bd7bb225174a,1,1
4fc387e48d2a5d729eb6674229b2680f98861408a1434c53a25113acfd77de74,1,1
50cc08ff5519157c8f4b92eca483f6631414355c4cf409328ce2359aa1e0642e,1,1
7f3adb91e0bed3fafd723b43896a442e102626a9c2adc3c6b2f6e4c5f5d293aa,1,1
bca0cfd0fcb80187b9dbbce1e2bd6f199b9908e21d3a7f23e9e808ca3c97a1b5,1,1
cc33dd694378cc1d82e88c4057e6efc363deec73bd307d8604ce090fb3c49b64,1,1
10041919139e4dad646c00d91050d55bf1b0abd0945a9a873b7256b64eccd92b,1,1
08eeae9b7bc29462c768d4b774f2894d13591ebb25ef0788ac30697f365b6755,1,1
052e721c1d4b33b8c1ebf50112dda27bc6a96fa0a84b3ac00048f79c8d40aa6c,1,1
add1c5b838a84d8e5d2d0c6459ed27e8acdf91c438b78f98b4d09819d92c0a0a,1,1
c8f9dcae0347f254bae5acc983436a7bb37cbd81b46ee2cf9cc6eb6333f4bcae,1,1
a2fd2080aea577576b292bb7a6af613489a2ad6c4cef5768c81d8050bf18fe65,1,1
866b170feb867fb95bf31de0867cef5ee31c3bbc181042ef7f1cdcac4f60587e,1,1
5b322475fbd2137ed9efcada312d532bede98f177f36d900bef9e33b62eb6c78,1,1
da30181f7984731082fdc48dcd8c7b66d9df59827d396e9ed515d4e535a5f640,1,1
b2e0ef2c2b603f4e1a63cd19693f4cfb0632ff810dc1f6e51de112311dcd9249,1,1
a2e1f74c94d7924b8ff506e1c32a486fbe82eba5e0192233130b382bc052f1bd,1,0
d58017bfbbd986a4e1d11566e2dddd516196ede74f7f0c1dbca6ec647d6c9fd1,1,1
c898ebaa4dd8c884ad24841cacf82208de2c5feb3bee99ebbef52e99ea8a91d2,1,1
70a705b444271b43c327a577fa1d2869e655e5012538beb9a936774f9ea9e843,1,1
2859f0494356e0281dd7eaf7aa667bbe01be2aa1b220c891cc263a22e02231ea,1,1
e94f92d119b2e26f1b1a032d9a83c23bf15a44d87468e8d54a5a0a0ad7627d7e,1,1
c9ae9b44b55a313a193ebcc8fd840a0a2f0a3294cad29b2c69296bb13a1eded2,1,1
058c523a4a20c25d255fe0c1ed1ea0e6f6cc35c30a47ba83b5b43c6416bf4e69,1,1
45a83260155ade52c864cd12210343bfe929e577c8ea0945f80a21fc6af14fd8,1,1
4f618ed93bb4339cdbc9f6c09a41db5bb0767aa8dc52239ba8174093c4fe6344,1,1
9d3668b9133d2d0b92207f38aa731c273fada5a1932dc5e47c54cb64b7646d11,1,1
2a96818a15f6986917a7469894ac197f4842f93758f87851b0df8fb0ff227646,1,1
23655b5487e97cf83c11f999e96a2b25aa16adfb993d61e286bb50fc3066971b,1,1
ce2e8ac1663689c36350dd0c1f4b3c9c041b6dd9082cd40a805cff8b8d15b464,1,1
61fdab5e80f9e84db542e74be95d9bee868571c1549b7232a39054b76733a235,1,1
439e06164ec27f9220fa0bb12de68c5cf37beb085d958b7b46111c7faddde576,1,1
318069a808251802f161ed86f3e20121f8e275c15c958e910b1d84238f982eba,1,1
04b3a485c9d97effc4c14a5e1c4b537d97ba7bd8145a4dc55716f863e1004e26,1,1
f8e41a418b8f6d09ebacc3b22770ed93b24c3d9d4903f9c3cd5a0d6a932281f7,1,1
d9113a9e71fbce3f5e10a49458defbd922af251d164a12c7f868757e531a9aae,1,1
41a6a31c19b0a570e9002f89922264bed0a872048ce89f53a415a6015611a37f,1,1
2fdcddb8af5006cd70c0a4f1cae0ae97e03bd914f1a9f9aa7f98c4ece6d3038b,1,1
9557b254ba78c35f83df9077695e319b1202d8198973f4ef7f744ed88b4ad1c8,1,1
9f9d3a586525355c07295d894b7c8d23a67204852b8db972e2a504e0b6d8cf72,1,1
66d7fa4188519e624ac6cb23f54aaf5420c42fc796ef17973d88e836aadb3be7,1,1
a8eb148a0e66914f7353bdfe67f4c060dea7573c540afd4b37f101d11a1e487d,1,1
fdddc57458c9a556be8ce13b00bfae9198d3c902a072067f92df68a2c55eccef,1,1
94ace4870d3ce73b8f49694682e857a4ca72f4f384a6a0e7027b73294489d3bf,1,1
b2a131deb1c49c95491a172c82f2beb27ec23480f4171513a1d1c8d2ae511fe3,1,1
06a60138bbc262bdb793f523cff40e72aafb064c677f1bcfc5e584a1dd819a26,1,1
1d1ce1f4ea21e749fd75cf09a7d6f998983b6d4a3f4c077dc46db9d55ca7e65c,1,1
2841b67a6b557b3746998eec4bf954a12685e4273bbb840eff3d621d48dbd127,1,1
e3e46313e4f0822e90053354a1e75282e302bb8f1e1e86beabb18b0a3255dc54,1,1
04f49e79376f409bc2b9e9a15a92569ce7eb203148106d454a80d621d821d464,1,1
9cdefd6c50a374461b7428251f499799cbb81e5c3d99d6ebccb50bdd1de2db92,1,1
fd2cb4cc31994d751606aa802f9f54960c76fb73556a363d51f9335a23a857c8,1,1
96531f62d0f349708e403c4a34c01ad9927cd1d778e4d73d6516126beb4691a1,1,1
a843a8d20c572c85346da194080c168e217ad9ef6273023a6aa407fe58a75437,1,1
abcbcff06e0357ae54e2aa7f3e4cda90b75fcbe515a620924b85ebf37cd575a8,1,1
c801dd3043d980c72b7c6691ed5a38e286f3ea64a3a33e241a597ad2d79ef9fa,1,1
bc79cc81d466ae5e32464e55ad000519de5cfa3d307563d0aa22ed1a5321c1dd,1,1
b8abbe7ff5c2cec533104844edf15c74458c08a3b372c4872d2b9815ae152653,1,1
1304f632d6bfccfc16cb4a649473ddc8f7de14b74fba91d88f8eab292837911c,1,1
be019f5e32205221f530c6679ef6e19fccd54463634f73a6e99ddfa57fc1f74d,1,1
34a17f917d0640b07a5527afebfc0fb2d7d4ac2ae3083caa40f27430e45b7629,1,1
57b417e6b37ec09b18b8801b1d21e813a885100c6535875ccbdc128d99d7c195,1,1
a50eeea2dcb01337f2d7b15fb0cd866a8d7086dfdf98b9eb25d0b6615d55fad4,1,1
f86a68edaae78630e8bd1d9613a2919bc0d29f6f28130c242b7c21447ac9ceed,1,1
4f16085136a52d73427277af4497bbff955ce0c225bb2983298db1c3dc66049b,1,1
c91cbf8a9569c19fae3118aa6148a05827457276298a583c4114805bb4d7dcbc,1,1
d87a128496b903b5a77a8e031f7002c753df7e125849aa368639aada2260acc6,1,1
e85760644ac14cd5e7023552a8de964d49ec005a4c8ac8d23461a4f35ea3ddfa,1,1
3470aa6b44890bdce14922980c4203d5c95dd4a00f920aeaa3930c840448466c,1,1
1b72a703895c8e1b186e04bcf1a7349352155943b9682874357f09a62102d199,1,1
cdbefc5a31d30183ec78f548b1761b41815c4d93e42bad3a73f65eae434cd34e,1,1
55114fe90145963b0985456e9f9607e1046570a44cf478bf0e24857dcebb1c6b,1,1
2f03090c0833498b69709d489517e5a8dd14aa4464b2db25d1f450a20fb8a8e2,1,1
cd2298402de17f783c04146fae00b6c6e36a5f590559c830fa0d6fbb05a62d2a,1,1
3359d42f01ade758f9703aab4c60dfe503183ea28b76834de7e366e2d8e05ef9,1,0
aa9252e968b088fcf103bb12bc1e1fd5a6e07b1c3ddf50aa1736d8ed8f7d2297,1,1
0a69edbff554e6565589faa26dd51c9d64f20e4ea369d30322efd170d799fe1b,1,0
51bb38b7ee0d61b7e244db9d73c4b4134a850282017f26a354bb413a630aea40,1,1
93391419f447ed456ae08821284b56002d32a17209bd0f5c0528ce5e6d4baf49,1,1
a7b1e852845b2aeca69f76daa62df3acc9d4d71ca2611d434b1b2a3d5ba9dc9c,1,1
a097fc244cd2dd7a8727625c2d15092e7fcf8ddd7b4405ca4aee8cecd261336b,1,1
cd7943e794538b0a2c1fefb811ec3f31f5da71302ddd6a142cab268faa00fec2,1,1
697bdea3dc08a6be9d6c900ca64c90ae20b659fe5978f409c33cd7202bbbfc8d,1,1
ea95426d4cd97e344af2d9d2e6d3f5ef645bbee4124abfaaef51bcc4ecc56e99,1,1
a4499a1ac4ffe674ba928602b62e84cf511da1366b1d9655a06efae694f64053,1,1
06a53717b19feba20ad002ec8df53b6f6c5f245e066f3c646048c41e4e8c421b,1,1
57f4493b29a417a8151b818ff0531b24975179d27a3825a6519a6570a59c4248,1,1
71fe4cd4e5e72e591ac7cd833958225f39f93b9600e9c8869ecfcb6ca2608ce1,1,0
57235ba7fcae03d461c3492c0752e3e6c261120645d86e4238175248bf923a56,1,1
00cf0730a4681169fbe3af6eab99dfd6eac506f37a70c07444569c3ea4c46f29,1,1
8a0d1efc34979abb8367b1399efdb3b768ff388c5d5422e7c056181dbd8ddcd8,1,1
470ad50a19e731b385352e8c53140906873ae48fc47cf5a06bcada0762bd7610,1,1
d16bf0dbdb113bdee44bec8a39b4fe072f73133a4e10c6f861a85b372c304a4e,1,1
57552e010a542c32e43d4f3303d498bf435ef0d25a4b1263bbf2c4217e40a363,1,1
b49aada52f20f58158ae0dd1f4d50f8bc728e3d307d8f3764c4ccecce51f86ef,1,1
d0f33ef202fffcc3a8ab1db0453f184807d291ef1fce064db228ec65bfbc1c41,1,1
725963ea427e7dc6b75422aa85e7f735ec8cf4ae96d92a80ec2d77cab9f1b97d,1,1
d4f7bc2eae5efa97f9975b7074aae517bd569ab5b4901f7c2a99d394ed161794,1,1
b60d54316095dfbed64b08b61e3cc78ba740521a1beec936966c5d7cae17c742,1,1
5bbc902d469b3287f5f2c3cdc146d69b0a3fa9743f779d4d0939556f1a13aeae,1,1
7889cac5313e117aaa8f325f26d146f8f14d47b2ebeff47942fc9485633a5314,1,1
2306283d9daab2bba332930984b63d000c45047203d2a468a1d81d800fa33792,1,1
276ada4a7ece257f898966cc3b5b92b1e36996301ac4b7ebfe41bf75b004ac62,1,1
08fccf7649fd03dacb9740fd2105c8fb3f75144fd36bea6136b371f5e3671845,1,1
3f840a2c189f6929e1d564a0704dc09cf70e3ce4184c15a2be275395e6077434,1,1
cba6a755f485dd4d12d6ed8fb75bad203b1c7217196348e942acb1144c451f27,1,1
c1e3d83d81801266d81c99607cf3e47a618482885b86af718ed89466718afb59,1,1
51ad58387c71d2aa7021ebe72edc2f2b362c12cafaa56542166d8890247121f1,1,1
d1d1f73c9bc04ade21a0eb70104a5f7b5f02bf0fd1a22af4a7428595ef0f9f80,1,1
8ffe3417a5095a6ded7b6f3fc6b4903466030fe79c444d6e76569b3073161c85,1,1
58c70772f1329029f17e17eb2e8f20fdcd56b34072b5b25fc5d45ea7451f4c59,1,1
10d08ed88d3a4ccfd557a07ae1490544753b03940b0e0cfa01124e224d3e993d,1,1
d4b748fa110ad35bfc6625f422855f0f87278a20e54565ce1f1d48b493275902,1,1
cb2215a9a585c246e51866d4254ce456c94dd6f9a277b21689a69e83f6721ae9,1,1
780b00813edd9f14b25b30dd22bef8c7476f0934acd11c7022a0c646e8a12836,1,1
e302f6ed005ee67ae5dbf2690c117df03d836506b00f1725580ad4d5381261f2,1,1
19549fd9b0b491f5de61131341a33d1aaea9b374637b150067ece87f42e2b627,1,1
ebdfd326ed54adc17321ab0bf5c8b8542528032cf7590533b6ad28b91c34c6a0,1,1
50ac02ee8fae8076b61bee9e8225e99720c415d6a2dccd6ad0e32e6b330099a3,1,1
248afa394611540af8539525ac5860d4451ab173a9ae9cecc76f403bad6e6365,1,1
c4c32905a7c25f90e1b6bcddcaebf7af51bb1b38889fbb7cfbf7ef4039c6cef6,1,1
09a2d6be9bb35bb1ec5031e787d342571a5651e7718f325e52aec0c2474ce06d,1,1
b4110edd2910fe867b8ada2cd171a7e3dfa977d78c021aadca9816664d196e55,1,1
69621e2bdeba1c96113d69692d347cddd339badf6b24df4eba0b3a21cdba3ceb,1,1
5f26636dc2cda86a4abc9b961cae387675edb08a4609f4ed91365f76da90078b,1,1
332d1c7db4babceab0198ff9adb3a8a2bcebf68268eb6744c377882c257190a6,1,1
6d630bf3b43793a194ad77c00ac85b001bbb659ae33f18d6a92c1d4bffa27446,1,1
8a41b6116ec4dea4593f17e18322d63caa3bf6a44e7d1251f286b34fc7f07bcc,1,1
65d6bd3f6884ff192045e98706c8f2469baed2aef544c4542fdbb61d3e40abc7,1,1
a2c6afaec49fa83e72df6efd1fc341ed0f3b188b7cfa9965adf32050ad026787,1,1
c5744a3d27d23576fe5292cd21a2a06812c30043d5fb13eb0a4d90fa45c70003,1,1
6f369ba490cf403eeb8405eae40ebeb5d1cde22472437a0cf5542df8dd6f9498,1,1
f38044a851705e76a8f98f7846c401ddb6f2087e81a45c7b66787ab376856b3e,1,1
4e3409908fe8b2971cba4001341a8d40b3f7d963a31d49dd66f8239972b6b6a9,1,1
5628b1e14b4b554ddda34753135c8dfdbb9e34a9e27ab8c86fd204e5b1486a6a,1,1
4b1c769be1a0d23878476d9c055f585b08ef3c1d3bf881a151999c60aace40c2,1,1
c6c5090c2397aa805f18a7a7833b58c0c49f5f748328e945e99635f429850f40,1,1
9448e21397c5d3d3bf143ad1f78769af69a5462523bc47f8fcceabf474eba3fd,1,1
c39eedcfad910170343dc63c92fc4acd1752e54dde5ebedc711d3bcd7d203029,1,1
11161c64db38b23cdb69e9d3785fc2eb244c3be9c48920311edc5c7ebbd5d2e0,1,1
2aaf99dd2de1cdbf87adc4e8b4765c54e365787ccca852b0876c4b8dde31560c,1,1
17eb148287196edd4f493abf695e44433bfafe62fb2a248ae9472e841d109eb2,1,1
e4227e6843918404a24eaa5382c221cd050e37d2dcecc58304c6b63dd1439560,1,1
a49a6af39e579245dd38943f8956ce6497a694298443683858b3c5cd4639b5f1,1,1
26b42ff4bcb3f8b5fa8b0653d75374ab874f0ff041f426c6754b1f91738b1045,1,1
353527c62b0c2e32afba4ceb9563a03c76284fbc508b0d338824c9400f6424ee,1,1
e091c559c310bf5bbabbbcf7adcc678af5711be532554d76d6ab47eb58df5199,1,1
ef6f999419c43c7dc9ad7d7a7bab7c0c8d9e59324d11201ce6b43ce205df59df,1,1
89e93f0ab7bd024b2b7585452a7006b750d232fd2b99176a2f6a64c2b2b988de,1,1
262d1c4f2f2a2d9a5a0f5d6e09176dcddc1505f567a90e02c86865b7870ddfc2,1,1
b89f63ac0e18c98f0776e0e6ce0f7d4e30c844e0edc426d917efa307dc285610,1,1
bed8f8f70ff268166a144ef886103a32afd1e7716be7b0c906272dcf2ebae24d,1,1
36fb751ef89c6397debef13ecf3eaace48f2fb3ba50924200490d2e3085ea632,1,1
f4d1891c2be619d1fccb801a4a4eccf96373219dc4fc0efa6caf425e0d230b29,1,1
aa673b17d1c236715ad647a8835624cb3ce911aba2b2e1948334b84d9df011f1,1,1
d31a5b58769aac891c540bb92081883aad6296faf523fbd5656810da0a615fe2,1,1
29c17379d4130e34bdb91aa00a1872bc66d334539b41a13e858014ca4b69ad02,1,1
ca0ef9757441cc15c3d2d22f31e99ee3be836aa712737388736da48a794a6d87,1,1
4ac2c0cd9cb9e5d4907114a100671a68560225499569bf6c0d0b43789364c4ce,1,1
e1e76a77a65899e38c31cb0d96030426a6d6cb63668814d4daa04c10d0404057,1,1
3f48d11c477f533c337f2e426311b8cb1ab2862147e0f51905538a9d36dd1ba0,1,1
9af332b8c2148432e8a8b4076c7e2da3e432c6db872ad3f1b93802d4b0e06476,1,1
2dbb8b175fd3f90d266b407b35825b349f5b2f89bb00deaa809d721dbfa301e1,1,1
4aa893221f8699fbaf8cb17c24f686d5fce2e07362ba4aece09e3d45944c2b63,1,1
2958c0b7b0bd9e482d7ad8e6677559b55427f3c604cb3a1c7c010c8869f9997a,1,1
8018659d909607d6842a61b5356ed99a6150fd15fb20daead53708865f49d55b,1,1
ca8ed05a58f2de1ea292df3ed1f13bd5b895ca3f1f745844b4ac73aa4d48c84e,1,1
527a61cb51985ad34dd51b54d0a3b085c389f1ea0739eb9c0d67d7b47318c061,1,1
9d39e3a2891d50cc0d88302db4e57aa16a4c81220cae730440a8e8295e02a47e,1,1
1f64e07e8916df0a2565f9731627402e197b9bd63246f7885e3a2273c94eb7b2,1,1
b06f878cf0d3ca95fa0e380f7b1c907069303c08b1a3b590b44d2c41224fc287,1,1
ee1eb3471549ae7b12b527cce04b192c6073238fe990ae793fe5212014878238,1,1
c11f057a7f04c989cd454dee50471ba6da01d530d06d9c217295be20d2dda27d,1,1
c8ebcfe474d56ece6fff9f5d3120ab38637459d864cf98d10f1201c80c889917,1,1
4c368a51b141cd175f04a50f17ba80e7d039c5cd7081d85d6efbcdcd7d2e43ac,1,1
e7836f3c59403145dd5f92ca089f40e82023d71e92bbf83560913e5ceefbb9c6,1,1
c547fb5f396e05aa39a0cf8aff6f5102c0de2b4c3cf2ca9509b7335e9e45fb9d,1,1
a02939a5df63265a22e17951546ab4196eb6881c19f6dc9502eb17fe97e6dcf7,1,1
821f9079d581e22f4431cf30f90959d45586293ebefc74ba580b05f31ef6d9f8,1,1
0cc66274fceae2d4664aa00378260366ac8a825decb3fee26fd0b450b4ee0396,1,1
27e58740f5126f376d6dd48f4a094d95f0df67d27756ef4a3bc4a950eed2ae98,1,1
fef6b20e27e7418c1712e28503edb58abbf44b125f0c60f5914050df8d0089ff,1,1
5d10a4db933dc1ba400f6f4386c028a562701d4670227b7a1078cbe26b38dd39,1,1
5bc5b57a04a24a51befa234a0ca8633f27b5f3121bd6fc1354244b7379a7a336,1,0
0fb1add68378e20d9c678a531be28167b1d1b3ae15cb15ef1c2808f0ac0ce787,1,0
dc672caacece424d1ba70045c75348a8bdac0f7f7546537e3f663c2b70673390,1,1
d14b0559d130e6c51b090d7700e2a760091f6fab98a29be6d079c3f36bcefe97,1,1
42959b43da9377f276e67cb5fec11cd1c8e78358ee386ac12e8e897dc97346ed,1,1
fb289fb742c49bbcec1df107582d4c82a25d58c959524cd988b4f19e9d12bdba,1,1
dd8df33e18fdaffc7521276f19c6e51475df73b632e9500ea97d1144ac0fd6a9,1,1
9d7201b0d4ec65caf9418c779c431b8056b91495b12247e99cb9adfb03c4d8e9,1,1
a672e307524fafab48264d7122775c9edf7db83631885d9b9926c55c1abf15f2,1,1
5f02ebb7375b66395aaddc300f85b4b3b9d11c75555dcf88add397554bb5188a,1,1
d03afe073b77cf6487016641ec5904ae0afe1221a28804c4b29d870887ee9208,1,1
c98fc77bffb277eaaed89573f1b7e45bfb11c89bb8256fdcbf51e24824582275,1,1
d9fbc5cbf842f62d3e4d3d96890bf8104664c748e4d6152ab7acd7165ee0d507,1,1
228e87b2b6213c046f2eadc14d1901186eb1fa265f6d9bbaf3544807b133bb11,1,1
307d9713c3e97d95c194110e8f28f429eed3d4f89e8a0cb272a1d235e22e537a,1,1
44489e0efced7e5aed675340f5e35d16f9740ec12a2ac7fc2ad6b9e370468ae9,1,1
903fc3489f4d25343cd547a9271ea706eff6849adef1e4bbf9c5ef26dd84a710,1,1
0e063136b1d22dc66e9fb4893a2519ec931f247db270c29b8ec5a8deb19994d9,1,0
a8201179939699ef90e9b5e636c88e8c1aac3b116c62a14e6c9c3e2de1aeefe6,1,1
da0397813c387e33febb6329bc863f631b8b0c4221d2bd85d415b79124ffbf30,1,1
aa995efe8794a7c2ce8ee76ccb7dd723ce5bfda878c2d75c53d783ddc44d1137,1,1
456a4aee499aa38e09a4598bfb3ca956cb5d06a3873f77f6967bb7f82c1f165b,1,1
8fba2ff25a1f135b0525f9f59d71e928d6970a2d32763357804648bb2de44077,1,1
f862243138573b7f38e81e2bc667e06fa7b2c2da67572f1ec5fa1435786770db,1,1
486daaae557d25d2bc3644f9e670fe535295ba92d215bad4746a0ef5a016a884,1,1
d380614f60017c0a58c09422eb7a26298bad59106dea2ed60d0a44ba4512dfbd,1,1
494fac4d950354399f7edfbb1a34a781ddffc615497b18521730e681b87bd7ea,1,1
2379fac8c08fd4d947cf90eb7d801a1b921cd53e691f94886c9b0cb9e1b8f474,1,1
356554003051fed3b5b10780eea9185fc4e8299efd5b042bb3d950a7e1132d32,1,1
50c7ff6402e1798b753dcba6c14cbd87dd9f0de3191c2f4d9d22aaa09f86922a,1,1
a0fbc504990b2c4250c6b5a37ee81208395e6e65f964a07427f7c90d5e986007,1,1
f68e36f5deee3ccda5f51702434da34150d644807ffe691e64d1a9bc754f01ab,1,1
d2cd717a07df0e9c4c50fe7d2b0c0b5a65e492ea8c32a69c8f5b34d420fc8c92,1,1
74c0091dfe0f70e5958b236f1c16f87462f7e26ee548a4595debbdfeacc4a12e,1,1
d2ec67f7dcabdf2248da1979ab384740d8e675fb91335b188df3cf524799adf3,1,1
6f9d2e266ed36ffc891679c7ea632a4cf6118178e4e9253521ea82ddccd62acf,1,1
f7e8d85842a5733a9b01b1e5df3e5c26e4132b7d76c67f380b7cab63f265e1a1,1,1
5d5ad6749d2551a11eb3d87b087493743ec83886c7ba79a99f18ed91ebf47501,1,1
24b0774aa880059b17ac4a30d6c3d3863d9715207305adb8a77f2b5270495b40,1,1
df2759ab4f91be8e60e8acd1a2a0d00cc952650dfd3a2385593c6f73f92119c1,1,1
917f994009b990d96f54f15a2db97054e31325c2dd181b3dc6a3ad2923a7f119,1,1
825db625057ed42f6f0a08ff75326a8a406aece4a24151725000caf563ed68f8,1,1
ba9e1c35e577a077c79b440dd51dd6882303ec67a5ac1be6b664ad489499274b,1,1
8b2eeec6d3cbf2d1810340abcd29284598b85c0db1d0844cfa40f5932a0a73cf,1,1
16dc10e59d7280f1ae1ef6687d1b91b93d04a8b0f2b791724abd12d9c6979526,1,1
6a5298423b5aa992d5ede6976bc9defe0e4ea6fb66d27c500a1577500718d3d6,1,1
1ccccad5b45a109397d2c098be79357b711bc0d83c1fa557d4fb27d351a3dfd0,1,1
0f809b449562f911a6e4e14081287146a5352234e68523ba74dae81c4e41835d,1,1
9c4ce5b884b376777545c7642c269ef8cc4acc5a8c72977460aab264102b416a,1,0
e3b5a900a1bf89f8cc13fa2c61210c8ea0f1d3482ad6dbb2a6290ae918a589cb,1,1
b3918b65d4c9b2bbc225385b26285590655b9154592a4209c219290f7b0f48f2,1,1
75ac5566b9022615ecbf8608ded193a24e73ed748d301e19e33a28487715414a,1,1
2234c7645f140157a53e6db27debf5d51b4703adf884e465c2ef6c72ecbc6d69,1,1
d624d2e8a119316e412ddab8f657eab8be4357d51c2d3beb24e46e59eb070ad3,1,1
4706c0dd90724c1ac02ad85d9de4e2971e3f038d396fe1dd6afb2bdd9661ebfc,1,1
cc43c91bd90a220487f9757151e5529867e9493924483216774d0fa19ddb1d6f,1,1
03e358c279d8866f7311c39d53b3574cf2d3b5b07045fcf0b43d7bcd5bb952dc,1,1
fa057ed853478477918ec1e1f794c1f6dad8e3aba7c941f93c3d52e49d4a01bb,1,1
5fef57a3d8fdfcf38b363a2e3ccf8c67e1fcb1a23bc38f805195b7c75b6ad925,1,1
3ac345944974f400ea0173c3f9b8508a549ea01fcae430ac1e77fc8737652d93,1,1
b3f7683dfe04ffdae8acf9f73fdd9f21d72e1d813fb56819a248bc9feb0ffe40,1,1
540fed42197b6e2510ef3d76556b1a38138127ba071eef40e8624b497db68901,1,0
2d4112a63c1c23252518a452a49878c981193e25d545e05f3e950c68cdef78b6,1,1
0b19a2a67875e221dca630afb0bc66928e6aecef8f10a570826cc940570ccaba,1,1
dd78eceaf25331a79f3c3a32974739f7a141cf53e6649dc58a8b959ed1623df1,1,1
e736270ba49d4ab8c41e6b2cdb58afbaf5552bf631e2cc66d3a69d54565704f9,1,1
fb6315059698c07654efc149d330315bc30002a61688c70d3c515038f48d1854,1,1
96f41efd889a421f5b1d45af655d6a56e37dd4490c614c125b0e65803d8aa1f6,1,1
74543a36e265e3c04e23914ac85eb9d05563194fe51490f11df6db45d9731229,1,1
932618cb2671dbc3eceb204075384467e2e7e13c671c9e49d967d3f6f0029cad,1,1
7d7615349ebdffc4092e93442d19573ea1d7891977f1347f9a0d825eda649bef,1,1
8a6f89b6b5636b81f8906959a52c1b9a8ff278e867882107415a46218f7becdb,1,1
9594babe96e6361f6a3e5d253e9d0c6b81d381b951cfb18fb924edbbb98edd86,1,1
bc9d2695290e4b11a83882ed31df07494f7b024bc831db0c0df90d196296082e,1,1
eac8a4a1d32a0a0ec4ab0ceabef67d7ec6b74581574660a9e13867959d1a3c25,1,1
fb05e0281816d965b78c1e4a9ba8c3f611b02dce3c781633093e9d9efda728bc,1,1
0158de9c8c97070eafd03c15d3e4540d4ea70f6d46fc2b6cabb62b43c980f665,1,1
540523d961813f30436d331c02940e9640280905547e57cd7986c443485c7a7c,1,1
36d2c354453295677fe4feee6a250dd97d1471bd4881e6cc441ddfa850f39603,1,1
3b389692a3390863e9cc4978a26ca78305b753759a3162aef7bb86db60696c04,1,1
5835367be6df7309e6c78af52b1e59bd8431e45be9ec0be054c96adf79a85cc1,1,1
a19092d986c50136f0ca0775938b0a37b37b969cffbab6271f5d7b3787676122,1,1
744bfc97b4c16a38165b5ddee859e8a519f831c323143ddf88c3b9bb5899f6d2,1,1
33bb9aa5fcd4f436768085086e98e78a4d8218925f9c612edec9c157d17dbc63,1,1
c2623aef9e682876fd3ad0cf967f7690be14ee9c84c35bf837879ee9c65a8499,1,1
66b7d26b99e5922968328aee2db2d6a9847eb8fdeb8c9a2aefc1e0c337845172,1,1
af246991851efdf5a6a0400b70febdb6679685aefcc9c1e14abfec80c4135743,1,1
c11bd6b7b2d95638bba07920fef906b03afd3c3d036be0cfdcc83c2f5d0546c8,1,1
d484f097a2c84377499034ada9538874c4f8faeb8d90941f6fb98ffa20693b05,1,1
ffb7e8384698b86ea1ad14a41ea430786e521a3341d951276f2eb73d6eeb0f20,1,1
a0e2b5702c328893640204efbf3aa2125a61487143741fe7fa8d59ccc1e28bc8,1,1
2cb9f11811bcfbf2b7d7c21c9d9cd5754a6d91763697c9750561026a49e2411a,1,1
7e156ef99515caf962a1431760bb35975c04da478df1d132b9f7ba16245b767e,1,1
d5b9fab4ec902192c015de8225c2ed29c4be5b18c8d831cea27df0c036f6e2dd,1,1
481010736c7c44af70dfeeb6040aef8e3e542ecae6e7e8b9017e81697e591ba7,1,1
a71e88045f71730e6d15f10f349fa7ee9a11bee00e868dd3f231ea8cf2b03335,1,0
cd6526434edd7efe711927ae14824fcacf19e3b7c623d93671df51db1b216bff,1,1
2cea0823923363e46e4d722295951728bc0f10c2379a55079abccd191e9eecb3,1,1
4d987053ba6c22fc5e172326e560d0003ee1dc82ef92498804c4ad1c5fbd4185,1,1
0f91dc1358dfb6d5b3f227fc88173fa965259043d07d0cd8cf9af5d657ce2c58,1,1
d53e75443dbd68f794dcfd2435ceea71d927596d98026b465ea0ec4357c46482,1,1
49621abfbe9742a64e36481517c3f8a0d49522c63379f90cb90a269c0c9a0e8a,1,1
a630dadf51415f755726ce771adb70b52d036198779a89c5c7c17ccd32717cb9,1,1
9e51f2126a44026d0eff9a3030e28a2c52372509ba7245faea14c56fcd0b5c2a,1,1
66d933587ced4ab28b8ee15c797c2c01ab840a2389cf8c8100d44b18925b7724,1,1
088fd6dbc49ef84c65efcca1b59becb4de6e14bb9564685e88cdd9c6047600e4,1,1
b2b1d4984f7207ee39a0e58e47a54b4baa198ab7588fa889834b84524fb0302d,1,1
8304036fbcbba30ec339af4c8d830c8f602b38c963c241e97909113dee565c72,1,1
ed8db0a5b1fd4f5c0763d1ed9ff5c4886db04ca1f4f144bf5c1f9faef3859d77,1,1
5094cbff5e24c163f0b3d9d32b7136e3befeb1e49276dfc41a5c2cc9842174ec,1,1
e77f84ce49ab17a684a7907be5703d02509f4c7ef129222a65f758312879ba4f,1,1
6fb47cdb75bfbf399763b355c3bed17dbf74cd6d0a7fb4a63767b041e324d2c2,1,1
d036ecf8d77f9e6e8b91cc20daca93ab7f4938bf4fc6d81082c424ab3bf6ec26,1,1
407e1711c5a916f376d5eefa0f7f697be3653312cec637a4882551a6dc30fc44,1,1
f88a75151cecd90f51a690a51e6849ff3a57bf797a6bad8d1f6d0bdac4881e51,1,1
4d109f8766126e6309bca769c02589ce621fd99a09e906503617de438adb7114,1,1
6cc14b993b24470034b39c3127700f8f8161e9534643002f45f469da75506b41,1,1
6030ce683cc0e707e615150d7b1ec1a6983aa7c051444061b30c7b374f11d147,1,1
3f6c31f8cc8c5b917b5673bfffab42e37189a5fc720f632cf3f1e1d2afb2f8fe,1,1
71b97cc729fb2e53b81079ce8ce1ac82a4bca85e5f5bf7c3109e7ad8b13cb626,1,1
3f9ae3b9ef0b2225f824a9f3a004e6bd3928b1c82fb906644280ffe6fe0eab74,1,1
73859bbce627834ed49901e8ef342301a9d9e808ef5587484419b68fc9b5ef9e,1,1
a2483f5b7c967049da4415e20d974ac656db4ef49d4ab87f846195c84e0a67bd,1,1
8f7807599c4ada76d1e69bff2248ce4335f23e14bbd2015d746aff7f57ebbeeb,1,1
7b100fbbc59464abc3466ac0b29d612bf9089f3ea033ef9aa39798257558c534,1,1
7f7935db66ddc06dc7896fe5ef699967f032231916465ecb85df004ff98be75f,1,1
025ee7d4b63ab6e83b33921a6ffe2c8767686d7e23be0e58b4b8cee0643de89f,1,1
eb6f5dfc651af55886f842a8b30b2f78a4aac93e36f8b7fe9418a1ed75b22471,1,1
e9b281b4257f1ab6fa54cd55cd264a356ed96f6a2c3c6eafffbfc9c12acb160f,1,1
a9fad9cca88269e07702d7d61e85c2e4bb739ac2cdbf0ac935a034153423d38a,1,1
808adda8a27aeb7499f677708642ee69e257b59360d7b342d0e7bd1ca5199515,1,1
85c6a455c3e6ccefe944269dc0caf141cf5f5f6720d3f74bab658d20d2728a4a,1,1
83eb8ba22969ec9db7c94f496953747b9c123d90a9e9f8e622928d35e8e38748,1,1
d81f5f2e1be4c480fcf4a77b681f18862cc954fe8c9cc0cdcc105867e26474a3,1,1
0b20e38dee4f14c0d2022292b782281bef46ed3a0565ddff026b566724e2d5ba,1,1
19404d4fe961b2538c53c164639ec3f5a38fa9cb42b20cde18a91782a8cb90df,1,1
ab3540a2dd27232f1d8cf3482050f043e849f5d31f13e3dceabae0056eb292e4,1,1
fe3d98f43dede3a06fb5298ca5f111fc25112375df9d45032fb83b1530c34e19,1,1
53ffd4ee4f26acc554a557911349b94b278757654e4ab877dc4cf91b0376306c,1,1
910c313d1d92fe23b9552366fb5a9e523025310c1920436c239a066f784448a4,1,1
abad98aa90e97b65179bca739c29fb331d488b04c974b681e797332d5189f318,1,1
2835d823b289174068ab1f274c804101a7ef022f94e9a44d6fd42d33a7cd3aab,1,1
5376a72ff446ea54b0037b10a7d8fb6777931937de5c2dc030b4bde1aa4ad252,1,1
b6f70b7e17348c741046e1634497463ea920a98f5744a6f83cf235678d27cbf5,1,1
0455c7b597b4831d72b8aa62018c71d8f42d3f6933f51d54a1cdb89ab8890484,1,1
dfd2c660fabafd6f5123fa9d4d872406c558336cb829e6feafb3e2773b6c7025,1,1
583767f417e0ff20fb2c5a172848cbe9073fa0a3307d430629d59dfaf06f17da,1,1
4e12195dd7e3993fc3b488ecfd4bc0c0b1e3989bb11eddd274f9f494961185ec,1,1
84de51dd2a144e8b0cbdd132263f16162338f33f78c9470452c409389eaba399,1,1
1f5aea1ce01cfa27a7c0ac23f1378babcb98257d354374c9880a90c8c231ed9d,1,1
7c3b2a0ece321df20e9f7d9d073018b4f0a48428342c0b6a1e4404e9d7e76794,1,1
9fa95dd0d20dca15b67744ac75fda4cda53b0769c63d14f66c56784c1146b452,1,1
32234c5df5aae395a5e24fa2a945dfc46ccd4407970d1cbf8bc9cd5cf761d583,1,1
56b25d1cd9779cf0284b898edcf90a4c0103351db5b0c9cba7dac7117bee3ff4,1,1
cb3ccb27b497a4ba36ba45f604bfabb8aeed0da225c5be39f1a503ca10ea4ac7,1,1
b22025ec8166f52cb04c4d751f0805f93c793d14688eb1c6f543ff838090129b,1,1
0e5eeeb6a17f88f6e5c80a03f506aa21bcbbc8ca6ff25451b35070fbdf8f7468,1,1
c4e574616112b9d9e6a97a248e0fbe5d3ebdc5f3bdec000df5a3be1677b5c5b1,1,1
cc391dbadea9b96af23db03ed7e9627e494d5ce2050e45bb4a7728f727dc9476,1,1
8958bf98d61328dc622789d92095c4978c3561cf49ce2da5caf99661034fc3e5,1,1
f5c57368a735ae108907e14f0f63ae469fb9147938d6bdbf288ca120aa242e99,1,1
065b4f5c366d1275f2404e5fd6750bfe4a2f43085401a711e4d8795cfefc04a2,1,1
8527d9c8013de79ec8a450e9d74609db3c236aae17128ca5f2aac41a50da4a8e,1,1
d8d3b070d14a988e52ca58d73fb41f960f189fd9d99722a7e15c06f8f6c88a8a,1,1
5e0997c02cd9d50eab4a7ad93b2be5fefbd8f46c5aab74aaab1b88a989bfb008,1,1
09e1457ea7739b43d8d43d10c4241b7fda2f8a6f80d2dab2cf11976488f0f31c,1,1
835158fc5d130ceafe1419cb9e4757130cac865b577e1a305c4ec6c6f5a580c8,1,1
2f69f0a5e34ff3f4f2a332490eee141dbd95e8d516ed776708e37d6115c64c83,1,1
2d91f4839d7139259e696488461f6cdda443ab5bc7a2b43d3a406a31b432cb95,1,1
412c1c603c7a164003ab78193fcc95055343227ff43ea0e034a1279a1b15dba2,1,1
efd62ea6a3864a6d78a909f345b1e1886b4d940aeac7d565a75ae201d5459b7e,1,1
12176bd0d6ec127c5d989a3d7d4f2206480c2463871a25931c6d1fdd83359e7b,1,1
e6d9ac31db87b5a961fc56e1d91b0b18b08cd4ce0d25ad8b0d67f3092002a681,1,1
3923d7310ea17cf1769f51d5c77ba0840ee85cdacb0ce526d003beee658ffe96,1,1
5c5ccd9859734726735c39583fe81682944f838ed7dad55ec2f538169e8fcb5e,1,1
b42f10350fe590be2f9e2170413ea63c9b96503c7ffacaf8d9758dae4ea48f04,1,1
e72b221fd87b62d97feb5c6bad4f928edcf5ef66aaec912c9afe824ce339583c,1,1
9b8dc96b2ea7708d241b66e0a6baa0ca6d2b2930f14fcba2eb59fda3a28891e8,1,1
3c05eb1351ed0d4c92ae77f7304e8836fcecb689c52fbded705a7614d7464b32,1,1
20acded5682047d3f3acb3402af48ee006d57756438ffc96df304366c1dae6c3,1,1
72867f9063838e5119f8154405aeb69004c34b2f6bbf7be083fc4fe3b23546cc,1,1
d23e41c2678108e6c3a1579de2cd34aab7a43133682d1cced2655890499d5566,1,1
87bdd79e9dc57961eb1bdec27ca551d6449e53710d68c30bd98a9b69fff16244,1,1
a79be75aaabbf17056c0185011edcedd0fdd91af0f05196b167967ec826dbfad,1,1
c30a51328a9bc8dc5140f627c70a0190717c614dfe351b8562cccf21518c8539,1,1
d44a1c0515b4652c595f82d63149cf9e3e237ad2581a5e735891958180a6ca00,1,1
1fb22ee7c413d1e2c8e3b69a60528b3a87286f29185964a5f623986124a4eedb,1,1
f9cfc4c4e5592523aafc908cc05252833f6504839b7f6878c0650d3e6495e377,1,1
4ef4265f6d42494bffe58aa0c8bd3d05056fb4e8dc9434f32cba2f4771f6dd26,1,1
ffa012efc3e545669794666d13f612d8ea7828a5b4b714d29777b4b6872c689c,1,1
45dd87cf956d3c49fb8f0c28d69c8b966e6de9bd756307c7d8cc265fcf1d8946,1,1
298d13d07de3078ad9eb645740e00690499acb1c72d91eb466a1036b3667684b,1,1
14df418f32de58c4f2652952d5a9c4acb9947252ee3e1831b069846344989ff1,1,1
dd9332056ec9800b57085bb79d07cdc0ef92ddf59239325e437eba0c087ab123,1,1
f93d295d40cee51fde439c4e95230eb9abaeb00ac6e115fdc73bf9edd0bad041,1,1
3e33c9cf0afc1daabc97cf108eb279de2c5da2fe9bd6be57dd670f9cfad447bf,1,1
8284389a13e8094e79c47874aa69bfb04466a8321415e99f13fb6e13d6434461,1,1
8e8c2770e36176bf5f39b1aad5bd4b961aeb2027766fde36672cb93e2bb090f3,1,1
1b8fc5d82db488ecc5ab042b07f28fd0efc8988f8a0f69b0411acb9d61cc2b49,1,1
8340d46aef80078cbab3d8df41d97b6587be62e88b895760809702ceb78ef933,1,1
0025614e6112f41d1d6b51daca6b5df93fb79a82d0e2acae58421412ce26f649,1,1
af5f241bbed2cda39d20d036ac1235a3a8e76b565bf762546736d7d41c90729c,1,1
80c1465ffe0319bb49f9abbab5072779b40e3defc51144f23564e36322ed4011,1,1
519f457f8cb2bf0e25186e73547c7dea4d422f1c2c0440bc82b769b000a21c2b,1,0
e615de5ccfd817c852708287da7c1fb7a400898a79c244a98591793ed3ccac3a,1,1
926c7a8b09ff37e943488e6696cf5e99a7ed169093faad5e526051bcbbcc19e4,1,1
e1ca9a0226fc9f0cc6f3989f3dab955ed4a6af2970c1fbac2679588e629202dc,1,1
a3b2b193a42945ba3b0a08524f79d8657e8eb85ea6b208767c5fc2195c9f323d,1,1
1bd2708d34ae0c3541d4873ff9a51af901b0f415429eebed544675dc7bf35403,1,1
75f1af4a6e46728529caa39f6b8de504177c48e2b2799405e0b65ca64c9a6ac6,1,1
a657361f4b6efcedf921213ac7bf9af554dea1928a7c244dc4d44c6df68df73e,1,1
058cb7742ac036128ac61a560c47b1bfda8bbd3d8a75df745d8515de21d2ea7d,1,1
7fea2f50ac10834768a64fd6006596f36dd4c89e7fd8a88c3bb65010657bc4e3,1,1
aa41a2ea288604cd2e973f4baf259d76637acb8ff914b4082be0d70653de5df8,1,1
126a8e9a0f2e78c8cf4d4e4ca9bb43e6f1df20fb6fee621e81cd6fa38b1f7688,1,1
21025f2d4c9a15fa2663124dfcd0f9aee374b8d980a994a654ef4841e78bac25,1,1
02cf081020ecb6c150b1ed0e4d79efc159b48ef152857511f1ac03e716ed58d9,1,1
13098a9c8eed6da4f3f29051787bb7d4aab95ef7fc57e882e650a2bb5458d414,1,1
59021faef2422b3201c7db448dd2a8b8abb70da430d31aab0accc0b32bf844cf,1,1
86c64c110440dc58cd534ac20016bb1066fd543206652bc679e0e77c1f7dbd4b,1,1
bf0f8022c4a8b126f11fc190d1f4535e7810098e70f98bec08e708a0ca34a2aa,1,1
356c483c46d28eed9227243b8635efe6fe1cd00508acb605321d29200d10936c,1,1
54d4736e5bdf8a24e14599140777620035613a079b1cc882a6b807f7f7eb2f33,1,1
cd3a006c9c7ac62a39588131afb21a438d45ab298b36eb6b116fbebe62ae8160,1,0
2c7a783d43a7011c4fa55328bb9263a19421447918fcbca95d4179c8c47e7ce4,1,1
6c2311a4ae8e04e471a891057b71596b7775a02c62a501c81327364bd0d5e8dc,1,1
a041c6cc16b4a61241a4e2368668d9012b21ee88da0ec0293381df14beb9b555,1,1
b9403478bdd635ec1967df9405af3c6cbdb941a1f3ce362678a9a052c767fc61,1,1
61b53213b4edddb74054f148acf2c89b561bcb8d265863f67f5f8e4cdadbda31,1,1
c914fc4fd045e6f9267e4e3de2c2483e9abe9e7309769dc8c0feb9e6513f5f29,1,1
105e2c4e2faa19bc6dbc49ada15bfb9708562c554858a4b9f44cc818ba8ef691,1,1
7b75c7f9716f55a3c3cdd73705c325a83c271c822cd4c9e98515dc0614fcf789,1,1
bcb4a4781477430d1a8c3ba629c73dfbcc20d1d483afcb3a3231b0b08f3090b6,1,1
280e5748086639af9380814e30bbbe3af5758f59afe705967cef12e3aa6851b2,1,1
c4fce872adbd45b55e1625ac7880eda4bd868ef74a8a0fec0fb569ae2678d244,1,1
af006a83d848da56c81725615f49f14141b7f8c5aa54ee359ade392b02e7aec8,1,1
3dcd34f747ba18f414376fe4fe00edbd3fd42ae2c877f4aa52c01bd5bd3d61bc,1,1
849ecae072093ab3b43ef51d39d05fadde5e7e421cd7feba85b07b9d88a17b7e,1,0
6cc0c8cf6a3a1f2873706b43a0765920e0a144380d9a729e526c43d0217d6f0d,1,1
4b97eb35c43b4ba5349cd2d61be877db5aab914b3ba1b91f2b16340845a7fdec,1,1
295d3892c29256922f4366e161240231b2893cd2de1964b716aeea80d08774f7,1,1
f301e9b7b544cda7deca3f82f3de0367c88658ef9b4539b2bbc7482631fc2b0a,1,1
dee4d228fcafdd6054dfebf4138ff786c9fb994c44bacdbebec179388d345ceb,1,1
1c7f2fb4b1c32a25303f8b66e4dc41e42a7caf5ef1686cf8f912f031a9603423,1,1
9f6b0aac0d7d2c664e242f1a08a7cfde098b4e9a7bd945ab21739e099fb93790,1,1
ba0d8231904f62eea8fa3866e71409e38d76fe7a8d36f038884941039db030e5,1,1
a94e0a59d20911603ef44d36f18b061d6a8bd33d3202ea64ea05c9b23b482eca,1,1
868a05d8219dbf3c23066365e27d9d17fb132ce36dd8a1c1ff7bf3c7cc0096e0,1,1
e2e298318f8dfda2e190a629c7c606bb69db9fa4f6ef3a5ebcf903ec7eaff6da,1,1
844f856d9b4bcf1fac90c73576b6c1a9f858b5322b0c997a96b34d6a99c28e92,1,1
82de6d548875155f1c6c454f70789cb8d8f63c320658101930b60007fa8a863d,1,1
6e3ba675eaf0933b55ec78127e365ea09ef66277857189a1004dd572e23117d2,1,1
1210f5aa25f95d1f9d71c5710caad69cdcf87a66f26bac196faece05d8ad8fb0,1,0
982f318502aa1208f92985399e49b269554e3e8384db78b869013d5221d5ae02,1,1
857d58f5a696f55e21527c1c24bc34fc4958653e4b78541507042c4480128af9,1,1
1e4b4eb2e33ca3f561be1042bd4b9ad6c7f75ee4617a7b24c00b7b88d05d4b01,1,1
dd462a48ced939ba04db98dee64c2f45ec61d7232fb6f59b7872e93ba4e317c9,1,1
e82c5ee59f14acb64e47f71a38c8ffca4579371c26f178d509ac4de29362481b,1,1
703494b05b1d9af4ee41c78283096f766350b316fc6e119054e0f29e224ba289,1,1
41fae494e7470ba5b91977de9e0d0b1db8d036b7971597d84e232e25c01c4b1e,1,1
60d28aba8d5f5118ff5c09b426e404c6c7eb5151791f2cf05a8bbcef3b736993,1,1
291d74119e9b290550686ba68f5a4ee1e8f41258ff8e638083cb4e98d6305828,1,1
12bd179d6694aca728b41535e712a4680ac9a2ea5ae1cdced59559f24698251f,1,1
01a4a459c3808d8749f8c9e00f51ccc3d5b2165188e11ba397b83f42e78b00dd,1,1
832339e8a15a2c6b8055ab681771889dc7df43147d96ea98520ebb1f1d86f6d2,1,1
f3b23fe367796a2483b93ee72fb90bea6dfa6945e6b236bc2758c52a46c6e857,1,1
230b7a50092a13b5ec6c62cd6a2bae04b9ae4a0e681c5c4ebe5d975909cbe406,1,1
129c7f693f58923645cdde926f371f11479985469a098baf25f7f28f92d7fa5a,1,1
1a143eeafe98035e5eaea79434f6f608d2dda3da8fd4836e7b06e2211ea4e22a,1,1
52849e1a074f5a3fdb05fb745c3c4b5f320d2efa45c141906d81377ca75640cb,1,1
9d0112efb3d03fc1ddaa60b3701ad03b9787038142f1cfe4ae1f3e8070580ef8,1,1
fc478ac5bfebdb60cb6ab75a5be15d761fac06b0452ea50b0cf58ddfc835b0bb,1,1
1bfc05be1095154107c4e25be17bf3d49a1e8f4d6f06f789e652612d0097be01,1,1
2deb36e0e0eab7bcfbf41dd450ab2b70a235a7ba01637864509c55c1cdc230b9,1,1
063a95201555d433f5796241fb5e99cb871a32188e49ea1ccabfab0c71d8330c,1,1
a35aee15409b0b127508d642fd8cca6231dc5a55f864f13e8ea0c55f7ad2fc03,1,1
83519d9a765dcab60c7ef742a9ace1dfd5d65ca704251ea3930085d908b418e7,1,1
9121be96c594047b7a1d5a4a1dad4ed971dfbb39dc33e09e64aed61c1096820a,1,1
fb1536eea74d31a03983f963d969af1854d85135d6ad10480e45bbcaee6638e0,1,1
4fba83771ae35c893d4228b6057360d63d728d7f46af4d3e2557f9ea6a14d4b9,1,1
a7b970ee162214dd289010446ec3b2548d2c1789c110e38295c1d3a187328c20,1,1
229276d5f4ae71f1d39134dedb01cd4848d656ac8a033b115a98c73013bc2783,1,1
dce02cffd7ecec6edb1d517ae1af77238213699b40d40e3e7337124898748c0f,1,1
8ff3f410221e8d1747e6096c95f72fe501c6d8c705d73b2fcbf92beb058b67d8,1,1
f1f0115e13b504ce446511f8f5016539f119b472eac7c68931740a77c764e288,1,1
74cd85f9c49a0aeaba767d3aa4187b21d8d1f4f813adf6a0bb6ad8a98e8957b5,1,1
5305c80aa45efdeeed4b7f0dea939edad3cdfae930abef5331a4eed8136ad1dc,1,1
b9a6c5069dcd3de03c6fb40d343f0366fa94958ce99626cfea8a703d9dcc8385,1,1
fff69c90c590f18bd982900c4263756df40e46e2e7adedab3e8e09891de7356b,1,1
7eef8856dc3284488c1b7bda9564beb04253c9cc9f6c078ac29a7c21124622c5,1,1
7acb5a09274676998244bdddabc351987fed5a09c70f1a44e6a059d5091a2806,1,1
8593d2ea94e757d6572a852edd42e7b4216f00d4ede4841aa93860a4a5ebebf2,1,1
f81d8f3eecaa1b6ae1b7eb628a1eb3541704588dea6ade537c86ce930d295ddf,1,1
fbbc7bc1d3bbbabc13d809bb416282482d259de6576f6db537e709c82afc69a3,1,1
85fdd206e2c31a6a6569c6eae39ae89a17f4cbf64ea8a3da0d394604f73e55de,1,1
7fab150b2ee697536315b64a4ba441662da568766cb3bfeb832ffe5979ea1106,1,1
22f1d18793b405cca24c2639aaaced5f53284ded5056b1b4124c5595f2863c87,1,1
3981cb58d2b940c560f7bbcbb91dc4c598c41cbd417065b96201d5e17365beb2,1,1
ab0251d92a7459a4a8bb77518c4848a3f35fe992625052e696c1171c98ed2bb0,1,1
e495a1f21500a5dd5f898f65e52920f149d7478012f179f3962409e50b5d4279,1,1
5b0a6aae95daa4b8315b5bdbb8afd2b00252af30cb4199be64f48178bf4dac48,1,1
04542cbb9eb209222e3845cb7ada20d24d56f1d20771b6b5a517bdc7a12a3778,1,1
32ade0d94838ce8463105f887d1762c58a91daf43169df8b49faa6b76e787a2d,1,1
54e303727752ade1906bf991ef8512bc650ed4477cb59cfe640dedc19f2bff09,1,1
410ad55fcf589bc98d1c814e568300f34b6985dc4d16cda7dccd7bc003e35d45,1,1
e7019afdb75248066c9fa45fd21b4190d03ac8c456b0a9f6bf7999bd0b864192,1,1
f7f8ec8cc14c234625faa108df56b40d4706efb2bdf44c591ee8521dabcf0c43,1,1
2b5ef1e1db9b240d5d9ac0a8a54f8e1c7435f298bf0d81a79ff9e321af9f4fcb,1,1
abe96c4422dab8870096cd697f7546984c06783e23b86875fad13090595e2ef4,1,1
ecb8e9e43cdf6e378d842a395d33fb9bbfba3adbbdbb6c8632a3d520b88d3395,1,1
6bcdb93e651254b6c3128fdb8be58ff95a37f5120a83e5e2f026b116bdb606cb,1,1
e6879387fe269364a96588108f1db3c5ce9aafd24760a54e994f6e876e8beaa8,1,1
0388dc59640d21622ab19e85be6f6284f21864b8f879fcc96816243a17a1af73,1,1
74e0810b0eaeb6708b3ddcee7e9abedcad0d53acdf3ae319386905b58aab12d2,1,1
19b13803ddbf9e9353c462a6982439ca1275274c93761e3c09d30438586089c4,1,1
5824f5e3c08385742e2667dab3199fd412e6082ffe721d298c41a3816f288519,1,1
f44c9dae57081c19830e4f3ee46ff83258dd1167e8c73e5e9c05092a2520e5d2,1,1
68dd472b43338e55f97a317b2a0479028b0cc06f698e8bec28738ff4334de74b,1,1
0375860406a06c00f524908957d117cceacd35b22040aa7d5eb9698a17b76132,1,1
26c6f85b06be634352f402140d7c4cd2df798451018e6a97c7f21343363caa75,1,1
8754e716960602979771cbdaa918bad0caaa2114f731cfbd9ef68dbbc0614550,1,1
0ece8935607932fa684ce7c02cff078ac01dd07afa4baee1a4f86ef82a434472,1,1
e53bed9fec809580bc446214dc8b2d3198d724634a7744113b2106e7449a96c1,1,1
3b01f870a6c4fd610231da87948c56d3a2fe42d4be697882a6fc9a0f19518491,1,1
9ca2c71b4c1138b1bcda73cdd6844e037915401c3adede76f2673d07ba29a1e6,1,1
250b4895b9bd7a047db1bfa01274f215463d9cfc1aae55c2a5d19356600b68fb,1,1
204fa2e6ec358001f4dc7873e8d0a67b128b2d03c44c78885ea4975807904002,1,1
0e2bda83bc8af43603b687a4ce91fad69cfa1bb1f28481936a6d7dafcfdf58af,1,1
62104664313b34a1b367ef6f74b2990278df8d65b2da87bc433978e4cce19924,1,1
33b1721a2ac8ecab57bf66f69ed66b301c1cb093080a210e7d4fac6266a26a9f,1,1
e5d0b20036272abe2d856843710cfad496221f5695bdc05c354a4b66031d9dc2,1,1
f62545a0715e92b547587a2b6f94ec04e068f5bf4f4b411114e7f83e2545fb0e,1,1
dfc26932eb26aa5d534594a2ace852090f05f82f2e503b5993cfdacf03733b8e,1,1
16cf1d898493c0acb2b0c03190335943d1e24e0682d909203cb90d7c672d761c,1,1
a4d895630bb02d990c0885059d3794ec8fd6a488ebfe5182e20a2051266d8d4e,1,1
070db7485dea58dce8d2daa562128b2a84260b1ab89058abc1015c9d3cc0b4a0,1,1
7e06cd3c286f433f91d5589f1969cedd54926d565ad082b11905c2da6f19ab21,1,1
3d94331717ef6fd53e76c451d52575d5159c624ce1b06856fba6d21a51825921,1,1
99b5fd0fda393aeef08654ea1bac6327fc4e57aaf208c290a7e66466b4a2bb08,1,1
ff5a01b59355e70a9fef6e48b8fbb776f4ad15fcc2b7afa6cdcea2080ee95a56,1,1
cf138131ba4986317d7e74f0f81cc4437db4e6b42df494a4aca36eba822a5b78,1,1
11772a408a70e603ac1f7ca99887ee3afd88887c6407afcd004d62861743442d,1,1
a88aee836389c626121e33a35d5f47f5605b53a09f5601514698e59d1769b14f,1,1
333ecf6fd33cdfb8bf61929f41369cf000be29e4efddbc8e224cd2fbdc49f8cb,1,1
948ecc8ec073b2338321109e5df017b4aa3106f3faf76d133aa113febfc0c8e9,1,1
a675b580d1d164b4ee73577044b5929b276b9fc714a1c6590077cfcda5789d10,1,1
38b5e26d0432d4f6df4d7cd94cb278f18a871810e4581bd1d2071d32ba5b2e3c,1,1
c92f31b63c30b810c027b022c7af0ba8f02a711109558826e7b4c95f99b3dbda,1,1
d895b722487b4aaf66ed19bc5a81ce43e38669edcd6394347ab2c86481a44395,1,1
4879fc77877a1931193db1ac2a7be4251c3ed077f4f93dd25b0cd2e51f9d9a49,1,1
5856316ab60f01cabff2d207caad57882c996220d133dcabbd6e86d2e04d591e,1,0
41f50d9b520913677b24c15237d128d06e24ce73ec6ba18c6e756deecf77b28f,1,1
c8072e0ff8d7aa85fe306e2db08d83200352753a0d35b7489fc5ae13c7785abe,1,1
c38cc93e88198e51fb6d3ab2cd7b7ec860fa94589035d3a8db3a19f5c6ac8e58,1,1
7c8d7c31f6c524b76185909df931d7717223b7c79f2c68ba46657ee159a0d783,1,1
fc8ef26cec1f9b1e14be1e86a12c95fb82549179ee049465e475aef22b848380,1,1
f3c10b20c55805849d5ce0840e4025ea965bfc600457a75cbfae246a4718076f,1,1
28c3aa604ca7fff3e0510c01763f8ab265b45f8c0e4d1d63655c4e522eb574e9,1,0
f9edbe7e1c6d8e082a7898fb61d6d2fb13a6085264cf4320e0c2a26c49212b44,1,1
53114dc2bd55131f765fbe2c4edac785f745190144f19c099cefe98fe92d1346,1,1
4ca920b1b3e66f77b5f317d5aafc22b1e961c7f0ba722848ae92aa9792863a77,1,1
5e5b407ce40197804ff7ea74976e14f3138190b4b142347791b45b8ad5353046,1,1
8e0ae87e5c824ff89e0f802b0cba7e078a31f0cb2f05b20929e138ec48ea1c8e,1,1
0beb49dd24dc1cf4fde00736c208446e3d2f959139e6c61d452261af975032df,1,1
66ea8e4c01049f47d415a6d491740aae879027180dac7704e2e695c4ea912499,1,1
94a8c4b936088db262b6c1a11067b4b16447a30d60ac7673313b1d8e46c53940,1,1
ffcf4f163963ecbf7d9cf514af5f029c039a1f8db7783101e95c884b6b7d807d,1,1
660d3e03feebb6de53db5f668c6c020202021d9e30aec39d7069acdcebae282f,1,1
f895b7e43f2d04b76dfd69f236d7e897999bc357e34053c10924cea8e796a7dc,1,0
fed1d564140a0a87b71e257ef4d58ccbf6610e6d0f409651151daea765e2c0e5,1,1
3d28b6f61ef332bbc92b0eb764e71e74c2e93c3d27f85929ca94f1a2f5b14850,1,1
f3fe0a966cb7fea561b8819d0cd60301d5fa8aefee694c9e3d7f4469d1fbd7b1,1,1
b716b5a8738d3c1cbc8abfd0e1ac9b2be0f15a9d9bf64e65c538d7df88c656da,1,1
070e515dfdbda5e816b5eef9c3053135556291a54b20d9198f2b69b6798ee5ea,1,1
b9abc8764b3e8c0f980238312ec6cf0d7fff4438319d15bf8e9cdaddd3024922,1,1
0c1e8ba11f17ab9f837b61fc5c33392db00608c8d36b4087c05879d238ae6c49,1,0
ce5758192595e7b3c143f480af0791f80462eb91f74ad01287feb1ae0d7f4e17,1,1
9f70aaacb35bc2230c010bf6b4f12b90ad3b49c8e07ee68a1107169383aaf1ce,1,1
a15b9aec0fc9545525a05e6c014cc39c751cde5f9e26bd357875a11cf5f98e7e,1,1
fa12a3d4be0904be5d9954490a5e0d1abfd1049aa82987352ee8de0903c9d15f,1,1
d55a6558ea3c02ddd8791eb641d848a40356915f6764664487a12cc167d35326,1,1
70bc54eb491d71c5e956b5949a76367adc50d846e93b98cbb06ab83390665dd0,1,1
968fd0f1f6c70999d47cbf189da520f8684263cf0c2e509c16721612ca114901,1,1
f3eebd9e3f7829f016f8152283b69afc29a977eb2156e95097523ba5d0801365,1,1
cdb2642a65a014448433e276eec72b66110c8ebe65abba4020aacf3b10976317,1,1
d2cc2aa8fa376c4baf9ffc84aabb672aa13331acba9d5c7d521c2035f2adc2a6,1,1
42eaf759de489bc8fc86f71c0b4ed81d13dd5c54f21dcef33ee9a9a30350a51a,1,1
2d90d23a2d65026d0b8235fa5ba374e9e54aac36c099f2da1ed827bebba81fa0,1,1
bd5efa197725cb2609af7fc60db620f5e66b4011a5841eedee39eb937515ad04,1,1
fccc943dc5c611180bce7508585bb3ee9920925b7272ca0173130fde2135f82d,1,1
688ef632cb04359a7353dab554680a1208274f33f23f4c077ff177100894add3,1,1
ebc0f4fcdc7cda0e565eac76e5af2cd47d8aef1196a99bbf5bc9bd8e3ac1580f,1,1
1392a29e97833b51f48861a366b789b436ca6e1fcae8d99b4510ccef2b1679e0,1,1
cf4260be7b3fcc31a8454e9d60b802209ebe3f03cb45ec55c098c8aa128f033f,1,1
f744a2fb84286025e374a3267bab739cc59a440b61e2dd7311d45589e5b8ea46,1,1
24e44b24dc4925c5a94ba22b32aa4bff4d41754e7aae861e2be80be455d60e64,1,1
7e9edaa0fa641ae7ba9b9a9cb12f30174a0a841d9e65f0d758c84e3e2ed79ff7,1,1
1a7619c4e17c40c24a58553334050a886dabec5910b92387fe5db63b71ec0821,1,1
1ea7a47d232546a5aeb684a8a7c866caa60ad3f148b50d470df273c977e0752d,1,0
40378f057e685b2ae8cb592c96e22102e79b98062a656995cac478fb2e048aff,1,1
77c39148f3e87404438aa5ec11e7f5cdbc8595dbc1e24bb1d84cea9d8fd1a76a,1,1
2ee808bd6a4a9b819c500b5a030ce4741e1df9b4c043ee5cfbe2431f7fc967d3,1,1
43084dbce72a56fc3c1c9807e5f62e11549bb4c8fc072f272465f904ca632bb6,1,1
9b420836a3a4e7a130d73b431bed10409e204d8a2a53d83f001fa1bf264b9c20,1,0
608b8f08851d81343a27811f1620ec155560922eb46833fad63f58fbeeb3610f,1,1
7374eb1aaba7edb4d960c89e9268bc6544de9f516b944bd66d4ba20089e47b0c,1,1
9657036a5ee9b8acf0f22b1b94dbd00f7d9c47ab1ee322ad063a5b7ffe086372,1,1
8f3dc52b18befec178bd1b9cae4f90c3be3890d7f2c6fefc490985f4527153a4,1,1
508b501c40750ffa72cf967aaca271f70b4a79247cb10f3774d11da663287129,1,1
ad53fa1e58417908945e90bbf654db7b994a38965ed557f62308ec6157fd1553,1,1
36d19032c86cf249c9bad2d324c73b30a722f7b0e723309ae1558f64cfb43f56,1,1
70615de33f2c8643dd4e648515f3a07c5af543778c394a2f7db3dd8c88a29879,1,1
51bc8f6e64ee1f23dc3f03c980d029d493710bc7a3e0bd070fa72e5898cc752d,1,0
dbab43c4458b88f9e3121c6ab2911b3d3cc830471c9a87c0ccf0fff9591711c9,1,0
43925edb866219aa6d8e9fcb42dfc67b6a07191f7fea41f10d4cff7bb57d9607,1,1
fb67fb0f93843ea7d0be5f299d7bf01dfc2511ab9f4057c2653a80f13bc17c3b,1,1
ac171978e5ea81eb81dd38a90e6871e4b6dd59f91615772d82507553c2c2745f,1,1
dd240d60e8f06894d2334afa3486a4b799467da4cbdb4e65352027e1159df11b,1,1
ceb86ce21c0fa3bb024d0ea006134a5e9a552d9b54b12afa189b6f85dcd1fc3b,1,1
f020c1d724b27526c5df8483544c2fe7bfe070f5f2391e70a85f0b17e3d4595f,1,1
14b5955864cec18a4a9adb9e6e454ef6de381cab233354289eb61da1279cfe66,1,1
7faa919c49368d6a4017335cad312129aea697a15b28d44312e625203c80934f,1,1
4da9a8e5fb6c9d2f988675078116ed9dfe59f35f9ae4a8f2ec0c8a6e1b4183eb,1,1
3d660f47f4a3d7d63f5cd87e7e3ef138b85d770a83b0ce22c45cc30c7713fd0c,1,1
429ec0e5feab937e341f4652d7d1c1bb905437bae7c38c258cf679b8ad873c5e,1,1
76aa74c648443f5a973bcbb4e4604646b0e24b4fda7d056f9eae5dc89434360c,1,1
54910e6f0f11adcc29daaeb80471853d2ec8eaaba4fe64b366ae44c1b4917d74,1,1
89ff2727b3e7d671766092fdf191e879c00ac5c99730ae8110c4357f37d94033,1,1
244ec260d05ead48059a81ba0a5f98332a308861263a734144edae8ac727e046,1,1
a63b3d7eb7b2c80dee543e554f26ab4d2c397341697f62daf9369f6094bc577d,1,1
44b6bdeb259933fc97869a2041b619e578e245fcf407b9dd7b61d74a22c4ffc5,1,1
b64b3484f954c45d50944bbc20a4ba1ed8084df36a4f83c72dc918e3a65e01d1,1,1
a516e56cbed4e54f974b9137938b8d7e861db896d3f72725e08f1f64b284b62e,1,1
8f187b06fbfd55aa819a9819fbbafd3d26818620f26ad3ac6e00010ef272e9d3,1,1
2334a7708b54acdd6c233f2f775662f367d0a866310e5e047a464b139d825546,1,1
cd9acdd82e020df2ed6805fe5b8742b9604a8daa8b19b6541914b3d1190be48f,1,1
88ca9687ba64f45c6c90775270a49d2cbbe39b8245f8d2d75a6a8d813573262c,1,1
5d5f0919b0565b6e01a3ddbae6a7637838fad87aebc7c91b88c091118dd8d4a4,1,1
698d3e0dad0f11b321df7972ca706f920794fff760e313b9f7150a5a38d942d2,1,1
aaf8d29346cc90bae3666db72c113e35c02dda396339d7494fdb99807a4fb4ed,1,1
ef3568d1491d5881a5aeca6521789b7eabd2fd797fda8b4b35134420672f180f,1,1
3c4d58ffb3bd5f9a0079167956b2e60c180c29b77075c09922a5a27a6d698a2c,1,1
98e63b618a6b9e6bd5550649c688a3b8c1954abd9e73ccf6ce4ce6d58d60dc71,1,1
b687804c062037b783cb579d2be88c82956550e8443784f47955dafdeea0efdb,1,1
f8752ab0f6078c9513b00f31988c927ce89382a0c3ea845f767aa597054f39b3,1,1
863877406dc075c9257bb98adc6fe9cf40e9f9b5cba6dfb51fd2dfb6aa79168e,1,1
14d2aa87deed4396e6f3942d644a9b28e16bab96895ab5f16d0c528342a4e2ed,1,0
076d5ee38cf116a0519da1d28fd285ea5473f908026762341733cd8c73dfa000,1,1
7ab3decfb830b9cebd36c625423ab2172d2100d55d5fcf2b1e1b8d591b4fa167,1,1
4086ab394481896f92f1d3e05d23bf452a9fec549b31e3f640abe89981ba34cb,1,1
8cca9d1354cbc64453885fe8890e84e6f6798e6a673a6b01fe013e65d9477473,1,1
b874246ba71bc61a0547932b09b3817da3a6789d4c9b089957a471e5ed82a06d,1,1
dff25985156b5629dcb7f89614f65759748c1bdab789603078e94ee7521932b1,1,1
b50f524c2246f7c955ace32b8dd72aa7bcfd9a9e02f76d8f426fa08af6734573,1,1
014b94f9b69903acb51eb64c8243f578cc8b7a4155141947161023744f66e656,1,1
b7a09f4e809fd30e344fb87f05aa2614c04d4f3760a0b301e16aacf7747f845f,1,1
1a6153a3202dd9d7dc8cd12019dd5161985ac99c35d6d2d54b1be9e65f7bcf84,1,0
de74f8bb68c3b3e0714b82f109e807cdef02ed42980280b8625c65400be1dace,1,1
2faeb124851c5d746f14c909cb14871007d6b0cc70e101ec402a9f58e36adb50,1,1
6ac369da4b243051946e208f3a6a5ace99219383ef6b159e3c6c39ed5e10738b,1,1
911a4553925d0b1eff266734da8f036a67eeed4d7f87ff6ab3290a68331d28ef,1,1
069abf6f4574ec8bf1d2e9919b20c7a8c38eb7b6f027a93dc5823bad8a6ea1d5,1,1
b8be07052a7811805cf6f9d4501ebdb3944afbbb1c4b343e7ae3c6c61c51d267,1,1
0b62cf705be1eaeddbc36f8d2d10653706caa03e012148ab7f9f9fee674f6a70,1,1
2b245218706eb5346a3ee023bf6272eef8f9e4d804eb9c281577b75d92142048,1,1
c2cce005eed4a237226bfdcd9b0149b7ff1216ed26b79a1eb49ebe681c42e839,1,1
2ae460990e252efafec7b665832d28fb537f3e9752eef44b36e9e82c9d34fd76,1,1
5595166e382761c4b67088ca4e1d238a003e214d32db33493bc0513953bb87fc,1,1
dee58d876c060cfae66e23816d9b484415e2cf6c7c288b2184e7222f4c220f27,1,1
6568829c41cfbd550f4f6f1964940ecc9113178a1f722e0ccb07daa72f579cc8,1,1
ea5bb5e110b26db7e36c92eadffe5df35d1ef11f84ffc5fb0b9575ab7f493c9d,1,1
46f640cdb0aab70d976cef54981f17325354203988ad16e60e886bc0f1bea288,1,1
3f074dd8c5ec68e0fd973c8132e78737093e884d17fd31f60a90729cd5015e3c,1,1
2095eee1e26cc911e00c7593628e832d0fdc514a4eb3b478adca76ae1cdded53,1,1
54c1c7b0adf2ac8726dde3baf8b7ef02c61be1e22c6ea500f4fa5e704578d93d,1,1
617149b13f986f6375d05fe29bbb60f4a204cb03a77e17c002c03f4075ef107f,1,1
4bdaab6048c3301fd41304de20c1308bfb2f5d03301060f56b69076ea4720c54,1,1
40887b7487f99956874786a7c016d82979afea98e09d06957f9822a4963bef49,1,0
1f5ded1d44f9876961b3ded6fc0f70db2e057f2ef3acb933d060d0a8fcc6074a,1,1
324ac279880cf9613f8abf6dc15d9be9cf42ff9a00ace9c6d2bf65e152c15bc6,1,1
96849cc761767fc7ce663daa5f9bda70a9227c280e153788cb8e630660b442ca,1,1
4d2a858ecb5780218bd35a0128cb5cda187348f1cf189412487f3a95aa2ad30b,1,1
e69fa0ff3ca030a34e661e3daf700a6a4372678caa25eb1df6532c2ef405e6e9,1,1
2ceb0e586525e5cd5e785e5f57f32fe7960df1caa55cbdebdd404722e24e3e97,1,1
dd422c98e9c0bc5588447718ba2e2d6c02bd6e8337b7fd97be2db71d7b67215a,1,0
0ec5c3503d94b35fbf94b70b47b003a9a3c8ebdd405bd126e246207574073bdb,1,1
920aaf7781256332d8c267a728db371a3ffb944a33e78865c596e386cd972cc0,1,1
200b6a45d990c117f4179f2b5b50988789dee388dfd487ff8e0f40218f58d0fe,1,1
60f9c9708d3c053f619fc9c94d305ec07ae4dfc76a885e6e6cf6677e3900a849,1,1
5e02ebc595a86845e3df65d50f373a8901d686d2665aafa0d7a3700b5e64dc66,1,1
fbb8e8337d9f81f244cb4f9fe440c994047e004e4bbbf4b143e4cd0121ec6336,1,1
4a812a3f8e45a4df836bae6419a4b0fbf9f4ce74a478fa358fb103760c627332,1,1
d9834bc77a5bb6b7c119eeaf9d05f91853d6d2e7f4535ba008563b7255e52b07,1,1
9d9a45e1cdba3635a4e114d6694092721845fe566bf30979cec9df255c27289b,1,1
c68efe93f4feb75e6fae07705d16bb23c61314187a8dcabbbcf0bb9c20944249,1,0
229deba315c3639ca7aa730a25dd967567d5f3d70bd4b416e385cc4b00edad1b,1,1
348ccda4582c9c7622ab85da6147b7a4e59605d339a7bc4e914aa47000ab3f95,1,1
43ed99a5b1c1319c82ede1b7d63c758ad7a0eb9b93611658efa3ea0647393a18,1,1
02241799b747b70659f22add978dfe231b25c877f1e9a790c8656074627e6d55,1,1
d1e84cc5c1dc51032d7a7090b43736bb03297731c4f907631aa7687887a45dd4,1,1
cc5bf69255b2a9f2132968266f02f03088e97342bdc209c4f88f7bf5a9d0fd1f,1,0
b367713da15dc3156a3d221f564418fc4816467e132383966ebdd7379ce23c09,1,0
06d5b9b414a31fcc4f13e36fc3b8c0318837fda87ba8c1bf34af6f5f89c7c2c3,1,1
0f9283af5eaec89e907506b7ba8d40e76843602783520f59510c2eb0cdc46c1d,1,1
0807b2e1e57f6dcdb1c5d4f34cb71dd7a840707f728c592f6fa5f8c6276654e4,1,0
e33af074a93fbc4f6eab0096dd24df3c3cd29fece07452c93e905a5685a127be,1,1
80ae46da2c1e8c684325bc53e4df277cb2cc26d44d14952d6ff0429b8066e122,1,1
555f0540acb94553ab6bf52f3e8a79107170ad547f88e95bda90637654343c0e,1,1
6197c4dba909210226dc00fe6b3e3a0651e351d718dce5b5aaacb635e3cf0da8,1,1
7bf5ac5213185e81789ee93a40e4280209a7c686fda8dd5f7f8c46d1850700a9,1,1
29e67c364dd4d0b4b8fc82a3c3fea3edc3133ef02e3b613521bad0ca4bd644ba,1,0
c99dcd528ac1b1fa8c6f72a589661007df1a8bd8bb8ba552bdd4950422ce3f04,1,1
1a6ca64969a56e88cba5b90f20447e7d7b17397b8af0a14bd51b605cf773aa0c,1,1
5853bb671f08b13f809062cd054b22972db45241c34c8a4d16d9b44f481c5d6e,1,1
cc5e990602234207a59186ba5107e583aabb38324ab644acb89691956fd4f570,1,1
0ef34fe7e1f54328374d097bf65eb586ed953400aa2299c12e766b06a58f43ee,1,1
363ab66c83003b28dd3b7ccbbca0512585c4105b264bc3a9717643aad7d9a7ce,1,0
fbf2a34895f059162e48e86d1e0747bc891d148d0d159571d4adda0170ba830a,1,1
ba4f42bfab02a5e490c027d2a1b7e55ebd79b44dec8c2978446be0f67d148fb3,1,0
ffebc7ba1cd76b1004c15780e634426720ca64aaa09e47ffe1703c011e9139e6,1,1
e2b5952b5b305b6c98e2561f62205ddbc01b73016528e6f3de0aca6e996d0590,1,0
53652787757a363ce75cb6d88f6cce8cac470d32d375b8f6ac5962d07ed87d24,1,1
8b85d4e679b27266cfa23ce8a571235ac1e2e6ea5aa6d9bd375b03ce19b8395f,1,1
abd2a49d469d5b47d2e869106de41044ae34ff410756a0cb69f71c0f3fb1083a,1,1
564f48de1ec7363bfb6e687b597fdabca7c283e14c21b435ed7b235e3882f931,1,1
09c549ff95a059c935dfa40aba6941e2e471558e95eda82985a73f2b56c715ff,1,1
0318ebf96ea197c79d898e5013d116c5ecca6a97769542f61069860838e4aded,1,1
20191c13b9abcc6d223bb4957ebd8ab9dd2cd7f0698347ab9669ad50e35f2ee4,1,1
88eddc58bfe1e67fbea7e2c8617733d8806b8e2780b559d5e61cdf7290f649f9,1,1
1fe942551227398149cedb932edf1bc8798f99586beddd5c991a7f986ab8efff,1,1
61fbac7c15bb768117377918dba82c9ba0701424d270e8303ddee994b882f6f5,1,1
e94f55c2d9b689f8c578f2141cae5927eb10c34b74a19cfc6bb57da25d5524e7,1,1
adaed4526226a0f1bfec54a51d9aee3a0f2da2755a53915dfa6f3d6e3f83b5ad,1,1
6d95f95b8a3bcebcc39ae1983d2eb1cb78bb73b9503c3c36aafbfb4e5667dddc,1,1
298171b98db26fcc4f62c3be1058b6225bb6df2e0c54fd878b0b88a1e36bdbe1,1,1
94765ac659be6c84c614e327d07862498a288d15f380f75adbabad2df8d50e43,1,1
ba94e8f3d570b721a533635d28fcab6075ac5ef1a133c552d36fe29075004faf,1,1
3adaf7c6cf8622e54d34ffd658e1aeb08a231d404c4088b8ceea7daafd971bce,1,1
5d15ce987e00157e48efe4e8e8d87c821b6341bb0ce96b9d0f1abfc40d199199,1,1
822d225c287f18d094bb5f0ee73be6eb9cb850a75c46b3d2a0a1501cdbca6478,1,0
0cac9e1ad708e4ac41ddd365cf2b73e7ff31299d1f3db2f2261ab75aa54fe485,1,1
a2781f09d7d671ad032b8e2fb2a502a8ad9d13331fd1796840d9a5e91f5093d9,1,1
32dd47fecd1fa4ed4b5681896f4f9b5e0f4e914a08df5f6553a0fd8c1fe34aaf,1,1
0943537f7cae7aa9db813b1863fd08f763e1d926bd567bbb74c7e0a53ba2cbdf,1,1
07c63ede2df0e0a5ee9fb624ec8cd4db6844ca29bba36649a446bda30dce269e,1,1
a07c691a4d63c72ef316a501c7d00473e7de9ca886a983c0315680be299121b0,1,1
e1f3e3fb9ed28388f2c8e89a376e2beb44116c5c9f752f0b1f6bd86f9fbd0ef9,1,0
3f2f279d8ed1bdefb46bd4c2e8f40353f05f5ddc327ba329d522f4d8a7bd1c0a,1,1
baa2b37676a4528924d5f085fbc046bf9407488724b28e11b28095541b50d7e6,1,1
95f4f0a87025c51dc7426f2056cf0b5a313fde444f80a51fc30539f8e7c5413b,1,1
cc1296f49f66962608d6db04fc133a227053b21ee2cff6b10dc840c95a741c98,1,1
b84308dfd39df6d6151719786ba4c1bf7a748c7116400f2f864d404fe701f12b,1,1
0b48dd8bdedb27f0a0fdf26d9791163ec56169c98f72026f5c28dfe62bdb2a3a,1,1
f9d2f77fcdf2d92a8b78c82984bef75319b9ef7823b6d57ad1b727af372acdb3,1,1
035ec130dabecbc0e6f376fc255a36b9da7b90c9b8052893c3e7e4ad6979e6cf,1,1
e7a905b107231d0efd7a4aa28dd574ef610e414f2fde6455e521c387d4146bef,1,1
9589c636c5500156172c8fee0184fe872a1aca4153a9fb2f64d551732fd31304,1,1
0daf11f9dbabc194e9e6090b9f137dc5bee488deb0efd8abc8ca30e2c89eb66e,1,1
5a04e0cc97b06f50731179464c1b34425f4e5fb607647cc1b8f3431756427280,1,1
376f90d59c365941d0221f259bd55694f9de6b128be566274d492ef9390ffd94,1,1
f3e8230d7eb934bcd245734c3f0cfae1091eb0de5162120a033c40bf7b69f191,1,1
5725badba98aa4bedfacd5daab250c3ec89566685d7f18a7859e7adcbdbb9107,1,0
b8f98143af13c7f1c5ff4a68a3b588afbd689c97fbc25f825346a1a3b2801365,1,1
8fc3dd1ab61db7aaa8cb6307dc161dcea716801611948a8590d679aaab1bb1d1,1,1
3efd9e0c698dc490d89384954713b63aea1a2dad756591940274bbb090a38fd2,1,1
541278a58fb2ebebfee54271677ba8068be009690c30c55246995e01c0a28221,1,1
b176984fe3cd4ed260f7a58c4ea4d40159c28cd6261ee0341338363abcd0b408,1,1
68eab6a85f08ff63f4ce943f27673b07641a9784ec687aad88fc77371d8cecbf,1,1
95d428c23ec44e4575f8a3b4513bb7b488e2a4ddaaff2a2c757ffd673bdad5e7,1,1
d2b322d3bbd460b2f227175f66f1b625cb278ab73ad0cea02864d9f58882c446,1,1
e5879fe4a27067418cfe489816f52f5964061ba5898823a99fb41fe23434dab0,1,1
b986b1a0cc10e657c7a82468eb7a174ea09fae83869c8727ddea3e394485d4f8,1,1
06b476505141b8e6eee7ed128860dfd9cef53ca87891128b858cc358a8c0d785,1,1
472caf64077ffa570dcdf68e179156fa2655d227ca282a0fcdd029a4ed67349d,1,1
c17193ff0c5b433cae734c9e762f9d038805dcf918325b9a52149eb10bacab99,1,1
24a3e7f27226cf294c449f0d4dec28cc7221923d07bc82945fe1150beb06cf65,1,1
b20731c578e0e90547fe095b91e8b74a64e2605bc126f1b52a4754eec42e4440,1,1
6ef03cf57ba760e73bb488172ca4c7f50c11b8eae0b6263900657bb2c9ad4c89,1,0
a143a0a3dff7c1c69aa0e4bef64533e2adee58497963630969b3bab747f3033c,1,1
fe1802de8e9ae03127d16b3d1ab85c522e72b9c8d129b20becb4e92dcefe0367,1,1
6a35baa6896e6336b1e1c1a2aa03426c8f0fb9865f9b832c002a8b994be37154,1,1
73a648eaeb80ec899666469eec236ca4910473a165d5c8069d601fde479fe221,1,1
21afafab4beb6c3e534b5dd15e63661d5884094baf9cf78f1940e28078a0c729,1,1
82eaae43a1566af07cd56241982d3bd25c8095eceb0a1d298653229ab545fca4,1,1
187740ba417d7c035dc293c5339422801c84af0a4ffeac6f69c17d030c0d1e8b,1,1
48ee8689e54041e3fe436283afc07608712adac0d31c8b385079dec4f5ee4cf5,1,1
1fcd70173a228a4942ae81a4bac63eb54099f20c1afd99f28b2761fa61329a44,1,1
4ee1ad46e3c7ea36fb9cd7f5a438f15ca14772d427f5f3f1cdfe723b1f4e87b7,1,1
ded19d640e843d56764429771180d45618c71d9cf75a5e0f9401d14a81cf83c2,1,1
da7a6ecb3e59a56c66deec4bb72c794ad9146bca04154abc36a99ee4ce3e1a44,1,1
f5987ba2941863a51b9e0313d042721f6e3e5eb0a6a115064141630a877775e0,1,1
73bdbd07e8ea6b39513565d0b07a79aa4e6808192f4ef87bbe404f05933f88a9,1,1
9e07634ae674a479ddd51d2dc528121d0b363698bbc7c335716f7a8d7f414ca7,1,1
ec27189af3a95dd462efd43c417cd5ad591232e60efd81c14d06675608bfbc0c,1,1
2d7ce4e1dc4b332534cb14c2b7657db34ad83e9284dd95145d25120f3fd6940c,1,0
96017e27ed994a71642699fcecf5d7b718d3b8911f776ae3344dd41d4eaf0768,1,1
111664b67bea157752d188839738d14f0ef350a2ca3b3b7a52005186b562544b,1,1
4ab96f7e615f20e031ee6c7196a9b74a458f057d2fd917ddd6417817db385f59,1,1
db90c7aeb879e5aa4cbb465b2c978553ad25209560672ee3b7533104dbf42382,1,1
4dcec7cf96041e06ce1777393a827d61e853b0471c0627215499d6b32e793a06,1,1
a44d7bd4f2f7a2f128ffbd6b546c8d09717b653c82c63ea138d721b4ef4d238d,1,1
7b62f4f7c3984d985b6028cd48499b8b7729a0d38609e57678e2f236278d89f2,1,1
8b77fc249f8ef9c0b3edf4d749ceb895bba9dde2d2bc54a9e8b675d06b251f21,1,1
9e6b90754734ff4c1991603daf068c1f0d92872bea2651ffca6861240fff75f7,1,1
d11d703f94408e4d7bf63d1d1bd36dc0f9b066a200fb056ad2a6dead8f6bdf73,1,1
1a0c3bdc997a18e3a507e7a298d0bf7683b30d03c12db24146a848058571d8bb,1,1
8e6ee649a2247781c79649ba78eebf4678ab00c14983b19e97f01a7116119ab2,1,1
45928b8ad55f98d3e7333cdce7a278f2706aeb5dda97778bb6a11b2f4bf19556,1,1
cdd5213a26e7f602e0c64f7cfb8dc71d4d1b32a251c479c5923fff6061307177,1,1
16debdbf5dfc4208ee62dff382aca33387411fd60c1ae478ebef294a3b7b5ad7,1,1
8366cfbdac894b9608cd4d3ba0ee86c9a5dff4e945b8025858c9bd8b1b075cb6,1,1
4ebf670ce4bbb8ee17486310b7ce043469e2b2e1910b5f13a6aa94c01e67af4c,1,1
c6eb598f4388be3e58729736e440f7be92edeec244141869c49d5b37bbe126ad,1,1
f5d8b693cca16f5f4e480663e8159fddb79eb8e64513ce09699381ca9a3154b8,1,1
c8afaae5a8d483a184c06ccd9d60061c7382ba4f0e057af0645aedf75d513e1e,1,1
0c74026b5394681d85564e462ee3279dc8d20479a58ea6d9ab11dbd266a7ead0,1,1
491f45ad8269d196dcab1db5072d303a9e8fb7c1a4e5c1abac7b048755c8616e,1,0
01e0a697c8ae636d014b8bbe87935564629d3fdd9c36792dc371e6eefa6bf707,1,1
22ede8f00bd57a1c7a2f75f13dfa1866d33117c9ab0c6b2b69803da499c0f65a,1,1
33fb01849a5bf8e3a4bb7d9c5d0a34abbe1730cb20798230584508cec4db6c3f,1,0
44b15877e74ca88241ba44f459c6dc8d8ac57f0859f84f58fa59438a2bcd278a,1,1
970da11d5cbb92561f976b4a77920ed7df380245fdea7bb87aaf48335cc74b21,1,1
3f674317e58c2f9aff4ef7dfdd63c5a1f511a0bef97c4bc3f54e9df95e38b3ee,1,0
80b1c92bb63fcdd9fcac24e1fd63ca03c02fb702412923ef4bf71f95d1394184,1,1
39176c591e6558bbe9fca0e021d5d32540f779b113b0173ce4fe011db975ce24,1,1
60ebaca5ba7849c060724a65014f71a2822fa7f117bae601a54de11e2ebf05f3,1,1
3dffb6546c8f40229a4fc64b1549232209cf41feb9a6f23a1722bd576ba09d4f,1,1
4d8bf8ec31859255374d516bd29bf8950c8bf547441988db45ca636e671dd0fa,1,1
6bc9aa4668621f953c609f5aad63a7b85c616a8309a6c5b9d3508d5134cbb1a3,1,1
c57c2c03e4976b56c7c4bbeb886794b5a02562f3a1ccc2741c6290f57b43b0c6,1,1
2268a61610e62a469f3fd8b1c283a4ab145c3f3028b7a6434dfd1817e3300b67,1,1
4e9202867942a76df91750d6421d29e2ca724345678e2383c2e18bd0ca4cc388,1,0
cf423f60ad1560c1ace9113e6dfe3eb30bf3f9e762fe08e4c3b0baeecdc23fde,1,1
10e01e29a11181706e88dc2e4fa7f61aad36af9ebe006b17ea39b72668ef6487,1,1
6128df4c6c4b3de4d4f212440ad7e6a9d5bbc2429bb031e2893439371f2a9857,1,1
44983129b339470d043adc8902550d41478c445e0d23877089ea3ce479c5a536,1,1
1f4bf09ff4c71c7be41043f7d3bb7c9ce187d26ca8e09e01a158c53281f2aaa7,1,1
e7c9abd58bad88d9b4154570bbdb42feed4c0d0c8ea2800db9b6a0fea3c0f57e,1,1
9cf35e2cdea5c2fc5a48b3a5deb673a3b9b9e42ff7d1e658403f276a77be6c33,1,1
0c64776330b3122a7b17871128a1e9ca69d4198b06f8ab32b30c69ed6d6f6d92,1,1
eaa77b1e259cf0f5b5257d30fc69992b637292a0586cfffe0024bad0a5acaa6a,1,1
9e398137698580e4ef8aef11ce429e1f0bbac4bc3ba0c9890752b4191a278877,1,1
5d334020ba9b338c4646524c01ef94ee9c430072ef5385c73ce196d294470361,1,1
71bf5c6b85a36b2119d6bfa6f1e933800c48ef086129881f1be9b75065ecc870,1,1
a048585c17e23e1fc4ec832295c81ff837ebaf5c19e22e2ab51d3d611e659c21,1,1
9c82f99c4521559cbb61564bb6c82b13a0262f71729a4803d02ec5b87ed391ab,1,1
fe5590ccbfa7e3ee3c5912051180b407dd5837b08f203d707c1ef7c50724495e,1,0
1a7eb6b3ebe0709b831c1830db0bebf117c8fedaac5293a305127dde8d4b1b32,1,1
654e9929ada994511cb69e12c9d75dad42dfe527964bb63ed4ae48a2002d0f76,1,1
0f1052e1e32dae3ddfc10968ab5daf15103ee83becb27150a5b35cd2c5ec543a,1,1
3eb21fada7168d317014c0c676d73ee35b959681190f9dc94523d6e1dcdfc244,1,1
ee35ccaf2500b28a82bf90e415b5ff3a1ffe8ebb42a9a90afe2496f18e1c602d,1,0
827c31cbb2cf530f4df6c5b6f0f44ad094ea1cb62ccf3c4905325f0ba29942a9,1,1
d536f373d5f0f6425c433776f681bc3e49b0fd1674ca80865414fe94f09b4d0f,1,1
58c311a0766d6d47e79f8725d464ccec726a6bae50f3963f4b4ee6ac74b8a877,1,1
e0e69251ef5dcc2ea913f111b752d706598db30e767f125a1fd85933f6b2ee4f,1,1
28c368aca4c87a458f5928bc65eec30b76d656b12486d2c84319d6b23e2069b4,1,1
56b9ec59d807925caf260de395587230ee48f3d7e6d52a84c076df54d3851eca,1,1
694ea136be02c8847577033b40c838228c89f61b5bcac6b3069c8159b1c484bd,1,1
3b011a7722ef569c21bc5c42b682a8a93504fbd93b1570bd107ca612817dfaa7,1,1
efb869367ea5dca2a25a39429af0c6adb3383e22e7aea62b9a1fe2de8bae5fb0,1,1
e3296f23b36dd5862067c9d1e8573a0c496c9b1967fe1f61830bb2e5ea6a3b9f,1,1
c35a6500e9a8a91b785112b9ece5da290154f72f2fc7b73d29eee1a65fd858a0,1,1
eae4dde58a010d9cbe097ce8e4b1875b1b026f80acd794603eb9d8dc9e37623c,1,1
dc20f0f1348ccb28f12c5be271c9ce5225003f716e416b188a6d58d18fdf0290,1,1
7eed82e8d0c961138f914d390d64230880b4eb15fecce521c718afc0c04d5e55,1,1
0dfc95c20131469938f28db56451bf1d17d9c196ae59cee0fdbdca8cf2b869dd,1,1
6673424132458ce22d2d8ec7e0cf8f31426a1f49d48328a7d1b322b873dff499,1,1
8b3c7da95a9f1b0ab875a03b4086acc3408ebedb708bb92e83d4876c8005029b,1,1
148fbca19bbf6d792cf9ae648c453094a98be2f5dbfbf76222c0fc17d7bbab12,1,1
c24a2aa87a082303facb0ddd443df6afc5a340884ba34a431890ae5efeba2382,1,1
189b5ac18378119c12f65bf533d4af5ac7c1843d9e5be41b1f1a56370099bab6,1,1
f2b90e0026a4e49f65a7ebc4ad19f5470fee85aa175637a44305ac207eda6c45,1,1
1259b9c55a06b8496cae0a5e9b2bedd7d8c25d1bf69a4b88a9d0855034c08b65,1,1
89cbee1c6dfd93ff901867b91636ac184911ff93faa12f0e4886aa2ae3bac267,1,1
0198e9e6f149e0455fcd10e42cf1abc14c44d18972ff9eac4ab43caab7d3d413,1,1
085fd46f66dbb36763e9986f3256d58383202feaff266df1c9536c8e42dccdc4,1,1
2a8e494fcb4bcc916def5f5e6d032f42ceceb759359183eebb5e6fa7e83ffd7d,1,1
4ab2cba703c9a528e2c1410da7d24f08f8dafa98efdcffa6c00ba66138bf558a,1,1
f1947509ec06698b3fbc6029479291b27134827216875f4917b0fcf89985a0c5,1,1
03c9d308d5570dbab79acb6fae6c3f09935d779e165adac3bdbbe51a641be310,1,1
d5315d5fe0e8e3da428a8378e12859c84e230025292a4e3bf769f2ffc17d9548,1,1
6b2749b7146e6c3dc2982f4364d82f92b55c93cd0be0d224a8b377c25f0b516e,1,1
de35ae493e213379cb076a3dc37b7a87d9c6a886cc95d8e1a8912f4a9dd66129,1,1
29ae55100a733f68dbc4a7a65dd757419f22068350cd30b8fddd49782bcd165a,1,1
6ed6fba86ddf0f6e95c8a4266317d2329f36a36b12926d3affeaf1fdd8143171,1,1
8aba6102e54048a1f2334c1942c123763a8b993e47e3f80b5f7eada5cf474399,1,1
17cf174df6c6209cbfe52aaef7c8adf42204514e31696131d8979e576b180590,1,1
fd3b3d2efbe1c88818b692788ccc4b628c645b1c70714db218a57f907645b356,1,1
59040015d48c06725b9edab9ad8c6b51f518bc39448547e4acb9096d8cecd81d,1,1
c16733f5c07607a0e009d21fa8f1b7f52ca6f93c18fe7e2fb5f488ed1f038ac6,1,1
26008ddeabb6d6793dba037dcedc29eb6f8dc35264efe2a22cf3f4ac963d70de,1,1
6035e2312b4a577a73a25b27ac95461a2f33701ff0569e366467d4048e1be40f,1,1
31ce01c99751e4c5f4f4742a438493d8e995093fb6460e08cc54470374ca1436,1,1
586a8d6a6a7a4b34e74538e3a62a69dc3d6f1e4b1a16ba9b065ef068fb3a86c5,1,1
3e9206e6b0920b472981c88692c942bcea03b02188d21d84c4e6db32b2c84354,1,1
5ed6d69757414b5f666fcc15c3f3c83a953e66654a955807f549bccc7140e78d,1,1
3e06fecdf94f42e6a0b3b1067b66a5cf33d22ce038e89d7f48b1b19daf38c5ad,1,1
fd0977b4ebd320d1a53edfb738826662c171fc383fcaef61a638b72aa0e2b278,1,1
1e8d36660f2a62ad99cb9f2426c07ecea3d7b19f4d9ebb70b2296efe94bd9cdb,1,0
1d1717de9a4f61855e49aef11abcfac52169c98d098433236175261556809c42,1,1
2f4a84cf7b345995086ae77de7111bfcbef392148d695d4b9aef5072434353bf,1,1
7a8b277985dc269b50d3926c9ebfb8acacb1ae667657ea0585fb95fa0c8fdcff,1,1
d2c1218b399385efb514fbb4705992d61db1fbad6a6e7f7d44efb753f049df49,1,1
47083136bb5481ca62fee7284a4e43cccd868faf48b3653fa20cea6d12c2012a,1,1
ec27d32eccee5187a25b1bb01b8e16a9cdbd3f5b9553e59b0a250816e58048a8,1,1
b99efd01b5b20cc83646779921e7ded106a79dcd06af8b3ac34631713dd7460b,1,1
ff86ea1da70166c734aebe540b94f01bde7d4ef547fd5182d927c947ff7e9564,1,1
cc0b99a909d867ce9c2936f1e8db17b0c73af9725c18368349d2fc21843ea4a6,1,1
e7057383bdd4824adb49754c6653e23643cbd2a3594e86bc751f9c032ed6579d,1,1
d003e5c89cc22b21196957ba7d926b65a0af562233a3a96a473f9308adb9c1bf,1,1
3664b49f03d0c29432d4db61d87f474cf3725a704e8900d668cdb448e41aa4bf,1,1
30c0715856de8ded07eb5cca44ee9a453b8889e9fa9ef643c58700ce8794beb7,1,1
72f593206f1d3e40439bce9aae93934bbe5fdc3c2dcd188437855d2a0680bbfb,1,1
846aaad6fc4411f7cae169b651539ff1f9894e9c8429e7fb610e835a0ffb0844,1,0
facd0b0e5537b2ba18372c7493ca6aa5fa58fe6f533a5d3b0b356ea9f418bf26,1,0
eb6f8d99914c67bfe941b9b485a9bb39fb88d783b4fe4ddddfff08e87b9e0e2e,1,1
1a964e09399bc0b77a4465a35c34db0f1236d1843e024cf02297a2356e87133e,1,1
32dea0dc1c51589a26d0a19eb163aabb1b7a2939351c9748ead5d71c8ae55be2,1,1
ee966d08813d25d7689dbf76833e871104e19c1e44414a68ea79fd22792df270,1,0
aa1ab4babffeea893caff6cac123a21b334cfadc41935fc34a7547896b0da077,1,1
acca2906fba43d371ce1f9605d3c5db88ab205c7e41ded838277443ae1069430,1,1
6da58747548327671c11b3062e8b7c713f4ebf0c0bba0eb9558469234b9b629c,1,1
7ffb7a2e528766f295313f947cb90432a83c463548afe292370cefbc0e834bf1,1,1
979a2d9e0f9649a14af526636c446737e095aea437a72646022062496abac3d7,1,1
3e3c5046be3568f82c0028b8ee13727ff52293eba0db9b65b399b43a487d8dff,1,1
71623ac7c70af045978e091b0485936a8e0badcc7e3e76c165744cfdfbb6dab9,1,1
557d80afe2390a901cc1b29c02da72c130271118bb5dfb00b577b32f5e377bc5,1,1
856fc85138742878065316d8d34bfb8e40844c815bb82a9efd860c09be706b1e,1,1
7b0f18fd75ea0aa0c8863206c43927bb10c9afc873639ecba57da48722b70ec3,1,1
5c1b9c72e0e940d93f8ac1febe59acee61d4540f1a6c85a79c0eea9ce513280f,1,1
be0ac38c53524311665e5fb2790a18136ef1b040ae154f8696d605a1246fc503,1,1
8c58be0d81d4e1cabf08594a200e139c051c2141c23cdc96ca576054ee18e5e6,1,1
4f04e961f0a640eaecce57688de7a3fde6a345f8101666eb84077b17680bab4e,1,1
537c6457688ac08de9e7719da57267f40bb901629bdb934c43ac0d85490eecf2,1,1
6ee4aaff72dc5d6b09e1e184ce1170a6d3f6a3dcc5f8b4d3fa68f4f534308b60,1,1
d1bea567634825e861d7a47bec1b0209c368617354ba5bf8dd87ce227dba6545,1,1
975c693b68fcb7dde23fd0f63007e64b6fe8914d42bf088291942131258c9874,1,1
cb5ff9d7017a19ece5d2a06d9a1a28bb1bbf52b22c3d4e210a31be7e2a6d8eac,1,1
50f603040bf771fe068d0c244749e55ee7d45e5c1ef6fb4e895777ebdb5e8cf9,1,1
5e0c62cc2ee78c2af2fecdbd188a0a9c1d0fdac66eb177e2a338427bc4452b60,1,1
6ee03e0b8642d757ae6e1f863ef909276912da93ddda388f46df497ca0280980,1,1
4342e0d772947659c4602922576359993afc1dffd19fe2f7a4f326c8f4d7b895,1,1
ef7d319707868d80884c7496094e9022e66659fd35086d3a854cca4bdd66cddc,1,1
c68df4747aaacf15c7aa86135c1d9bc241ebf7e1e8b6cbe1eb813b77d2f77743,1,1
ca5bd1187ce143fb5bee5865e06f7def74b128a6e2a5cc5d2495aa43cf4f873b,1,1
e769f490280036a61de9d57399a9ffe9eff024150bb2c031d3bd0f214ffbef5e,1,1
df9af7b4c965664c8f094d62e924ed157cb89cae6d1e011086846fca6b525d1f,1,1
ef8515ab4da000763373300531bc1900a72f08a7a43005934be321d11cf462c7,1,1
3eac9154fa93a059dd9b05bb89d55955816e108d89215bd2602432e7bc4e8d52,1,1
282b83281b7734ec2ba6d1dba7f1e100da2d635936e8c48a3984a7f4e344b760,1,1
d5d990ccf45aff52552c0cdddc3f98dc0bd61d65c7edce6da95f455e877af953,1,1
97e6fdc86f1e3039712e7e3222674cb3fb5084166f4ec9d6d1c5610d8f943d15,1,1
090300fcc986b6552ee6dabe9a141574b9e0e288da2e5bc3055687013f6233ab,1,1
60e3c97e39d40b97a26c18d0709855db54a4dafad769fed22b243b636c2892af,1,1
4498bb26e1878efed42dd8f3b384fdb6e0c8e0a34d9567bd83478e20b4da9984,1,1
163e1f3397c47bb880949b3e12419592ddf3291ed393f022f9ba38ac0dfc6124,1,1
634f853e80256890ce1201839559dc1344682f869acbc45b0a8b61510c15f526,1,1
8a1935e5446ecd397e8f250fe697a7e5e9a33fe244129ca0770ef94fe6407d7f,1,1
af9d373ed0db61cf4112d037eccc3815be746b30e7c338194262248ac3e5afef,1,1
05f0785467bdbf94ae41a2f736a386c17c6f127cd0f30d98ebb22b5d817831c8,1,1
3b32bbfa4758e05b55a7bdd2ff586b48263eadee6544845a543b794896b97328,1,1
6d282fc7c791a968b64f83efff03262efad02beff4508f805ae40cf034bb1d61,1,1
946b39852a4a950a95b587f828d077d7f6cf02889fb84cb1c1889a799a535c2d,1,1
656b129b5a4473bf768d8571de8207f8de48435bf687d25164b76189229df0d1,1,1
e7725567dba6920ed30a17c03c3e771149e0d15f9dded43ea3352be65f969957,1,1
1e7022eaa0ec479d1049ca03b2daaa8243c4b8115e590cce30a4c9fef379088b,1,1
22646995b58cfd6ce12755c31840397e943a79d47f850fb334d712b02020cfba,1,1
a3531663b5e9baca96cd9705f0534d568bec7ed6378656470855e4a003d94be5,1,1
798e8cafc36482eb94b1f552860c34c4fda1de12bc000bf0494968762a6b203b,1,1
62180d40327450d8149c420b681b1f7325dc563db89da80dcbd4eea23002b920,1,1
69fe4f5fcdd177a1527eb1983007663a6f2926eea18f4f34812dbd973bc6c1ae,1,1
1059fb2de4ce25da640d3045cc766cad22ea55bf4a0f88b0705e7e9be8c18905,1,1
2a7960cff41d37b307896bd4dc9f9943906f8f60eceeb22e396bad6e65e68e46,1,1
9d757b62ee265d1ee9e65461fcafc0931249bd47231cf07ddf25df170a037991,1,1
25cc8864715667bdd47cbec357216cd2abff3006436417a61be0de5f196e73f0,1,1
d737b42b5961992fff3fbafa9b5eeec21e01fc4134eb5418086f74b51510fe15,1,1
d71c872c0ef235d8c5f1636d686ecea168324be45367a6628b8dd8fbab9c7e6d,1,1
6ea63c1cc9de8e8bb60378789f5fbe395a57eb778a402604199d4f97b7281208,1,1
d429def8100d47e52443e02a3a10f370f79503ae6fdfce7e95bbc20cbb1d934f,1,1
e2c48298c9137dda3f95363c9384a747f01174804ef761162e427ef945c09293,1,1
67c088f25b0ef6f80cad32cbe01a55ea8be6d6fcc660213ee8a63139e4bb8eda,1,1
56c84f381710d68106ee4cf10d2a5b02b8205e6ea0d040c4a79c2eab5e1b7529,1,1
797e55d1bb6a98def7083e62b2684f963e5f788329498a40377ac7507b704ffc,1,1
88f9b15296b4a7790fed73f2c6945903a706b80697957f0146337092f1fdf16b,1,1
7096bc3d2489bca21aad66c4cc19904dd2aa0a37cefd843af59be72353d16ffd,1,1
e5544056b8fa1f336b8cf02fc12ae65d461243a8ec2b562706e36fcc2ad5d783,1,1
3a8b7854a4099c402d69e991f779a89f7e13b77ccd4c37f46116aeb6c55a4fca,1,1
1955415769427c715a3639db78cd2d2cac3542205a5f2f3265526b07af7d0183,1,1
004f8bc643d579c15c1dd2f52b71b9e8884b042f2499f794dbb4049ce06ba3c6,1,1
c90f545dcb9387aa463c95b6f24f1850839ee409adb970e8fa0d840a67f6246a,1,1
f8a9434c265f837263fafe898dd6170e37adc7863ad3173f6c91ee954c7681db,1,1
2cff1b1f69ff97634faee3525fcc6c480ff095ebc343ca5d2f5ad2f81538efe7,1,1
8e113bca87bff1f29af51ab4365e5848859296c97754d4d36ee422d6f1b9f06e,1,1
5559fcaf6ad140fa1da86f101e432b00fc1ac058eb3de983c8325056da1e81b0,1,1
53e037c3b93af89cda2a0d43d168b4188d8c6bd3cabe8c1ac8b95e540e6a27db,1,1
ff8a9638c4cfde94426030ec9cdaf9373a0fff749e10ea0a47c0c5e59f8185cb,1,1
937489b396b43d03d47657f158a3c053c389eb12d94f614abcc8ed5a5c160fca,1,1
ebf492f709bc355c65676c6f0a5d1ecd1c5ef11d641ae00772c6664b88db44f3,1,1
7ebdf4d0d9851ad481331dc4c010f7a82759ff32928d371ac5a3ba5d3e59b63f,1,1
c5ed3075a63e087ec51b11fb38085574b78997e09ff890c5ae1ff0a95d64c50d,1,1
118b422e03624cb93577bc02b5ead19788b6e378aca7e70b5bc3b87f591b5f46,1,1
bc8283e0ee1660fefa16e45506e56c3793aa31ae5f324ff39a4ca5da2ede760a,1,1
ab3d7d3ce7ebbce276f52b4a42bb56e6a8a4a4a8e3b702c0c852c1780b2879e8,1,1
d99c0facffbebfb275a9733e9c41c2ec913179ff301a181b5557139786a87fe9,1,1
ead698248244744ed8a888d3520dfbd0033817a852a123f2edaafa55e98870d4,1,1
9b7ac6855d2318c1cd722c30b5f4b9539d013d6fc0f0bf57e1fc47ffd736a824,1,1
c6474467ae702fd9cfd45c0b2b5001c7308c2965664495ea6e0467b41327f738,1,1
01b9e147b0c8848210376f37336dba92e10976d78fac0ff7c954aa0a7aed3d4d,1,1
e4ba9687604ec78d0144c8a4deb1b99196cd8bfbacc37b66533ae8485e770bc5,1,1
79a62fe1377c688761b409af1e94a561bbd1a46f3fd0d7f7a53d492a046f3fbd,1,1
26dfd595ca7b0b2018f69d291add173083827a606f407b27d4ffab3b4d0baf4b,1,1
41490c59ae15d75e28a8ebebbc4577bcc942c763b9a4e44b3e3a7e11f29995ce,1,1
c06af07812e4ea79195ab286dd0dac783366ccdb83dacfadee7f9c1464180762,1,1
1003437d5b12d8e48f6636f579703f2715d3b4b8e5d94aa8af0c9dc516200710,1,1
a4b4aa73020fb046370c97249c7261c1a30323f141d4a69bcec2c1eb60e7546b,1,1
d6077b0883e1de176f91d3e150db99c41f05ffbe7e89a02e372276e08ebc056b,1,1
6dba2e7e2636b9bc703cf3f7c64e3cc37cb212c55f62eb9442f9fa0820c64a81,1,1
24adb0e891894d9caffc8d456d1776b24be10c06a508ba0eab1e3043419a5116,1,0
904f1b3a718480c7244a57ad236f0b6d01c375ba6e578cde1840e66098c2d9a8,1,1
dd62850b7cd5ae5bf73a6bbc04cef31a182b4e7bb4370121a33d2eca50c5ae52,1,1
7f4b1d542af6bd64fa76eb2181e0bc0160b5674de37fe4e3e3d7df1a2f716ed0,1,1
b4f83322254a7d460a89bd88059b480973336a53b41c5a269ccf69d78b911e75,1,1
6a6b1791f13004e09202a440ad0dc2f6279a2179bbb9a6ec5d2faaf117285f5f,1,0
5f1a875ff9bcceb113deba6028a5c13c6628de64abe17e1cb99617b42e891167,1,1
e0f8f334b8a268ed3205fafc1e91e6ecf6c8413ab23192e7742f8585954965a0,1,1
dc598c17a16e3daed3ef6d332325a55b6d1d1fdbe5cbcf47b3a5e9ca9b81ea9a,1,1
7a4762982c120a798d18a8d43605c31f02270c9589afd1e2695a35be2a95bee1,1,0
fcc2aa2af87128ab3c7fbe406107052e6b87fa18aa598610fedaea0bce07f144,1,1
7ca4f59d69ea048f2f6f6d78542662516fefee298638d41129e6d2d2977ed1f5,1,1
2ef35f6a3e338d3cc11154cd14706a04776d0c33658addbf02068daf8141b267,1,1
28eaf2614b8bb59ba7300e87a8ab5d3454bcd73e58baea504bac31d3854d4162,1,1
99ca4f6cec20913a1e6de50ddbe9fbc116483b9a1ba2534231d09ed9c45abb38,1,1
3847fe557b07ce6c2967a73a8f681b055d35c00708f9b57135b1cd1177abfbd8,1,1
3a8f9f1fdfd723ecde2234b067b65da956af28b679c96a373be6f9417eb87a2d,1,1
2f2ffe6625ea91ee6e5b430842fc6b7532eca0937ee9bfddc6a6756d182798de,1,1
bb233c910e7d44d9c505d18588b3057eb49229543039425d28396930fa611ec9,1,1
c5050c78d4348031adb3048833187fba068682784950706f861395e6667c9904,1,1
8c0701d2af467ad843b66c36911de9392280c09b6d0cd5f13b6869011e61ceda,1,1
5b15f67eac22b3cbb7c57b064f446bd7ef3846c81e49f32f62608311b2ee08ac,1,1
d1a10e0500385446933a8af9aae0c7d8cd36019ee844d69cfb80d11734318704,1,1
87289b1d46de9b6726d56a43735d2dd6fbb5a713baddc2996d96b88791d57843,1,1
2bdb2b1950a8bf533eb623e7bdd426b4118cda01405bc8efda586f84121d290c,1,1
a362a62919312f8b6b926f15902fc1ef20c973e7eca12129f9b5e77182cd2f73,1,1
5bf09627246614c7e2287d2bbdd9ae54fa0e29407764da16e5dc7151a45b8ec0,1,1
c665fa92a7a1a80db98552dad2977f5bf3a8355c517c966a29e9fc0a91795a9f,1,1
489e5961a9d25788111a0fc5b70e0820f8c5c494ff15b98f5af20d48cc029f55,1,1
93c5f9b9f8c8d81a5da4cb52c1b6ea55d053df88ec30465f445e81eaea032e50,1,0
15e5447d47b10262908d07966ac74e17ed58f6216f05e8bb0fe418344c3997d9,1,1
4e5db73e0fc0cf15448f711be77076dcf3309478d4921ae124db95256bc4645c,1,1
7a8702c97277b858993ae4f913f8cbc7bb27f868744cabc0a88851df04786c1d,1,1
1dd7c281159325d4ac82e01a542ebd519d5795a44517e79c551effeb17e3ab6f,1,0
d9f19f1fa7db297025ef6dc908343a1bd3f322634fe455cd26b953b3b16ae5fa,1,1
d0d79adb44c52730bbe535a334416892fcfb59e4483c56df73222250199f101c,1,1
1c6a011d8d26ae537fbbf8f35df05135ffd3005b810077196aa62b5d80bbaec4,1,1
a2bf442a85a7ff5c778fb064e68d328b5a76d7d2038c209ab3577c2352780fec,1,1
9575b4b4cb8f113f1f586a26f38c618d19926078ad4a26c81267fb8ff2d2f845,1,1
57d51ed48b9fa86c9059d5963eac489397420f1cef6b8957792e603099c1d0ef,1,1
8ad255bb37843dfae8b858522f8646d43613d566a3b2922fffcd614479e05349,1,1
22a2f330ae464a5519f90d57fca3f5ff9d637de907fbbd037eecdc7093b5feb0,1,1
294a0eb7bfa01191c27d326dec512607dd7ce8cbcd7afc8efddeec4f999d9a7a,1,1
63a4db2872e4b617c38ad2dc15a5aad9312a1bb49fccabcfbacc811ea1152e54,1,1
12d5d53b9ffe423cb4f7a2a7f28103e6389ac069955d2c86edf79ed28cb5b835,1,1
f1ff2f539be340f6d15de0d541d4b757502363f47e54dd201e50a6f711a1fa77,1,1
db44bf7375f1f5614b3ec3d622756577c6aabe756b5bfa6023b03aefabba36ca,1,1
6980132fc01eb0979cbdcb60aed37cb745eb3e4d520f5eac244e5f18c11b3477,1,1
c0fa45d59a43e274a8d9d586fdddd4c1b26698b84bbc2f2aa095837f13f46d26,1,1
00846f93d5ee60c3bd3c65dc43ad050af364ca764c333cfe5e8181295daac724,1,1
8cbddd45f8c5c00f746ed90752838e942d150151d0c3907b1f1374cbc325f350,1,1
390e4e50a7eb2e838ed4337b3978eefec803ad8bd6689b983b19443eecffa5f3,1,0
db52d2a8375023cac41ef1e9ec27cd9011f411ee8473154e74afb2d4f66f304d,1,1
fbbfdc984102cbae19f5585c7ba059896148745fca3395ba927a994ccbf19f4e,1,1
a428fe568fcc428517eae45d41355f1b17c2521d78fb08c1d54e6982f67c688e,1,1
7ffe3f8f5d845267d56499012bc92689232b7745837d2152be758cb8b2d7d2b2,1,1
bf7ce848c3b590345abe361d969b0c4387f64cc2edf78a34406761043a4d2f8d,1,1
88bf31f6706a9f5f08d92c33cb5ccc3e8cf334c0e031ec7f1194cc635f8e920e,1,1
5e786cf4ef5b6bdbb6ceeda3ffe40e4b110312ed58f8d4738f4abbd59d3cde71,1,1
e47553e241652491e4d70a93a70b67a8cb5ccdaa651aa09a5446d5e60fe9df9c,1,1
91ae8cfe482efeb18af1b3a95b57ba76a1fe1e4d830d6a87b237584a772229b2,1,1
bf1a99cbfec66fd8f9230b85216325db288b9c3a37ce444bc9fc4cdc3b9bb4bb,1,1
476d23e618f4437f8cf9c2a2b457c8b80d6e0d30a599a0b3e0ce06dcaee36f4f,1,1
6e434ee82d14e1d2c35fea95e3821243247bf087d4f4e9dd67b19b93c1154bbf,1,1
506dbe796bbd3f748d8050386bebe287b44fb0a23820d968c5f071a4b706f17b,1,1
b548892a63f9505a12de8b8724a2904a97d5b553b96840f8340267957227a9f6,1,1
1941bc56dab7b60eb09baa23aa1fdeddd06d5ff303751f9407ad654e84dd1c96,1,1
fca57041f3cfd82ffcb66669f726663a9bc61cfcbda92ebc0536adccc9cc76f5,1,1
9ac6a5a47ffc090c6a7aee78eec03b08082d24eead8d7722daccc26d7f3b7433,1,0
9e60118ff02b794fc2d7cbfa3d358ad0c6cc220143cd3819e102b2d1c911f2c0,1,0
cce0b5972ebe4f8cf64560e72294c0aeb5548baca0ca91ad490b012fd4a3845f,1,1
7a5245bc43a2113707042538041c88abbe15f8104702c430f177697401997e99,1,0
714b62808a2827c7551c11d323cfe19a680cbbc9218c503e1c6dfe4311a14c5d,1,1
bc84bd7e03adb57401dc660d3f04b13678ae72e9385e35be680b12d213c3b377,1,1
0a5ae23d99b3ae6bc695a852d7884accfe5e4c18c199a2493331ace2765248b9,1,1
58a4a4422a80846450e047993387a1c09251bb6b2c09b1850037a96792f7987f,1,1
4b6ed9aab1071b762e96d1c3a5046ed23dc0e4fedc8e089c58d6e0f8f33c2077,1,1
fa3d4e74e35316b2da275e0a42cb258211e98b49e1c5f784a12d9ef813e06b68,1,1
1bacf8b843da62bc61704d2c1b8cbba07465755c29b2fd2747983db72eb726c4,1,1
e4bae893dee00c1bd70d8d0b70140259bd2adae5ae95f27a5848036c25276e9b,1,1
8fbcef0cfde11a2f68a394d17357ab5d8be3779cb2472d1529236b34197e8022,1,1
03534083e1e90c3fc5c52de1d7be3c2fffa6ebb3a6aa021d3efecd27b93e0916,1,1
aae1d54d68946f9fcaf94ebcb97b3d0e76873c6a1ae57b41b523ac4b664eb1e8,1,1
39c53da3784173b8200626f47a8fa39e14d8bc2da4ce7857f3b843a6f7d10496,1,0
1d8ea90cfaee34f6da6dda7c8f56c00dc99e4e0e151923d1912c19072898749e,1,1
4a461c16928b3f72af084c2cdff334dcea2ed86eeb49a45736c2524d2e2ca9d4,1,1
01ccf26ff9f6f65a79febf55c983d3284ea0013739cd0687c4e8e26382a3edb2,1,1
1b9ab724d1cccdd012c8628954cd77a127530f045aea2cbb1aa479d62d4a19b5,1,1
6a9a8568810a9e2e04bcb4674e49943269d0e176aa98e7c7b12935f8bea30c45,1,1
7a967384e2f0ae0dcd1256c41d34e214955aa51a3bb91bad1a341293fe437f7c,1,1
44f77d14d2f519b9816a4ffcbc12ada933dd7130a9d75a9d4c321218672c02a3,1,1
7172087aab54758405f2b53397984e1f904cd4794a70c5587a53aef4b009fbe7,1,1
7adef0ba89652c7f0a4879191b073bae34898263b6f1ae2b88d7263ffbbc222e,1,1
ec3cd376c5daa7dcfdb21fe7474d538f88e5f1b03efa697d91c91a653a949cd8,1,1
288d7777c9ef625161aeb59fb968c1dd2f06202d76a9b66bdc0b0a73525ca244,1,1
bcaeebbd0b13f13ccd381bd0161e42e1c520a9171f11a723af5f04a9ebc866fb,1,1
b10200dfefcdd1653786bf5cbd19194b0ea563d57393b32103a966f4e69c49ff,1,0
6bd0b1aeab00d2ae0f14f233c8470f3a5baeeef4351181720f3c69720f1c1a29,1,1
dbd8312b20cfad66a9cbc4a873d7fc05c53cd088e40b685678ff09d494829d50,1,1
c198e9cc4d3183b9627ba65ad1185e769f9a617ab7f7d20dea3db1e7e0568225,1,1
ecece82c813e503233ea7101d0bc64f3892066c88101ba584d1f1f59a1d922f6,1,1
314d4ce3ce89a9df2465be944db05cfc588454d85d8342f4a01bb8457b999b7e,1,1
e2116f42bc3c58e1aa6a56233b2d0298a11c04ef2bcf6fa31b179a0f6651dd3f,1,0
7d8456ddb5cba19a06cb5ca1c5b2c2b4052fa028661b787b4d1eb4e3ab0731b5,1,1
a7fcb8afbd47c8d4147b59cb24bdd5c99f067e6615261cd767d5201c57679214,1,1
dde79b6616dac76385b8854bf61446597aa5c569c94db4a9a81e6e4047abdd29,1,1
40a5c9dd6720baef4ff3566d39b4c5c6d77b2a6a6d9ac7e7c6bd16e4fa6820a2,1,1
a576196a1652eb33ce3609e6722eb5b7626ba8943d67321b922291e523ead20d,1,1
d3c5c0fb75fa9661df5b5f69cbdd8cfdd4d8147f6c2f66322288733a53a83728,1,1
a3eceab09de731dc721a272d83baea86ff3baf664f99e734c21701836aab1e86,1,1
3f6255be03aafb822c2f7bf28519c40dfa2908011dc94a1b22999493a8d5823d,1,1
a582579bdb4cc158de4228711fee17775d7d9631db6eafde07863cc90a9732e3,1,1
b25801d7ec3ffc6563151c84574b9b195e4e9058edf9046e89eef379be0cdf14,1,1
7dc1a57f1ce674c46fb22a5585b2aac1612ccbd436abd0386fa7ea2e0aceb653,1,1
32900bdb6cddb7cedd3e0f4d1a6177093b818bea1b75956b631d18f86b15e2ab,1,0
d8585e8fe6c1cb8026e68678b633df44e3217ba0656b0f9542dee0297156b6dc,1,1
486f28e6eec16233fedf66a3c627727b03223d375ab83b01347bbca46e8cde61,1,1
64a43d0a2680b2e827f0a9e82b496a49fac2139f65ad50987691552e537e8155,1,1
c01d53f32f63fefd11adf9df60991cc7e0e3215f38873ddb772d514096450455,1,1
af431449bb1594122c5007fc9bab5e9c2d00fc26e7d0fc8ddf30e841c72f11b8,1,1
6a11e62849baf072d5a8279a4e9d3056400921d50c90ef863ea7aa59b450ae36,1,1
3dff5011f92a1166c6f34d9cf4ccada5d648823feaaa010a2cd28768170b750b,1,1
8553f4e60770c200bf409e3312804a59221e29e85d6b3e75d288e118495fbcc8,1,1
926ed5bf125a7d1e708ff3fddddc2d7af954264a8ec2ca8e163cfac0acfa4bb7,1,0
1ed739188cb58ab66a0654e7517ca4264d3993b57f88783d215f9a5a605c73c3,1,1
5dbf8f210e403ed73074d999963d0177e68ed7561ee84c873b168a62121a663c,1,1
1fcd5733e5a5c069fcbe6f132f5134ee133e604578b95c8ede1c0b285771728a,1,1
b2ba1b834dfb80def90c7325aaa0e74803eb29089193ff8d71a53f33b9d80ebc,1,1
d32b66e3e3fe5f9523b163a9b31ae8868eb46acb23950d55ff93e44af47c30ab,1,1
87b47a63bf21da802630819a2318f0f02e192cdc666f87ca6e17a2fcddc7efcc,1,1
7eaabfdbc2adf833945b7404ef5073681f32bca7791b5f0267398c68cc9767c4,1,1
b3560885c3255efb911ef5f887e060a5b2902bf17d8e25367cc56e07fbc1049f,1,1
a9fd4979cd54147dbb80c036ae68a73455800d633527c2d3358e0c38a0af1b5c,1,1
f4414eb82ad1503be7ca01c0a0dfe95893b3ac827998b3f1ca8b32f45380c7fc,1,1
5709245fe005ea9efda50ff74198568cde395e1a0b3db34515142da1f17ccf37,1,1
c31c9148e903ff4620d69aded6fd4a65bfa3a0f67760bb9a6f7e84fdf7018d08,1,0
d56b82460f5f22707348cf978910650971d038e14615053dbec36331ee6f237d,1,0
4f50b5f4ec923aee0e51a03b976dfd6d42cb53ed4efc518835132608b448d2dd,1,1
2c7fce96343d5ee61ae5f11edc20714a22c645219e48f6ae195fc378699c61be,1,1
28df3110a19f8e33fdea73ee982c9fb883b4c1c05330d425ccc9412e8436b9b6,1,1
75513ad1bee1b365bdbfcf22edde38a3fb4b97cd7e5aac210b225cefa6f80c82,1,1
9a4cd1e1328d1e2de2f586a3ada246abafb1daf342d9f1432db7064ca8f358d1,1,1
ba27a408911eb848b5b6245ade18705abdf001ebb951491886d7f3a08f2e2c03,1,1
a2d83bf5388b9859a731d2e6a980ad2f08b31b47ce639028e4e460d8cb402a58,1,1
e82f5407c5f77b4c07c2cec2331fed2bb01685d2f439319297ed69e405ce10e6,1,1
eaee8764135d066ece7291dcf226719d871ebbae694a799e5de94d6cf17c3661,1,1
39b0f6f7da07e9434f295ed92bf11e70b21939218ff1e2a9017865d430b1759f,1,1
981531678a36a299988bc5acb3b325c012d292cf4b8c694bf490b7ceb03c8c9e,1,1
62c8830189188a0d6d02006013c03b6dfbc2d8b5e03cbc543ee235f5657dffd8,1,1
087dbfcc4bf3899904b840a00d44a0b39cca3e9293d2a0a56d5269b6140a92fc,1,1
4505a484abaf6b6e502d96734aeab35f564af4bfb44a21626719eb3d63c252eb,1,1
8bb90b00040516149c354af219f900fe3afd5ef9cbe27c753426465684e2e2f1,1,1
f89033264e429c87fa56c244001bb50007d35b6c79145efc31e6310f06acc10d,1,1
97ff374c388ff59bb034916babd3b216c9d5472692cdfae26739ce2082a65b7d,1,1
51dfeda2bf7a6efc5783f6f970aca92730a8e84867dd3706586c1f03a4ec520d,1,1
9c54072ef80bd970f94b092b3e20226ad94c51f261cf84db281f184c9f7f5483,1,1
36f8812bea88211f300fce04b0905b7d398d92363415aef7c02cfb36fae4081b,1,1
ec59480dfac8d63ccbea4be7d2d7fa1ba37b1ccd8a32b6c44a853100e27b42fd,1,1
3cb21e15d884a5c78534eb4acd8462bbb434355d18ca8374c2f7b46fe805bee8,1,0
3dd10b7853bb236bbe131f05f3524c354932fa69e7b9560379b0d978ea78c7a7,1,1
0107846440f84130a4298bf5f23644b8e5159512879391ed5a7c78f3d1c5b909,1,1
6179190439532c35e7e3da343d4fa2d4dee2afb7ec85c1cd864e69141fbe4d83,1,1
1408d957f72fe2c89fcfe9c8d20e0a331f418da73cd206bcff1825ce9c49c14b,1,1
457cff08db2bd6a0f4c535ac7bbe0cffe2b3bd699a72e2c9fbd5470840e6a7a3,1,1
e149af0dae1fe912a811f13fed852d5f315f0c8688d226a01d0ebcefd6580c17,1,1
7dcb9b52a319825804e84f8df8d77208b931dbf4bd63d4fea54ef793edebc58a,1,1
8cc03e176bfccdf3d2ba0651f7ba0aa9ef0c2629611c98927278d19017bd6ec2,1,1
714fe68bba6e714829ea9257cb1b2932dd781f94d46593b19703c2929a701b36,1,1
6109e879f092d99eadd5ea54acf20bb37f2e0754db655d98eb62a68bae0e8902,1,1
b1c7c1622e4d9b9f7368f26865c5a17ffe3a21b503cf5fc5199d16749b171175,1,1
15d53a5715ee177349a5045a998568b2c9e3acd3f66c9c485888ee9697b0e034,1,1
7f846a276f30a5e32be9d07115645e5a6691e8bbfeb59aa78ade502698ce87be,1,1
e1a2805ecea73e7d8675b381c54365833fa4a2e01383aaf27f5f3c3634f2b407,1,1
980f1dc8c3340dbb0682aa0058ce6089447203770712b1e59356eb86b8f84b03,1,1
c4ed02b5ebb70725e43993e4cbca936ddae1f1be13972db224fba841e7380fed,1,1
e11f2807989544a66f0a242ea854619064cf52b0bbb987042b1266d060646dcf,1,1
7b5283a9413ee6236df3449aee50944f1bf69b4c4bf24d52d665b48efb1dad9d,1,1
f3520541141bc7aa6a53b53627497cadd1bff50fd9c161e04cdffb9d8a6c6797,1,1
129b71e810b63b90cf3abddc347ca12867f55d99726275607c39dedf35ce6fe5,1,1
f79e8673778242e3412ba863fa021a0a7f077e9d3cfea6f7005249e866ecb9a8,1,1
9c16850dc7e85b9f01dd477299572b308ddde4905da123f346146a1f27a6925a,1,1
384a8b0e1ec5ee53d0bd05432c30ac5e1456e0cefaa06d132f202e63fa664149,1,1
40dba208d667f03fa83f19f2b04cbaa19769999f73212645142156ca53b9d5e3,1,1
10d83d0f12178620e4dffe375740fc1754660d56c56cb6115b268d15ae9e838b,1,1
d12a88e1f95787d7bb530c7b706f912cafb442ed8e14314204a5a532d5796965,1,1
4882e47f4bfad063e45347895b367629cb88529b3fbfd0d2452fbab0426a400f,1,1
b8ebac7ed18c5c5fdd5892ac29defcfa6296282e9a0230dfbb4e7d089a5e6076,1,1
25d5f425333e780157d942510e423ef48119d3eef8b1521a65017c932732b873,1,1
f85c352d3a05b72fb7690d778be19f108edcd2271ec76c0b2c688c4985303a13,1,1
cf36a587a9781cc3e717325d378824e7414bbcab27acf3966c80b91f9ddf1118,1,1
ca38c18c6beab39f0a9e68b29f2a89ede16d30d8a44b043ce6e85105838401ec,1,0
5042a4975339305d1832d054583aadab64e7b85f79ce4226e2d67bacb43e6ba7,1,1
b313d2f6574617331770a19a1749554bf564ef6975b2b16f94ad735a941e3485,1,1
a50860d6244dcb3bccc9f66b009695e9925e131683b4a025154754a487c28b24,1,1
6a82e9a6eeb28293eaa775e9b085e46b3f6d387ae8a2323ccd1a6cc9fe55d38b,1,1
0783f635e31bcaaa81e47fc2da15eb1f1813ff8d86a36a112cc7e76c1cc838a1,1,1
837bb4205f7950cc15cac7a9c2b9fac0b878f977caa3704553697640a0a5f8ec,1,1
586624af0c3f2626560ab973f39cf55beefa3e1277d050c1e9664198c5051949,1,1
7ffdf2f862852a6ae655ea551cf19bd82c74fcf8cdf179560e3d1a01d634ba52,1,1
43e5199c3b48dae75cb4a0795bf38bcc2f043919004564e1184f900f3ca149a5,1,1
b72926ec62e0900f13589ad6986890882de48ba04cec6b711676e9cfee0790f8,1,1
adfbacea92e2956ee8d8f9c12becb272ddcb86f37c21f21ece56ef34a8516330,1,1
5ff47896a755c5e631ac6d6f838c206c46b73aeb23c6c875a23de42bf79ea3b2,1,1
de35564760e2fa4f3331780a2ff480b541254338fa6611478778ed6452dd58c9,1,1
1cd5120873eca3c7915259056d8523e262a7705e1fbacf3d66e41ceba3b0cbf8,1,1
1466ef69bbd3dbb99cce8de61d0dd114d8817f5a419da42f9a5bed0d8f78d7aa,1,1
a5b852d3aba4184d3ab9c5bd95bcdfec412e3f8e004301e82dea803ac69b5a00,1,1
38c4a87675a72c2d7d1379b7970cc01e04639328fa085ae6f9217f9a47c14a05,1,1
b8611e10ddba9b07497a0c265683b70442f17e4655a81f86a08f25073a9c95cd,1,1
ff5a11012f2152519589837e07282b522a9f2090a6da84cea199ed483f02cee3,1,1
b6da7c60894c2446190e769634d3490999ab8b4d5be5d07f7749ac1bdfd55c19,1,1
20768dead8a6b585eacbb8a379f2caefe5fab4a0a01d7005b87464cce15e0f14,1,1
e52e313b950eb46d060c5662999a2ac146167edda76b2cdde85256e7b75a653c,1,1
d2e6d6af6ffa7d248bb0d449172cc9d41148d64b042d128e9f0bf792c00aa5a6,1,0
438dc065ea7fa5fcca4ede9a6d41774363030fef2b5ee004044e16e40f2d099d,1,1
ae7a835d8fc09b3b876101f6d0e2a13c22010c01590967714747d3de327c4034,1,1
ddd878dedc941db18939def2701ce8071f360ae9b6a9115bf80c0a23718e65b0,1,0
8172231adc39688fe69be41acc5c7c8fc6a72bdd93e86dae0ea09e0ac2ad8aef,1,1
61635467bbf07edef139aa2cfeab0348aa3009ee9c0e7f024bf9660cf53c6b6f,1,1
58ebfa15b8b3e62872fa5a5c16d718ada24ba72980b035dea2ef9f84950634b3,1,1
b05b4ffbc42dbe6adff75280c630c52ae05deeea39852bb9bd5b34c7c2789464,1,1
5ed007508c97a3989d96d81471585eaf2fc1bdc4ad377e9a62f5cd0436b9817a,1,1
e3beb29ac9f695b90e42ef5b61ecbc19b269284fb4e2a4e5630ac7402f002b60,1,1
0bd1d61d4e3c656059795aa38864cde680db31a79a9a054d91e93b918b1f3653,1,1
07d6c9e46a57f9f1b6926207ae7dddea1ecd2c7f0643c3b1d761acf5c5611fe7,1,1
8090c721f7f1933c5a9b4843a8e0127f727ffe6ef176c641d916d5677d3e4e76,1,1
5601030b14027792e2829022438ae7135503b6b1ec53d7e729a955af01a84016,1,1
08ed031940dc6ce33e844cfe43e37a47a3efaabe9e487e6d8ea88a11cdbe7667,1,1
093036e3929a879a25317472f969100276854844d45af04cc367ced3c88c25c0,1,1
3411eb9071c24bfbe00a001b38bd5b36a4087e55773b3a071a5e938861eaccde,1,1
82025195ccba49b9efb99b1f7ed2b7f9aaec3a087d54b6657dc786ce63162f6b,1,1
9bcf2ab9a6ae87fdec1023ad1c67a33f658c19254933b6e8c51266d3bec0d123,1,1
bb1e10904d0d8cd8f1babc22f892f0355c68eb162c1232fa5748b8c465fc02ce,1,1
488981cbcc58ee3dbc32dd99be612c67c22e95a78356e7cf7ff28b51fbbe8490,1,1
728ae8426bffd831f7d633476f6973dcf06d0a7cb441e6026115e04772d415c4,1,1
16cff21423a3c46c5a1f8bc74025ab0561c87fc895448323573dea939ba09ad9,1,1
be80b1fd593e560f6d4b222f33676226668a6e070e18477c4be625e5b0d84d55,1,1
14bdc24bcbca925eaaf1a7137c852519b864df9f029d38258157d26eb514ef7a,1,1
0467b87dbd1b93856be4d62dfe2a2b5cda9c3cbe0af125b7aa74d2cedb523fd5,1,1
bda8eea865f0d25cd5b6f64e3fc190469df307a8de9c1af9db1f875e5acf9e59,1,1
2d6eee6c98925a89c5947fdcfd3f55416310a7d8e96f099af6979a5a811909f8,1,1
48d927ce60c36a800f9dbbc84cd612a8f35a4249607ae62d9bd4ddbcf251217b,1,1
2c35482904f0c3ef0e08f1654e0eb49d8e6b74cfa838f5a3de6fbe061d1f64b2,1,1
9cf2772ba72b9e30afec10f0ba7b05198b4ddb9e0349599efbebbd9260a41a90,1,1
2bc676957aa800adfc9380262b1a6ce551e3de1c32175b32d3e0d851129e8b4f,1,1
df532b5974480a18390ef0d909523556a45d098d8564d10128ca7c341d648937,1,1
2f5ec7aa9aed66b772e09cc6eeb50e3bb879add66200d05a42283cfc5a17d7e0,1,1
c80e477788a02c86621ddbb0dc5b498cf48d7da7ce3e5881400aa5a124aedc8c,1,1
65b2bb409571b973b0189bbda5eb116f23ba523e0be7dc121fd54465e0f792f4,1,1
c505e98f52ec015b28a85b3a6abf0b8f1b2925e7ba3042c3e916aea57ce43e3c,1,1
1cf0483e3cad12a24793c7ce8da9a5106852d18878500ed85db64bee46fee4d9,1,1
e9592529a6c591bc2c183723f354449f8f550a688c7ae88c019cddc602e09904,1,1
835a0049e6ac4f122ef054812fdf756e5cca438298eb72ce66bb3cd0958feb91,1,1
6723e86e06a3b4d42a26f96ebdde60a963fcb4ae708e5fe8862c91323ad56a1f,1,1
197e9269499dfe2bea68e50feb6d3b93e4650242850d252c428e33956abea124,1,1
7e51607211c84dd635b3c08939539b25fbe629284af66e518b5fa5b8f3234532,1,1
0f04cbe1447d2a5bfec90a726e3fc2afcc94a7918bc7d86d6eb9a17211de4d44,1,1
b78e568595e912e2ee393a1272a3e76c015cd3b9bbdd6fb3960e245ae7a389f8,1,1
aca5c2b708708c27ef0c21d1cfddd62039aeb7df99b352a41a75f5ec1cd1bbf4,1,1
ab61256e65fc60f8a5fedb86a584e45ba4553084827e05267b30b73620cced9b,1,1
70601856f94a86b8b9b7a7426a93ec3446ff08cb4f9f67c73dc690a5909ef73d,1,1
2864f65e7f467c4104eec3169588d5952300808b989b396b938cba93083da56d,1,1
7059559d023c1937095c58bf73fe55b50447cd34854f77cddb4ac8568a715908,1,1
be4c8554ea4f72a122d80a204e98431cb3c484f24546d692636a8b5085691a3d,1,1
fd5def4bedbe1b1fba95615a937b56c690d0aec2529b5e5ad3edfe9e4e10bb9f,1,1
3351631dedce03b27a4d2b6c031da8df581f6dae59d2e01cf14146fcd40746dc,1,1
84f02cb09e34a8c111426877750655415a741ec108b4d3b73cc8d92c7d19f345,1,1
04461799e83a8f94cfd6a576fbba1f28d52d27a5cec82590614c79a279de2680,1,1
993580542a3e0d6b4e4452953dcf561ffe20498e38b01c025c81ed5e67317b02,1,1
5449fd233103b7b131b4894893cea63198d012cfc2aab3838332621e166c2844,1,1
76f5a082959d0a982220c3801482b4fe1e84e710dcd81c7f44a75bc631bcc839,1,1
dfe2913f211cd0f68272eb81c15538b7b892966d547b8a823742624b1c366e42,1,1
c13e0c362429b13af37d1051a3d813e735209e2c77ed7cfcd70357262f9c6f8e,1,1
e5b2b5b16188a109d1df7f5cb52bb3e40cbead9c0acac5f4c49965f9fe36cbf0,1,1
265eb05f026a0c96c94622776cb287df3e7c5b00989963a329c06c2f14bec4a6,1,0
5683acb948fcf63da80a33e48457db30447965ef99dd8b5a274fb012ab482ee3,1,1
7036f354557624bcca605b09685b506d6dd768356481ef3e3d0184dadc60e833,1,1
d2854e2283193fbd20d23341968f19ffe1ef75425fff2fcff4ddc1c4b1e48d6f,1,1
3f5c62e90897faa28baba72a2238e47d91b63e7f9965ed3bd9c7585d1650cce5,1,1
67ddd7b60309a68f381a4951a15eb0d573db71d58530090525917a8a73f55e91,1,1
be9edfbcbf4b7c8ebcd42778b74985d4da35de4eb5b80a2a41aed737277d060e,1,1
4f109a56ec12110b31e2a6cd62cd8396bb8014857c06cf360c004a0a07de8205,1,1
fa34dc99209afc92c67ee7b0ec86fdf1fb5d1ec747969241efff0e5d7a78038d,1,0
149559744bd0c947d55eb383334c11509b646361ea54efc59a496286c80280c8,1,1
51b7bcbb03caf237b1814d66ca17c0727062f53453dc82294745add0df9f0054,1,1
381f4b721e47d73e2eb3a0f6f479b594cf9f3ab8ea3360244aca42f6f2900598,1,1
7ff1a46e9dea590fa90295282484debf011b78dc15345c4310be595882938d71,1,1
28b3516fd28ad5b7e986d4edee4e5972e68a4ae248bc057dfd0553e66c946fa4,1,1
12ade8667fb92daee24f43b627f596682777a2c32acdcb87364e3427e935e5dc,1,1
3c4b874aaf0762869ae4fa39e58cbbe28dade7b92ef0a96999e4af423c630c90,1,1
39558dda89ac0ee48caa2e80d26019c376ad5b9884cdf9d1c7b3c71303e951fa,1,1
999cd6a5b160d18523916c30c543013d7f9dc5e3b2fa0e4bd9a61ecbb3483e6d,1,1
6aae11cddb6a5cb485cc2899b3050b9cfa73eb0a1e2d956220fecc15bb8a356a,1,1
257fbc6e9e3789043542bd741eb13ec146b6ce28f68f084c025c6dce9ce17815,1,1
c9dacda281a71ec1927b1b39136b2633d775fd1e2466ce4fbb898b7b923a4792,1,1
3c983f37e1160407d60701ae008ad81e5d47c785afc9c5b492d5d787b0d6893c,1,1
24957b3a7eb9449310e57a0a377d52643e1df30ffcafcc1bf6d0b6f974c431ef,1,1
c3df26816c5ad633b6d44c68d88844cf1a5a764000aa00e9aa236f19e227c938,1,1
09934513fed75878a3a652aad426ea743bffb4dc2c195b2aae87eac71ee7af6d,1,1
dd2993dcf7807c22db053ca5210b459d278461d8084f424b390ecf8cdee5ac77,1,1
3cc3ddab3428f79f7063ee051c7f63f8c9728d5e8655d15a6fe3bf20a68a2f2c,1,1
be5b29344bb822bd7044109efc97163fe08f1967a41afb507d20401844866a45,1,0
4cd0816951adee287a1c8fa3d0799c6a8777e9a3e96d473bec8e54ab16790c90,1,1
70f1667043def36ccab14bd78ae10c9676289c309c72ca52ab5d3ba1501908d4,1,1
763412b0314d92bd4dfb7b066152c95a22c0c40e422dc63ffa4dee1453c76fde,1,1
80b00a1e3d9e534b7d241715552cb7d8ce9dba92cb2e6de1875bbe3b2e0f19e6,1,1
f9420c9a3ee4ca9deb25bc3432c8b090a6654153088bdf554d03cb40d7a1772f,1,1
70af95e0558d8a37ffb814d58b0c95390a9a93d2146a5bb3c8e718200a657da9,1,1
14d97f901b5602d4ab19309c32f74889ad18e234be75e1d033534ace4038dc85,1,1
da3e2651022b29e4a4496c35436feb9491d1887389fb1e3b0952dff677bc0ee3,1,1
e25527e50baf30f58a59dac88fb61b9303f65a86067074d1d8150c5c8ee99882,1,1
ea4312455ad89f60f531dbc1bdf68b472e16f6d9987370a7ef2c2d6649daf97f,1,1
274b0378c23240310f0e1c32afa3539431aa49e15b2f8bb6b21be478be4fccc5,1,1
f7da6b01157c818c17528b524b54c9b06902fced61f32a9d9e2e0a86817a25cb,1,1
26fc026bd22d41b75e4de7f3869c566aa36f497c5db0e5e3a159fc2df1c83cd3,1,1
5a0f2cace3cc44108f21a979269d53d1734e8c18843eacd725fee2264f0e8b74,1,1
dacd7e0df4517c480e7192e4640077fce86258eb2a12af548c29f4a08e98362c,1,1
388b6b71397900e05978fd71693429fe5c0ae3d4099a073f86e4382aac9d0c3b,1,1
4708c1def2b71922ca816e91993c6e823c2015188bfb88852473b8eee8356607,1,1
23fcceb922e8dc8c407e9ae17e3b4dc6c0d3cf24a88a9988247ff92750cecccf,1,1
f91cf9f4ee1c6ec37f62c5a44d52e9c9e1ba1727b9f98b75fd0ac01d8e40f9f7,1,1
f8fa3a18c09d9df9950420bd00ae500597ab7e3b78f088b8d28e194a60ad0f34,1,1
365104e3c2b40f520766a5630e50a0f3220266ecc8d71ba2d7857ba555df5fb0,1,1
b10ae7a7b3e424f4537fd10e762fae465f6bab08afe529e1dc681b0030df2d8d,1,1
1a99f25a381e59a9a09ca601b6157e06894d41447c393c9b67d9cad23d13b944,1,1
333e2ffc62887c0dbd99ce9e34c1e8a0fd510e1ef6bf583b4d2826fd0ad3cb0c,1,1
8a349e826053765b85041dd75c347d2465d134cb4a32af93ccb35e32e311df2b,1,1
05ba6fe48cbaa5e70ad50d230c3aacf381e329fa33d799ba476dfee53e3b50e0,1,1
377f00b5cec399f214e86865859d7aceeb8f416c88da638fbe792de740080b37,1,1
ddf9805463c0654c4772861b3c7f64733b915deef5a8580a4b74bdd0cd3a2392,1,1
9a476c7bc8193e20f3e38ed4378ff4f7b19df800351e01b6045acd75bae6b890,1,0
c8cf7a85c60f4d27c264e12fc5ec7174479c4ae085f3e7dafadb14132b27119d,1,1
059ec40d4b714ebe5be04cf74c8d6951fac612019370198937e486c16ac82346,1,1
2512156127774f239f32aaacb37338df28a02f4b2a12f3ed556601d0d14bdd52,1,0
8f61afd3d61be7b913f63f6957d577c20e6008ced971b84339acf2b30264b8b3,1,1
a960a2a417379f63311e7b9348b11f960d18d2efa8093f0d6d68f006abbafb55,1,1
400c4cb7cbd75ccdeeb25d608a9dc00b54bb771ecf87d8b8595c969fef17a1c8,1,1
c24c98eb67dc80faa76db5062eca11487dc0eef4487ccb243537eec1bdbc1a81,1,1
84cfc030fa67e2e941f331e4cea0637aba9bda6b5fad4383e6b0c8dd31b3c567,1,1
e32ba17eea04523ce7df7605bf7f6ba88e9e360987b5ea5614c36e86e5c471cd,1,1
8cf846b5d7ce833d9d1e3ae185377b4b69cebe7ce5dfc4f8a9cfc80e8a62ac7e,1,1
741fe3957ae91587ea5ae5332adb1fce7b459f3eb901e4a0173d81f41622227d,1,1
36dc17b2f4cb52d61155bb4aac07ea1ce9731f64120da6be64e5cedd1637fc4d,1,1
a773fb1c67c470ca92f9560bb254da401e4131e12d70c115d87db444ab69cfb7,1,1
efd07d41164f5c2799eccca8a94c9024708b1916d09dddd26c63299e9c75da88,1,1
3d896b9eb9c2c418ca486c07e2518ce963e9d96d26ca72b10a06fcee2d2c8a2c,1,1
80f81553d117d1345d1486d4a031206d5a4a078adf96d3f6cfadb0707f645e5a,1,1
43e1bc44283ef8ee06446c46942bea5b94b85dcf89192dab92fd2aac143d927b,1,1
66218d9c4173920b36116ffb15d80b77e47a5f551e20124a3b8731f0d49010dd,1,1
f793accf95be45f8fdd76fb3fd480cc6b4eb554b23a3cf5e43bbc48065d9b25c,1,1
bee13ad26b4d5292f7894f4d16d2775955866ed866a472dbdd0561bf723ba5f6,1,1
7f58aba83996c754aeeb770103544638bd23f10b31e9242d0fd1e61f98526e99,1,1
a1ff80a3e8c011cf7ed307a689bf116ddd846eff3b982ff0dc94b644e0252176,1,1
4ee0f6bd00caf69f74dbca1104ccef3f2c37d21441749b95f388c3ee7e8c9c3c,1,1
eb9703f6bfc40b1b412828ad0904d5251111f742af948944402021a3cc4c2541,1,1
11f6e46f91956ec363b39a68cedd52bbbc5d6fc65c53ab7998f742834265422b,1,1
5665bdf1a2ec2cc407bee564c8fc37e9e3827f4aa182755e481ffac3bfc7369b,1,1
9ca1011b959a8b9e624981f121955c9a8a226ab0a5ce0a41d220fbd5faa2283f,1,1
a6ab406a0cb1b41dda4c7a19799cf12e883a692af73dbc7a3d26169bf3dadae1,1,1
24483dd6d43cdc6af255825043ddd91511a0abda81a0f7021f1dc3186df09c55,1,1
cb6edb999497cb743e007a66c841940b74b49b75d33e748698788c7ecc946514,1,1
2d7cfa187aeb2ca97462c8bc500d2835716e9ad15556f5d720f67808ce464520,1,1
b98cf18bd33db95a0e20b2ce0208729cf4138fe601dfe0165f54bac194ca1d33,1,1
8651a0faa70cb888d46d33db690f59d5bc900bccc4709d3896874aa7dc389db7,1,1
b9571c9da8bee0be69f57a9686a7afd9076145a066e760741ad56d1f2f6b7ebf,1,1
5dca22825e0e498f758614005c82455ac0967dedd249f669abdd13ffd057dff8,1,1
0028543f42747cb3bc6b6d71ce6da3f213bc55607d37cae0b7e8a8e3c74a4451,1,1
0c97c30f7cd432d54661238cba1a5fc1213f19972cd4cf7587d3db13acb22e01,1,1
ee3c54d2ce47d2355e531e02e0b4cbccb83152f22888d6ecf5f77039c43b7859,1,1
2f4d1a6a2615b3de37ab9b805adf052f94ae7c01a3dbad9d7866105febb3e342,1,1
2195e80d2048d070a9de3145eb10661d90fbadb9428871c5af505c96f6a1e8cf,1,1
4572d864e8482f8923b0d574c5cbe17d6d298ff135b4c30bc3c2273db5b94932,1,1
65d53cb892e5154202bcc64f5ed7752074051a84364fb5e6ca4f19ea5f746e39,1,1
0b704ecebb64b57dacd8af50e2b2df6601a678b435e7a6bcae95a24e92fdfe8a,1,1
fedc8da63b05393ac9259f01fb96669ffa61a1d5cd3fe64ab95aadf39c3c3906,1,1
8e1ce70e028fdbd2ac89aa9ecb5a1e4229689a311a5ef62bfcb16bf4ba9e1b0a,1,1
b478c4890639a1731cebe244447967beeafb6c9805e31ac7c06746a4e305d7a4,1,1
53ac361f522643d5a7c8288bce7fe6ae812716dd4fd0e887eea03fd01ce104c3,1,1
b643ab103717e97d0743165007dfee1134afafa97fc9694e5aca1abc6cbf5dec,1,1
f1abaed688e193ac97f6416c3973bfb011c884d7060a932a9b980e69c9fc9bc6,1,1
1af73ff4751ed40ece250a4a009a06d3e79a921e0a8076e996438e0898082ecf,1,1
de7a4dc3b89713c3a48ab75af162117a933132bfc532cb53fa10d3403feaf030,1,1
80acba561e4937db7c99d96b93643c94f4102cf20892037535223944ae3bdd68,1,1
ee8068c18d326000b46db87c9bc4002e54a086258074ba9b51220c9b6f970a20,1,1
01387eee2145f6a7b8b6e753d51486e2cc1d3b7d849b0db41a7c3a58137c1aa2,1,1
cabe2df3c323de45928736651a5b95adf71352f675e727fd059ad81cf285fbd8,1,1
23c1cb598b0391c9135be33e36bf47a692f19d20ce7bc5fc79c174240fcfad02,1,1
90e1fd93db9d86d86b028731f3ad947d43440b08e30a4f91ad803d7154c11520,1,1
be6d9bb502d81dbd4ff70a7ef960acda8b0a81a4f12e8ea6069193375aa73e8b,1,1
fa9a663051ac733e3ba0098c5f4f0a41f8569ca335632f7dd968161d05bee65e,1,1
e07e849a4fb0f29ebf36b12e791064639037f9ca35ab664db4a75770da052904,1,1
9187ee314960728c04127a8ff21d7ff824bbfd2e24abdad338daafefe51f352b,1,1
511140cb25540e2ac540819514fcdac25cccdf00bbdd938989dded37b7e00285,1,1
073b2f213f709848c87e552d1d398fab97a287190b466c95832b7cf055b494ca,1,1
143f6df4cb71042c43d2ae5a8a536c4e04134c3a6e92e5a4341cc03433fe97db,1,1
4513fb8ab13f464b2c4f90b4242c9193f4b9064883409ee46f788f375e464114,1,1
d86f4d244a5580c6cbaa2bfc8c8b6e04256d4dacb3ea8cfc5b6501b467d3453d,1,0
92742adbb0607606c63cb1406fc6bda0cc2615b46c35578bd2b61aa83d39ab26,1,1
0f531b059e520dd378f5db2a6344dac267d6d4da60d0052de46f8d543fed2226,1,0
e7212a2f1445f891454ca6477a1e81ebebcd5669f015ae1e81e8ef4889baa6da,1,1
b9640a7be6d0c8e4a9800078d3bda80de36fbc7a85b2fcae5d186d75a0c2cd1e,1,0
d1c88dd07a1e23c28038c8f25eb5f32deafeacc102174af9bfb57787ccd44375,1,1
73381999f0533c09ae4b34d0940f449865bc61e449192ad6a81de692d2e47701,1,1
59de98d550bfd0f8882cfe191099203c20391102e996079c2c79d944007046e6,1,1
85636dfe978b3e97db47dc8c96ce229de7b451169e20dbfe3439f74b4531f1e7,1,1
09e8cf95be2c8819fc2f2da7179807d3c20f1bd78eb350d608c08b6aa2474e37,1,1
2a9513a59e9c9a49da88e97d9b22fecb994587753e48905b783a6fd54a59f8d7,1,1
9fb156f6bf2217c364aace2953e9860aed911e6b53fbe90553f1b9cae6dc4883,1,1
32794d4dec497382ee16b9e00439a155799c40320ec27fe9eb2d2685392a1981,1,1
1eb5165dd2e8684c44581ace485a258e321045914c8e56a4c7a13295232a3f50,1,1
a64aa73e3ea52258cffd921ef39e62bcb3f2e6e728737f9ec72a0f747e74c613,1,1
1bca99d64068c1b055cf69b806c464575cfa67ad272bede3a3683ff025e8b5d7,1,1
36f50ea5729218ba428551edc5c30127c79b95eb343fc88d03362f082dc6f886,1,1
41906cd85bd1aa4bf63491f271b16bc07ee76ae4ae51c2b11c53daa6d89dd490,1,1
5348f67f8dfd36f4b0ff6bc50e69ae14353884432e94cd404c5199ef12d6b864,1,1
e444987c4b1a9577973b2334d808b07be12f617f91345b4eebeec5e744a3d2ec,1,1
ce93e60abf45551862482ac676f7ac3357313eea75f3c32667d7ec4d376ece90,1,1
c651ef1112d4a9422cdcf6b6ae9496ebdd61f53684f16ed995a58730478f4be1,1,0
8847c17f6ed5298fc8c6ccfa6270c8e02ddd3ba87f6b6f0bf8412f480790cc20,1,1
7292376d63aa8070bfa19877712dd172e5436ced1fd3ff841d9c91e9d81ebecf,1,1
58c7047250106c266941cb4391037ef8a789ca50f167566d7911f26436593f48,1,1
9d9a8216f3f84cd36dbec8d0577e0aa55ae48f6fbd774a3480c97e0bdb584acc,1,1
addac409478ba31c124663bc3ffc68b1ae124041f0448668fef8ee770d942826,1,1
93091d1d1f5426d501c20f1eaa3779d98c783ca4c3ea80d45b9874db6aef693a,1,1
8339e3fd0c08b452708cca5ce6866652ac2b7f9777408a68b0e060fc64a5baf0,1,1
001a0a38f3e5abce63d8ddcb6f15a09ab56f0e28af956dd6c250b7fa5978c8e3,1,0
64c2cf312fca5dfa260d0f92c563e2b3760054e38eb6640bf1e9bb42ddc2cfc8,1,1
d43598dec2896484d907dd8936f23a88703202b39bb1585676378039d3e2bb7c,1,1
b2a5e9fe2b7f2b5dfe003fe2b63382a40bb713f799ccb95c7b6c13a46385a080,1,1
0b5551e3bc6c51294ab3de02fb99549131add650ea68e9940fd65eb5262addac,1,1
bf533b408302cc3976ef889f5af283aaaeb166911c8e93c35d58080ef4ac240b,1,1
9382c68107d8e396b5cc900c0804bf964e4f103f50e2286aa1dae197e28f39e3,1,0
cc43f3522db3c729164be77d4a69e506ab78596ec9bf08506e3a7425d50be7cb,1,1
dcfb966cfdbd49fead001d6281a5d26196d61a36d439f2d418e463c51f3f7e95,1,1
e9434d3dd0c10da4a44c5d13a01ca34b323c424df099dd4fc7db372e5ea831da,0,0
1560fa95efb1a2486265ead38b240793da7318d7c69f5e37d13d7655f713c399,0,0
1686eaf75213b91414a3df9a3ad2fd538129f0f88c1e75937b70b5e68e483fdb,0,0
ed4916841c4651a655345c9a4984f0aee527bff1f4e60f76c91434e8b3255630,0,0
2673314a8bf8fdd1a5302acaf7e69729cb9ae0cb89d93c27cf60ce33d9bb9382,0,0
563595a7d3486cf3db26c851bd54b6582b3541144177dcee4ea4f604fd2fbe69,0,0
8e1cc62b1fbe34820bcb259f44e64af6ac3ca35408e512dd114d5357c426f326,0,0
d8894ecbf0bab576fc458c482ac99cb9984c6d9d787546831272ca96dc96486c,0,0
895daea0e975c38661365ed7014bf4b88a879e270cde655f77f79ea21c0db10c,0,0
20739f32eb5a2209e2d2f6f8bbaa93fbd66ad78029e63c9599bf9fd7a5508665,0,0
81c4ba35622a6150b2b40e982f0421c70ff60695c009aecc4d5f0123efc4a303,0,0
90fdb4bef38ca571fb963eea9fa4a3b19a8b80354bb040184ca159faeeb6b867,0,0
b3809626738c7ee9ad23bc112d81ba897a706ece99bf0667d178a39f6790d30a,0,0
c50b2417bb47b09c44723bdbbece45695607452f1649798fee7c40feb0213237,0,0
e466ff6ab37186fa8259593540f71c3016e5bcb09a859b9d939e81bd0510f8cd,0,0
32fd7af473c627c4cb1115d0c03a87fe8ce771aa96885990504940df0078b1c4,0,0
29157115f30d3b9ccda9292e5847fabf00f79c70b068b90ddd9d49d39ce6b6af,0,0
e28007e0655291d0db785bcb25c238421d9576fd2294bdff5e693097d7ecab71,0,0
bc141dd19c49c2b1189336334415796e28c8e1701ba04033986a8fc4b5950b96,0,0
7cd8a9c647c04e6f159c17a113ca55c11e1e0a119e8bbc889b89fe4b5b3a45e4,0,0
2bfd2571904733c54c87ad82d2f8612d367102d3f0acf7763839ce59fe38477f,0,0
5e89932dfebaf91cfd8cf1e60ff276d3413af1292c275f4ddec7a2f03742dc96,0,0
e8bd6e803afc7d64004f781e2dd13c018f27acaac20809840ac50c81ca9f7fe6,0,0
57162739d87c6af28f3c392b1292e46fd81e7aa3145ac33bc2890c98556afcb8,0,0
0e13e9a5983e083b3574c3a59b56bbf9876278354682b5bf1e54eb0a91281bfd,0,0
664bb2b0c748f40ac48bbefa09c48e9546e32065d4f0ed96f08b10f031612ed4,0,0
b954363083563da87d74e01524d54d35b2dbce7b7a10671c0ff6197b57c621fb,0,1
e9b249f248b3f9963ffbc59dcb43a0bd2b22fd184c3c3a983ac17e39029bf6d9,0,0
ec5cb5e5618e3307b03bc6b50da76edd7e345293257e3b7f691d3cb12f9c7c1c,0,1
dd79b320282a133e486644944eee29f4a129b7c5d1714408a79efd94ac51c85e,0,0
3daa3df0ee19330d659503e5c0152e6456f7c4f8994e8b9bf291b5afd7c2bf68,0,0
ed51b6be513211bf0a58aa42b600be98f999663cd12017823310884f30aa20fd,0,0
6bb790cf485bd422ae7f96488aa534783fb9ffa91fdf88bedef1ab8e12507c8c,0,0
7f9529be6f19d44f41f507bef9ce0fe2549eccd0832a76537af2ed018a94164f,0,0
75249651179ec1f60c5cbb354db4fa66359f3360686e2305261e42ed3e2cda3c,0,0
fbf2f53d7dad91ba3526994e8037267077ed62d822bd1a5d86f2e91e99529e44,0,0
bf54ce7f09d13358f56f8a7abd7b0390b3fd97108bb35674d24500af402bdddf,0,0
a067f29b12807118646f1398518ede92b7868eef1142aae3988bba8de014d028,0,0
b82327012480d0ce9106c5a636f01c02c32879503a0b2eaaa233124103e2dd45,0,0
688c9a8947cd559fd8497654b0eaaa1481324eeb576f37cf1a2b983a3f80b21a,0,0
a655b9b9de3386c7f6506244e85622ffea51b2e55501176c0b5ed66371552785,0,1
e4a04b8dafc8dc4bc64f79fba78615805cb63d1cdb84ed19e07dc4211a33bdc2,0,1
7967cc057c4fc7d760414f376b69cc86a88d34b2ac4cc35c88caf71e50741578,0,0
cb60bf525d6280092a1c59b7ea769a075fc8ab93f26c18552633e79004bbb45d,0,0
86e74094c72708c8bd99c7a22761d20d1ee987dbe5ad35007ae520efd37c13a6,0,1
c8a86fc442694e3348cd78af8372df79ae136a0e3ef447af11c661f767d396d3,0,1
ca24f34b09f69b9e568755a5ccaafd6e7d63cb78677c443b84ad2ce68db455d0,0,0
9e696d59dc5dc2ef74a765442db7a1938538709ed1d83582bfa7910c257723ab,0,1
d3f73524a4667d21f1de66d319d8a26e7bd4eeaf5b87ad1f10ff59b9791494b5,0,0
d328ae04c271fbe277912b9b4b8084186bf713fcbf67077aa69d0bfda2bf7d65,0,1
9051ba3a8dcfeb4e2a54f9a0eb5bfdb5d03fe4b32137f7bb8f6e89d24f12b388,0,1
71fd9418523fa052d55204d6c390e35e52be9d05a989c0d0c91770e026267154,0,0
db96537bfff896462faeb4b5c75396de021367ded8196f18fb4ef9e16fe43221,0,0
9e161087d8c832d4dbafceb075fdf2dc02211a73c7e5ee76b75b4cf7aa7f83f8,0,0
06a82ed972491a0129627fa8cb84f5cd8ddd78c22a65de2dd84782bec795befa,0,0
85105a38548dda4e5ca2f7159340b04add0f577021166b41f4e06ff3d75f565a,0,0
9d6c62470f67909d2ac51ae6c6b4da03e22c3e3ab6709cd4e66d0942d040610f,0,1
47c37da872d9ec937e56c0b5595a00ccebc891c21b1451f6e8cead1a81b15130,0,0
b2a2ecf702e032a4f50d68e1eea2dbcbf6ebc2a5b20208fe98bf3636826495f2,0,0
df917c7b60a71c47504346636beea552e43a7321eee9cb8254c52aaec538e941,0,0
3ac722e2d91badc7e2d5d25bc15c8c884f0d695e7a515839c196c42bdbe5a3c5,0,0
b151ad98d9e4296369577853de63d21084bab9e7808e7065c06e646f4962fbae,0,0
f0f9994d5c6c82f776b5d8ec2791c52c8a058ff915441faa9f20318e4f4e7235,0,0
73ef2369e070b4ecae8361da0fd7f0bbfc8217656a91c298756beddba45d3140,0,0
74d45b8ae8c82afcd38abda78609ca79c86cc5d71b87e2e808df4f12104334aa,0,0
c0651a4e63e88d684b439c11cd6782a63ced8da5d6eadfb82062c951797035fd,0,1
63428e305534a786cd28c25e0a05b152d48ef2a6517ea6c8e7878e9cc4e839e7,0,0
deb1f7e4256db506e25f58a861c798c8da689aeccfb3f4cbb0bb5b9376af1765,0,0
8e45a2449e2f681a884f64fca5fdf74ea9772e6beb517b6780735a664a433197,0,0
b9326fc993e07590f2b74a284f0310f29bf3b0d10b09030ed799ab3db527d021,0,0
5cf8b1a8b85ec18a48ff542b9b207a0e64021b3ce188262773c43a50203edc79,0,0
c0e36931960cd237588013f4063e37b8a5c5b7bcae9b82b43b5226a63d653e62,0,1
a13587aa335511392af8ce64ba398da89cb33486d00a8fe7bbf084f8243ff95e,0,0
dd0e7811e4e5d49b4871cf683b435f073e3f297fcaee8a2c7cbd9217ebe6bd2a,0,1
4efb0d895d6da191872b98fbcd753138c0519102e7b90382de526bbcb9f34003,0,1
3a7f888220f4b5cfd925c0334a75fb051fde2554439b049de5b9a6c8a1c730bf,0,0
6536462c4f5d217733233c635452e8ff183d79b08a4adece60d96079f5888414,0,0
17e856ad5dfaffe1deead57711e1e142da34dc0e81aeb3df574cfdbda801cc3e,0,1
8f4f9c6307dc97c6fb39f8af806ea2ba7fe2e42ab88cfd38a0aacbc3d735f59f,0,1
7ee5612a9c389533a991b80e840de78ca4cb02a4fffc8eade09261737426fd1e,0,1
08b076155f29a364fbbd82547a1032a5416917e29fed1c90d571c348d9390057,0,0
d1ccf53e2fcbddb717c6c1665bff89858a2f0d2e7f74270199f15ae77e4e9cce,0,0
6fd36428a279feef83a19717fbc5aa41a0471d58b4429fc750c7589977beff00,0,0
0afcd4aefc0ba1e8b196f8bcd6e8c9f7d568d8a1ad8b9482b42b67f64ec659c0,0,0
482e3edf7e47dbca23230797d061707ece02bcd6cafbd077230aeebb2af8a6f9,0,0
424460ebbd267770763b6943052c2487fbc471d25a8b53a249c8dddaf47eaffb,0,0
49118d83fc7b3b98145deff08b869740b85576487d18db4e15e5dc7c08ab97e0,0,1
0364d6094039a88c5b3e72977df8f2bb2823e2ad3f57dc108cf350d9cbd72052,0,0
2a0cfa7faeaa7726a166b4d71032770cc5706071177bc1acb101bd60829d6107,0,0
ac9fe151c49c469e3f1573b661bf512b7479f5f01d8dfa4a5fc73ed4409baaea,0,0
1260d82b5f2943f045f4244cac85a55e16ff016705341e9500a8a72ef12de838,0,0
93fd8f58541d76771dfd39cfd7db1b9f02f2a85ef1fec3a99c553ecb802e0290,0,0
cb7c753c413a91f043d6c4d1f290b656960f46e2865290023e8afa80c63e062d,0,0
e3a972deb239059874b1b9779ee3da31bb3d44760afba2b59b71a3ff4a88b9a8,0,0
65ac5b824662051836382c714eae1980adb7654560af09dea671af5c1a71bb99,0,1
c0cf9364c6cf8a7a729fee840fbb47be5f28f68827ee7cc3fd0f15caed86b359,0,0
d9a58fe84c7131a906600a4e5fa6c20580c43cc200ef64fe83821aca53981e0d,0,0
7c3b0f02a1ab062b864b513eac6662d47ec6e5fac505e67350642131a2fb59b8,0,0
54c16ce44444fe374ebbf0a9347393a2c24bd1d015be2b4cceb950012a849b1a,0,1
e21e4a60677677b0f7b1034c328eebe50000aa909a34d899d592eefa972cf6a4,0,0
3cb9074eae56a0c517e39f2a510df153c172cba7854dbfa2d6b2b300150a317e,0,0
dfd108561206174f58a75f3b0c72ef54878d91fa03b502a9cc0f91963e84882f,0,1
d7f8e6d87fd3a75ffde2456863cae9108bf363c8d8a74320ddb1a5dcaacecd40,0,0
5234e463c7f8e9fa054a4fd8d65af76d77d2b88be1b7b6b7ccfa379c1087e080,0,1
906ee17ac811215bb315d282f39291c1048628c2d46520bb7f2c7ba7dc5c9276,0,0
c9da642dd8a6797cdbebffa31f65c03583168a05b978b377b403f539c6c3ce11,0,0
6e28e2c43e0fcf1fc451b717c2762dbba60950c143e5e34e8e476dfa0b3043ee,0,0
85cc311af245c53fd738e45d7be76108ed293f4bc95a3983d3c5a324f7caede5,0,0
358752f13ec60dd3df12e2423f4e4f9bae4d302713d74e1608ba8943078b1e52,0,0
d27b2b112447594532c944ea46b672c476e318795becfa7ff0c92a03ce0ed218,0,0
de5453a6c59b4c358423701d97d81ce9e0a32160fc15df1a25883d9fc95239f0,0,1
48e2e5561e99c9db733c0962ccfd779059c0571f5f3bb83ad5bee5f58cbe8241,0,1
1cd9c8b9ad76f703c522140be7ceeeaefe6dfd17c1a70e52049cefd144f7d9f3,0,0
e1550c7b264b3785c0935aa6d386377f3c33861d6221e6f62eea797e8aacbb83,0,0
850038f2611c7b1066190058860df6a3628533442581be606cd4f07f0b662bc7,0,0
f9638ab7a432b5df9ea20b8ac5392c0963ed94ef5f929c05d3f0021209581186,0,0
99722d244f085d926c2b35149293e6647b8cc37e3969d2c08270ca51bd493b66,0,0
a8151bf373763e07bf0c1dba2a5e75114f3af8491283ced5cc243f116ae1e7b6,0,1
37020e0ae0531353cc8f81b05e9a802a8a4d170aaba177ced26232e51fc54a6f,0,0
7aa54e6be6223ad067564a80ed950fc05227d3f448b75cd9b10ea5f62c69a38d,0,1
64fb8a89c74f8ab1ce1b9ca44fc2f3fca9281350f6e42aa57be42731cea03985,0,1
f93bdba1dc50c58520c8a10f88b36cf19a7c114b4949a4ffab971a4a42fc1876,0,0
6ad34b74a15d3f3d1b2bb0c35d74e79290cf68a792209b7603a6fcd25b9d4681,0,0
cf6e2f3c5b90812caa56b9dabaf79dd9eff3b4edfe4076d09245f05e4f3bef4c,0,0
19dc8a0a0f596cc0c05ab5cbcd71316d41908d096af5868090523a4bb371a49b,0,0
2a42f631291300dfda89073aba59bd207479bcc48a7310c6b6d97052e747d0fa,0,1
8fe8378381524769599c976e38b9d5ef68a39280e93ef5ea86ae24323d6f666a,0,1
57348208fa8f01f39457b8a10e5aa707930089816d6d1a18ad977dc98111185a,0,1
032029db919655ff3b148679b51f36f5784b7bf42fb114ae51c788f90ca7858a,0,1
ce7c0c9c7477a0d0d8f92b66ff4ce1b710c7c224573dca47108b18f77fe3a187,0,0
dba20ddaf700e2abee9f6de5902db15331d5edec68419247dc924d3d08b554ae,0,1
a03cc83bbb362ea8a1bbef350af0df4eaab0909368fa83962127416c875a4d22,0,0
8de887a4f6d7ed77bff01eec7b9cf51e13f92dced0ead9afd0d5fbf232f99925,0,0
f12a69c7ba3f52ecf31d78a652a876df99c682ffa3e167220b4d5e5a4d53863c,0,0
86d861de0fa55e22dc8d04def2b2b95eb22c0ec45baa314cfcda22b980101b9c,0,0
ab28228f8f6f3c834e9dd880527ee0b6d094ddfd293344156b485f915ee007d7,0,1
6b8767547777e856663ab90caed56e0ed815d2c1a1a967b46b86f88b441c8c0d,0,1
c127c8ee1eba6667e6fe3b62bd8569e5b653ffb697d9fab6bd5133ff66c87478,0,0
ec23e8858f5fd0c053d5a87b05553e6ab5a86f52b232727d869637167c3b9495,0,0
566dfe0aab428016c62633d6c2e01462782ab60eed0f46a88ba7754b15d4a54b,0,1
ecd1fc913ace0c08e9b4f3be305c4dbdc88aee9b6d9cd2f19ff23bba5307a2bf,0,0
f8da93e1e1d040b0b19a15edcd5e77d6d20238195f4026fba805f453cd4a7a09,0,0
4c3eeeac35db9923abf95ed5342a2892a5b85ee1430ac30edb68afa8e92161ad,0,0
09a9df1fa1a4fa07f43bc0d78226ca757ba3db863f8faeeec53aefde81314877,0,0
45fc836c1b85dddfb1473ef491f4a158719ea0291cde37d16f29f56c6de7d35e,0,1
d4e8726f00c95b7413f6c3712a263c3ce12b60e9cea86b25d5bbe85b8ad8e59e,0,0
ce038c4c8105ba77dcc7e6a07ac4916286182bbbe6bc18a5ebb77c5691ed0f43,0,0
1379c2e246a97caa248be079f6c70891ebc8be4e0a5a7aa9f72386955e15c217,0,0
222f0957141c8d07d915b2831e1920ea5bfa6d98ea0cc00a73078a2540a73c7b,0,0
c96826ae1eb32771ef65c7032bbf1601dc5d18cff93cbc4d9b18b69cf61abae5,0,0
f92dd90f6e2dc6719b6026acef486f7d7798706fb3e0cc4a7780f411529f4c7a,0,0
8369c16016ef11e7c14736789e2dbd5ae1135319f810bc6843d6a9f8e1cae635,0,0
42e30cdb9cddb18ff4a9c45c86fb797184cc8b5d95b0f1cc545796fb05dc34a2,0,0
166a31e6eb3fd581f834e05da0764e50bb1366a11de29a6f283dd98f2415d95f,0,1
786271993555b7d4688fae6f888fbdd4c5972b29c1233bcdf2b7213f169be079,0,1
a8123e84ec38c37fbd0e4125295682ae07cf4ef6e2c667de1719b69b2a933a6b,0,0
a4d8ec4789f301226c5b1048d2b525dd18600781cb535528f93ce7948b78ea55,0,0
ed875c6ecafae94db6e7a74373407d93d5c9bc4039d4f775e6d9f42b4b593435,0,0
f75a786e12cf464b4856837e27e0f9a00c13b87024696d1b8d420466bebe4170,0,1
6e5d3cf64cc582661b521290f5fff68ae61d6cb0962908d3d76c2a0b9d868f03,0,0
7ac311b155c05666eb6fe67419f9193ca05749a3eca7432acd60406fcd1f97fa,0,0
2b42177351127d2147cf8de3bb25fcba3fce0c9f67d3648a3b9359bef2a62b08,0,0
8d679a87d85c841878fb7635d1c71edd5a29bdbf4a17f496575cd76a19bfeeb3,0,0
035a06666d5af2541edacb50e45473f7a4a90f6660531cece60bf66b9070b07a,0,0
d4f1e9be780e209a8f30df547a2300f0775e4d7a0546f3cd4430dd81a6be0c69,0,1
efb2e73b9ef6d27db00b0281722215385dacfc85e22bf6de5e6dc91fd2a85cfa,0,0
b57a71766860e4b302b527a0a59f075f6dc12c88133964b019a248017b79d639,0,0
af8206a185263491646cdc93a11249b347dc435bd4cdbb041959949ecfd8e0c5,0,1
3d56efbafee2562be6de20640605fe2d49762b262981fb7409591f0104a5dd40,0,0
4ce064a6bd965d2f4765ae3518b109571f6ff54213650a1b989597a1ff3be6a5,0,0
0ef83c635db9d71339d49fc3bfebdecb570d669e57c621de47e7164dca8920e7,0,1
bc982406e1306ceef9399d1e03a5a077ea6be10c20971644201ca5d040d86185,0,0
10c1ec9309877e28444af4e96fe42de5e5fbc779d447334835ec5b72ac70ce9b,0,0
68d0d5c30c08ca6ddf1f4f58233d00a004edf56d0f0b2fce6a60ae6f7b0cfc31,0,0
4f1cd0506cddc7d211a06f1e11034ddeb3315a6985e6ecd8969a13aeb11e7672,0,1
06746b8bd9cf94cad342e95687a7f1ab8f1dca16dcd3113cb456348b70ce310c,0,0
1813814e40bd9b151f183449fd7dd65c81b9be173c6ccb6818976dfdddbb094d,0,1
b5e881b71b275cc2ea5341f82329d22cdd9b2723c3b897b28c7192a809e896f0,0,0
ef7b19e9b844d4daa1b73c82350f95f4cf44f4f57b64b458b8875fa2e8378f1d,0,0
ffea32c2a9a7d1a47f3f3b1e3a795edc2ba769ac089dd300760f4dafaebd96d0,0,1
a06196e9576dce1b1a353da56f8a85f4bfde2dabce438d2a19a3e80b8ec4ba04,0,1
e1e151f62fe2674293a376ca2499da792abec6395e0a75b584cf33c37f8cccb1,0,0
65566048a254b7f357a42b3a4cf30b3e1c3f696dff8b6c9132471b2e088bb289,0,1
96ba2412a9a1b999e0da7483ca6b82419bc6e0af02eac669d2a1ab0ea4df74b9,0,0
5e3eeb6f1e67ea073aacdcf5e4cb71c08917dad25e75bc1cfa4a4e80ec3cb521,0,1
a4655d5d76f9e258a12888452793336dc19b37810fff81e4776586332024bb40,0,0
d8021efa5833d7cd4edbf4645a9f7a72023a39d6c03fb9631ccf9c6d4fb92470,0,1
5ecc451b79abc659301792a5555bb435a4dfc8ec999a66b0e956323488e0218b,0,0
47d3a9f713ffea20553ea9145a2c1f0c862c9c7a077398187fffff2866091fe8,0,0
63093e838a04f17793d3ebcc194149c9d4710ce3fbf457b07b3fe40bdd7a0a03,0,0
5a793b0b0d6902d0716241223eb59a140c25dc70c86a4a876fde8113e5b71145,0,1
92d07d70275f2e023ca44962db95cbfc168a1753da5a2569cf2833ec820b82d1,0,0
eae7987da13ba7bf611e06cacbee853f260c73ef80347755384a6b9ef7267fd3,0,1
fdda7f3d2af04b156c1913171a93503405f5b8c3ee1aabf865beb182361c7c28,0,1
099765cd787ddc3c09af424a7dcfc068ca11f45d02f2d666f5d0c03d57519c31,0,0
6b3bfa769b7057f9bdff4d30451e6b4ae28104fbb43f329098c8f9b1945a1fae,0,0
e6395513186d60dd9c1bef39a396994db954cd81f3e8c4d34fc5f65521783f3a,0,1
9ff78cf351e69986c3deacb910de0f0d9e8a11d8c5002bad529305c57458461f,0,0
5c5b1e94525092297dd2d111a81ad35f33df213324a753492ebaeab1204db4ee,0,0
d008a6036a9d7f833d8645b35e5527fbca14ebb79b3ccdc6b4014e025ba1b7c0,0,1
6c72ca7ce1e6702b10e0dfa6b682172e9a97b6dd7bab13f4d925a78751ee6308,0,0
6c1beb9657c8c28bc8fe0bf36187dfece481f5f6f9c84c8aef690df2aab26023,0,0
8c9e295f0bdacec8ee4e8538111e914b0acd45eeb44a4006b8579cea38fcb017,0,0
235f2b9c61c604a0590a55397a56705526d677091b764f392929027dbcd05dbf,0,0
f811ae80da5935eb0e0bcfb07d4e9adbe01f56d78e4a55938d0e374f72f7907f,0,0
d773af790d854a2b8064584ef11906134f033a8ffd2d9e93dce2ee8411cdb293,0,0
322f60fc348071905c79a9efcc7d9010d05f2f5315841cb7a9ef55ff80d50a9a,0,0
8d1151844530ddccc2b2da7c0cbf77607e55a272a6e9bcd68f0e8bba6e05a131,0,1
c294c90111a14263f6e7b0d87577c3f77ab203f77dc55feb6fa8a3033dd2f9a7,0,0
716fdd83a1c13a2795200659ba2217b1ab64c9b0990eba1b66981bddade3f62f,0,0
05d8657045925561bdb48ad6d9a036f7821c9e0c77115e071c89de942f41f9fd,0,0
0fa4582f8ba4ea2c454667407de3adce69ed83c3920429812c68b1c268c526de,0,0
ca50b265b03e8f21a5e7e9897b1511c0056979bc97f8f1556180a24fb8edc96d,0,0
4724b67d0ff52604e1f9422fe68835ed75051cfe1d44034b0d9c1b5c1908c107,0,0
7d43d040344f8c072cc83ffa13a2c5f09b416adaf688fc5266a2d6d0b9fb559a,0,0
e519ca9764ccf8438998878b210fc0d60b0ca4015bd416e8ce8446b686577e6e,0,1
a4af0ed88ac9805050d5200439874dee6387b1350798db09681cc2d0d2459972,0,1
c99faf297a0a2202a87ccbc53a4690b0421b60f9cdb3b01c17499a7ac8f61917,0,0
39473165c75e975dff5fe1e4cfdd7b40b5adc07b6698681a39cdaa3dee0e4594,0,0
2e88f83a896f938681d8cc87a87059d3a783cbc5314c3e5b67a1a8769ff2dccb,0,0
2bc15d60d617ae4e2a77607b63fdcf6810b26934f0a2b42dcf06a9f5b7718310,0,0
a8865fe0739cc4fc62e0688a491301b739fa3de30aa18208d43a62ee58870442,0,0
4291a407e59c6f6bc88f8da81ed38fb86c08fc5fbc3cd617e0d1716050b9f117,0,0
f2d779b8360bf8e1e2761da22b66724c3eee04267fe9a6767aea5e203e8d7427,0,0
1a1e70c4522c5ea677f21a371540d412aad884e03c21661bfb096ab71aa862af,0,0
4a56d512aa9fb3952cdd6be573b3c0eeed97e3f0dd1f407d9f4eb1d7af98c493,0,0
bf3a20f9ef55e0a39647be9268256fc9dc9324c21dd1a1f750f8abee52da5316,0,0
b01efbe5aeebfc8f052b0720fc434476e0ef60f64e2812814194f33fa44f1739,0,0
d700cb153c9baa5a4587b891927f7d2b57fffdb9c610a9330085b17b90c8891c,0,0
b4bea5003fa6389ba6660a622fedecca55bf6168b1aa252a6f50f76aeb424258,0,1
30887c917b5992f1b16aeffdc5c34403354dea6ffae41de2846695d4a0e2fa2e,0,1
77873a5786530726efdb1e118ce98ae7789faaf4692314035496ab87ced2f481,0,0
817f7d2cc0e4eab4942a056f74f152e82cb45d6872ce18644da028085d3c4b33,0,1
9fc8e74f4dab80efbd0b01b7faeb0980debed13a1e4ebc9e91c3e99b1a4e4387,0,0
453e39ab262b4da41930433720cbf2327a3c8c654a410b86c6bce0c306a2bec5,0,0
2ac639a7c840ee44cdea5ac1ea82584d7b566c55f9cb03f9d42ebb8a371d9a19,0,1
bb52287731bbbc6b1e68cd915ae8293064ad93d3c41d45ea12658cfec822c5bd,0,1
51a6f4d813cc348af233333dd95370d5eafda6f887a3917af512b55bcc929361,0,0
be10d5105d4e04e25a0f09a67def1264453554377854aa3e7cde87c8911152d0,0,0
359364b5365a535d8d3a9b051c9234499624508060d3b022bd85aa70cb92165b,0,0
b4fa52903376708fe70028888251fecf167bec4fe72308f45706a619b2a19282,0,0
8778fd1d2e5f39b6b1c78e971a96677948389454db9fad5e6fe21bdd1510e80a,0,0
9cf492471afab4ddf6a706c2e6f337c0b63c2cccedb2c23a9d9d71b9118ac551,0,1
9ac814a0f0447f784f2b721d86f4c559cced1d001981862d40d92445eb51a9d9,0,0
6ab965c326b54a6835b7f5459f98faa4c37e540111fc26cb34c7061b7c298ca0,0,0
e7e0eefab1c9f81b37d416c7488f21f4a7fbd1faa7f81abd86e5d7d3bfb5aabf,0,0
502cc67a38073b45f0d3d433fb7dbd15297c7dfd2c2884f7f2863ee0c62dcf28,0,0
fd9d9206f62ffe468103454f7b6c0e41d4f21bd376486cf925ef1c52da8df01f,0,0
86623a540b1be1323d7c51bef31599f81866defc135fdbb08513e66be474421d,0,0
3d5975c94b82cfdfae3d7a1ded0ebd855be9b793bb55513b6def7a3a73619ab1,0,0
29556fa702b7dec6d0e7b2474abd89975700cf379e3eb0b16d44b3c7aa421fce,0,0
99137cd380f700f0e4e0bfbe48b058370d27733b11731141b7a91824656d7349,0,0
d81b2bb793c6c4131f3da418065da45656071c253a37fa537d4808ce3ba3e269,0,0
d12d56a031514c0a9466e559ea6f22be68ced018a84bc97b44db62bb24b69b47,0,0
202c4daa95f21e6deb8adef38642dd60cb6142955cd6d66d7304ee225e14276b,0,0
310217857b2703bbd0a7b00b759d78c9e5f2481fcdeb27a85e26840586c418e9,0,0
e63a31cfa3d9b38b3d7c96c2b803e27f56d1e3ee932dda0c6cacf10589ac179f,0,0
42428c2de3c21a3f25e0eb60611afa4427168c9b87eddca75da8fdca3f05207e,0,0
bc5abe71c2b250758611823e0ea4eb13ea6eed6725fc35e621896d630d625e22,0,0
f1036cdc3151487d562d6f5a1a1347394d830946dbb6c87d71003ecf83470053,0,0
4c51f538e508696f2a273dff8ff9bbcd55d355f9b272e23c977e41665d42c92f,0,0
b58c673fb88dc8e28d29557620666fb925059dfaead3daa00c850aade974648d,0,0
6ccea50cdad3221dbb319dc1416664fcc7ab684d49cad1f16d763668efbdfe3d,0,0
ae0c3dff1cb472212d2f5657eae76bad63cac3f8ef3da51a2c7d0a43818c52ef,0,0
ade7390e7905e55077c73f67ceb2dde24d7ffc8cd98bbf6b897fb303e1a20682,0,0
7d99e50840c96b2f37e34f3f0117e5545c8bee78b515c49528777df96ad4b4ca,0,0
09fd157f89854a2fd84ad28c743c91950161f7f0af135951bbaf6b0b41a75748,0,0
b62e379e868ce15990f4c57d2d729bd2ac08f5bf7978954d713bf12834ff9587,0,0
0b7c0b9663abf26df33f7a8016b21f1e41330d04975f46897c1b641f08cb6af5,0,0
e7334e4c2431dcc8928cf37455cbbab39de0c60a44d76af6da15787e97426c7c,0,0
0ee01a131b7e577384f85a7906b5d543c22aa8d70dd8d3e1d5ca613be986e6d4,0,0
2cc996b6e8f4499d3ab5b18cd6441fd1ae8e7105f48296861d15fb53a64f6e6b,0,0
6ab4b80430cbaa57e9ab244d203e29f5927e6ed5b1eccce1bb6f3a758d8914b0,0,0
f787dc116831a3de79ef6bbec247b6b4181b44c5b8b471403d74d783b7296ad8,0,0
c99d4c39cce6a3db96baaf6574e6e3283f9af48c677742ec66d51c3f02b646a8,0,0
90ffbd2082599de40673217148e433af9955a700ad972fe32d332726285547cf,0,0
59a83ab320a9bcc52b867755b0c4780b80995923a790aeef153f24d0364f4ee1,0,0
53006b63d204ea06fd8b8f2c858da499a93105634b97a57149bbd1891ac87e58,0,1
aff3de35cfc23880552a5c1a97b13ecc44215c550689cfc5668d6f16b7b3da27,0,0
cf71eea437b97a57d670b1bbc99d19ce16ee4c1d3ef8573693e723cefffd7bac,0,0
238ef88aa35bc9747000bbdba58fd05c2990120226328bdbb5b216494fcdb0aa,0,0
def19cf142538c0303b8ae6ff1a6a6f76198c7b17e79efaf6fc1626f32d575b7,0,1
20cb5dcd089022694caf8623085155566947636dce1f893b5e5b7a9bf4e11ee1,0,0
23c24430204d11b92b46c55651cd43983f61f090124fe04ffe003ae65a696c0c,0,0
71781d85c44cd0320499cc088a4156857702ba70b515516ea2aab4f91a68a3f7,0,0
57194cdbd2de913dac498ea3ef82821a3eb97dd27ec92688fa71612f418c3169,0,0
b4de8b6ab8efcabb2dcdbe73fe616b920590b3ae0126b2c6acf6cbe190ecfb47,0,0
a7d5c49adb1e4a1b484a896a11709bd4937b56db470fe1aaadb826e4dfff84cc,0,0
4ae28a28a49f3f0acb097b5c4511a7e69f17b94c115b6072fc25ad7d4e6dd22f,0,1
50e562240434d4160222a0477c4f23970bdef695f8fa5f5fe8649a018bc349df,0,0
03347999bf527793405014c8d5c18c407ae21765a5d08467f80a3796450b067d,0,0
7cd463ffb1eafabf7a07633c056afd2356feab9d2ec705f21058e36a197e1aca,0,0
fd59fc6d563ab41537a2fab71f41305fdf5ba9c6e6cd6c30b81e701f07ab7323,0,1
34cb5272590f2aa9c570f1ebe3ffdfcfa387807f833e9a6cbbbb8cf43f78045f,0,0
3101336e702750e1caf50b404fafeed963dda7e616309439f49a7d303c5de01b,0,0
f0299d3be911ce4b0a415a06f50bffddc5385e085ed4e41a7585b0c8ebafc0aa,0,0
ca6728327e2f5ea9ae7810f2ce1ccb5f40132c831422d4fb7bfcf663025abc1f,0,1
a065289ec30d0474c8c0d195425e15bd59f3eecb823f999f435cd8735c855559,0,0
62c52b85c7f78d0292442721ce1efb74aeaf83f7ddab84126b1e1bca5d4c50d9,0,1
30a41ffb571f5d3c1fde178902ccf742e91def4f2630dcaecd5b9613f7fa29f5,0,0
f74133d1481c7258527a5465d552ebd12b0a5a91d38c059f5ce5ae28582efd6c,0,0
b92440a5fd75c3fcdb7fdd66012bcf055fc7e408b1ec0925602ccabaf21ffc2e,0,0
f33d574527b0220036e55f0f83f2bd771fc27c0afe798e92fab1b8733e85c157,0,0
8bc53227f11412e5385a3085f19c2758031d501aa7ef65726739b41226eac8c1,0,0
87749547eb543c732f839fb0cf6c1417d928021086eec18ebedafd1434599649,0,1
d4b7cda7fe26aaae44d65ab16f0ebd741f604b3feef08e55e490e484d4841e98,0,1
950b80b6978bc4e9e4714d2c5d2d2d9b22f788c05ea5cbaa10ff8bf8d08f1154,0,0
dcb7d9e3886e811c4723b9fde0974d1bdcd3846e6bff47ac5f827d7de2571e44,0,0
effadf29816e6b925d2390211feeec3d4324e36deaceaff23919ffbff37fa7cd,0,0
3b8a1ea4b58a4ab86779ab41c3ed3e267b16cca50b6f11478e85ce7cf42ce646,0,0
c5037dcafa455238b3a0ff412e6f297d7defa132e1485b7180eb8a67edab6356,0,0
fa786a2ea17907e8af4e3b1f86929dce1d4f4446b523b6990a9173c8c48ce2d7,0,0
0dbbbc01a9ade1a2b5e5c730ce35041909f2030f72053447348ec46511192bc1,0,0
44417a8bc5102cdc4af9393dc4a6bd703913aea64baba572923277235e32c724,0,0
8333d26eecfd674ed80b96d7a4dd16adb143cd670b7ac3a5411439ffdabcffba,0,0
096a2ca6257bac0b2e46f2c019a16bbd41ca77785f9a0f16944be06fa1173fa3,0,0
bf627596776fd3a8eb2610d6fa1da122ca520b9639e6c6be893595fcccaadcf7,0,0
a263b65e4437dc15f1b83958e20a28ac980b0b10b29ed53d815dad0689ab722e,0,0
738fea446df92f9edf0de9890e67c99b913eed77b8e7f5b0870509e01e67fdc6,0,0
e1e31792d1b8bb497904747f12e74b454798dd696e38b83affb09606df016e6b,0,1
89f8f5bce965ca4629fd1732002c6655a0cd84aef24d024ba251c5db3ece2785,0,0
e59aa4ce335ef14c1631c67851117f43a4fe491a11a078b887e406c191ce10ff,0,0
4f5614713f71904280eeab7e71ef7e0d0ae8111c83957d84b52607812be9dc63,0,0
0f028f131deae417ecb1e521f5eb83108b28e153d0dfebe299695496dff69c22,0,1
a3ef17a63bd5f043837e9c77d606682b586007c7e0ea88d930b6017bb0a6d661,0,0
da7248ac22b388510f30cb1c0a2bc3ab5c3b1ca28078fa6de591b78e2535bdfc,0,0
b51780aafec0528326a7ef2fbd96a11a96ee2b50aa4f09ae3ed435062b758214,0,0
f4d0a966fd6b0ad3e967652b798662c5b984973af4dec24343df0152e641b80f,0,0
e3be50f3b0ebe2f8e7c1f492742bf704451c6661c6bd54919367695220e6f9e0,0,0
d64038e04cb87afd263c0a8cc842363cf5046eee5683be2ecc6dfd969533b2af,0,0
68958cc524d5f29739bdebb0cd61080d245d3e4e40221762c29fae9be6fa3c3d,0,0
d2f29ce809c7143c0a08750656d2b11b2e30b357471549f1a845ec04cb379088,0,0
c4e5d765912f65ae038dd8ceb6f556083592a74e29c70090a8e8c0d317af9154,0,0
79a7e1115d911dcb43ae99cc640b09c8ec3bd48baa60953fddf6082fc9d6fc22,0,1
f51b872174ba34ac1d60bd29d0098e8df1bceebe1cbbc8d896249158bcdfca6f,0,0
a16dd37175a85dd0f5b6443650d3c00c1274c240a07c9373e22770bc94634a97,0,0
bca70be7f68caaebe1e98bdf92422d1d4ec028fa55de3d1a03fbd49816a87b82,0,0
3a01adda6c5c91ee9d9833f5ca339b28b2ecb8b4e9c4937521f8f19268cfd543,0,0
eae87b9b8e5d8c679e389762273e2c68d4a40081b6863f33227a52b82e908767,0,1
c29dfe000b009c7078c4aca4295165de5444ae6a50f49e04e4f408cb54af46ad,0,0
98df1cf02833af6cdb3aff7caa6965f50b6b92020a5a2c3c1df269c4be89c62d,0,0
ffb3f325b60af4fe3bafe7bea29f8b3375aef3de77287a2748e81e00c1417a6c,0,0
c1e01659518dbdac87fe4eee5a492f6138c726660ba188882a0ba5dce1091cdd,0,0
3dc9fbefb3e8e67f0081dabac791ce36e83cd8159de63d4db078247a1706d109,0,0
4dcb750402c18de9d2a958907aa68ae1eea93d093ffe4f80a8546b284544aa43,0,0
3b49c5c04f8793466593ed91f9f529bc9627278df02468536f1e68cf34055507,0,0
e694df39de0d9c91ab11b9124396a699df1c590e180b3b78ad2510151df1629b,0,0
a33349bb913908347ae0716cb93af6cdc6c837e0296426a92d3ce9a0980b0d88,0,0
a4cdbf9e99508268252b06c7245ff06ab4b271b2511cb495e3990c3e2c31afd9,0,0
bfaef8e14db7d375ee2191465a3a2b33c904e8e348cd33a880671dd798d605a5,0,0
28fa8ca17be41ecd082e64852ef60e87cab08a5246dc7aee2df38c166f4c38e8,0,0
53c64de0ea655f89eabd9af0234f1e6d46b79249eafe29a9f11cbf0b726ddfc5,0,0
e9674ccbd3981a1802ee5b8d65d3aeeaff8c84fb0c6f86c17d006882511f36b8,0,0
9adf63e1d85768586855ca690e0a2752933daa8f43652b5225551a7f983a8187,0,0
24cc3ecfa6bec39abc813a59f63c712db5a1c87efee254b0bd4b848ab66a9883,0,1
ed60e6a2ede5c39f06c336ee1c79c01ee21d7c667064dca61817f7d4d4478bff,0,1
40ea4b6e7f3f7f056f83c2b45a88db0d2a23b65d4aa6bec0adc905cc4169cba8,0,1
867adab57056797128211f6999a557dbc5dde073fa39516a268ad548ee30bd88,0,0
f22ada8696fded9050ad17496e7fd1dac54a223ef324634f058079ac709f5d7d,0,0
3fec12121201f2cec150c417e9af258b690994d01bf01b6548dd4e0f78dde12f,0,0
cb2702b7ec53541bb34ee0b019ba610cc8b3f3d9b81a8adf3a1cb8268343771f,0,0
362cdc016cab6542b0ba1ebb827b5d8ead255b75dc4121517a68a4f359188e6f,0,0
d6de5c90468c29af408b70ed968c575ad421579bebfae6ddcbcf6cba271ec7e6,0,0
675893830ddab012e6fbc922468768b66f28a1456090c6248c833300ec166e6b,0,0
a966640a9dbeebd8b40d24d332d3ff9a7d7c04d0a606f3b04d7485a570f45dd7,0,1
d6c5b532daf7e6400d1d066c32554b9bf0c6fc434b07fe64848de67a938df3ff,0,0
757cbae68f8cf604eda39bee73d1cc0507349f5cf5c23ae5e8b725d68703b055,0,0
79ae3b51bc3f0af0d4ecdb8c4686a1df083455faa8da7d5db433ad05728a83e0,0,0
c0245bed0d446488a7204e6c1d29af16c351bc24c4d43f29df3664119d5d0bd3,0,0
915c94a3f17659be1bb88bbfbaa249efa39616b5c59c33f3cc28d77205560363,0,0
a1d33f92ba3f430459d0da92b3496768a3be1d012170ab478f625f821bee0d4b,0,1
830286655dc6c52176787c0449a7f7e31046df799583a1509317f80e82319baa,0,0
ed58540f5033bf542a462f4d5b4647f90efcf6745bc7aa3ef574b45d7edd27ac,0,0
4863c23d805acb2fdec74d805fc42f22441978f187358281b6decd48a16a44b3,0,0
481896dd39e5a5fd5016d777caae6640cc103588c990606b0e2274f22c10be86,0,1
9080eb12b2a27313e54af4fd89bb1f08323553d88656e72b25c8b58cb5c12e73,0,0
5bd6ac6ba250fb57d57b0f494e430a27d1ffa49b6e75024a3bdb87116ea40647,0,0
cbb8b676e6787508da6d69124feb16668e706621573025d6e8b3f8bd00f9aaa9,0,0
5c6556f2c345a1560a2967c729f1e99dbecd019744550797795bd68f1ae6b0e7,0,0
c714c1d334ed21f67ea83d62d78160da2dc0b589a81f64cc8348fa2c9e467d76,0,0
b5459ce30ed3f0b67af3e75ed97dda93d1295bd44a84ebc5ef0b9225e0423ee9,0,0
4b020879a8da7e3e7ae6b9a9a703257932d9e2c3fa3227ea5f8c062152e47b70,0,0
c5aeedc63c9ae51947c9dcc82a882080fdc2fbe5074d808352d6b28ef225818d,0,1
72163fcd8337e9266fb932a7adacaa3291b98a872e9cf5c19cb3455d25478d7e,0,0
dc32a6f435adb7630c0c10c85010684fa49ff28962c24155b6e1a47c7fac5818,0,1
edd4c2f9cc32e28a999a03d0c2aacdc5b1bcfa4a2f528d3369438d665030a6eb,0,0
f9c828af1ec508ef4d8a08d30bc1dcee34547fa405b34e1c927b1793f6d15481,0,0
ebcc5f087f8f20cdb875a1959d41f50c2d8359e57f87383971f2f3b40cc472b1,0,0
ade78aa55696fe7414f09ed4db755f3c34d0f28a752987538578db4ba6d3022a,0,0
0e1d9acfd08198b5dd2e02cf13ccdea86cf693bf55d8f2a8eb4203ca56d04473,0,0
cc069102d67ab0a56755b5987c47d9957a116a51d16159b40f0be57ba04ce046,0,0
e6abd41f309f5eccf96c1bf14c0e0b8af17a27bc84a0a4ac724f5a706453ddfc,0,0
f6d5c518f67db062908a358d5d214586b5ea667d964a22bd181a02605253c220,0,1
43a0b170a890ac2136bfb3d29bd0cb844c35beec3b7808489fd01b4a553acf68,0,0
5371e5d6c0fc7f619006464276482c702a94d02a45bb192d42894333b045d886,0,0
6a47348821ff0202e2733f5591198175a64855c2fa6d9bab473a6789a3d9f9c7,0,0
671025edf4fecf8dcd212ac85ff1d50de4b53d135323d3e6250e35e0d4c58daa,0,1
1106dfcce0c868fcb517461d386c7b5f02efa5814d4aa07f0ab6d2407be25f28,0,0
c96e6ffce08a95ebf9039a4a25c39ae8cc89a045fe81dfacd6afae6a66846375,0,1
78e0aa7a2d762692e0830c18e549502715db504c8287432dcf03cd6a5cd5c0a9,0,0
abb755346723ec8a1ea0c847bc5bf5ecd3e7a29aabfae225b53eac1133915d3a,0,1
2e29036abcaaab13c5a57d537342e1e9a818c28bc008d43a31c92f6f282a09cf,0,0
6dc60390aab9eb66a7ef25441edf9d9dc3c686991b7fe015806bae391d90dbb4,0,0
28fa0c01c74631470779c0501b973664adf3c61665cd21db6f16849cbfc3fed3,0,0
a1799b61e94f8398fdb9c3957af0f975358fcb04ecf7c89e356ad19a19157d38,0,0
259e399556730dcf9bffd45c6597d97cd795a3decb9e40289113499bdd610472,0,0
282b90e9163c3ce6546721c0391a754231bda632811ad863acda90898c48f82d,0,0
62e3c56e6b7ed2f15b0d6e697fa6793e7619a7320ecba00a91fc48a37d740e4a,0,1
5780903cbab01afc4b6ce19449447685af1786a16c251c450139dc6fb7725fe4,0,0
9dcda623787f62f8956710b0cea0c1e4be42e8ba828cf7ff80d7f721f6e6be70,0,1
b881618964d6bab416f7caea0d9bd40463f5859c4508e1a4dd9dfd55396ceeec,0,0
074284651a4fbc361fdfea9cb92bfb06608e673f69f92a5aec9e5c59e12ab225,0,0
b623c3aebaacf8e09e50b88375c60d4675ff340f8d38a6060f554287d98057c8,0,1
7c3af25d1f9116c9c7ec5aff7a6a620a5e5d5ba79e2b84461389e0ab80688b87,0,1
d4aa5ae29b9c9ec4912cc2316db10d5600491fff275c7af18259b9351226acf8,0,0
e1d93ce777984177b8209669d61f6e3233d1f9efe2b23778988cc9f7118869f6,0,0
54444aa48d0fdfec66993313b51a5d04543d4fd18916f19913acf366307df360,0,0
882d10889b6e307ace2b21ab8bdbbf94e8ea0261b10101d3577c52992aaf81b5,0,0
7fcc6b905511553ba36a22c72e5d6fc5d084224aba92322d4695bef96f23089d,0,0
17964e4c72b79cbc313c4aceddd5a6ad2ef387a199d4f374fee1d93515eb87c2,0,1
a7151a985cc1bdda10491e8157ba35fbe9d65a03529115e267fe483f58cd970c,0,1
5d1fab33d8fcd67fb78cf084a89fe22fcfb36a26e882215a6b00b05787c23584,0,1
255c158821c23335907ce643870767fc48259e074b24f0762d54a59568485599,0,0
8663c4b2d829f2f4a681a8aab6baca101f45b1906cc782257f25937b1ac4c2e3,0,0
a97fa84430152d1a54a85bc52cae3399360447ed3060c3dbc0693ff7e49ecd61,0,0
82774d860f425f11a67dd0bcef9d0abef68d8099b85d22f96bdf2c4ddebaed1f,0,0
8b9aa29f0d1301f4435323da28e93fbcb06e154eeb3b6cf7c02d221c5e6b3729,0,0
da7d0cd11b506de8a3d9a0343d33db01ec66b3d4c9d67cebabdbc29ce134e51b,0,0
27e2925ec4f566534215cf0091cc2f7b628c6677c4e9b2160ea83c81c5316118,0,1
c0f2c82654159e8f49c75080b6af794c517266887368905c76f21ef78a63f573,0,0
036ad3274504a6cbbe465b92b9f50ce9435399fd2202643882c76f3dacfc2fd5,0,0
121e1873814af5da16f70246e15b39c49b79dcc4906e2b3fe00b3eb75abdff8d,0,0
869b72c017851057cb4a72706d5c628345603af6a43a271d968c76b2a85c1b44,0,0
e54792dfb8b6f9462aafa0a995e3bda0e3ccbbac64f39e496e1af7d732c48834,0,0
b40e55b977dee4974bf17e909f6a2fb80a1c15ac4e0ad0e67a8609f86fa7c119,0,0
7cea44e3db1ab7f36c4be51f0ec1aa9644e741832b754d3c4efd10f4871820c2,0,1
c170b0c0e9aa32fe948d5928d3ced883a119ff3593c8c847daf44d939772e5c2,0,0
276c3c828a04a8583d9c53aec08d1e9e0b68dd750bf2aa162c3606a3cbee6cbc,0,1
8c6daf341f5810749a16454a6f712ac58cdfad6c5894e386302c51d2476f4b9a,0,0
8c6bd0e70640795726cc8ca97577614418c8f02d38317dbd011c739cded06728,0,0
2469c633d8903e17167452bd4678ba750d67832cb9752116d9ee4b2cd0728129,0,0
74671d37300a146f7c90c4867d43fcd25e8578c04df202d4adf3df8d7b5f24ec,0,0
2f67bf5adc57f2fff823e4ba473830d38841f79337247cd8bed0c34cdc33438f,0,0
40b352c5543027556520599e75e9497f756db7d7ed19627ab038f0da40675c90,0,0
1f7d761613473349d696a399da94b7d16ef2d7ee6f3060c19f3fceca40d6c522,0,0
97ef89fdc8e4d684a05ec4d714dd56cd4c8ce7ddcc1ee415efd1c7539770d248,0,1
e8f3ac77bbfb3a4bdb662970bccafc708fe5def88a2594fa8bdd73c1570c8444,0,0
620b26579e09c5374b572ad92525c1e9e43083ace9320559980a38efba0d97e9,0,1
9590e8d53f4b8b4eff21753ab3ff9aa17cc652ea9d0341dc8371b51b6a6554c3,0,0
fe10d64fcd2ef781d6cba80aedfa3eb5604b76b06695258f8fde312bb97f770c,0,0
16e55b7f966030c8c6e284f87ae917300800cc81e81fe152776a4c30c568f7ec,0,0
cf38f378b3c6d9a80f17ec99be722f4c933d4f17c99c7d871b1cc6c810bb807a,0,0
ba009f4d9afa68be32bfd8188f17598cceaa709e27ad4aec51212869ef93344e,0,0
d9d59674de8e9138543602b15fa9b14a236fcc089764be5c3562bee4ff6f0216,0,0
d2474aa75a230bb8f6b1d82d5e43e9113d1d44be16223c7416a70f493262898d,0,0
c8a3167da56ba6199b77caca619ac313fef17923a392f77d646e7bd9e23e73dc,0,0
9f3998ab79eb9acb347660df75003b878a8ca2c951469356c26ce102e858b8e5,0,1
2776f28943a1d5db8fbfe31a2c360276efb8eebd5c41a73f96a0fdb27d375faf,0,0
04ce9983ecfc4e23a580f987fb2fad1bb5514786e063da7074046fb0fb4e842c,0,0
29b224e75efd87487b5373074b8062646f98e4ee432b9fcfc629f4ff200f08ab,0,1
63cd547a76f7961059fa4cff937b2d29279c42215f6c7182d16d82e6b536727c,0,0
98efa751c496f767014ce2b7d4ef191bc9f85ba880f0d0eba7278a5fb11f40a9,0,1
7f21073f118e57077b8275eb6f51ff3c85e348bf409a268dbf3832129334f2be,0,0
43a0c3bcc411da21967ca757eca4a07ca4bdb2d8ef74c8bd07726aa3b50e0458,0,1
fc29302e62193a67c2230916a1a5844236c6e37460de1723a0c9f42eeff4c400,0,0
83d8248ce1b86f5c33b8673ab5035e497c6b2067bbe62dc58d179056c787073c,0,0
22a4656ffd0cdcab9a42e81811c9f57009f9dce00cb74ae9a859b3aaecf22967,0,0
7c479096084744eb041cdcf203ab6d35082380efe39a5cb2bc10510d221324ff,0,1
c8af88ef53cb06e3bbc739d3b22da58d4adb9b7be19f092eabb8d66d71b813da,0,0
c0a138b6e86b7d1ab4c306cffa96909b740d73a7acc14c5cd88702fc2de59356,0,0
6125dbb5e69025a5a02be40ae954e00b557eb46def7369adddb53fd7bcf1dcc9,0,0
8f64aa2489de95237776d446a6ab92f2b3bf3bfb1969039b53607b09bbe0c513,0,0
fcfbf7a0a7a3ce479de61b732a4b39af1e5aa7b61a3a45558aef9ee81811163a,0,1
c890fa65ae16b283738afc1615810091df3c61d20ca024af6c699fcc9aa298da,0,0
6c67979d112f675f4108eaaa24057f99a66c40357708d2d3b1a43740116fa3ce,0,0
db8d074c0b42b3cb5bdaca7e7b6b024ef377ba8af579ef1910bdb08f60b88c79,0,1
9c04ee8b732349bb5e661b45471a0e9106b72c20e89cb678ba755e8aab574732,0,1
3c260618f1cdab505393320daeeed27c69291aa74d15c610394d616573d3318f,0,1
2421523808bc8efca64336cd1e247b8756ebfd3f07b3ef68ac7fcff7a25db130,0,0
852b4bc85ec88a42e54acdd24c9d6adee3e885f966b80c78e92665652eac8b24,0,0
79d2a3e68865d647b1e4d5f08f99c1b62a2f6820f95f437e2d063d37ce83f984,0,0
6279b26ba2ed905ebc5c49df78ff543fee72a6040739a34082513f4c4e0cc625,0,0
bcfb59f1e0bc1cb5e626816bf4adb20cd4a795eec1f590785c301931d56d200a,0,0
fcfb6bc61986f95ad8d84ccac5c77ab071b3e74243aa07528c51a37e2b9c503b,0,0
4c01d65e2cf7d3a7e0bf9678a2f273e955b80a6f0a5842f89aa43474a053ebbc,0,0
e596831851eb5bb010e4b9590d2c67ad7bd41be2a4649f83341ad888a1e1f334,0,0
a7011b67115515342599b9b916895414f88b7fcc51f120a25363a56c4dd867e1,0,0
2742bbdb5d3d9d6f559eca25ca629e3bfa547f72205e57bd178dd969b1a4f001,0,0
74378ce4d69ed52fd3c75e892960928029f2f41e986d3a2534eab1d82b8b51da,0,0
e8148e7e849309e519ca3746b88856da4ac094e910ce029ab611c7dc09618b80,0,1
37e275d5e97aab7ef02691e8860ef3c0b5c55707ecfd62563ac7843a1dc4735f,0,0
e87bbb375b6c9c101bf6dcb64ac5a7a1666decd98bdbb0f3068f176568843bb2,0,0
71a5cdbe900195d9123589c0911675edb6de77e950af9411df9c92463cac6803,0,0
8d097cb73de569f3b9251ba9149cc57c9156653228ac16768b81dc4910025344,0,1
f4cd4941c88159551ac9966c70a82b3b798f3b6d9248e8f8a1f91ee202e2b56b,0,0
235952815744634cef83b8f4b659c95b2461739a69ccf5a9bc29d3a7e17b493f,0,1
beaa02107a7b40c6cf66c148c87469b07ed1bdbb08e709896813dcb041f81546,0,1
82097eefb540e669fb5550403cb1f3d1af180500fc16615ebd6cedd907358d75,0,0
fba26932fb5cf9f44dd170bbcde1b87c7b85e18a28c566de130dabfc1cd4424d,0,0
f733aea1a1153dd0cd3fce9cb843785a175d1f508476dd3bfb5a9c0478c1702b,0,0
b9fa31a567335679fadbc848cf8637cc2f8aebd56e0543c6a4d3a92f1cc5e248,0,0
27b3eaf71971f3d9b58372bdb633baa4ae650a20e6a9293de6d0fdb1ae5ef74d,0,1
f519e1c6b7e9ab0ba244d1afd36dd25851b52f09de9d5dd885ccc3bbc39907c4,0,0
bc25b4a9ae5794d21823dfdc509b1c9984d9f4ef9e1986eee53dcdbcd4c9e189,0,1
28fec28671700a9aa22d742469f7d5dfd49effed2146eebdb1bb68f68b1684fa,0,0
ee9c249795cdf2d4b70d1914ae6c7d1b1fc69d82eba664eadf56c1ebe51ccad0,0,0
b02afe8fb20788b9de4b9be3a7d70ac8c738fb5df97c9217230528e8e3670894,0,0
0b02c0c6e2d72b5a34e8059d2a7f6a80f5fd34c3b3dcd39ecaf5e4cd97195236,0,1
d44a68a1a53bd6ab8bb3b1c22eb03a7a17ceb05a22ec8d40383b9e501b913084,0,0
955dca6541dd8c3109c492b47999b2ec1c8f50f4f52446250c9ce5d8af13c452,0,0
0859fd1ee9bee142ad02f33bfe2e68a2cc97975db7d987f07bc083382ea32129,0,0
3eb2fc1f31c38cc20c4e4d99a46ddb77b6f2fee1a6df1e7392343339f94a95ef,0,0
29d9f8e7415e1d74f427696148d50daf5a6d4c85efb062c2104f3a8709e77400,0,1
a41db4bf71d753361e40ad54ac51d6a5f14ebb8751ba40385a5ad58688f394e6,0,0
209cbf23bec68f0c8a42c42341378fb9aec8f4411e31a0a6c1d3c70c0e825e8a,0,0
bb7031516c03e5141def3502e8eedc2cbd61c8845f9a6972f25e3676d83d3531,0,0
6027530bfae294fd850c2d807dd6025b2d6f41cbb05fd9d649a5de998184c392,0,1
5b66f82f8c4c106a4ef0df45195c7874eb694b47f8fe2e345cbae5fbfffa1be3,0,0
c2336e3a1d7f74c516856aeef5dc6f748c2ed5688c60cdfd514c42a4a0032083,0,0
e61ec40ef73cd094b7e70d24e4687f31a3b838ca1485afbc46163fc8ee95212b,0,0
c30628536298be19819ca212990448fc3e17f63eadbc954614c77fde9a030b99,0,0
33ca2c7cde678de5fb1483606e8329bd1290f2a8a1fe4b7ec701cd3ef01b5ac5,0,1
94bd67573e1339dd5ededb257760ae8d697621ddb1cf5c9b82f1fbc1a8d0aa92,0,1
7e595b28531d471fbd9bc26afafe6925040b6e15a78fa2a9d6d4357c13fae6a6,0,0
10ec7b759ca4613758a1fd0319a72add58afc7cd1a9c803cd18a86736cd6a77b,0,0
4b848e4a385fd3d85778306e2f13bc6b75bcbf92e4fc84807a98bd5e5e8208a3,0,0
b61909487907b93fd7bfb170160e96dac553592b5949478917cec6c1f68cb81a,0,0
f3ca0214139fcf1be5495220af7a81047b94c7547039840584bbf08e55063aed,0,0
1f655b289b4111525e7c4ef2730f83bacf1e427059cf6f67f6bad18d388c3e37,0,0
bde2c41f5272be59556a0d46dc1793128c92a8210f682d39edf0b1a3188546d7,0,0
ef7e834efd8c0ae4cb27e7de5685b8931f6a6f7280e14b5550110c0c01dd618a,0,0
ff289fd6422f174c1484348e815495dda12a9fe32975867188b1e413f8f96322,0,0
94cccc1d98dd0b21448b1706bd666afc6a83ade708cb18396519f3a5ca07436c,0,0
459fd7cae12c357e4381ae91a006aac300e36bdebfd279efbf3d947c5bd36ea4,0,0
903a437f04284a54ec19a208ad5ec7644780709c8b68dbe28bfcba84965c9727,0,0
879105fb736c2aef58505a9c3b872de695474395edd67f43b40da983bfae4763,0,1
d38bde9d62a254480f2128aef9223562d734d375029e875eadb5a13cce66c588,0,1
49c066cb4c05585282ce8b1cd0477365787b7a8541186d174c74d217b8779bbf,0,0
9fbe16e07d030053b1246bbd24ae5ba589718015c271eebfbc105b088e026c06,0,0
40113ac5cb40263d825237c254d2e0e1c6f31ee79d3be92990fcb465e8f715de,0,1
c48f8003bb4980495a357d60cfbc2ee77785ab6342c2bedb5020f5b2612f3085,0,0
4a47f32b5b85a9de66049ec0729b8b4095ce735510a1458e2319351f9c45b287,0,0
5e77e851a82400296594d9cc1707f0a10b3a0555004a61e2c8503da9f6937a29,0,0
e28715fc9a68bfd2767d8d8ca231944ca583350e2bce3b3daa7380eac64804e3,0,0
9e66846f952b603cd5c12f5449cd0df61885b62326190d14e7599386a03d9d66,0,0
8ed0dbd71b157bea25f48383f35f6976c137a0b8fdee8c3bc9f4b93c2b64d1c4,0,0
5544eb8296a915bf5848d657123ba7e6a03eb1ff0b8e47cf1102e117be27473f,0,0
ddc8bf0c600b10830e8227f1f2f2d9faa2529d2120d72166242b0da6a03817bf,0,1
e3c91b859c36f0b29b8ad9bc643e39b9b9aca3d2acd3b700bc538306837ed3ce,0,1
13e24212bd9490e2a056bd35d37d61e885ca9c2ee37e734f706ebf27147fe06e,0,0
a0ce482d9f5ecd7f159536a5b85d5c48f65bc571562f03e45eea9d9d8eb444e8,0,0
9a1e40b3e4dce55f30c0a63cc4e70a74c5556b68f186cab029a07f828b955d61,0,0
57fda93d5b2b62b675563a780505e68860dbf3c49caae2bf0965a891086401ea,0,0
302dce1ab93f4de8625184b351eea9b4e1ee5eb339da83b3530091392b28c2d2,0,0
b4c27cb38162a4996d53357ce2ef93fc4effe34fa38115aa22620a6320114b8b,0,0
f795018d670dd8af67a93503a3767c1e130c56c101e28df880d2ca46caa157c6,0,0
83c1cf08148e755b97457f690f17f882689bb7ab945243c1a5b448363bcb4508,0,0
6f9f3b7bba19b47789efc27aa7a8af4da9cc24fdd90ce3eaff69af34602562b0,0,1
505c6bf5b902f571554ed1776208e0f4e8e04984bc698255440882d6b033fd27,0,0
f38b016f182d11adb1d48a52d2d7b25da1480af48d010ddc81dde2d61b50b3e1,0,0
45aedbb48ba5362c323718b83c51c9a1993ba7d9216a6f6076d0284349794f0b,0,0
3f0503625d35c341f9b984d583e15477a79e39e18cbc73f7486dd0ddbf7a97b9,0,1
f57ca9c4a687182f17f7480dd4064fdf41647f34595a4d108b7c1236fa9ebd46,0,0
307c041bbe408673d7f4d3cac12903e4278718098472fcf8b719776955e5f8d7,0,0
14d644c25e5ea18d3a8a58fa599a55981ba04155583dc6689d4b433e94decdcb,0,0
534abe3da2c1ce00234c2352108bba594d4e924344097e205ddba9248f58d4ec,1,1
eda771cae3f88e3a692d997c6332805b1b9a3cac830f2cd76c8fbfb63b81b5e4,1,1
8e946259c4842c0549741c6c19155af6b79e35530c63808a95e6a027c22159aa,1,1
d27bcc6fb451219727b4ddbd4ced865ca190ad502fb8e37ae3335f062eeae688,1,1
554d035fcd83202eb2d1badb5b493e453f06062b3b6fd8c5c0d6c967abf9bc52,1,1
66e4390dd53decdeae27ca8d05ebf8e088028234eb757c1c5b410bf52503f393,1,1
9be2db4e99c123fabc1f9a5e874be5760bb420b0f43c7a22afc1ab178da9c636,1,1
09436f63e4d7e3a8d221e1b1b1d234b4d98b3943351e4f55c3fbadcf02f194b3,1,1
33f9d0e8dddb9c89ea7af21405bb65581f45949240a6f48c253549b9b6ee2960,1,1
7f3563af1d5db1de2fd72a71339827ac3ca9c488153e9714f6d438e84edaa7bf,1,1
05cfc4911ae660e3db7a79568d49963a7269a7db245e53b0200104a0c80b09aa,1,1
1ad962c7a8d34df3651e2d1bf0d565612a8e8858d07100e097139b031b1164a2,1,1
880b522d0b7c84d2aeb494cf1977c0b7bf62c890f85b79a4ce66942fabf0c380,1,1
553329b25aeecbcbbc79d5443cff8960b70d1d4ec0f22effd6b413c3d7c53e8f,1,1
df833bd060c806861dc4a2df632a04ac8f431a3c092047d6fc4611c63fca6661,1,1
87f4286e2e613c2cef96ab799bf5bd54714ed4b883d122827d434f9602528e34,1,1
4693067e0199f2cf1703122e7e109f6e3df21d95040793ce581ce56541ce168d,1,1
86931e160338fd82cd5da8dc96c861e0b88b1518ba98fdb9cc7bca8d8ee28172,1,1
2ad6995faa9df543aee68cf581db7d5ce32747b43dd86c72845c145a539815d6,1,1
4371242ec2117220b868a104b0cab199e5486ff5771e3f2424fa2bb56e39e208,1,1
de751b3d98e06048a7f9347440d4ccf6888e4ee12cdd8ca6d9ce250c138104fe,1,1
3273f78e219b929a38cab5965f9f4172e69a1c4663743122c14a2e2363579a29,1,1
8b923f0c9d239cfeb9d8b415260295448ac3c737a9c88282be2726dd2b5fcc30,1,1
bb91ee72813a33a35c400fcdc242276df39f3c288f98c1633708bfa005deecee,1,0
b08fa17785a6a102d8ec8a75375f9d4e8d96b66ceb5de45f44bc6dc5c70e204b,1,1
f3eb67350f1a93782655524b910bf5dbae89ff28bd606fc4bbcb81e505241d25,1,1
0bc523066dafdf4ef5c5fde582b37d0d598506b47f60e07bb77f674d896bcd9d,1,1
4b6bfd8d9892778536e8bc31971f39cad35fe5a9cc6476a3ca9c231aa821ae75,1,0
ee4b1a23575cb7941d343ec7f220b1be224ddb44d4cde6b796ba3b37e8907781,1,1
27d807f0dfb6e5412d63ca8c5c606039a33ea27b1c05b1537798bd1f10505454,1,1
b799c994464e029162e837ef108071dd6ee043cc640bcd5d5200b368888ec9ae,1,1
ac4ab17929ea940df15b585db42f5cc4b36b7b84767a7f77922f1d276f2c8e4b,1,1
1a970f083f5edc2debdced07db07b587af7fc0f2949d35e0a37affa418eee1c6,1,1
b5a6f1fd87562596fe8187c9edb6819477abe9f0e6cda1eff59a6290e31d6d18,1,0
18b0d306a19f7ad4a1b13dbcb8e8ac707a849370032421975640c47e52a7e590,1,1
ac484e4af17889cae32efb381010b714d2785b8e5772365354ed46bf00934290,1,1
ad69801fc3bef6a6f355c828794f058682286cbfd969f1560efab842ec467760,1,1
3f448952e9a19b2dc6c459b60727faea173b77940277f2b318c77f0e0ff5b03b,1,1
dd4940c3ef2663891a75cbfe9ad5d2cfb40881e0dd78983dd4e599acd17b0969,1,1
30ccaf580b677c20c1cf60a236b64fb3f300bddcdad4c18001a08ffe6e3041c2,1,1
0344ac5879308cd35ff23c42df5960a1b8ede041e05363b9e1918cd4159032e4,1,1
4bed783735f64e55598490296410e3ae527b06dc918dde87fe0f2ee5c0260401,1,1
531dde0bf96c466a71891b3ce9bd6d55ea3c0a0036173552c7b20b6911242f7c,1,1
4ce090bb69fac6dc086c13e51ce52abd18bbac25da2cf830713c7a3baf6b5f0d,1,1
0aea579349d925f0e67ad13641d99772e6dcdeb2ee5ae2f7b3d16d15558b20d8,1,1
3d77225b7db94b9ec883e1a0711924f72b574769f8184ace39f677a2bec16efc,1,1
1c4e0d850718323201da6c33a5dfc0602a1e5cee02455bd36d9540f29a827453,1,1
37bd7ea93031bd2763ca22b0d25563136e4d062ede894f4f9f39137d7aeb4a8f,1,1
d5bd7daac6db8620b24565d8d189f90e69a17e1ec6898e578e1ec0c6bd3d56af,1,1
95c5d9ad1fdd65ab7ead209e0829641e0d43d8cdae08ca0fb2d5673332034705,1,0
79b5b5396eb3ba8117dfa8e2efcfe05498ddaed134b8ccdecfb67bb8f99be0cf,1,1
d20c0976d165034ce5417cd7067aab01a654c6fbde9803cae77d1c3594de1467,1,0
b1dfae29502940145c4c8640105ee65e14a112cd8df3cff2a1bb8631be9f351d,1,1
ba3726f11a726e5ebe44b4e5bdb3c7a17e6ca77cd0eed135b5588d30a378009f,1,1
ea9c7b196f819599043116c9a9502336032cbf30fcb0705c1c25ef6bfbbb0f1e,1,1
33c13c44c8ee621b7b8913f6da5b267616343d74c3467ec21727a662fa19ba86,1,1
cf3e44bd62a158e1e7d5dc38da4818b91eeb57d717f7b7b94aa6e54d057e41ae,1,0
af9f6023f35faff4b1f6b1ff5b205ad808992a2fead64608b92db16af30e8c6f,1,1
cba1d2e6344982c0219c406754270afe382d4370efa595bd85217065ae07355f,1,1
bb433b13022cb4599b788a91b6e82b7376d88edd759a7746109812d99dc21213,1,1
dca972a4b05ad14f38d9a5338f98b05637e33d1d207be644ca9cf9ab71c517c3,1,1
897449c9ffdad8ddbca8507f6556c46e359575eb8ec9d2182473b6b283e5da92,1,1
0013bca51c085e0284c4d3b8bfdc347c9e9385dc5da49201dc50929985f6084e,1,1
b085c5655a364de423056ffac861e7d907ae96a516b3e8edbe39b912f5c871ff,1,1
3d55bcd0c7abe43dc245a0edd72394f14e080e046534f2bedb32746869b3f5bd,1,1
26488fbe942fb57c86e740e9a8b635fb74d205d4fee322f4b75163e1d7d3446a,1,1
82ef40d86b8659bcece15a31bc93b80e9a681b9927c517b8a1f807f8db6f3bc0,1,1
622d671bbc0fe000517424200d7c207c5abeae0f6c466c8bb796c7ae856e87e0,1,1
eee3ada5d7cf8f56885ed14858e8fe273369ab54b31c19f340b1269ab91c9697,1,1
03630cdd22e9ee5b8ae4fa9b070f0419c55f33c1328bb50a98d1e8bedd98fb09,1,1
ed53f299e61c0760c79a8afa6fc93b26772939e488eb07a022faf4844c85cfa2,1,1
7596d24dcef13be1132681b2aa3c6da0105b7a214691d32fd70ecbfca5a1ed53,1,1
0944d258ad953dfa301cb252c8efade3e72ec671696b74802f1c60a61c4ff50d,1,1
a8b43f47e9aedf3ea3a5b977ca942ca57d0ad3c2bbaf92401f3c87a30b56a04e,1,1
76041f4f3a1d37f2fe2107c7232ba8bdb4759cff32dfde910663a8e29a65e110,1,1
454bcae84f70e7d183ba327b8b46e9a3123782c15641f7d3fa9be312a6421adf,1,1
c0a9b35bcd9f4e28d6264359e2e8c35b56fdab18fd5a798c866bdb15ea6422e7,1,1
f971fd9f36e964da1e12e08cd09edf56f597a8867cb31122603e0d2bef466f09,1,1
d402af1c534fe87cba3141788e7c51dd47a79e4b255883594464ba74a7dde19d,1,1
95d92d76ca9560895c69c06dafea6f6e817874819edbdbd96904e4d369ddbc54,1,1
86735275d3e2ec7902a03bc2f6a934893caf0659222183a233edf96604accb3f,1,0
2a16995c9a47e142c0fc4d016f317dec294ca3e5bd60ba4a44d653c00f1f2080,1,1
68a43fe9b01c11cec1c0e35b81045df2c6f4f7177aa5e9fed0008af9b1fc05c4,1,1
999fc5f894e186d8a4252490b18fb379e641a1c2d076bdcacb7e4de21ad16398,1,1
865eeebeae730215c9a68a296f0b0763b8abf869a1010e45877fd32cb4bacb9f,1,1
3bc1f69e7e01db8576be61af8a48f679eda48e004b2ad2cb7355027d05c65605,1,1
7ad7387845eb39037947f3901841ecd442265659714d6ef2f473ca09e4e701e8,1,1
d79d217fd508cb14cb6b5c9767061fb03a43e1dc206f0db57804c96b6d28252f,1,1
c62d0c6b17215586cae218e30663686390fbbd3f52d79ff23e1c377510fbff1e,1,1
075312ac617cbcea397717559cc3f380ae61618a0d06b6e553efde780e1cec2f,1,1
bf79596e0dbbb5bec4d582255994483a06c8ec6f91cf22b89c9d942bbafd0c7b,1,1
188a223db3ee2818bbfa3ebafc968a298ffe71d74359c367d93e91665a1c1595,1,1
cb9ec3aeffab214222612568b41684278868c47a49c29f953648abee58321c86,1,1
1eaed41b93e4bc23a004b33d70909ea41647bac207e537bed4912d537e128e8b,1,1
8d9f6d8102592ad094b014b9ca1e8523db288043edb10d33167646459d5d3327,1,1
53974d8bbbb043de44afa8f3b2c5c9bd7ba9ff950a27729f0e87d2b356d254e6,1,1
6eb08cf99b241be74a09ea7a85ed79ea9d0a28c3c0848b0bdad24e4da85db2f0,1,1
001ba3070074c84733e6c9446ac8badbf43f31e8cb6f94dde4a00b190cdf7e3d,1,1
50959940353dea496ad2dff3ec3f3bd63628201592480bf2227d4ec9bc679919,1,1
51384782f489d9499e6552f6e80184ca859ab1d5c313df3df260b4ec7fa72abe,1,1
833cde2a6da07b602c1af3cb010e2484449a6c94b03f102c000cf404373fb8b7,1,1
68c05fa1128d81f7e80dd1817a1d9cfae1c4377e5343d25f03e06baec85118ce,1,1
f68befc6c3a60087ad9131866e4100e97404986094e2ab945d723971b7709d82,1,1
1f036a66168fd75120217121cb210f54f32b9b31aa5769bcb530652652935cf1,1,1
c4e8d5387dc887ce4084ef1546c881c52287b9bc4660b9f776c82dfcd0722082,1,1
de9848861f2067bd2609b0099c15ce8aa2ad45168ab9f50ff4e6da4a0ecf58c5,1,1
335a6762ce640d0567bd1772852cf6cfe14628260cb829dd9e760ba426d73d06,1,1
7f2de2b197173d5004fa6ecf9cd99f28708dffd82d3b0d878d2a4c1d1861f302,1,1
528cdcf63ab9a3107d92bfcece2e1a1366027c03664e2430dab5af511b9b7e44,1,1
58b43aea8d9c1b8b2d6a22a5b47f366a2816849636d0988861d5a06b327da59c,1,1
67a8ff88997d4ebebd7c18e1c4529a3bbf0de68b948af51763c3ef7020b39e42,1,1
efe62116a27945a5ecfba3700fa028414d3f966b7caeb2809c64ed2138352811,1,0
29c6c72824811168ad7fb7779dd68c0ebd78227f9e6758fbdc3e35f1ac582a14,1,1
73605e5c6b8c03295b1aff53c7850c75e128083264439bcc05a2499b8aa9bfd0,1,1
295fd4303b45cf10f7f40ede25de6b7ca8ccecef65369657d41b295bf9f8475a,1,1
a12fadf39dc8b9eb7e1e840aa01ea68ec2e5b6e1726dd54fd50968a44d5583d0,1,1
2282d8aec261547b23c1ed6b73547f4395d1c7f09c4477a6e40564a0dddb0a95,1,1
bfccc02bba3d9486c1f1ba49da5a7893f0a0da7f0ea349db0597a346cfa612d9,1,1
f01592bcf3633f0b97265079f82f04158dbe1f8972deee52cc850d915e141901,1,1
b6636aca1a4a1bb5d4bf303397fd7ff533212f647e82becd48b65e646d52851d,1,1
df28f0eb23e061782f3d38d5bb7c0d6cd4d511984381de6a1845959ba14ae5b9,1,1
5690a763093cb5c67b3a1b6630cc80a7298d7ba5d2ed8a263a0993aa84989ae0,1,1
09f3ab12b34e020f04a1f28b67f27b4e304d70d6a7f81c5658339d5756774eb5,1,1
7da42c571e2eb25302116f16cbd82762c2c2723e5786778d5da1c394c948cd42,1,1
bae1d9da4e3992fbe58db8fdad0360a860e453becfc697af2e98613d7933f59d,1,1
a5ad02ac8d4abfd459acff9952906568bce7ae3b707c8257022e6697953d0cdc,1,1
0ef25f60ba8fddc6569ec0548bd857e41a1b7b1cb4fb828fbe3179b8dfe8eb47,1,1
f05932e68085c1ddc7b0e8392105d2bcb3e8581f385a83d206f30324cf5fa4f6,1,1
922596066b188827407206efc226c58babd3a6b89108f8e9d3067259a9a24612,1,0
facc2bbe703261f6e664ec5b0475ae5f580796f2c25865a81f192738e5b6f697,1,1
b201ef1c688bd43c283715f209112e9c7bb603048ac416a976fa3269312f98a8,1,1
192cc7c47758f6d70b3c05ee9eead0deb164871722d44823e2e8a964d9d833b7,1,1
ddb1a5a055bd07befdfced2ebf0c31b2899f7ede63905aa3870b556b2fd69af9,1,0
cb44a6468d4cd5e254c7845424432e2517fe53b62d0c274292ed0449af19e2c6,1,1
f8f361690593c58ed93bc5acfa3a64bc609d21baee084f4fd6726051a1be854b,1,1
84b648358f82bc4371ef85fc9d143ee72af870a882d95b1c8c95e0545c506d2c,1,1
f434f5cd25c93ec812da1930fe56871965877f9227f8240d0da75110c9c29eb3,1,1
364527e2a1ec78285e38c4160161bdd7756a15dd1d1717b2b24e1129c357ec82,1,0
c091623d5f868699da314985f372c9fae51578a8b457d12ecb838bd351572576,1,1
cc5ebc9daf9a8a203e74695b64deaa8249e9cf25f7aa244717d4f20b98767cff,1,1
fde6594e6ea61d7b8ab10f65ee77ec266c8021c43c39b38254b2a2f4e0b88617,1,1
59f5d6e73fab52835cd44eac309f0b48884bed2189f8a0de5e8e1d79f3077181,1,1
eb2733f8ff01683298d8feeefe1e77c7c4d48ed0c788a09e81688391bbcc38e7,1,0
dcfea4948aec99637324523bc20829cecb3848e1eda9c6bd7591f2ea4557e6b3,1,1
d17f0a4fd63a329ab93d7efcbc2d5c2c7468564a83f26e10a554f10843ad03e3,1,1
5457e3761cd9db3cf20d4a2ca61746e8af7d109282a564e3789f94dcee6914a5,1,1
f1936ddbccdccf428bb9e42134132ad1a253f06db065ea6c1969fc3f24e4933d,1,1
8c409387a48cab09e791ad5f3db208162bc18a179ef0689a9935415548f3b0da,1,1
d1e3092efc881c5c66dded8b2f1db6818018c6d46cb2cffba08b8973d1f98209,1,1
d56a73d4ecd33b59eae594e5b084bd3ecae4a20d60f2c7b97577129ff8ef3f61,1,1
7c6fb2b44284e6b2ab94470dff930e45cc3e51b1583e1f0b1153cef1933db57e,1,1
583fb30e1bf67daad8aa09b15c86193e06cc1725242f0c8941da42f1d5b96894,1,1
3154207c3ffa8705637529658067a9d9d232f884fdde3247f060c2ea35164dec,1,1
99cf4d0358c9318bd7e992830ad2dbad2de433d8dbce13cb9c89ff295f788295,1,0
597b0f2a283a6bb88c2fea8ee22e0fdbe260cc6ae082595df37431ee0e268702,1,1
18e7a55abcf964d498945a8dc7b5f86c4fed5ef6153b480a5bc07fa973695c8f,1,1
e997a9c3271cb6bfc4b517b76e0eab5174ea6290d96080bc81b4d5a19856eda2,1,1
cdbd56bbfc8c6b9f9a080927ba0dc44deedad15dc6a054eb0affd8e6a4bf3976,1,1
dc5e8dd1528458d434f2e7b39979c01206564bb5d06713651df0a159b282fadd,1,1
f6d10a2d734ad9208316f1dae2b3ce576b6f512c5f160e035c4e0a463dddd3c9,1,1
20e96f05c1869e21cda57831471f9ff5ca56cb9f4295eaacd47c5c229b8751c9,1,1
ad2fe175d2b973ea6e5e1cacdadc8e31306d66ba4de9fac42e9508935c5f6a3d,1,0
03da9b32b509ecb7a7852eb69a1f7d7ad7200175d829974acd482d14c3be062e,1,1
9c65f63b1d67ebc24f1fbcf2874533b5ff5522221a252675a37611f6389425a5,1,1
17601045a5308ab6df83843e61688bcbea2ad4ec9a6108bff942a79ebd4d5be6,1,1
8d101a050119e80f25a7356794630c0e9b87f6bce52c770f4cd039874c5d520b,1,1
45b9768ae17a0afe07ca686b91d74b0c2aa4d668c151bec438d115d3c79c0e60,1,1
592b6943eb00a862d8afe2b559c6858e18cd1621d434c81691a467a3b382f76f,1,1
f1b475ef339ca88f0c4a608eb319fae6307f65c265c5a7486db0896c135d5cf9,1,1
5718bd476391406b69ca8308859b93f530fd8bea4a1ce30f928d636fcf3fdd51,1,1
020a216e826e9502c3c1582ad832859d5e342e9ca03c32d026714571c30ac935,1,1
084ac7620f08ca03f496e1d54f0448b3a8fab9be0a4a7315772ac08ef7bf52ef,1,0
685d0ff5342e13622357cef659c2fc4a2d6ff61c503d0f1cb2273f64191b7550,1,1
7de5df5d098443290dbe590de7833f478ded830150dfeac9015882514b14f554,1,1
a3683ac5a03e1ff10870c9ad7a9b830a03191fd9022645fd215e419c9416cbf9,1,1
58fb2183e39ff7926cc9d2597e10cb123fa74e8f4978a40eae18cae28293171c,1,1
ae753b252608deba0710845b088f4b5cc1c243246d314b2ab1d0d4f716c5e6bc,1,0
a4d1953babc0bf6a8fd5eb4c80208daf28a67ec587ca2305d25d029bb1baf4d5,1,1
f05c2d9fd82d4b7be77348ac7c976fc6ba3b289808dd17a7a348552177cebc4c,1,1
8778c25eaab7a3c8b56cb6c560d436ffd548c1e2be6b0cac072c3504661f6970,1,1
9a290f802cabe1a3a2a03d241bb745aaea939e90c91d73516e73ec6453ec461e,1,1
fbf30cecfbc18d80221d46cd444ff1186a63edba36e54216d71419a769cc16bd,1,1
d97c7b38b8c56202ee2450324be42170b968effd6abc91a7d7b4d810fbe2f732,1,1
ef80377bf7f0abea8e8f65a429b30cc2190ce88e1f43ad1b5445aef6259f8917,1,1
8484784a9f518e59384a54e47005a1a486628325e496bbc5fb5de9deb7a66c82,1,1
ee42883db7826f9d7665e0f77788ea241704129763b1cdc5b6a3096139244e13,1,0
d4ffab787bf6d6e6584eba1e49338b03a31e9c5bf0859a767ae7fa510610b862,1,1
0c75923fdfd63508d6c9b70b47faa67590dbe637160d8134475d50c5bf831476,1,1
81d873b5e7c6cb87a49b66ce22b32319e0e9027f04575fe790b58a1ad1eebb7e,1,1
a38ac42e576e3ffb1cbfc799e3c6576af879e97e064799bc81936d60c212661f,1,1
b91aa1b4aa6ff8d6d698ee9984bbfcf65d9557ace8050252e78edebcde6c4034,1,1
704f324f89807b431aaf9defed37ee575ac3924a44dd5aa5a54484ba80278672,1,1
70d21ba0ed4cbc8ba987a14f6d2a12dfe8c1e3602997bea85f6fc5e66134a969,1,1
502e96e3c33f2285a23c020093c733c401afe3013042912fd15bba833e1dbdd9,1,1
d51c08ede4d574f9e1525a63dd3eba76fec4a60fbde4ef37e521a07480209ae4,1,1
25bc8c425cf5b040338f805460287490e6a25dc7a0f6f96fc107df276e24f932,1,1
33239b57dae7765b1d679e16efedaeb62f53e87b0b516a0bf82f3b97fdb7823f,1,1
715e2c1d53a3cf726b53dee5e696b090503151e761868181a2a9f01bdf5a7bfe,1,1
2d05337694d3522db9c2a16d2f692b836e3ca6d570fe3b5de51158a4250fc39a,1,1
1f4c1f4d84eae9024a714f6b0b61f3029c2cc634015ff464382e68607b971c96,1,1
b64497692b9cc6bda451200871f513b22a34cad3f601cc609d9d19ec8d0d9bd1,1,1
6180cebe0595b2fc042700fd5bf997e3a236f6afcf54f12eacfc7953689ed54a,1,1
62054cb1e40e5616cc91f3f5a468a679680b5a64d6362ec632350e9b689fc06a,1,1
3e37d1583a381b87cc9a67beed303a1a67a1e3a062a22effd17ac67cdb8980bb,1,1
338aa561b8fcaa61a2f202d8b7c929a12526d2fbc9c2df1e546d6502a4749af4,1,1
d2c6ffbdb3454746544cbd7d0730f951187f7040e08c423afbbd24b425cb33a6,1,1
0c1492f8767324ec56c6870c4007cc484140f6b8d3039323bca69095527391aa,1,1
8b805f0be3d623d3b2ab044ea2c891c2ff897b79caedb09d5822c7ef9751dda4,1,1
08c9e41cede018df6396ccd96e29f89bee0efe692ca94d69bd1138a4ca48f32d,1,1
c85bb49b7d0de86a81bf0404a65babca3b1b5eb6240b8a5549bf01ce5de9e6f2,1,1
61db05cb071830549e2f9ccf4f22351d2301985112bffa91064d65f10ec891c0,1,1
7b2b486c9bd8920e395b97bc2f643d326a8f1591cd9c6d50c0d642a6e162768e,1,1
36e00e2303671987d6b1d255e87d75bd4adc555b65ff62fdc5598932179502d6,1,1
9c81d7fdf8463b0b654234d5f7971141dc5bcb8c3f006512df59873bed41f66c,1,1
feedc0e440729fa371b26cc50fcf1e510f4b0371f0e138df116fd827dc917a75,1,1
deacdd168d6f1e068de538ef6241c4e3623c3411aa69b0c34de4c1db7393c6c4,1,1
3a411946539a305de1029831923eea521f84b0c54ce4a0e5c5ccd86307301620,1,1
22c0620dff342eb360f94827e79e37f415fb2fd859809cc0d5fc6382d529b74f,1,1
33a90c82992a2d73bf3eaad3ad8ced8d62d4c5c2838b30d87890dfcc3bc7902f,1,1
b2546a5853c949e17b762f36f0e137bba97940bcf01ba68dddee1cdd9a4ddf95,1,1
e866739343fd4f171ccc0cfebc599a8e91f8b878516834a87e1f3d3c3a8bf017,1,1
b84d2471659ee73b0c0765ded217b6fb721a5bce00ab555ca83b9e9374c9eee8,1,1
e5eec537f5223cd8297a6c4b036e272cedf30e2ad398a3e9eb1e52320cc0b702,1,1
ff57ab1af07aa7fe3b64d54777b3bc3926558935bbf1270c71f2b91f698e1752,1,1
1d8ae20e779544832c645cc1eb61e741b69c4699b982dcb1f133d581d8aa7c99,1,1
3bbc270e8fb89bd33e998769dfa5ee11b9529a18af0afeba68600eda7e4cf12a,1,1
65f11fc1f68a7effc399e8ba7031baea05ec38864183c8f852d10c1085848da7,1,1
567e821a205470bfb81b4bc918dc4353e7d75e839cda75806673cea9bc83e93c,1,1
eabd1e95513c663ddf3846af0a325d2a9a3af78b47977b7215c39574a44e093c,1,1
2294a18f45bcaa6591338f93fe47bab02da1875558e6c22581dc829a4b0d74b4,1,0
49368341e48f100bb13414425ee5d8d506af987b1233899f5d600d00b5d7e8f2,1,1
93d24b52ab8371c578a550b3fd628a501b2e85e538e611528709c2623b40865b,1,1
35cc146ac7252f230d25cd6ec134dedeac2d251110efe03ace771de76e0c385c,1,0
55e02ff83d7ac03c2a0022b35dbe82adeb02d8e66477b86db2da83a22abac07b,1,1
8f86e8390fe8a44bf3c44cfb3ef7e0e7b4531d7d19eb4422f6f23dba69b58e0e,1,1
bb6229a6e71b438e845c7507e946c45e8d0f65e379cc21f20078abe2e9ccf73e,1,1
9263a98a486c0707f8d9e1945237d950a87e5407c501fc5a7b5492a0b2a5e985,1,1
fbe2270dfade9774107858bf427d9a466ed00989e157ee95d48d593af5fc75f6,1,1
e12591a18444c93463a6486da21475aec3d74c7be179cd5e804a57005845f858,1,1
11d6043999e1bfcc9e765ca9f8420d18761f7c32b57db2c4a4775750d5812f93,1,1
eb9db10551e139b1bdeb5aab62926599196a4b44995a43ead95cc751077f6506,1,1
75541fddc105cbb6937175dd81634a8f791e0edd7e93e89565c5d6c6fa7691af,1,1
acf49205030d930215082f4a69d63024384d59cb78543010637e5732b5b686cf,1,1
2b31013ebbaafc46d092a6178ff90cb7c781933c5105a24a55504f3ed97f0837,1,0
c865a514e872697870ff93a2556891304631bbab1c5680456167ba7f7dc1b1ea,1,1
78a9c85d45b2746edd9cedbb60762d7b86597c61455c64cd97991b361ba18d42,1,1
c8dadaf702823f3b97af88a07f88158676a20ea08c143560559b2303d37f2d3c,1,1
1d2a15c5a6101db0142cf5264e501e03e477952c4d6462e641df75d9e45b2637,1,1
9c72e4317d80a895dc5d05df0be4e74706d344e7a4f21eddaf99311dfa7da609,1,1
b16af43e01bf8582fa49d5acd751b0716c6f2aaaa0f099474a7b0c9e4733b68a,1,1
e550bad4a3cf38cecb291bad1a3258967464c211d21ce1bdfe2129e3d1bcdc18,1,1
6ef07bb9abd27ad3134e891a80425888a7d12df992dea2ba32e4378ee08b3c76,1,1
f38b68fd73dea0fd12ad5c557ef25a205f9f4d3f5b931231f3726344b95ae219,1,1
d5779dbe238bf79b5299395a3c5f1493a85b7cbece3b8491379d279cb6e85d35,1,1
1fb92c7d0ed3e9792d966d508a51183d14c8e26e27ec6d87652e3fd3cec0c8eb,1,1
570b234c97a2624c465f2e126e7de0b07193f36cbe987dd00304b60792f0536b,1,1
38a9bfb7d5fd2f1f4d949a55ef90c86536f24c879e42d8f0f212d17a032ce646,1,1
ef2625d60cd52e30cbe472d031c22fc77de974f80e726819b11b3b561c44af11,1,1
1a398d24df5a0158abe14765b86c48f36703851a3d6ed4ab2f64d51b14e8a771,1,1
fe9eeed9fb42ef2410dd8bc9b4c16781fbe7bb80da71f75d4a56f22c283ca0c3,1,1
e747e573b5384961a80bfd4bd3c21578ddec9a6aa96c0a26eb91f9911288a806,1,1
1d2c62275bf1e3cd9309eafcfa258e7b100d2997e19cfd9566125212fa8567a2,1,0
ce0bea90200b8072dbe72306fdc2601974af3298ee1007c745c6516aa789ce7e,1,0
7a5426257f35600feeb49509e6253be74d975f48d5769adda79da7421aa56dda,1,1
5553107e5644bc09be7d4c5469a37d8e2d64a338c536575955a7c7c194c23696,1,1
8fad1379cabbaa1ed3b9459b2828e5d4e9933111816fc88489eb3ae26d06e80f,1,1
fce46843a401c98f6c2baa90a65e0fd19bcf67414476f10d495c4da6c873e5a2,1,1
f95dd833812d0d6def871833dd32706500cf250701dd0273157c8bce75489bc8,1,1
4f3368be18b2c0f9ab1487b8d347ab978f5bd280262d6490db8b2a4c2dc1f4d6,1,1
ab68490010e8db7f070ca6e7a2e4f86d7ee06641cc750b1480319975ed24a199,1,1
8b50b83c44c428158cc82acdc085ee9df3f60c884b37de5a4ff3c3fb13bd1840,1,1
555340802e621950eb6548c78b571d0145465c320f30c7060aecf4faff4862b0,1,0
7cdf80c64a9986718dab249373189395377bb57950ae50dda1c4bdf5653e74a8,1,1
f2e2abc7b719381af5de75031ca713edef5722e8c582f7ec3a13850d4c1323a2,1,1
b5cc3a8249c8c42dab00bc26c3ccbb5ca3b03bebb24123151ee4aa963c511569,1,1
84def8c5d83fbfb5f57fe0eb63967585a03c56b05db44f52f6c346b1a78652b0,1,1
859f955832d334a6edcec9459d76f732489f95be71f7fc8052e85d12d46f2fdb,1,1
058e5400797cba58ce59902aad9418933674d22b532b176254b8d310812af4e6,1,1
c72ed0f8301062f1407a76219a976677d033fd5b1a14feb82582f14fa6819603,1,1
8ad45a04c4e3163eb7bdedeff9db90d41e1c9d78bf68271e1a1aacea07d8e762,1,1
5ee8db9d6587030b7d750eb0c6f2333f8a4d3326261e55c5fd07e8ea4d53bf5b,1,1
90735abfe3c9b0d8c72d92cdd950fb23bd69450544275c59eab2dd1d9a2ab43b,1,1
84073dd5d03623cde0d073cc1c8d957e03ad12089a702ac245eb10d4778d554e,1,0
6efd5cfbba48440e59faa83320a7e5d4657c029d0666a1aa90a5d242088d9ade,1,0
16abcca699ceea8588e1f27381937141d9595bb212c16a9b78af535ff5e63def,1,1
d475d5d360e3957440a23e877fcf6561aeaff5a08b944316b18aa562e68c24fc,1,1
2e91c022744bc0f974e4aedfbd1a007aaf487eeb480784fbb969d07ea20163f9,1,1
e5ed96e8e3604adceb7db819562c558f51f896372bfbf4b038743cb238a7e371,1,1
c3c13f6fca8fc79ded124d7195f91cf369f58358f05c1502cc4411fc9972868d,1,1
1e9c088ed6099a9b81385a396225c44560616b9f849a5df2f7d86ff70e015939,1,1
dcd0d786cf92c92df186f9bbc872383a6a4760c273b220d721966abdbba6689b,1,1
39c47c47f072a476a1a083a5c049c792fcf25b4ca431c221faf78ee122191f97,1,1
4fb6a74241246451e29025abf0492e573fee0d7ea2183864c89af01607fb66e8,1,1
23e0e7f7ec88a1e36e596d9a8b077ee0a67d44f5cf82730d2ef401d65ce2988c,1,1
ffe172bef7f1e73eb55b151d80de058c30b6e823909aa8fa6596228e5742aaee,1,1
6a817950783f9b6abac1a329f11e5adc09c0d42ae471e21e097f3f0bf6178dd4,1,1
04d51c4d9e648071170d42d4209236f8711f6fd58ccd9a1d0e85cdac2b1b06f6,1,1
80d370f1a22cba876c0fb87a9ec63668b5e3fd7df86868a0cc63f8af53e3dc41,1,1
3ad83518f49562647c77e81267c92fd31a5ba4d73290f765f5d7b18d95402f9a,1,1
ec633d02b717a5da2ded33d9295d173effe19b5a67b97d9a282b92888c37c791,1,1
242bccc733edf85c037d8226c9eddd2da89a2de6d064f645f9639012ebe0c4aa,1,1
c3cd73faa44ba1e0563c68816f1ad424e090fc9b80a85ba163e0e69a58374b8f,1,1
ae6ea24992dab4899808cb8ea2bf0dfde04ce5f0da234d0eb8c743465af2b997,1,1
f939b28d5e9dc00a6607fef5f4354cdada650f0bc4f5550b46a37b284a4517b4,1,1
b1a8445709881ac98c36a0bf7851f51264cbac24e4b4365a7c47dbb9841af2b1,1,1
64408ec690ab578b7db89690961a814946b405fd345158b10a3c4cea95419785,1,1
71d593fc4314a7f8a1f540af88ee4d55a64720123594eb876866e6b208355396,1,1
8a12dc10575dbfc2a40b7ec3d3adf871cafffcb5fbc2d38b1101d1129b1ee4d9,1,1
48771288c2865c7d6911f0d92d5c53a104dcfdc50d3366ddb1dc6f22566b3b7c,1,1
b38758fd73eafdb6020872d5b0e4f82218690f15e88f747ed10fc7ab592dd063,1,1
4b38ef4ddfb39c347de05af2cde1f5a783cb43727e0129d05d8229e6781b9fe2,1,1
139314d89caae6ce13536a7350ed0a292adfc259077ca394516f5de65439da9c,1,1
dc5c45708ecddc02a1c0f2ca52ce2a21d94e5874d0b8dda8e35331795dcf96e9,1,1
1b95767aa7bb66a5e6a73ed856f8a769c8d3353b6a54f270483792efcfaf7a84,1,1
661e37ae3ac29866dbed8c2be2b815668b1eb8b36578dac0c8a695bc5f5f2ac9,1,1
2d3e350df1ffa38ac9a4b43cf896d655f947c618c7a315bd303ad409687001f5,1,1
6fdd3d5fa36843c7b3c5219ea9c80616303585b1d3e3061f27c53ae771226649,1,1
558d94a0e35b5a038d3f72acf8e57df86e790d6ce6ebf110ece918652fd06979,1,1
5dd5ea2b5012f77aefa85de0652dd6a453739ec4f4cdd329505bb0a84287e4b9,1,1
e46486e1d651e82da78be826b972177da72d4879e5d56a950614150122a6632a,1,0
04bf44a98612c7413fcf2733d5f159bc3daa1e215b3bd0bb499c8ecc3a2a6578,1,1
4179c3532768f1eae4ca4afadf75154b288df2535e4e06c8e69def35a5ae2188,1,0
37c2b6ab815df510947546d0fd9be1f7b938412521c459a74e866e9db7bfdc70,1,1
acf787dcc90bce339041e5a8a0885899a358aba36f2ad6366d1cca679353f92a,1,1
722ed7f1045dd90d531e6ba7b61e43620cdb2c6b1e50c718230e3bb8a89d759d,1,1
1779f22781ba0adc99415ff304832e7d60f1e643e9f9a646c42d233bbee03daf,1,1
1b8c57386e7559f1d311977162e8dadc9f019f5776e4ce44ace5b577c520dcc9,1,1
09bc97b5df6a5e45fdb86bc0998d02dbd487bff2cd9fce53b7a2a7a037db2388,1,1
ab54cab7d264b1e3b1592276fd62a13c94fa8017afdf8df3b0278efe1cf9d002,1,1
573cdc4ecbe8614037f3c1d9b6b5c81844db88e69632d33d13a41e93ca8c0a1d,1,1
e5dd4494c076be0e288a2026da3cd654d05bab7d96503e7db427a0acffaeb713,1,1
f70d75781f64a3fa5600f15222ad8650d0ef254f1b1d3391c86e542b8fb0e298,1,1
7733734883e2353094075d370db42503af6900c621b87538481a64511954961d,1,1
de7a74c1b41cbb14ac8731a3f1efdfd4fde82a9f1678d6571bcb893adbf0d37f,1,1
62b4626b724ba3056f1422cc0e4e1054c0b8ee45c5c0d6fd5bfc2a5d636ae5a4,1,1
b75280dda498561f640b36891ddb432bfc0639d6e94c1f2b0199b803c74533f7,1,1
4810379ddf83f42064dd95855c6e85800fecef5f96253daa0abaedfbfb29d476,1,1
b78182c0f77cbc1a60b8dd70321e7a33dbaa740fd15b8eb950dd53cdf5785743,1,1
ba709313c48f0ff87f1e6f10bc34fb9a68594bce9f7cf04e9a9a1adb807827ee,1,1
f4051e2661cbc6f515a9e93676a1f8ae51a00addc27d9053dcfcbaae7cfb8a9c,1,0
42e23d399a0f95afb047514cc94d10b28b0dec05750df478017f9082930b8a4f,1,1
1eb57f66175185ee3ce3d446d1a8c4b02554c36a3da23708e81e32b6533bc061,1,1
09c405f7e6a4d29903675965182891477947369f27dc31016d579c0779db29f0,1,1
38d0e1dc12248a33a101656dd1a15aeb653af489afd64d4adca0770f78ca3c3b,1,1
ac87398598577f40c1b519552854b60964a7a7fb8eddae1319a563c786833cf3,1,1
414bc96694373a0206120e49b0d4cfec7fdb811c73813436db9a77eda5a1241c,1,1
5cb97b104daa101af1ff5647f0dabc8e4fa2d5220fb695fc70054cc415b4ff56,1,1
3935931a20fe1d5fb38bb4cfb17fad144ed25d1af3d6dd80c182ae64611612de,1,1
da5ab9f652bc01f125100704e3692cb9f3c93758b1edd85a180aeea1ed2c80b4,1,1
aa3401729c69c857fe9ec176e15988b86f8156ed59120f3274bbf4b9c14f308d,1,1
5c52419291ad3e570eeeaa904c6f095414b84ea7e441ed1772d356ce15432cc8,1,0
7965838c412b4f8974d177ce83168b0b264fb2648a60158072be1b9abe886146,1,1
7475a1963c1de2155ef7e583b4ee82feb68ec56eb0c6da435e268227f6b27cf5,1,1
df6d50b4d5dbe253fe5caa7dace3a0c22e62aab70cf3128add14bf90f5c2d1ed,1,1
3e1e10006fa59dd250e5a0bd93eaaf4ee9ef93aad53f02e2ff6c4119b71dbdaa,1,1
eea0705fa0753f985ff1bb5814861306757e8b09066a28e05b6e1239b5060a8f,1,1
efead69093f2f1cc6dff9b2322e3913b5333772974d90bb5fbcbfee093587fbe,1,0
e30d941ebe9c01ba867753340e2db11d669d2c03809c5ea7e33923304ba5396f,1,1
d7ac0e3365f456a9d00f8deb3ac7f6fb0fc482d16449dc8cd690486f18346939,1,1
9efa7b3c75391caaef19d015d33c71332fae6ee4db16ac66503d2bb052e1c917,1,1
6c281ca8ac56d7167a3ea4d10401324d248a8cb8c8bff13209a7be435a806913,1,1
bb36c5b54b7d6ded9087ddb919bde53e98657be9ab4a27edd3466902e09ac940,1,1
8b93310842140974d20062d09d903663080eb7aa501f5d83b47ba1c8ec17b9a0,1,1
c53aa0d09476641e4654b2321fc3dcfea0b07f107ca618f9612cdfb6787518a1,1,1
dcf256714ffe93b0fc893e4d7c40c36dc1fbe305838ed61b9b893009bb79fc5c,1,1
221c1f17288e923df7445c97e279e493053f08182a157b718582e430d81cf18a,1,1
7ccd258d8b0d8a6de51fff3eb5555ab9aa8890868a8a104f187ac9d43fe09bc1,1,1
b2a6d3b971769e12db373586ffa17a909726072264e2f092ea066b301a8ab1f4,1,1
5f8544a1c5f4ecad3e5df0b25aa7a317ca66c16098df69f33abff531ed138350,1,1
025c891f5c838a21bace8e87c85d4779f3733ead8cc1984074e0bb6cf7056067,1,1
3e0f4e179bfe424c4e5ef322c9d0b01d8046ff3b17c98c2e4829b512987c781b,1,1
8268ecd64efeb8dd7c708a0c9a2410c3367a5e394457b3e7bde42949410f13f1,1,1
81a0743b11a26ec03949cf4f0d3d834534583418936153db8f62617f263c0b4b,1,1
3b8cb32bb7eae0b298b1ca8df63bcf7db5b122b47e1ea7126b2674018731fb48,1,1
80faa39f671dbb3d71c2b6ee99d0cc94883ee4dfd6ef072ca2337e8940599145,1,1
8f58cc40db4453e0a4a1f971afbecc9d3709deed187b8344f884876132299959,1,1
322ab5db027e7a4ec8e0e00c2e2a62b1badb539cf3d9635ea88eda190eed74e5,1,1
fa2fe943f574de4ccaf1fd5bdbfaa32b407ff3fac9266155c22a796dff6e83f9,1,0
171f41f607cd485d5f112aac81ea7778258d96517a18a56497f51b56c5fc8905,1,1
6c688cb992773611d37799e233d597823babc33bb9252b92a78b7a23d3e94ac2,1,1
88604902e4b9c1aa4a556f91b0ec56c28364d8884621297780ade4fc381112a6,1,1
7a4fb4d97a125e078d98a512ac7f10fbd5f7b2eda1fcd4b0f4a2a3eef6cb8d4e,1,1
10ba224c7f6bbd84c4ccc325196de7e9d8b839c1e09a4e3d4c3bb5800185e09f,1,1
51e58f3758f6e09cbe0888908b804f59aeff47b1308f1a5470791b0fab108043,1,1
68d13fd485730194bb989112c3e4d719e857d79962dac3a5ac909bdca115e355,1,1
005810c726cb5d9b007353a397d7a526cd2629e7fc8bf5d84fd4b8b51a1d7ed6,1,1
5fc648c7bff532a47ba9776f1a0ae606b8ea4337daa967fc9a4d06797fa1100e,1,1
ecc0b1c64fdd4aa8f85642cc355a79bec79a1c0857bc2d424b6cbc6564040cc0,1,1
27e51ff892878550dc2615c407507446a2ff09a6429bfafdf4790752e874865f,1,1
f4985b18beecf3f86173bebb47c6d1ff91c5c766ce87ec6ae222783746215f1e,1,1
14c5805f1fd9268013f32af7e3e02f873b1fac52783398cea60376812a9531f6,1,1
ebdb59dee930f4458af8b7fbdd3d09d97899f9618b79830096f8e96621d731ac,1,1
7a5c01e54ff38b7c6f59f2e9d9f8c0876ceec9ad14082ba3fb4ec6971550ebd6,1,1
8e2243cbed515b0a9bbe095c9dd7294b96c1de505fa27956866e713f17f68ea7,1,1
e423725346f4fe69ab6b7e4bebfb4aaef3f060a35654bc1fa5aa2df9cbe9b4ae,1,0
9fe336c9309b515be39e17d463cb4d195a273bfa6dadaca8f857a890581baa8d,1,1
aa64da6bfea08ee11c6ffbf4f14053ee72709990169bf3acdcd05a324be13938,1,1
952cbc20306df5494eaa54d1de65c1d474c031eeea1b49f4efd3b96f0f797eea,1,1
dcacc84c3c913217aeaf9e67de832745c5fafc7e3cd8690c8c79183dc2e67e9f,1,1
a80dee8dd617eda9bd6ab52d369d7f61b07db3109a7f757812144fd88ee174f6,1,1
2bfba3a7a685d8b3cf8272b1bdefbb549ba444ea37f1e757227fd3a0d2ab9fdf,1,1
ab1d4836b7eeac657961df68ad206369cf40c91d08bb449dee1763994d0efadc,1,1
199ab43f1d8b84fdd141772f6472a60916860f6db7a673f0bec4f8e76edb80f6,1,1
b86b323b47b5e542c7d957c0877783c763c0abd58256a432448f2a84cf8209da,1,1
1cb133c099f737b45ec15382272932167e5e97d3e0cf581adb1ff8f4a28b7d61,1,1
1142c7cfe23d02293031b193503ba0fabf94be58b4c08259fb0dda65831fe068,1,1
e748e93684e54c9f3721a55ac3ff958be08eea09f643844ec60771a52982b58e,1,1
4c268015f50d5b2bc2af5fc52c7ec51ce1757e2eb94637d5510e361f7235b2d6,1,1
90a02910253a0e4f9e08d49e87f36a70aa8f2cc8c1a4249ed6d5cb956aeb6e9c,1,1
748b78e7a7708cb3cf480a728125ae58bf891d87c127cc06a72b26ca23486c97,1,1
06f498efbe629ec08c164a4e85db0ba99e5247fb01c4b87f871c3d58ffcb718d,1,1
075888b28ebe24b2aafda8e5ab590a8ba7c8604ab7ff4128db74c586fcac2a11,1,1
ee0b1956d894a4aba7e198dd6c5564ce3472641842409a848f99bb867e81c524,1,1
2b99ec9d02db060eac254a7e105424aaf8b69642e19d6a8e993f2984d9076742,1,1
ddfba04d4e0c824312841fe0698536d624ff68e9c3d873f78f67a8e41cc6f008,1,1
5c2f75172e331116a193940bb691ab78a3f1ff5bd1fea3c794d6b6fe2c84fbb4,1,1
25cbdf544b981212b4b4fc6f786223158b788eed4213872a95152146bc810c25,1,1
ebe32095a826142cf9b5893b12a19d0d97495cd06956874660d450dd64878584,1,1
a12b5aef98f4a20aefb8ac261916bee9fccfc85a5674310fb59d04809c60ff9f,1,1
ae54343b67e796345cad0f43675a78a3981bada9abc0dd566582cc2c606fad4a,1,1
a7450fe7ee706111c4984a599ef5f1a56e87071d8cce294ec21f08fb4c565b85,1,1
c8bf385d130af9044f125a1c022b82d5ea66cd1e619557362bb9b88654c499d6,1,1
901faf201a403f30945cf5e36171ce8ead3c75fa3dbe6b683e807d5e1140b451,1,1
acb4e1f3c0223a0b1ef64c0524a1986cfa3ed2f7d97584e3f75a5655b01d0b05,1,1
39d1d91c4d79c440a9f971317d8bdbd563a40fe1e0925555c9a7da0ffc0f924f,1,1
1a21c03293f4f2b82959f8b26f55f64d868c54fce8cdef68539dfd10a423d546,1,1
3187b663bea79bdbd6915e0b84dcd10e568271c85c4c1c1d9bbdb58ded3d572e,1,1
7403fb02f6197f3e9d66a40ca087fd422060e403c106c7c3c6d902602da365e8,1,1
4c6b3cce431bd25931da54d0ac8612160ae1369e352244e23af13bcb6e4e47be,1,1
6b5047a8f7efdf9ae3ebeed827fd8cfa1bb607988bd65232e19a9e06713853e7,1,1
fbbf64adc8578bd72dd9b5159a49bc999507d0f8091d5cc6c74046b899b2a418,1,1
30f7ca9149932410c7dcd30b0f6e79fef76f420e5cc542c08946ffc15f153138,1,1
e8d8735294e91d70a2b56812342562464096d6490dbc0849c677331480ddc9a6,1,1
a7042d68de6f9200213a1fedf0ee4c7a4ce35b7012505528df2e2c372251cda7,1,1
6db6107d51bdf1dac4118edea15047248a0c0f6c373b8de7c2df854b0120d350,1,1
a2b54ecb0b58340dd60a285a6da94ee9e539ea1ac08af6d0df0597ce00db1716,1,1
9094e2cce763d29627e2e2014b07ae8937565c9ea083d31a61c24067b5f6619a,1,1
b38ea2049cc875e93fa04cedd4a6c496f20ccd7ec3d4a6afdb5ede926871a473,1,1
6af157d22b0e12e732927b8bd2851dd473509d537423ec3fe197d57a8673d3ba,1,1
e5983216b755cfe7e819f28f2c0c23da7359ba98c12a8fe7e649fbc62dd0e163,1,1
8eb6e7a2d8a1b6c3caa32e7e91c8ee9b5a11878d01525b82121e29f78b7fff1e,1,1
404189d88f10e9ea0baa4b67e99ff095bbf3aedc5145f45a19aec8d7cad142c0,1,1
bf498c71588350aa99ce81c15a151915c39388053b545734bacc133a1f6cdebe,1,1
1a0bf39ba4a6c875a0a659a70b5ddae0461de841b32604b541ce003937ccab72,1,1
01c09476e2782a1e2eae867a9b4d08cb48c85318ce2f125435fef012288c3d87,1,1
d5f00bdf4bc9e461f1603b5069afa878cd3778ea40548b6af0e5e06f77eb9493,1,1
a6e9e225a831179f8597cd1ab11f26612b5d8396a13c04f05dfc3e86c4e93ef9,1,1
c43a638d96dc7909a488986474edb7c6289bf826d1954b5cb639a92a5fab7d20,1,1
69f673a58c2e752ba226418fdf3302cb0b7140d19dc008b3f2777e0606a922b8,1,1
45c18843e10ec1a595c556bac8ff74465c3112bb3a5b42a692e424a73d14dafe,1,1
35d84cc16a3eede4e73b18d43db14deef604c2ba126cea6f56ba3b4e6c2e18eb,1,1
479753d87ddcfe0e4c4998d559804ad8f0e9f2771cf122197db1ca9b82be9b5a,1,1
a03e0111762af8f54a0b3171c898708311078990706fd2cd1dd1422a58b2b0ea,1,1
8f20b4ab83614bd659ca7667c1fa430b6379b950b0dc445d112ba247ad75ff9b,1,1
345f9b95a70b3a5e66ae05c0e54ab9f06520148aed7f01232d909e65b44947f2,1,1
17cf88fc57244fef777b137391ec4f0483144360f78f1050a8f7c159ee7214fd,1,1
455b86f467cecfc8dbec3289b703aacbbaa470e5d14c028eda56437eb6a0f723,1,1
175a95bc26761782d6e1d604c555ca0d28ad41aecd2cc4b44fa532d26c9c7029,1,1
67c4a2ff4298fbaf6a30422b3f71eac23543f6673b7f3ce304eee0043449abef,1,1
1bd5711c595014bb285492738613f6b7b9a5a3d4859c211fcbc56f152becff66,1,1
cb7819e9f3802b16c460d87d6045fc1a94e67146564751b9acf183f34456912f,1,1
61546dd418213965e3715f91c4d5df7ec79c2042178dfe6b65724f4ec40cf9ad,1,1
ea271abd7725cd2e2674c3f0ab59b4cbe8cfdcfba98286deb3b6b989016214a6,1,1
a386d1d9fd53e7d85a840d61464f110d249de3d401cc9ab7cf9aaa84a636f799,1,1
c86328066fe4565c75505a51debd0e0b344528aea1635b179f68e12a647d6221,1,1
cc12894dfc424132fd77f7c1e0ed2cc66ed52435adc7e263b10ebdb94851e63c,1,1
1566712a2b9cbdb6b658fc846826c1395d208b112de6d0d577201fe0357fc5ce,1,1
6e2a8a1639e6f5119b7225854d3fa79aa892f688288b553bd350b83dbf544916,1,1
59ac180410ed3373d20ae99256669924d2fb6e88bd33558cc07bc19d776d6c01,1,1
12a54fce4e377646dc7c3808c6f07a59544ffa28b0ef01f119da3d585fa07232,1,1
1d535f2e8748da5abab679ca52b4379051ae8b1cafe6ea9f6c762d9344a55415,1,1
6569de2beee8bddf2d5c0bca009e0d134466aac0259528926c148e8669d4e1d3,1,1
9c6b695ab657cbce702cb014b561e3f988f8a9351b831d115f9149e02c5044ab,1,1
068ed515d7e850213877397783a2d14857972101feefdf6626797c184bd4c968,1,1
e1d293cfd0fe19e5c6afb498d17aca882c12e14cf9d7a2b9bb42fc545d7f8c7d,1,1
a1f72a9c4f4164f353025988016e159d434da131008a7ded72103247337ba7d0,1,1
24196e4fccb91b88bdf98c0386dd05535b78052afab003f659cc5bfecf1a073e,1,1
66105c5b67519d5d675650646ff7006ab50673d4a618b2f4506a79a495648791,1,1
8bf4a41f65cfdd9fa207f21e59bfb5c723013c073aea787dc27821cfe2f4b1d0,1,1
66c3b166f51ab36e3a3bf27103599cfbddf038f8f33bfd59108a1dcd90ac5d1c,1,1
b01a3d42aea33ee8935e47394f65c92ee7f203f86c0a4f32941ffb75eeaefacf,1,1
d862b284ba2219f52a32fdc04449e39946715666e911a88a66f285c6a904ab8e,1,0
172aa56070f61b4be7f18d0b2bf633394b4af0f42251c864c11ed89437355798,1,1
a33d048c49f09a65960a99faf64cfa53c9ca4336145949343cf0e8e3a1db4f0f,1,1
d73616834af2f1d3e4bc805597c6bcee69981a41e50215cc63cb0ca563e7060e,1,1
18973141eb925a0ed913d250e389b414463171ab41a5908a7c7cda19f9831eca,1,1
9082f909b357f3d8c94846989601c8378718df39044483455b1b14c8aa0c48a9,1,1
ccd77095bca8b73380443591c7db08c4a3478034439e792d792f4575ca13e175,1,0
596fda2472204a88d9241fcfb7767c8eb8b1c2525a34c4a7e5661caf65380256,1,1
fd5391c7830ff69e56c4763ef5d236124f47a6735423f8f712021acc138612df,1,1
b806f8591191a75915ca5997ef46dd78f03423ae17639701b3b2ad463ec00b9e,1,1
9ef6c55bdf5ec68cd2d0f991a2ffb5a326586a8b2f325333d0b5fa558d2ead07,1,1
f8d21f45f9bd27d94be8e4cf15efe3a27527ff06a566f5dd3a353ef4713c2e67,1,1
ce22603f8503ff91e143f827d1f343efd4c19c6e3253ab1edc07b1398e2f2121,1,1
9b9560f1aae1ec721092836ce12eb2a2683d6d9fce7e31a5404134cf4b502b53,1,1
55586f5fb308598acbad14115971db83215d9b218793b54348a36a732769bc0b,1,1
f6ecc2bc15a4ad01ec7fcc8105bcdb9512bf1569eeb19e4375f4add83154deab,1,1
0470a07208c9c2653f0f9099d247b3cd9c1ad0f0f99dba4f162a41b3b69aa2ae,1,1
54c058472a989e8bc4b4e34b943d3bc9a0b2f35f78297fb5ae5ec6910a08f802,1,1
4920cb5c3d0056fa15893cb043fedbf694b585d79625b45da7268bd20a197f5c,1,1
56be510db1b8f96fedc7b451eaeef36fae02553bf7558a0e07be5e7695049098,1,1
f68202f3873edd020357d7efacfb31e8454c126cb43a718972a63c73277ad9a0,1,1
e7f14bc9f28db8a35e1a2012e768f724297eba5545b915adc17b1ccc00b3cfed,1,1
ed361f6ae45f7ebdc67ec48ce464c1a4e4b0da454ea69bf7b29bbe1048a6cf86,1,1
6b537125072ae81f81ee5974a3956ea1f533a597e96d53cd2504812e5ebfb03c,1,1
bf180f5bd292fdbd7e5f1e48083f8003a1ac66ee71cef03eb401ba56aab984ea,1,1
de3866aaac364be572e6a17bcda6e05e9108c3b05df56092e5eb66e2b427fb15,1,1
fe62ca6d4939357ae0be06ff5f2582c770567a276a06b0c21c20b2c14a4524c5,1,1
06a03416efc6aedf138c1ba8db63d308d3894f168506dd5dc32e860d9c876544,1,1
a2b88e293a7b644c1fe0e17afcc23f385e5937855c0005f2a447ab675e75a0ed,1,1
6baf8202824cd0c858560ded6feec067f9529fee675cdfea63e9db62944a5fa0,1,1
204639f6116e25b717926ea3805fe162f3677ee1ff1e25855aa0694e06929661,1,1
f76590db3697a96690a2f42cd00b0908ddda55ebccc8c17b98d7dff346f5f0bf,1,1
191806c327484f627082493262b3bc1ae7560a5a911ce6bc02f7f4f068d39429,1,1
62bfb4f0148337e5bc3bdba179014e621feadbcc170b89062f2b2455c4d89137,1,1
9018701e8b205773e16768cd4bc7021dada81ff87d3cbaafc743535ca70b3226,1,1
b2e66a0e6a4df6db69a6097bba63e8b16f0ab0edff9ce641911de91656b09fdf,1,1
e493c46e1b2864e85a962380ec52ac481821feaa194368370953840629bbaecd,1,1
d3c8064e64749f13943a27cc6cc139f83abbe2358bebdf4e4a8214199523648d,1,1
f2031c753ca718e89d3122cf1267f3808b5f8db9b6c33795da114e26e372a0bb,1,1
a6c25b64a4c46484031130c46bf2982d052bb30316df51ffbcb5e8a5c0159bd8,1,1
85debbb43ea0431d4d42bff690a0da5e4852ebe29ed63ab067b414fb34383ba5,1,1
c23a71c91a82d086c0abbf9a699dc6ad8f78b0dd0b4287135f3717646804fbb6,1,1
42557e0b0da6fec4adba8395d44b84a9576f9f1a473e3e963eea96f644d6b580,1,1
cf90752d2920d9f1ede31584de130387e14b6afc7e6db694b7ecf73c3ac9319c,1,1
8f62fff79b743089db86438b505e4b9b9aaa97d228b073a88b998653ce7dc371,1,1
04af524a160101cb5881c423540dccc55ba8e1f60045b3137820020a51443394,1,1
d0da3bcc232617e56471261c2b8a44b6860767ea2dc6e66964fa0dae9bb885f6,1,1
955e0a71579c07f2da9053882033c63d074de115cd6bb59461a7ef8b88ee4e6c,1,1
c5a7a3b31d9e75cfe44abc559035dfe63fa02780f182dad92c9c87f0f9854ccc,1,1
8ad80abad1f7409cc3d3a351c43fd9092eb6fd40fab1117b2c011e8903704505,1,1
c616380b7faac0f6aaef8d0237745addfeec6c102118948678a0d34366d67627,1,1
1c8b9191a44e9ca38408472b68a00c44d20ddf0aff55e29291d96381ed92949d,1,1
5fe358fccf4fff44f735a452a55b5ba37e0d646263e6dc5053a40d3c9cb144c9,1,1
5ec8037d7c5d910b5f160cd376e6d28221c3cee0c315f0f5cc43acfe5e7665b6,1,1
161f5b4c36fa6088e725bc1e86afceb97987e46ebfc9d563561aa58ba2ac355f,1,1
1b6fe3f1648d6b9db2de98ff0933a7e5cce59a2fbc4139cdb6339ace0c053cf6,1,1
d1e1bd95e93cd3cc1115b2660669a0d9fc009890056ef4a96356a949d4a9f893,1,1
6e344c89bd3da8a51d407997d573ab7f12f9405147d3d35d7c4cedd2bbc8ce19,1,1
9a3578fc0e64aa6e9ff073c1557fd703ef8f066c89af661b3ed971a56ee7d34e,1,1
15a99ecab5d8cb1e8fc388a923cc0d033849c53e798a91bd0f61ea41565b2f1d,1,1
dfa0633312948d33cef5f3734b7f78a2f8fd42520eec02b4c14d36dd847527b8,1,1
a62f856f39948d9afe72b114b47a6ae28783fe85744ed01a5899d9c4617c6122,1,1
8f28276b12229e3fe5c70f97971c072e2ec957d2c926b6efb59ee1cdc13c228a,1,0
e45cf45731843e4cadbe464b2129ca9b20cfc20c9534776c03091ef43aa0ff40,1,1
cee11eb99cc303d42d4ac4d6ffd6f3d39bd9603233a2af12a1aebd8fac0f995d,1,1
dfaba35843b586b7d5688440e4dbc1dffd79f02e3671ff22c64b0b9662eb2b2d,1,1
6eb0aaeb936d2551f265b7e9a2e5aca0213d08ca798e7d42ee5dad5641352ba3,1,1
62a0f7928fa370e91b62a25c714cb9e8885fc3d5e4ee914c61c54f3aeb8b6b8b,1,1
c8a063887c6244f61c05ed67b0f1f281a439ad1524a4cff9bd90ef03e914b167,1,1
2971853b91876fd2c4dd6c126e51a95b38723a822173926fadef97bca68a00eb,1,1
79b767d34e1dad68d4ab9bfb9f589120448644e183b552080b1e9a6fc997afa9,1,1
71b8c66b3874054c03f48d99fb8fe1b88e3141b69ca85e81e7cdafb04f51bab9,1,1
2e87f4a2cd00c05bc161fd339711e8201dc57f1e6a139e4642b2abe7126e67a1,1,1
dff5129832e64b1afd6032a0f93271533155ec302080469d59e2ce487c9f9700,1,1
f6ae097d31fffbe6501124326bf57300c8b5335417b3f9d6dd857ff31b9e9f90,1,1
f2e7b1abe666b2e5f53d6ea3e20d45e32c82fcc66876f209dd42b7b3010e2d02,1,1
66b9900fb60ecd15ef5cab16797b6321d1b9a44e7031b3df21647f83832d2ed5,1,1
0cfcd64c91836719aba2a281346b1db11eed303b19e4f5fa1f0517c688a866f2,1,0
99bfdfd335c6cbb3a9752524ee0a85cad1c6467ffe954e2b26109aa4ff12d284,1,1
5ad21ddb1f799a614d6b31cfab0cf4d43479624934a21eb19a749f3125125fca,1,1
cfd46a640d55af7254a6e84e25d67b0c8b89ea6efe7da236ea8d1356e38d7e53,1,1
35d18e0de132fd62b6fd805cf1bc4ca8ac42aa93d256b8c157d0300a1b1a1e97,1,1
1f49ffc787683080ce4cac7667247e86f8a155852fd3cfaf94c9c1f3ec85bf22,1,1
b344d879fb53836befc0ab47ded9117f02204acb718c5242366a21210dd2a10f,1,1
469e97c076c2d0e0e46b9970392c0b27cfc023fc15a35e3e73076b87bc4af3b6,1,1
b1070f32f78de5736819100670ece1ec332a2f4fe1ba8df25f9a4f02cf552d35,1,1
3ad2c19300cf1b82e0e15ed3aaac4eeee27c9fa722a4b582b33cd5f7c4b8103e,1,1
bddce7f740c9df0b5f6069615e6a52a37c6247d7e2e4f935af5eb75e9383ca40,1,1
a7715c490e83f2144295eb6ed0a9759e16a6d6bc28363de5b742c4fce7f1f603,1,1
ce80c1e61d2f19466a4eecbed7286b807cec277ba0a99ec2c2f50f5e4666b6a1,1,1
ffb04db4c5695c865901f25a1c11f4835a8a94c3e1d1a2ef6112077aa190261e,1,1
af5771c35c43809908976e94ef11636d552bc014c42c22e7c2ae01fe0cf446a5,1,1
f95f862e3a0c60aecd7665cf5d4205e210eb1dc79da527225d839f46833be360,1,1
53b4d511dd953a2f6171cdc714c13fa63359355fcfb7bc1589ab4468688b797d,1,1
9e4cf7de4c543b8100dcf10a934d3120269f4a014029931e4a20112632df7d57,1,1
03d2832d1d8896d8da712be93896e050990d5916403f1feaaa61a41de3b92701,1,1
3cd5219e7f27ef1dc493b24c3cdc535e2651f7c2b9efda8d5cc42f9709403234,1,1
36a848639248d8a07c5c4bc0cad6eb092156c489116df811e6caeae99825d074,1,1
4940e69528d3cf2f9e0d320e6c062fe47fafd1833c3aea21916a7b28854b1a39,1,1
67cc801b2536eea293c6e986a6bb150d88edd717bae9279b1c3484667e575d7c,1,1
5642ec42324d092e2f4dcc9276f86ec63c98d85993e0d4b94e7799bfa178d9a8,1,1
a483636ba23bfe8c381eef4696068e0811d731b5ccbcdf6a0a72d76e1a3172e5,1,1
baed997ccb79f51e9ff9b08640efb41a22958e366efcc535462d86f166b26dd6,1,1
e993e7f92457a8b0fff2c17c9a5b654e671eef402d46425db55dc7b4ffc65bda,1,1
902953f387508253a8020e306007b35906486a7f3671f97440786767319e3f8d,1,1
9cf94c7e54b6e6c0e562e60972667e0736a73a0c0c96537825b95036b7e8cd65,1,1
1b52990893c44da41d9e8e77445472c5ef63b952d27d91220a2af5f7de51416f,1,1
4fd5220fb0462bb31005dae5116ee596bdcd1a30990806ea101d83b5cbec2177,1,1
528b5a36090f3aced4a5a4b9f61f8ed59181f2aa19d65115523910a531566839,1,1
0b6ce610c3b9faa021c1b130662000237b065526353e7f495102b25e4226500e,1,1
90c13d7530b185c7923832f29eddd73033f90d6865255ba815cce452935809c5,1,1
59c5df21006faee193984bbac9c0d46db4569dc5831f112833a1d09b898baa7e,1,1
ae79b9a2d4e5faac4eea1531a445fb94ee1e14410105970bfb4b9194b8436197,1,1
0d2d720b21cf558bbad2280ac6237b4cb0fe440acb0f375f6c3ab82fb73f6a26,1,1
816b2f020df5d97021b76cadf72cf9763d165a0917f96b8838ad465e22d0c70a,1,1
207b941ff9ad81816e99dedb3ebffdd78d95a7f9d90d8189701bdf6aec8f2d92,1,1
3defe9c73dec5b780fa0b2c7b33d6e45db45e8f72db4d2406c7a75d6d689d3d8,1,1
d83bc5a69d7f42b35dd609c9c6f6e03bd854ce57d95242ea56f97a726ae55370,1,1
bfe497c5efdcf21c2f8c32347313776ee5bae5356039beddaeadb1986323fbe4,1,1
70764ad20c4bcdeec37e705a6a18efa46ded36ca82f98f091f3780e85574b87f,1,1
424bcbbb8db1588135af1635f846089e7a59c7c0279dd70c6620cfabae2e588e,1,1
765e579a10210c261b8f0e1273f9117a451a43f8c6064a4072cac12a7f5d3fab,1,1
57af65c1a8de7b257d0c486716fca36a29da4edf0d717b0e3c48fe781dd5bffa,1,1
c59c9976db3dc8643caffb70b4b6145c058e99ead288eff55531302ad49a18ac,1,1
5081d778fe5e33b7ff80f047ec94848e2df40703103cead1ee919ee85db7a29b,1,1
7ba15346c9a0dd224a7ddfedddc9075fa5fe007bd88eaa1d2fe7cd89d05e42f3,1,1
afe37054f5e63353e15c145db0b48ff8e1fe64b1b636e8fa5457bf863427e1c5,1,1
e4947b90e920dced748f4adc13915c9ec9c6d236dad77ae9a5243aba55d3fb83,1,1
657c29909168c0f2336593640ededf1324829556ceb587224a807f0d4d2eb489,1,1
50566a094d58b2ece276eea85a5ed2d96073d43cfc19898129c445f5d383dc61,1,1
d056ae5374f8fa2a63a0aae1392e1aca82c36644a4e5b504d6bc9a36bc9085aa,1,1
4f88cf8ebf526959b76049efc8590db4f62d0f04c82f7844b1f09cfdf2928382,1,1
5bbd62f0eddf56c99e6d31a26174802a53b8e7d69c7678cdb0c33c57d1b1759a,1,1
6880f9a45aeb2bd57c58ced63d21ab8397ccea8595c8c13bf500cbe48bfc4123,1,1
b4e9737e4348de4c7d11798d035bfcf1acc985aa96fe40a12e50d653b9c37b01,1,1
7326cfdce1292964901ef4958068bf012f0358e3bda467c0aa2e0b95bceb9ff6,1,1
37e7ba12a6aef11bc0e64cad82c0b1f1a7b4c7123aac07d2efeec6bf08c8057e,1,1
7001855823f2504e9a1c49d1069b60ada1ad56d673711e45ba66a94801725f96,1,1
6d1a5e5b0f6c3f9a25d0ab87bde78f57a3a251bf0c8adc17f66c4ea9b2e31669,1,1
8061fb634ff7fd1e2466992b441e20534fdfcdc6f5b16ee22d2096818c5d9896,1,1
e993fa05682aed46c7e55270c87c4d8d9285f4564b6f91e303b3a29e6a00da4e,1,1
2fc7ab90db272ddb940b4a4f69ef186580ec7db895b90fa86a4bfe9450966408,1,1
969acff687626398e5eb138c161c3c888af765a8fb02d33797b34ed1bbece42b,1,1
425f14383e0dc25ba002f8214239fc049bfbb543b1586d7d7b8bf91a0fb6f39b,1,1
a316b7c926ae7030a4e830fc38b962b45db737c0a45fd122fef9dc9285594454,1,1
f2eb7cd0b912b55fdc2ca7ceffbfd2672c5e2236bf59f79d43ec3f61b5937253,1,1
02d4baba6e3bca5afdb10e17f8fd443245f452ff834bc0b860c17af41a80f759,1,1
713c0b64bb2ba65b907da530a793e6b431e68e84c817f9661aeaba97cb00493a,1,1
e83206f133f9cc3fe57e7fb19cbcf40a442ef6cf636ae565201c661526cd5a89,1,1
cbb65f77ac6bfc23afd6538309910ff5a8eeba221872921a25ba3d5df0b52be1,1,1
676161c0553d798c5987f4e12b46d0b64a35db349f3f46c80a14ecb01d09c98c,1,1
ec7ee1f1452736e34e1e340818c46ea65619514abb1bd9aefbdea0801c518b51,0,0
b0386bc702bccbce7a872cadf0b9a2330158a4f761b63ae394e80666f7e30aa1,0,0
ad93e4cb51084e29d7da53289c9694e6add05054c34333678027a8125d16c777,0,1
3ac63e18b7f27a1c44b52fa4958e284dbe9a957ab03c61d61a3154595146dab3,0,0
13ad5e23a64e12d588a04685627e58b6b318e7f7eabd4a8a1f0062f835482d63,0,0
5588bd562ae6d261551610757322f5404d5561cf8be064d0f2078144cc862fdb,0,0
0fc74ed0c748354175b0914a3f78c877bbf29f13b8b221d52fbb20a2425e4b1e,0,0
20b9e29ca61bea05b412588548d2a90829aee04fc7be4add9c71ae950a998794,0,0
898acea1d3b6a12062777da5f1cfbda0bd22614e8d2d30caa73e2398fd920e90,0,0
bbf9a0f714cecbcff6e523a37ca286a039ffe564fafd14f7b7fe9f9d7b6dfeed,0,0
46708b568f76eafd9a8b66c1612e1e716a4397e8dc56a62490a1eb38869b8a67,0,0
76a962596ecb7852ade9f0eb70a0eb170b9cfad52a67d9f0f172aea6d927f678,0,0
e042b70f10c8bd93e54c95b5a02ac1b607b8418d18f53575efe44340a7250ae1,0,0
84d1aafcd8c20b01fc8b2518d6a88ededd8e620b30855353dc5858b1d935b4f2,0,1
0774f4f89bd195ae3566e1d4a1125fbb95e73297b1d95dfb7ac190048848a5cb,0,0
bd4d6519e8561a21bd1e8654ee992b89044357145a5a86d55a7c1cbc34184788,0,0
132853aade888d5f2971583bd91718a50d11756dee7355b938487ddf1a13bf89,0,1
3061f7ce2d5ed4a27283a6abac882df1e20dc1cfc8f21cad79b7f56a066b232e,0,0
c4a092541e48cf37580000757cf56d26d63244da7e6e9cc4120879c963992dda,0,1
2714325795a6e16d9aa119fca323139903c8897f69a34c4e553f10c6b2f9fcac,0,0
00ba839265a37cf6eb5a53bf00691ff9607ed14aad5fe98e733200b425641aa7,0,0
9c6a2a7d3cde767574618263fe7e5a1cce17a2eea149b7bcc530c473ff27d7a1,0,0
85c9f29c75aebc8c5abb7669de3f4134222adc425cf95010e9d7057ee0a9867a,0,0
2480e10c687f2ce4c9c8f0a606b616ed6bfe851a1b28a6799773e3ecaea68c16,0,1
4fba607ebfe568f199db25eaa7d9094775ec52fa0bf1f5052dbde354f286c822,0,0
15b168643907ca23544af3ba78793425ce7327428ae05a788ebf78161567f6b8,0,0
81ed4bef5af026c092619b0d48a2064fc3c975da2ceff41676a07a2b83f04dd1,0,0
d4b56d2a32a9a9b3725f042319a185d21972bb6ebd5c5fc87bb6632a6fe7de05,0,0
61620ea9c736864cfe9a57cf3dda1e8a4e3e7b520dbf8b6cb4c3fdde1a1809f5,0,0
00af819d0cf93b5304bcc3bf4d29756f033e04c4e12c86d51f2b3a75ec2736a6,0,0
09a6fafb468d483bdabc70438d87a3a9a2b0711924f1f698216ce6e4389d1ac3,0,0
dd43459c54f525842d8b804a81138c906ba25a1bbfb4a04caefca0a8e27ade63,0,0
e8dde3260d7c9156bcc2a24f37061e153808e7f683f2ab1499a5eb10077f9ac3,0,0
5fdd37ca528a1cd792aba79ccde33ce31060ad55569f56f25fd6def8b25bbcf9,0,1
9a0153aa7222a4b497aec1173945c0c874f40c82483a7f87d8fc0feabaf4f1aa,0,1
6f1b8163c62f414fe3da21bb5ecf7ea1c03989c3dbcb06590608d1b990fe6987,0,0
b508498335cc5f0dde4e39fee3896a6c1d01e7df7fae55c54ff2c56da83819ed,0,1
037b8c978f6e6ecf82276943f494be1754bf0d07986071baccf70474d7810a0c,0,0
b6bff2d8a431ac0a74d007819a418d23c963d6a41f938838266a8b4e2b9f4ecb,0,0
d6a3c4359a86979c26af1c70771d44345fdcc5028e0d3f37cc334dc6a8830ee0,0,0
904f06ff192b1ff1fa6ab33f79e4343801d04ebb50ccd4e3f4b0643e5812cc11,0,0
b8ea512a20962433a46638506334504edaa6839b4a509c029a6c0f0229e10e6d,0,0
ed4fc7b3cf96d3e03a372b53949c867e801c44aaac195ad6dac795b39fef2bc9,0,0
75af8b2700c8c66b9f85446f1ebdc7ed911d48ac6649ec17a83dbfec12f6f8a0,0,0
4411d2be265bdc45fedb6cb3fcfe63178d2e62c650c6e27dd2ab64931a515441,0,0
83486ef672bad3f88d5dc013b9065e36ae2cc66fa50620dd0b2cdf986d1de2e7,0,0
1d4da49ea5dff5d3845aacee44a2c6aefe1da6b2377a1bff67df4b060a867252,0,0
baf824be58799fb6ba30d6180b6de207e543cc512b7a325bb3231d611142df17,0,0
8907d24ac859a08eeed24011d0e13e52edb1419fcd2d706b87ea895203a9838e,0,0
437dbc1030dccecab3cfc86b471747f3c155ab8fb47705326d7bf82f81b62e93,0,0
bc046fc4752bb498760eac59e14c32e4337cc34a8cdb807824acc6e1c0ac8c52,0,0
630e627af880720f7ed8a1875472c4fa60747992044c965a2ee0329588398566,0,0
2d4ed5a573ff3e65dacf8acb46285f03bfca7fbcb56d9a2c6e0493e37be3e4b1,0,0
b611b9cc2244949c1cb1615c3e70589d51cc3299be71e279c1331ceada1908ae,0,0
8c27953e03b2e082e0b7f5961e23c8368984dea451ec6a19a582b914fe2e7288,0,0
7e3416484a9721bfdaaf3f53718e405eb8ddd1b2ecce17187d631c5dc21d8c94,0,0
1933480293bec82b13aa1cac897289ccd5ac3ac80d95514db691a7d884126cf6,0,0
268178cac2c2224b9cad06cc08cc7b73f11642f8bbb1d0baa5bd0ce43ed6afa0,0,0
2e3db8dacfb8de361786b3652c14b4b1467ff816c9344933b982ea664977f973,0,0
d16f6f25a3a833105fdf4fe1d02c3450a50955752ee1bf6696cc684daedc54ae,0,0
8ebcffb44548c6a44b4cdbed512c26dfed39951fa3424cd4387ca2d1a788a3b5,0,0
a8c50d6c978a027b79caa464650733b047a208e922bff5afaca98502e7e23cb6,0,1
fa930864f6da22c32efee97712f3cb87ecf2ca36ae273815bc63c5ef55f02321,0,0
a0409a1729642cff34b24d8f8656a8c6d3bb4e7bfdc9718120dc28cdb47b2433,0,0
b4cf5df2786db4868c527a2ec1b50e65b25e3c3aa53acee25ca155252da8a5d3,0,0
be9bdb5d1f19b8dfccfbb2fda716f2a746758f29c57243b362f051838b0096c2,0,0
94d7e1be19561a4fa7ef2c08d08b555600b2c3b5e02afb7ab3b42402d8b9fe82,0,0
1594371b0950612f622f0ca97bd50395368c5325be70249d7bf2dc4f1600b6a0,0,0
63c9c9537f6a7a5cbd8d113c4ffbdede2211cc0578a9818aba5832b27debb1ff,0,0
5b1fea3f7d462ef2b51f9389696f1aa98eefb47cf8c6f2b7ccfe2bccbbcea061,0,0
c5d3259a498beac8e4af757a7279482c290ecb112c0481852f22a2e4f95b1492,0,0
d8e518ed931801438fba0a3e8250a06927b69f4ae94bf770a676c8b47c2fb421,0,0
6381bdb7d64a8e64d708d74eaeef6ce859874b00048f90e53ac30e25f0eedc4f,0,0
93f33f308450b2bf105c04d1816148ff8e3c0feaa2b1a4d45d539e43d870797e,0,0
1a57a715dcf8b983aad7e14f2426cd49e641415ac77df79b44a979f2e662607e,0,0
ab5ff399f87162988ea58b4fdad48827f5cd0853b9ae2709e653b42ebc89105f,0,1
bca32f9221ef45147e1427c62fadd99afa7e5468f1011d0c7ed9d5178c18cc52,0,0
6ed48abd6812a5f416dcb0b6880e3aad3398bd59bcfe3178aa0ef3f0f2c447d3,0,0
efe6d8205cc87a47c72e92f13f6bce332fd0af217e082144bacfd022523f4f17,0,1
521a8ce8980a8b7056339f885e4d9112319a679ede3c0e25e2d08abb244c8871,0,0
1c5dfb9e5a8e6485dff1492eafd3b15cfb67abcdedbf37fa9ce4c7d089c5d5de,0,0
7614c3ec845ece2b4e5f8ad1ea1ce6ee9ac8e75af98441e39d31213d91a11a74,0,1
56c54f7b4941f5ec7089a8bc615c8e6d4f43253acb610097c0026fcf5e204200,0,0
80fb4d9493e5e00124a701f25bddb58af2a5893ff29b43a52e260726e8cd4ec3,0,0
d07dc73a8373e5611023eff704e2978667c8ff7e76654d4ec29e641a654e3825,0,0
ba9a0981a3274a5ad05a5463fd64923750d250a2cd59411b48c2df64b98d769a,0,0
6e67c1a566f64775d6a212e9ba1be319e62983729dbac6e63af6f02fa161bf7d,0,0
fff78d5ab361406d48cd7c0159244f52292acfbdc4d39f97bbcc81fb9aeb9904,0,0
ea3d9160c2bf62e65a0565c7377159b8bd191e63fb85e1de7206beece0193767,0,0
c4162f87da573f4415c4b771eccba6dbcd476b95971197f702ac06abb85d1ae7,0,0
e86ae7245da19f25c29bbadda929ac3404ab39c0d5dd208687ea9605f39cc450,0,1
57fd021b87a429c69114640c88a34a858ea391ddf37174751e065de6d5cb1bc2,0,0
9a6f6e397f75f14aec5b6b1dd3291163632f894d6b8349d02132fa94154417e3,0,0
c10b2d4e82ee2588ffc5566dc6513395807b9e78d243b88f0787f2c3a0473dc9,0,1
95af6b78fd06406c22fded5575dcd1edd92e0e9567d6f751ceddeb76ce8522c3,0,0
2924c8b2c10299c7e8d79fa6d8c91a2f43c7fb4c5763d54ed2ba7941c4e0f54b,0,0
a7f7ebec17acd153010e43018de155697da86b4a2cce55ea5ce33f5f7f85e19a,0,0
61c54edd885303e6ef708895e05257948b395700904b6ff1b99fa4f133a34d3a,0,0
86ec4ac5193436dc6d3038879bdd997f3702f335f6d346d72bd15d0744f5a88c,0,0
dbbdc13afc23319185224403fe80bbf76ba342ec73ceecf5fd8218467dd51e72,0,0
19e8ac4b85fda5e9ed0f6a2d8d04a7235fb217c5b55256bd4854336e3610cadc,0,0
24a2cd7acd36d0f3be32af6a1da668acf1673393d9807bf9e6599cd2e8b28cb9,0,0
e59d66e14ca56d4d77e8ebd5af1610f51cd008940c2fe6d25806250446daac9a,0,0
db1888a19d66abfda740ea35e4ff007d3a22cce49f8c0a94b7fb08e242db8169,0,0
0d69721367381125cb3e45f0cbc4f2b90c310b542714ae1e5352616ceea6da4f,0,0
4c7dcad60892bb0d17d37b6bb435be9bf97ed00ce3d7d737049d44b4ea92c1e1,0,0
b2803558a0c9f65826b0e9645b806ce1591a74581e4febc3b7fa6d3fbd44c596,0,1
959cb8d3bd07035ebf5276ae0b2e3253771c2ebe5d360705ccc932f29940e234,0,1
f0589a12ec9aacf4fb894fcce33e44fa06f90d78ddc4f5e34bd8fc71ab419534,0,0
1cede79043d411a058ae49b0c3b8c484d905032603cda24e2fc9d1277a169183,0,0
a9e7684793cf69feea71acfadfe002b9a7d2b6e08be67ff247bb79ac9811420e,0,0
43ba99731dadac929ad7952512d0a0bc8563cc9edb73fb0113cb887c349cf2ef,0,0
8f9bd1fb56391a6f801ed097234b592ead468a68a50d63369e6be2087e09e021,0,1
5a8c780f88acdedfdcae9cf7780d354a46f3146faeb9f1e14b000f28ccc7f7f4,0,0
965aad67b6704536532d4d5cfeabbb573c5da82485b0810bffbd03db006ff002,0,0
bf8c4d931eea296779ab84b2bda0a2ecd956290e46ddef49ea88feac1aa942ee,0,0
662b710a370eada52f754a58160e1f9584a6a872bc49c78f6feda478119e1c8c,0,0
68822d67a5cc5ba20f61c9f2fcba3882f34ae6ae94e38fa2e7a5d57c4d0ff692,0,0
f40aa610f26a89b25d03ad80f7a0a9640a6543be1bc97c2f54489f44a1d37bed,0,0
fbe835a49619e7417814046ed79913d3f91e2e47c979c512d61b2a9c65d18a69,0,0
496224d5e5b4c47b18ec5ea07eb5b5ae755d0dbae54144c544c6b56e875c19c4,0,0
43049266ee3fda8add68c15c6dd378db1b675508e563df8b72c18755eabd70a0,0,0
7f2101e70747a0c0e9faa134e08eda70fd6fe5a3dbf4a7f2b7fff7d8fb3656d4,0,0
0c15df37e75826d2feb4eb430668bd8e641d8ce2d5bf7f1aad939f113b0e6ec0,0,1
9840b6830d086af97f174ca698220d9532adeffd812c73d424570e027a3c74b2,0,0
9beeb120b3e1ab0647a439f90c0f3bdc6e6088e0834cad3e85efe3ba5ac2a34c,0,0
b1873389df83fef58a15f09cb270b0fe77aaf472004c101c464739489b5a478e,0,0
da294bfc5ddc631bdbe887c6615715fd9854299d586676080e2c55f7044be9b0,0,0
2a26b821666d1da2062ca8248dfa1a09c2b383b228b52997955b7e8243112776,0,0
7aca716c5ff352765b96f464d1d0623d9b24ab91ac105b2964e7b36ed24fce98,0,0
0ba6ab412218d142d1ef4b3cead9204b3d7fad85d9dedcf3a947e764380543cd,0,0
c955f6efb37da4624993493d6e66f6b6c44554833dd4f336a6675b446fda534a,0,0
e6f8b10857057ea1443aa4a1d7757cee823626c1bb63ce01bebf1d96de379357,0,0
16dc682da37f78ef22483d64473cd34dab4eae5f44d4a927477c8fd02990871f,0,0
f0b3f4f76950a0a4fd84d17e9b15f490a375163b192d331232c681fbcac54452,0,0
6f3c9d8937c70268c23390e2e6543748d4f39d45ac1d2189b9fcbbdd6252e5e7,0,0
0f3b688390e3a404e57f9de65fcb141466fd44a019871a517d75e855e8e2c803,0,1
7eebafabbc3cba7eb526174968a425be2d2b28e8cb83b0e94192ec2acfdfc7f3,0,0
b3feb85f80f2d49434c407316b6cfe7d8e7bd1a1822b546cfc67ccf057752df6,0,0
15428f30d1861d9e67ae2e9c7526022045fb76063bc8a655b8942a764e236814,0,0
68d8c650bd482b709025dd04fe14d713c751a833b5d7972f22e5a5906cf02755,0,0
9e89b5944da701901a87dd13a3e1c01f0bcfd9db8a609cc276c708966ca91cb4,0,0
4ba2980f6cdaf03b121caabc95f5d49e51219fa465d6bd35bc14f1bdedefeca4,0,1
3c08a3f790b4820772dddb2682295a569b5ee33934c65f17091f13ec13a62771,0,0
61b0339b6a7731530a9b6d910887df1a996d39196ef18804c2ace5994fd2bec9,0,1
8b7a5bacbaa8f650c7136c382c5f3a81d71b03b34cf6a838f2717737a512eba1,0,0
ddee68df7fffde13c145dc85e1eae061772c62e435524c91ef859292658221c3,0,0
027196ddd588f0a1bed04480d6b7339c4d38a2f5202d1ddc80e3cccc9f3c18ff,0,0
bcadd9dd49d5e1ffd7f4a5360c0586fdc4633b595d8ee9d41485c5236637da50,0,0
65f0862de443ad525ca323fbf6b47f33ba041de58570284b4e9fcf52f2274899,0,0
63ac212f73c140d022a74321658bd1b110e71e86c1b5495f7ca01dd8f5086c73,0,0
ab0101c99842e04c48c250b1f575c966741e420f9ab1bd12930940f1885a839e,0,0
40ece4d756d91368f074002469cb489e5c6419504de9d4b3a65fc762ff110caa,0,0
080a300ed734db4ccedfa73d95ed8034061f59f301d12e128b568bcf4e38d67a,0,1
5f3d65a68b1fae5cb94c568ccc703b10e07d6d2f119603163ef9c7ee34ac3042,0,1
67a17acb0c1f6af9fe4c528de172a88011b7aa3592a47097fafb83badd79af5b,0,0
24616b5208d411b759fe27c930c4796ef541ef181d3ecb2295c2c1f6947dc0ac,0,0
84d725e2d7482dbc6e2c6944d942c1653305ca54dd4305cf738a79fd0117bb37,0,0
426844950dc3076badbefb3f4dbf151bd8380c877afad1f21559491533ec30c9,0,0
b9d14eba7579bbf3d4d6b3e2b30f6b10a1f33f9e881368a553491105906554e1,0,0
e10fd1dc7c3e535f7096daccaa3083d1db381111836bfd6aaba97305ded01a37,0,0
ba5d163ca7fe09b938006bd50be80b548e0953ca2903a1a6001846e06a58ea88,0,0
1a8892f798b3e1c09047e58126c6575bdd5198d173360699353a8ea51f4a9f0c,0,0
f4cb8f6a2ccea506475bce8634081bed0ab6c97b9e20e27c9fb8c05576d7fdd8,0,0
f8bf6af375fbb7055654aa8fb6bf7eabef9564ef4ab70b8678d754c7c5d10a6a,0,0
52974dec589ac28fe4114d8a7dfd3b28d59437db786e70ab7e8a2210e1e96279,0,0
a689b009c5b0f9f287b6cb0f3e5c7f1895ce6177c5f4455c92fbfe462889806a,0,0
6f3dff903d4a39080cee5b5a8e742f846ad020f823eba3e38abc658fccd6fdcc,0,0
f6c82dfcfeeee6d17bad0af8773958c0979d364dfb5d1ae6546a25393238d80f,0,1
14947656a3f2847bc8b99017b59f679241ce582a8ce69f15e0c103cbbed540e1,0,0
3a2040687695d22a9cc61e5de1f39ad4e49764be04b17daf13dfda2812f8998d,0,0
b80f940afc967156b43f6f6258b84c34c91864b7a1677fa0b16d3f331a52a442,0,0
99a3d3076ebd906be1a1fd37fdaf64ae779bd6c82209f037c44b7f6db09f2e4f,0,1
78ecd13e1fd1cb5d25b9513cd9015ed67fbe2a07003a8d659df2359b419e0f9c,0,0
3e65fb9bc966971747702d04ca41b2dc10d0befb34c46bf32ccaebd657e68de1,0,0
bf562d7ab4308f5a6f53704425a98b4f52cf7fe7248f0af839c5ef7d6926065f,0,0
61330efb915494c096711f1ad936f4ff080d6ee28ec23c567332c598b6b1bf1e,0,0
d27d3ccaeda25d4c44d56b499253c680a1822a85be9c7e50ee06b1ba2ef8116f,0,1
23a0083c242963f8e4c86cecd45c0e75fabed8f4bbb7d77e31d2d240ba24e983,0,0
9930f8773d7bceb5a0f1ac31f87ea5d370b25632939a2beeae431e645864b09e,0,0
f57df6b9426f4d12fc375ba3842b8e4cecf67fdbb59133d0e3a31efebb70f01d,0,0
9f5e5483fbc0f066fff5369e07dda26449ee4b710fb3bb025298a6cb80b66760,0,0
8a8dd2667fe47ce28a374d5a4f2a75102ad0c58aaa13509f0f0bb5589ac682e4,0,0
282df7ace989bfc266815836a5c59a464316c1ef2c8fc66c3486619b3af42692,0,1
b30bfa9489516e5b4ef766186786cebcb4925830fc68722b9ba8157559b9813b,0,0
b671a3c5cbf9a7c9754e9dc8516b1efe5c2efc6e48eb77c111bd57f5907e3301,0,0
35182a90b22cf4eb78c29bd76a30b4523ad4805eb53f4e106f16e9d7b962ef82,0,0
15cc9f10b91783fa92516b5d07a20939b4a274099db2edd2a867d2a81f2bc21a,0,0
dfc343ba135d33ebe2346f8e7b0102aab01ff1ff86e19f3eb4ccb2548d10dd7b,0,0
c6d2d00da85e5d36fbce6d4e2363b2b7f07c8c60e97d31273f4f0b362204b781,0,0
43a4a8823ac42403351db58292c88c931e6ea80664b5c3aa28e287c6c3fb44f7,0,0
fae349bedcace306bd4712a33644a3facccf3076e05c6d40c287a3011f1b2193,0,1
7e41532412ca3d6cf44f49349cbf864bc5c73fed8479a3e5d63c3d48d40338c9,0,0
8052573cb8fe1e0bc116f7a74d794ca59ff0e0ec7a1867c14c97337b50076d1c,0,0
4a684093cb64838aa762258b9db7713f68120e067d1d8522e506c2939ed0c29c,0,0
27116d5ad779367ef0f71f8b43718be2437dcdff906c86dce7eed7cefd94e9fe,0,0
3a5f6e47e86f0c86fdb2c5515fef3f1ddee8b50929add14ead6436cb86d9434e,0,0
e32f0773c153808596c8a42245878185666ca687762bb7113e6c2a5a686a96c7,0,0
4fd4fc62be91b80c4f920332a84a6f65d8189b58ae15ee409c8a1fcdf273e2f3,0,0
b94544623940f34de2e4445227b7c41705b533b7780630f28e56c986e8d4614c,0,0
388d015d5f7206f019d94e423c0e920c58df444e7e644d1fdce8a70cefd0a114,0,0
acd3a359d91a5fad8eaca24673341012bda37d7f0d0070e3e1d1ebb3e886578a,0,0
1bc66c746fc60500a7c690f453063c022eb0f125f4aac95157f717807f9dbffb,0,0
7925d1aa7c8e15862c2b1dff5bd6e62a0ecdcded8c61fb62e0e2cf4c1e6301a7,0,0
370a71e9ccfd6f99bc6142ab34ce8fb495d004e64d0721f979a2e31b4ed36c28,0,0
769e81627e71a110f69ff243c1884e363e55da6cdba17fcd716097a8ad328950,0,0
85c47c3897451484e80aa56f70f0040dda0d492db2db956e8b227d214e00c25e,0,0
fa4017d4f535f27bf1dd82f7527105fa4c1fdd4fc1132d6a50a6b058fea9d030,0,0
a5b4b40d8a35216205ea22cb86cfcb6318b7158eaba43d324a153e258823b6a2,0,0
95ccf93b2c2004ae4ab05876e10f31fb6a26022f2da290458f9696415dadf4c3,0,0
64948e045384ea043360d95e5df704dc54242b6960e8f42be59179d4830216e1,0,0
cc69b68a848b6558f85c0afd1bf5d616cd365d397047b7f738c83a553b734ab6,0,0
6a16ec2c97bc4f397e3170cae4aabd0be71eeef12270e268f3fdd2ac97aa21d3,0,0
5f4956a3416032231d9f65c45270135d8bea8e695e28fa8b0c7ce887ee00e8f0,0,0
8364c14d8f30201cb35cd86fe2c6de1a4954e8d2c1efe9ecd7455b4c78b2871d,0,0
52a89c0442f08378baff6403dc3dcd526985e36f7c4abee734ba30ca21707429,0,0
a57d1342c157652136a28fef583b4905f7ce938527f89ef5248ece0e4c43a875,0,0
5e3b74ebd62b96189b81a80327d7ff4474c06b032de9b819f935bb78a2a6ce64,0,1
e8d6a80c2aaae174b5cfdf8875146618e938657540a7ffcb4da1f7b1a50793e2,0,0
427219777082466019c4e6fcad17932340dab5500106449416ff5b439d330081,0,0
e9a0e3e3b3c5c6e2fbf23cbd3b61a40350af2c08d0624eda7a0a295810614e84,0,0
c831144f2ca71cfba652ec45b93cfa0283924ee8f755a0ded12acc3ed03568b6,0,0
4a382ecb657443d7a651c96928dd2aec575cb8233251d963e91b3700ace39f1b,0,0
755956792213dfda31ef7cd6f429c3d6c97d9e1458824c9ea7885d457847c789,0,1
135b60a747d4999ed5abbe76e8dd8eacfff675f574429f0001c87324b04d075b,0,0
2c6e1309a0236aad29afac227b9993ccec4efac8c6067cb3554587b46bcb5b7b,0,0
c9a64bd333e874a57952f7bb6364d9afbe16604b058f174b74e81cef5bb64695,0,1
068a40f85bc5f27f24b8843d221e65f19bfffea4359104cc30c31a4ae9e38122,0,0
822cc3d99a01c8b3b833752558ed3ab622eb2562d49e71899583d40e76a78067,0,0
8dc0acded9204dfb8164ae5d766f8a471d6392ad8e2d445aebd4d3c3f6acd43e,0,0
cde578c91f6e18b7acb63200170deb313f5cbba5257bac634162a24dd65a090f,0,0
833333306167e0305ab9e48659af3eb7f6f779014efeebfd7d0e05459121939f,0,1
ecd9fecef920ce4eb358896c1f69e6d71a3698ff1e500e6dbebcd95c1f013135,0,0
3cca099e97330648d3439d13f3b469e018776e1f2cff5e65936a56094c2dbee3,0,0
763f81d9b10a023b2ab211ef9ccbd62e444d8752b095e3ec483dbca8f5978e98,0,0
56feedd616449305d1709f12d317b15c58a8799b1e397e456e025e24ac8ccffe,0,1
c651ba1ab8e44e35a80c7bf734be26767ab5d9a8a76977fcc45124441d0e51ed,0,0
0a303544846893a7c46ac46f3e13c83318dee19986c7769d169f342887397576,0,1
ba8c2e9ef3c6fc4fc36f478eeccda525fec3fcf41b20e893b526e547aa168c2f,0,0
4354125a8fefccdb1d662987ecda84cbf097d72f8577567fbc9ac944b62a78a5,0,0
75ac00a10603246c80e670b3a41554d195cb1f73b15967ca4bed9bd26c8cd509,0,0
e03db7b878570f914352176b06607d2319f5f34bf8c21f2202ff0087a7577235,0,1
a4dccac8436ea9cf31d23d1965df8964471323d668b4fe169da275394c92e14c,0,1
e52f2fd9d48afed8ddbaf31faae4c132aa62a29b2765538337c66c2eb27c8816,0,1
65f640dddaf6079c361406240f3bdb5093971de40e2dbe910984ffd8af3405f5,0,1
ebdfd239fcd62af75d797188a40f87c179cd185819b9b75c0bef661367a0b6c4,0,1
05af0f7296e3cccce855e9271bc39d4cede930f50d4d3e8e8782130133a9fd0e,0,1
252c37c8dba5aece20cf30538a58dfd99e1d71f39cf09e3d82f89ed351f61ff8,0,0
095504e71d8d4d398a34c6f587815756adae40e463a05ae4dd1a921dd3b265ea,0,1
a759a7e1592aa18e863bdd6965ceef87c7ac705f4eaa4ddf89d75a15324d9d4d,0,0
85dfeb586f91811ed42759b85a9622486e93d20626daf590151ef3d9e554edbc,0,0
60571a5184a2dc347cc76afb341dd0c17f9ab400e5450bffd377e57d59fa5afb,0,0
2170f44206e740ee4fac3450551b48363ea16c0bb7e34ce28d0838b297cf9225,0,1
07c957dca59c8a88ec6154a7420668e04007a30d5329ff96d5dc399ff91a82ea,0,0
f7099c44c3cd88180b0c4d98629ff8fd37b49e9c73f7d135dcdf6b0bf12ea1e4,0,0
d253af04466c16fc07f94adb58031b3e9b6f94bc4ff038eb2c4210bf4e6c28f3,0,0
998f36c1fcaf720b39756871b61834f747fe13261b11105d76cbd0ffefdbf10b,0,0
babce486af7e767318eb0d10ca432cbf5edaf49e627843a0880d4be3a7db5f1f,0,0
30436f0ac4a07d4b09d84d52af1ac1528a32da638edb4ba91ebb152d6765450e,0,0
f17e26853d10a3114eabcdb8b7128a771312114804399d32747bc07c15925036,0,1
db5e3fffad6dc2c97a89dfe75460e4cc0c15624c47e9d072149ec816e83da039,0,0
0605d75368f6a25df890cd7c45788032702b5a98131ac736ef12dfa07f667959,0,0
26e121af05e46518ca8507bcfb2393f651485cc58966e3de4a541d028af8017d,0,1
3977a4a5b063d25a3ec88620ab8d1aceea4e1cc9189f5c0701266152c294f977,0,0
99ed71f996b3f3bb617dc05fba23d7e55f1e646102aa4b7589e2ee1d89b47a42,0,0
a7e9da791ca74cb36d461dadb01741ef36aa5d631fee800831741c7ca44d8f74,0,0
44a2acc98fafbb3afb9156274a7db297d0cdca2df10eba22ec525bf158220811,0,0
e7a3a47d6b61f10e9f2f9d1faf9d7973b6ae30ffd4b2292e98bce41ed8abd356,0,0
63d563d7b78541e61b182c1aa49d514626f63e63505fdce2a4b5e84da13ef308,0,0
343b634b3251815829bc30aaf25ba48928a74079cef40e4df1d995bb7d8f1284,0,0
c50fd905aa07779ca575dc471238a458a8a7af6827f0b7ea763eb38e1885e1a8,0,0
c54a064c86c5fb908368b92553fad5a6ef21e0a9c555b2ea6a6dd908764938fd,0,0
fcb08a49f1bec4e7af9e4bc0a4bd73471bfef8d02f194fee53ddbbf1fbb0f68c,0,0
04570db3f262b96eabd5fa94ccca118d9a821a62ffe520694d93ca6aed7e2c9e,0,0
e58dad67fd16cb84dcf67397ebff9e8d0c5588f91efeec8a53a724fa96f43cee,0,1
2adfd5fd8a39946da72dfc0532fee086768f368f9eb8d5d34c85b57af66c7d94,0,0
8503b7394668522f242a44a7882e3903d25f24eb6d9fdc0c2ead111378fa3a05,0,0
0345465ee735d1027576f75ce57e778bf7581e818684e04baa138b1c701e6c4f,0,0
bf531f4d415a2d9c64b4f207bbc6e162ba200d3c050345fc6f0652afc7eb6d95,0,0
6a4fa8eea62dd08c594b9b452f60894e9e50f86718fd59d15b14cc3c88d6a1c7,0,1
1dd219ccc0d68826aeb7a3b3d3b1e66cf978c9162c5f4b477e50b39726bad8ac,0,1
6cd974b58eae198b93bb009a436516294691f373966f7676d6e184060a3459bd,0,1
09546608a8cbe71321eb2945f47efbe2653e83a466088d7f529ad8de91cd0014,0,0
c1e3d42af0e35abe7ba092cecd19ec76d31b11c9c5543b9a27ae7d1693bbd05d,0,0
9e6e1c65da7a53993de996f030d0d2b6f2db911e4a7caae050c81c5c4586b2f3,0,0
54cac779bc1b4c7dfd8da34010fc05aab4b3108eea52b6268101d877203ca366,0,1
24ce59cb89cc8abc2ee297c34a9d0a50f859ad8ef4588f07fc8be56635d68b5c,0,0
8822d724e8f5bdd525925c154a513ee81256b616dc83a347bfdfe2fa4e53128b,0,0
803695f1724f373e969fc66713692e84acc3d5fce4ed4303fadbbdf9ae3838e1,0,0
e120817cb7630acac47264a56496405fefebbc7afae2979fb4f84542ee61e3b0,0,0
1f9bb48a59155b10ae9350245139abd96f9e624f4d2af64f0b4c949e697e0fad,0,0
41568423f6e6e3be5b2cf0844cd86e420b1508ce092ff04434372e1e5d9ceea7,0,0
df1027ea5950d537283d392b47b34a3429804e7736f8ef890ba272e4312fe67a,0,0
8aab7d8271377b72dc755fa588425600e1b0141e5b84db1c1f8dcffd94510c71,0,0
a675c3815d1b3945ff72dbaf633720e53762931ab11a2eb6a6f14e7fcdc80446,0,0
b3f960c4a90ad507c04b208a3376b2e11a40fcfdcd7b1da518dcf1e87fe4dc00,0,0
5365bfa90c044b0ba9853ed6afff4e4242eae69ee35b563a5cb2c82128602284,0,0
18c9688306f25c5e6aadf8dd1111cfde8518e36f6964588cc0bbdf6d0fd9c07b,0,1
c8e3c960d10bda9554cb2c8aca7232be46055f669b2dbfd869760cbfa8a7c0dd,0,0
1d3e395f9dd0e0e575470b27e138e35b7f982bcebdc92927363e6d82ea007c3f,0,0
5a431e409b426ae3e07c101a4802f977c574c50b5e633c8b4ecb02c157a8b23c,0,0
1d13eae04e8aa25af96be916495e69e236f4df997a28346b2d4a11797ec5c3ea,0,0
7eff35c3ce99a01259e1ed6dc521da1db7f2423cc2574169650aba6a3cb34967,1,1
a35882013a00e67581742936bdbe3d818d51598e14da62954c7723ba2d6e89f9,1,1
017d2c4dfa94e0048e93a7f839620be5f26ce46c2988c9a05dddf3c8641c0c88,1,1
cf39404fdb64ecaaad5301018d68895712f4e23435186955ab849cb5d30aa212,1,1
c588881b46dd46825396762e0e6fb2cbe2be97cc5581b163c4fdf0b4ceb92a58,1,1
769b152557b5b4c1d912490bff7295e474f4a234dadcd032cb210436564bd38e,1,1
49112cdf83ebfbd431793d732ae2bc9de01b7c6e9f11b649b1e305d953f370ed,1,1
2d1f87f5f92d27ef981524fabc86c65659a804b8e7337ccde1e5eeef1dccc02b,1,1
99c5c9273f482a0a1ba0ff4d1fdc7767b76053b394fb21d79c78e82956ee62fd,1,1
7c1ffdc09b08079ef932e24572a10e0bd1abf16e148f753127c74120e3006924,1,1
546230510608585980a43a2bb165453e6525cd487b4e8b5dcf7af68b519f47ec,1,1
0098d0c545ebc06c0465c376b4e4bf5d3a647a802f68fd9909c685a09910cfa7,1,1
03f87e3e59acd225272198213471ad5fd356443081b5be44b7060ffbddb9bcbe,1,1
e0ccad3695d1db6bba85d1f36361fc6b58166970279a759197883af1e051f0ac,1,0
4944f80283c14b913f042714605210e1462a484a9598435d13d3c2ec5c324478,1,1
62681437f7e063ce4ccdeda1d2d96788cba671ae942f95c08998a9e6ecaf25ba,1,1
f4fdf24ef46d1de79e59366cfa3087d686ad666661fcffc529d7a50478cefb6d,1,1
0712bc9b076d9ad33da79ab233a0660d45d61afe1d351e5241062a2627471332,1,1
48f3f6e5b196bb9c87797c3f98595148dc135bb2f09afa7331032e099db496ca,1,1
5c8e666018c2db495f94d452db0b27ff0ea8074155c97fe20f6059b92718b48c,1,1
a4a3c5fc05996064a7e6eaf793bfd62a1df9bb86b799019f0aeb057df24f8095,1,1
10452b091248fdcab1ca7191da7f31eedcad0944f08f44175a02195bbd54b4f0,1,1
1ab33ef5ad4995c9cb8d15f13a0da6cc25689f4f393f1869d7bd0b35f7b963f2,1,1
24fcef9e064d9d870fde9c5eb88f1bc179e1e793d824798f8b051a806530e8cc,1,1
4403cba658e56b9e7e5a1ec5c54c30c1d6937a1b3013c185ed6d5da7d2428db8,1,1
926aed238880b4b7630d9fb653887103ba270d2c6eb68fdfd9d79c6b3bf0f55c,1,1
51dbea9c63fa7d29f3919defdb1ee89220bee29d6aface15e5a3aa38f0d1ba8e,1,1
e459bc810ab2e2e286252026709a7755291f649bae8e0fbe573f2a7f460b0ec0,1,0
bfd7f536cb141fb4ee3bd22ddf6f7c87ba138a8ec71f473572d4dbbe8aee8073,1,1
b1f7ad8259804fd5815cb428b47a16de71bf30a53d7035335912005070af7955,1,1
66d9a875d5ad413dc7aeaca4505afc66c03666f7f80352f716a640acc1e0e859,1,0
025e0c257c3555bd7e34e764da6a6637063ba0c039c4b1ab580fa28e4a50aa4a,1,1
c3114f20888eea1562d4ca217a974c12c5fa9a9c1e7f1fa4e24ae70db470d886,1,1
280610c70eca94f35adfa5bb68f4690448b229db902842aea43238daaa80a3d3,1,1
1813f37f0d089172426e061b2785acff013e87cf5746b5ce27d20485f6181e85,1,1
b0d6f4644672e4e3b008f1d40d865b999a9b0c3a5b2a77c8533892914c56f17b,1,1
c644d8e0e73bf4d825db0f54289d911ade6a79998a3f28f2bd130a270087b7d0,1,1
f4497780f3b12406e12b874b0bf200baca16b33474b28c5a1ae4bfbd498ab739,1,1
6c0d52e593af8411110338c5125bc09714780e28486a64d698e72db4d94c2d26,1,1
a0c32c0560f096dc8174aef211ddc5873c586311d5235cc56d6c596c9c71850d,1,0
3627865619ca7b3195a9d57902b9988590f1e368b823fdc50626009b07c6968c,1,1
4cdf67fcbd083ceb32eb6ef1bb084dd138b3e57d35456e0e093a8999aa245106,1,1
170ec7c6a8cef6634bcda13066c5908c2d2df2fd46de4e42f4649d4ebaa208d0,1,0
ef5962ca96572016aa61786a24e9570733f8024094fa35069882821a1ea53a3e,1,1
1669ed73fdf1a9904aeef462b693117ec95f826f79f54d520e637cdcae1d19b2,1,1
738187e8c7fce6672017a138ad5b7dd1372975d967aa074f06dfcee2123efaef,1,0
48bf71a4b465f0be4c8792157ddedb5422c29719d2d1ae01805f5cec1b8cc1b6,1,1
c1a39ef4be6d5f610a926a0f6109430af85b29abf890a67d66a0611ed55e0a29,1,0
db76d2a3a76fc7c76aacc86b7f374669213f1fa51e56a828aa61e57e8a094f84,1,0
dceae048faee62b986b160431f38b1178286bc8cd6b5c0be1abc525190158473,1,1
565739277b86b2016f9763feaeeb9b0f8bf59e203fdce2f1cd0eb63a1929c1e6,1,1
5236ba362228bf3e28e5941331f029b8b29f434c2632749410b4dd25930e06ed,1,1
2af27f6dc9135736092dbc949972cb2f2dfb71135de4650cbaebb4c678c8f98b,1,1
8226f608669a4b65a88901fc54820235297615848a89167f2ef0f063a96098a8,1,1
d993bf1c8952e430c7fa3644eda948941548a9648266a6693e2170dfc438d303,1,0
0238ce00b1e7c7357d40055cdaa9eb066e31cd3f4730e91369748113ef156da5,1,1
3ed905f40a251282113484aa5d28a893128727763878abdfbfb21ad7c1009085,1,0
0effa18758ae6cd8b1f14f687666e9eedf254704544c82f269183bdc1f7f45dd,1,0
51ed56fea39cfce3977b2164c414c072e5e317919affa6e6b4196414cf98cf2d,1,0
1f23f4de006d569250be9326f8d6ca51fbcbe9075ffed4712517eadffe4bcbac,1,1
46c4846ae05e65c4528dc377d8e2d6dc4294c05ea40a75a0e2c608e8f0c3deb4,1,1
1af0a0bd66239bb1069118202185b2c9d00634f38d23c3a4570f9287f33caff5,1,1
903e8e251bdad5edf2364dcb105ea12a6bde40c2923cfa7e37a70a18bd1be3c1,1,1
026d27b6b153c8c3d7ea0d17655eae12a4b8f4ed3e7dc8fa30eaa7bfda41df16,1,1
1002309180ad82a661182d616827959c7a828a12749a74e1885c606b1efbf302,1,1
c27ae24a7be581a752f106bab64de7be3632276843e05d34b966c7825795e6c7,1,1
4315bc96a3487d4b255ae71cabaf205b2c3f2d370a880c10ab3219df6bd52d70,1,1
2ec4520c005f1b778484aceb5b72e29284c3754f0d6cd002f59a0433ca6184dd,1,0
6643545887697e8d762286a4e5760edbaff699ecaaa506ba5ca7aa06653f189f,1,1
82e11e9acf9e6d31fbe01a6c3ea2b28b5ffbb3655d1c138ea322c60aaea0bf2e,1,1
98ae91011b5242b29fc71f2bfbff2e5d7c2b47fccb4bbfd6a155dbd28633d3a1,1,0
5a83634e568d89796071873c42ecc7d64ab9aebaf65719fe50356b11f5057e64,1,1
754f3308b7f20b6680178823a309db6e074c41c70a3194d8049e1fe7a09b601c,1,1
f9ce3b179ea2f039cf8eb5907017b66f916ad794c65f3cc90883016af2c05611,1,1
518862176507b161bf939edb12f90280af5edd6b9fc04f304d4c64799060b67b,1,1
3acd30fb3a918f06aac78ed74d49162b9ab349c68ffe8bce0326592a9b3d2b09,1,1
7a187428d9e0e0beb7a473071bfb89b5303e359c6fbb33de80d3457ee5770559,1,1
bf2cff787e4cc73cbf8c941e01a33a02a655fafc1e685a7e20a9b4bc0ffdd66f,1,1
483e678ebbfd0e88973c9bc8a48605b6b13366010c2839e90b62f6ee5d10db6f,1,1
df3c77327d401bc6dc1bfab6f5f8073ebaf180cc95e46ddd08e460a10bed4fae,1,1
665b24d934a2348ee6177a73226f20f3ea1ef75bbc7c4e6541ee06d8432fd6c4,1,0
80f7f971b710c253c9bbb88feb6fce8b5dfd6b057c378341e93047bcdaa97761,1,0
2d42e6a781b704750d1bbb91ddf01dd266de2361ee9c9cf47bb50bcc5c7b1ae8,1,1
9b02bd80f1495cc073c729c69be72ac22049a9361cf48af3c38a510eda09c7ba,1,1
0f32de2eb42f25d17283564883b820e7083cc343b40fd4a470a0f25e5014930c,1,1
12de998a933af2e9c3e045896d085d300a66adcfd6d0c7e55ff6ba8f1f5651b2,1,1
dc63b417208a61e445929991b851224c97b2dca680a4cd15f53c299dfe4f0358,1,1
cb9aeec315fbc5cccbdf8c5fc317446ec63b44a211ee4b031e1bfba3f5ffdeb3,1,1
fee2b78385b9c335ab6467650f20222af1a16fcaa7de63abb28d4f1436c35437,1,1
608e9addd0ea2cc8c50b6a89a3996de8549ea3ed1373f69a5c2922913d06213f,1,1
58790b555b29d221fad2bbb38e5dea679d35dca5fd5b1e1f82b361c8c7e52e88,1,1
92fb80cd15658ae13ac878e637972b2682e8e4035a009c603a2cbcaaff9453ee,1,1
a9bc139c81e7c90b33a052a966f5cef706af08516ffd98fe9b3f3b58c40ea650,1,1
3b8a561358651805c54fcdae85033eb59cde7a1633eb17de40de802083390cec,1,1
125ddf760694f5c1c6d3a53689407d6e1498bc9d211c2689564c59f79130843c,1,0
297481c42117e5d676488ffb35279e3ba70a33c863b39d93e3bafa1751d73a2f,1,1
4ce7f86c6783415cb43f2b8c94ba0794af432bb0686fa082ba703aedbefbea69,1,1
fdd0f07340b8c7ee2d768a9dae60b61d8b8c7324cf83a495f86460c300519c86,1,0
0a700140a3fbb8571ce0f0b67de87c5698c5ff8de1dd157f75c2d67187e0276b,1,1
b21d35d2034606ab3f35423ffe313890ee1b7a8b8beca6e2deee701f1cbcfd77,1,1
8e491859f763103800bfbcf25e134aface394d452ca5a30a092a8f33754288c6,1,1
187ea08050c3c9be2ffde4a4bd2af4b2165fa2680ee16988a7f7e124fdbb5eb5,1,0
6a8d6b8cbd9b7f671da7cca956988970848731c73bf0399446ff5dce6628e789,1,1
7b7d57eb15bdd931eb4437258b211c4ed1828ed291f174dc2214ccbcdeda8f2b,1,0
30c2513ac4e8b544f83c3fe9fa9cc35a42cab8dd2e4d384b75288b9acb00c08f,1,1
f02d5ee81b8fe3b03d9b595420a15eb0958aebc5d31a4cf0a50c06517e000ede,1,1
37b46fd61179ec19fd3d8e4e87d00c6eeb65e151a17be8029d8f9184631bb76f,1,1
daa908cf0f067a4346161bb4b2ca4ea11fecbed4811c2856d45524f8aae3cf4d,1,1
3eb8f90e049ff452fb9e34fc01085cfffaf16f7664381dcfa90f4a73bd87ead8,1,1
bf2117b62eed0522a028e00d3ba6aeba53ad40750e2e61fa8c227fb9ba9a09f9,1,1
423af3564c91bf0b7364bacb0f529e6bd1c105518b19d075f1d6f654cd449305,1,0
8eed791a7f558bab3e4c33ed20b9d5ef31314ff3295c392ede11a52daa940f34,1,1
080cd2677d527378bf8ab21ab9f95a76ba0f477c2aa41292b4b7a9460c3b8182,1,1
f0053be7a1a642ef7135f179a1ab5e17591c5105a00272c154f0cd19d2d2d1d8,1,0
e1d0bef1c232ba22cc944c82d1c0ddbb5d5f7c7e0933c40dbc6c8315e645ff1c,1,1
b7a05c320de550190cbddf4b525fa30c0cabd82a3a5108357333e4d5e06e4cfb,1,1
7b5fb33dacf00c3f1c408165686913b7b3101b193f9304c4d860de4c9998b974,1,1
324650994bf51043ff4393fd41e56029f4e3ff61b707bdfe496cabd9c155e7c3,1,1
c550420089b00060e3e6957ea2a8ed729b0695b468fdb98f381d1b872bcdb0fe,1,1
2901062a8080a2af702dac2f2354d673e2616f3d659e88924016863b09a03633,1,1
0f720f6474ca0d5dec4528f53b1e22daf9acf9a0b68a16882877b00b7ecfc447,1,1
f8bba9936add513159030168ef0a3c1863535e8ee09bb8e8c9f6e5a36f336429,1,1
865e4a0370c6450f4247e56d2758fb374662a73e94638be724987dd93d154ad0,1,1
0ee04d760c233ebe259a7ee79597d2670afecd7330882e31b637718371654078,1,1
02da2d9d1e9004410f69b89c98b7bb5e2fd24891a75c2bc94ccafadd7e493555,1,1
d99f82b611b14f23c25405248c917850bd95ee801c9b0358815d1038e293eba1,1,1
68df69863e596d1dd1e7a472fcd917d95a7b0140a17dc4f3f29116ba5511bcdf,1,1
803e5e32357d12fe28ac4ddc2568fc02da0fba0240068bda876d41ccff8dc5a2,1,0
c3db26fc521743b5de22e4f73f342fff100b962b710891f70eda45857c7eb3de,1,1
17dffd6933b3e41d5c0c75bd96a2fc85725f89d90bdf09cb980ddd51d7245d46,1,1
b8bf329b3271e991b93e4054e43ee7d573832a03b5ab0f299929401a4091ecb7,1,0
a40f9ef6a8bb6db64954eec876c72978c37a1cf8f80392750e71842a36085a8c,1,1
a1518f6f2ddcd2478700f0db528c4e7ff03d50a3fc384c4bf79fd1fbf29f89b5,1,1
26fc42b3ff40eef615ff05e7fce2e1c4b65c0f3935c0cbbdff9400d7b40dbe90,1,1
594ff156091fce3d5abd1ae2cd500565ccb23eddab1841b264ce7d746a182469,1,1
3a9dcfa1632351c40f860896f5247da54a0699fe5ed5a3685cda16ca6e42dd87,1,1
41a0fc16b0f3206c84ebe1f6bee7be6ffbb464284e36311fd7675cff65490e34,1,1
7a49f30244303d8e72610c72f8eafc09b1963c45c4897d444870b13f7203609c,1,1
9d440d2b1709050d3331067bb2882bdd76938eebb33f3771343f4b770af8669d,1,1
9e44309dcbd483a7852ef7570feb66221a1da4bab42320955bc9b35e21f17418,1,1
4b348fde6242955683268ebcb49a3a2d8606783fa4108b49c04afa03694d7ab9,1,1
a8e1fe63334d6036c11875921f78f4a2a09fd64132e27f032491352089fbf0ee,1,1
7e01ddff5a6effa3f9dddd482c0045e09c376472fda79ba3730fa1ba2c097646,1,1
e9138101ad67011a6ffcf6fd68e72bbe7abe6f7983d37d7d2ca9d7fdc053d0fb,1,1
a74faa1513422e90ef66bfdf93c05a4765a6ae7251cfad8164025f6abccd05a0,1,1
d3d5358aa93e2583b59250a8cdee5f29d07bb7a485d78464b539f87286105baa,1,1
bcd98390b32f4b1c37cf5271ae7b1473a854c48d2f008d060e02dcd507252b5d,1,0
f805e82d6bbf780dbb8d6ef36b2679a8b5b5751a53bf557ab4e8c9fd25d869a1,1,1
804758233f305fb8ea78b882dbe3cadcc2944c4e722a3c88c285f864c824e3ff,1,1
c607445e88d9b49cea60476bf63edd134f65aca7e15031b09204d5d91952ccf9,1,1
59afce76a22cb75c7406bdc9fd19109373844501c999b4aeb71be9089c9be47b,1,1
a5dd20e7c469096dde424b34cffbb617983f3a6c6a8016ca7362ff04bbde85d9,1,1
afd291b21f0e09b3175effdf59e06b284af035361eee50c27e8a0255693ddc7f,1,1
33a1214149b0c0cb867b7850697911784c2cecdd4d7786b710ddf5704d4826cc,1,0
1f387ffe37e73ea5d24c93f5c0608503415a957394e0533e671678a0c1f8891a,1,1
9423b1d7bfba49de17a78655b05d2bb0a6731a0e5adb63255e9b1af3e40578e9,1,1
7dfd23b45a255cea95ff348fe77277c36184b78ff1dd2ebc1653de9aa636c9e9,1,1
13091a87bdddb85e8b9db023c511f3378c9c08a0b31e3e2754d9618ab25d9c34,1,1
5b3c04fae1545500153bcfbe29f7c828fc0e2bd82a2b950266a47fca9e91c078,1,1
4752b381fe3753fc044e1f1b3ebf825e8a44c22c34d7af182f8637807ce34f87,1,1
33b8f04710f991c56e0526694aeefff1200b0ebea72a2fa1eb0eac804c13af01,1,1
e079948b6afd0bfb800271fa62e28c660b5b8060424dbcdafa15244428aaaa53,1,1
474ae847ddb5ba96e9c12862c3fcb55dee24c9dfb95f8127a5558c25548cec6a,1,1
30bc4b11ff3ed06efa466d180febc46d4e72bc44befa4bd89dcea2a1ad15237a,1,1
37b2a9b8951d851c134c1d22829d7947d6f692008a7e1210d7963c676718a3e7,1,1
20379598db4ebb63f9bf979b5cf53f01535ea63f8488e2ea4f23d79c21aa221f,1,1
520a928e157c4e95072bc64b2b12bb9381eba55530e1c35f2059d065dd558b76,1,1
796d1c939497b93a92e990c3b945098ef5bca6c3054293e1bed202a59f21b2a9,1,1
ecde9e44a9f0b86de78815ca2e34e32595f4962a2aa2d1fcb27415cbab446823,1,1
e721e73af69af105acd01d3847a9df372122053d1f8e9e85015c03cb99ca8eff,1,1
e236dc6e579501edcaf4a55d56f4efd4f858abf499b0be6665b6191d0de6bd1f,1,0
e7dff901a095d9613fedd311d34ae4565707d38248bcb53b1c49946efab29539,1,1
3d1b22430a2dfb9e71aeb7a92e8c652ba46afe9a1b77a3e6866e44652825b23d,1,1
da161bb7b0b10283f0e7d771b3c5ebf2d57269ce1ca69f39c0b4cf4fddf397ee,1,1
2434da89ac24cf7815cf3fea63d5d8793e388ac376d64798599c04b212632f55,1,1
004bbb17fb4b5ef5901b685e11fe375131d887bfcf78c3e38aac4e110c1411a3,1,1
a4ab95c25a4f13cf5c010e7c90b5866569a5633fe63c24d1cc781ab530358cc6,1,1
e4eee9b321161bc47e20a98f3f4993b70ca87e5e3c53e1a2a46d91044d70e73c,1,1
a376d18d76c99fd31f7007f45b304c16ea7b15d4e31bfc57cbf6164e6659c4f8,1,1
20a6d758aa14049753ef892cd78e7b5dd24a209b1096c35bd8d5c7306bbf0a35,1,1
aac4c8398ca45219704520c9ccc309e758cb1eae27a661eee8415a24c77aa3f0,1,1
68ac43c5b59cab513999e39e27641253ffd881a3c482382aab2eb69dc73dbb4c,1,1
8993e70181dec61fb0c9258c15e8201568372c53443619acc2912cd59fa9a213,1,1
a07549d3ddfef5961b1bba22ad2b1efa15975d4b371167a5363e3503a64ba22a,1,1
7222256f7010dbccae7cf995358980a74422be8a0885b27ed05150b6fda85fe6,1,1
a242455f5c6cd062b92d5bbaa56369381b7717d0094f326637831e3f814aba75,1,1
fc5630ac2562f28d529dc750ece0bf049108aca7ec067894b34050449347ba79,1,1
ae745e4bc064f2ed0a21f7a50cd1729320ea9379744333b14e71cea951b78a77,1,1
b1598340c435fa3ace224dece563e576367118bda456c10aa4799f80724bac0b,1,0
333268bc66c39988d8645c0393d57ca63d98adbadf2adbe0180782bafff28187,1,0
c8bae49a8d1eda4c57f02aff500f340dcff7f733b507491e3babc872936e77cf,1,1
5689ed51ba99ae582e357438e7ca88ffb0c92f11135639e60cfc73b058aa9428,1,1
aa13199635919e2599320a414d650084b06ef8e09afce6a9a14fd018c34e2402,1,1
7b4dfa2510cec7a4850685bd4db0fba6a0fb5eb82bf5bd3ac2c20721aded2a75,1,0
c8d316a8c84410427786a7fb3f840c0d30a1da1664606a14eb8de6292ec315e5,1,1
c99a33e25a4c1e181beb3b9a85e811796ad3af905f65c354484f9cf2e0ee64f7,1,0
b78c138b11ffd18eef94d3b6917c3b187d25b5b3d8a91f46065f24abbc88d8cf,1,1
a44566a9e2f205701856f5ef0276dc00194e7912790fd6bc5c1ede03c4676a31,1,0
9fdaa86ec746135ca226ee11de287d3e187a455996031f1923062ddbc57ac189,1,1
843c4808ba0235f1b2125fca2493f2ea61ae0e8fceffe24b424cb4b751c7d1f5,1,1
cece11d56c3bc9ebc4777eb172acde9da0108c450eb75340a39b199ecd6f79e1,1,1
d70456e9deb13af5d096febf974a8b74f4a2e96e22d44be8e0e731810c3995e9,1,1
6632bc638b13dbb23ad6f32142bb18c4945132ea589de5e7288bc91050824ae1,1,1
254a12cfb5814784e18e75c78a56ba73a8f0f03597134446edf4b6211f698737,1,1
f83f47d551b8e476e614afd6c381ea62ff8a36b73145f254bd1cd1153d469d46,1,1
e30d152f38ea919e24d50834e92dbbb7a62189514f6a6671cc98313df9b236fc,1,1
0b555f4db6ec32f8190b3ea15bf9b83d573a19c58230e29185e496a27b620056,1,1
19f2ac4b8c4d79f03a80a69d1ee71f6187c1a699db3c6824b596827dfbe0174b,1,1
121c4e16ce80a8ad67c2f81c0efda77024862ac78c0bf4b4f58bc62dab5207a9,1,1
7f3a1d6e89baa61aafc07a2bdbc348c69db4bf8704897551eded8d14dae833d7,1,1
985a692a909b14cd46f6bba0c53868004422fd6ad8d95b8c863c6704229d03c5,1,0
d62344a69c9f06d503ac356e059519fd6bebe1b88d4155b028e1be4243b3d197,1,1
dcee737c2332106a37c28b6f7127c0a16842cc6f6d586ef1216ed41d21d85e79,1,1
403f611c46d30c84e255aa76932803831dcbea6b09cf0a70b212ee0747b8168d,1,1
89a2ea13e0657dada57e4c27ce6d47663080006c797598b64a6014534d6380f1,1,1
da764296a38eda459590cc12130a46ad44681722f9e0a7ccdbce9ca1c377fe6c,1,1
f3d1233d39286237b6d422243461ee79d496d35cba5d575eb28d57e303497716,1,1
a5fac126f5675be1bd983807449210f9af2726972d66cabc277204da9280e491,1,1
2efaa8e12111c2c5f2b160d0a1c3166f2538220c9e1bea87a4f47d5debc38619,1,1
e5236b2c45f96db79d4451c5301105fc4da254e6f3a81fdb7126dad9dfb5ec96,1,1
dc5f7246f7b20f0abdcf5a6eed1904731a786c13ce4ab606ece2e811b1d4f781,1,1
28c14124560a3753a0fc926a8f6ee1c28f0468d2e5d05c0bf572435c1a4c02cf,1,1
6fd7e0d83f128e7ee0916cc9ea9771b4109093f34a2fb028f4ba9fe3893d47e1,1,1
868d4e8cedaffbc6a1e7ca76c7532cf7f28b276cf72fc2af7e8c9c70b8a9da68,1,1
3a86788a5da6f207d3496b1accdee379f5b0a3c285c39cb8ffe211a3ab02c8f7,1,1
2f9aa2c147b22a6b2e2e6adbdcacecd3386227f7a288ed721977332b5e5e6514,1,0
f256559f206b20e58853b50eb0f0da9b8e50d92cdf9627955972230ef325b94b,1,1
d19fe6635308679859cc659e9f9c35593d675024120bf5739052790e701e7464,1,1
f21e365a5abe13cbaf6345a5f7d6b4cb57b14c1dc64c0c9b9dca9893c3219aee,1,1
3453de93916001592b9a729bf26549bb99ae7c7bc6626e58a0672afe380d759c,1,1
a3d259f8ff83a4922c8c16c22a6bc6c98a5b59bfe844bc55392a650fbb83b946,1,1
941062040788d025f3ec4ef07b6c329f28ea0ab0ff5d681301bba3d8f8851656,1,1
53b52ff14a0cdad390222ab2cee2e749ed7040d345a507d83bd7fbae5553467b,1,0
ecf3dac88df4746d0fc15b33435619ad7b766b495ddd516ca1aa170e2d3d1112,1,1
b2c8bdaf93973df476ffca8200bb3ffa30a4057e08add73e783a3e72ca539a7c,1,1
d4740cf197b5c71fd03b79c1f302ca6d585c02e8c40c051bc685e4328be635b0,1,1
bb6af31f9a2f7434e9e92bb6704aa801b64033556e57248b6b88e16428538b92,1,1
c469bb8c8fd66f6ba8c9477e01dd7920b8e06fbb952e5ac849be3094fed14c23,1,1
abec1acdf367eabbf804392e5d86183a3523014c30486a972f3857976af056ce,1,1
b07e9ead11a714c3e76deb86248473faa846ef4d8f68464db4c21945a9d7a0c9,1,1
dcdf8e52a1e62e33c7cc2aedea94c8a994f5b71bb57f3abdb20141e547e439b7,1,1
f136358cad38b87a35d2749adbf4cfc742850111271779eb873bceed48cf0cf8,1,1
51e8ec207451222d134c026125302e192e7a952ad96c61324ed780e10afb631e,1,0
ff9081bce4be33b377b9078f0f7a6e0614ff931481f73c65b011c4001728e888,1,1
eff33886705546adb2a2481c60cae39d19a251497c4ad5bf813c867f847d057a,1,1
ca2494dd84aab978c4bae9f073c1dbab04e9c00fc86c3050c2ddee265b3833dd,1,0
18ec712c224243675ecf81a812518d718a7f90e653b4d8d0cb4e543a28ace355,1,0
213b6603468214eadeff6b1f4d91868309bea56cb74e42ede391b90afe6dede5,1,1
f5a55d2509d236b077d954f00494c6a9f58af765bffc870301b78bc38d06485c,1,1
0e2a66cf7622b6716e71a7fd6da9739da0a15c7430d5caaf0649561b44d7cb12,1,1
e9fbac8de6ea4aaf4e239ac5a65fd544e6ded3745523156158b5288aac3e22c2,1,1
f5fec2f323bdcf045c33bcbe70d796c06ba07756efae8b6f70e5c05f165325c0,1,1
56cfa656087220ff5deb7d14589fb1ac606456caabca942c0b1427df53e1a487,1,1
2db510b92e1195b97908f6be69db457ec37be63a89a6a80047cbe90c4cde4491,0,1
aec45a6cec97aa2e6c40e026f69a0994507131214fe1a630c0e94cff9ef5efdf,0,0
2325c1a0a23d6337c3a6ea3f821ab56750e5b109d9f8d5a90a76f4090e77d58a,0,0
0ae1c75b56ac5f8aea5deaf2acf00a827f94903a013a256762de71f11d23e5e2,0,1
2966d605e74d912a8e2106f6ee4579c38f2fab700ebbdf1aa4e125f7a16d45a3,0,1
967cc9cb30dec263ecb46ea1d366239efc211a928f7e77edd8546f930dc9eb64,0,1
0142a651646571d9e09a3e133fdfe54dae3398d9d325b41a23e1f4f669ddd672,0,0
505b2f079c45777ac95db270fe7a9db1b045a206326155aaaf7f2e8488e1caf5,0,0
6ed53f9bed8bbcf1a261fdd73e6057816a15abe049e78150b4f507ee848bdb75,0,1
72666bd2e7e5c7a29e8b519145c564c613381e734b73e956f60298a451049b24,0,1
dfc975a7fd6170d2197a801e1c8b254dcfb68daacdc126cf23e0c7cd845067e6,0,0
48bbef4d78e629b9c63da3af1d6a780e79e56b0a08af91d7d725b7879c6be1d9,0,1
f2af8cce6dbcd54a07c225f5d59fa89f09c52adc7b757a87595e92b27d5c0f21,0,0
47a20c0d3b8150de9c80d3655de0e7161ebffa4a5dd3a230019cd34a3215790c,0,0
7c5c818b0ab8e49df2db74a3157ad7e15e9ec557f1804d1f51133972b8403b0f,0,1
8edfd62e139ec4234e98bea26c0a5e73859d15d958eced667206fcb500e7a1ba,0,1
3579c7044bf8a82be72cca49d287b701bfa731ed74cc99be46559950bb14586b,0,0
0a038d8813338303f4ed04bd85f059aff92901976e541ebf340073f56098a7ef,0,0
32bedd62aae85bff1b83f8feede12b77c7eea493cf2bd05fd88a05648bd3530e,0,1
e3560d3fcd8bbf25be6cf4cd7e9e7e9b5c7700d5805c741596100d50550c7f51,0,1
1ed48205b3d0a23b488d9dd529c22947562874569181ccdc17aecc4e70de07d7,0,1
69b5d42bd41491c741545fdef582e73eac8cdc991d522ac99bdfcb2a98f21ce2,0,0
31f983dcb5a56ca20b5025b723aecbed4e1df7592ed69f5e564d7b8283489ab9,0,1
1176eb93980e3df5be7fc255be8e5007effeb30e1f32514f324796a70caf72c9,0,0
bad6626bb0374c73f931b6d65b223eb3e1aca916f2ed6086bad16df0100eb382,0,1
2106b2b8400159e94038bbfbdcc2ff98567ca8bde633a6b457429db6f6035030,0,0
286e29e096cc746bc37daa294114c44d35fce72b4d5ed53065d9ce4ba9ff64ab,0,0
596160931abf7397cf377d245b790e36b6ae9aae606db1f0848d2f588fa99a96,0,1
6d2661c6195425c766dfcd1e31308897c091887aafdaf54db8657dcde0bd0dd8,0,0
64742987a5920c0d0931b6e2439a05a71f09adb35c4f1deabb8669872c89e7f5,0,0
67e4c2577efca94e56eae7567d7cc440a20f0628c6284450e2f308a5e6b8e19c,0,0
e18fae4b17d7c27e17b22f60207ed1d359013ab754e9c285d756a73e8c3b071c,0,1
e2b37190e2b4761f4c8e8aefaf2958ecd83f2dd0f04a2eb750ba793fe117af6f,0,0
ce47beabc48b4849074a29f6a4613cdc033944e79d7b9670ceb72c7c9c1c29dd,0,1
ec2af6faab493a85e8c50c46781080744b9e1cebfc9f3ebbe414c40f0796a502,0,0
7ed394c2685959f51b2f84ee7f68ebe9e53bdc64ba9a5ca94c24d662ecd14871,0,1
aad0e1c17fd86d48eb2468c45030931efb2a6da95efb433fd02809fdcfd839f6,0,1
b79e9e071028b583c6c75d515986838086ef07d5be358c299bcdac20d3af2007,0,0
c7db091cefdbba49fa83901140d4ca0532b2c578395961cfb9fc3ee3c512c49c,0,0
7c06a7fb7d50055358b000134ece286c09aefd4f3d351445a8d416b4b2cf4be1,0,1
88bba152477881b32553b2c4f5f950bb12304feda1ef53358c251c1f31c4c6dc,0,0
db3206bf47e407c373ce6fcefb08cc38b8678cffa2d1701145ff8b7b81ca4250,0,0
83ac4efe3735be23e000d38c9e8c5821b94fd25b1cdd980a79f3e42cfa89f179,0,0
521a647a4ad40103b18727b8457a539b2346398fe8bc6bb7ac0480295ef5ed30,0,0
c4fae549d75d40849c42a087270757abca3ab5e4a6936908dcb410a039692ce4,0,0
8dcbd558f2c8025d6f446ffcb20b53bcdf5a8580eada0c465f72bf51e5208847,0,0
033c10a0b411ecdca7c0751cd86fb067126d69f79c9c55fc3db90745ef7a7b9b,0,0
a68153fa1ca7e4e4427fb8f8689713e6b6256a7bae742bf27a2599e5edcbc6d0,0,0
11fbbdaefad0cc79a2162f11b2737a26dd407f30798507e8af52236e94b4cb1e,0,1
576c93f7a35fafb98ab37fb44ece7406909d3fec47108da24690ca506181eefb,0,0
1929bc061b72ed3be9d5f3d5640bea5b420166d7f0dab961796f4b4dabc2cad0,0,1
f17389f26916293843923b6edd2751c127d2250cc277f637443c80665bd488c5,0,1
13a9420dbb60519fc55b18d642f1f32d292ed2bc11c845d333caf7838c1b4cbb,0,0
a4953ca4d43739465aabba26267d880e842d4c8b2e347d4f544a860219f6429b,0,0
904870f179480c15a7bf549aa0fe790ba18a304c535f33da9a712f5026075ef9,0,0
2a3e1adcb6f198b9ccb51e50898ca893faf5827d5d4aeea80ee65c53f9cfb312,0,0
b79bc110dd44c3662710cd92ee398dfccd5959cd4d2145a17f0eb792d1a2fa3c,0,1
c911320627e267069da37dd8b52782ea1978f1ed9957a6abeed1e9698de82144,0,0
5e8a60e8420e2ff3c7e049259e4cc3f2d4cd633a514105914c9cc98b3b8a53fb,0,1
d8a1ec4a6be39fd4ac475d38f785373b60b9ddcaa0e22871c9e1c3375694de60,0,0
b20dbae38fec76bac58315412b29395bd526ff0f725db13ed703df8a444c2dd1,0,0
feaa6ffc387f0fbe2bc0c197e7ac839daab05131691960e12e72ff50fe2d099c,0,1
78d927b407c01815fa4b6ed9f0984824041fd03c44193eddf49201cfe85949b6,0,0
592899decd6ff536c50bb7d832caa5453c9063278e0da03a5cf060b1a098fa18,0,0
b82d46f329711b93ecf8e2c9dd0aece0bfbd249e693cc3935e8ea8f9e1624c40,0,0
bad4964679c9e2f972debf451c78229605ac3810b3c19ec46bcdf94fb0ffb9b0,0,0
e2aceff361a195b81e0e21b3f5670f4c9028ab1a907bece5ea66e4471ad0a7dc,0,0
dc456286386ff64370b80dd20f2c271bcceda44e920530b101e89dbed8dba177,0,0
4219308fe73c81ea26236f8e4241f3ab50ba7bafbc41474a0ed9d76beac35eb1,0,0
1409d6ef5b0d0f89648b86cf28a344fe2affee4d08057db5ab39e0a81186c1c6,0,0
f2122f82f01428a8c2dc97cc85e95deaf0f689ade905467ad5ba39b21b4265ac,0,0
465dac109c1c21edbd6ce79f90e00b52b89852599a60c5177688b3675426e4f6,0,0
63f011e3b753f09fcfa586b19ddd01859e95dd02f944d6f309af66b559d5f552,0,0
7489b587802ef842339b4de6bf46aa74681af962562a72e6a0be80149c095a1d,0,0
b5f11215e85e6d943dbabaa8abd3c17139d0eba281befbb564efa15a2da66caa,0,0
66ea5770f5468f41e44278d016c59420a2daca5f6d5e6e1cdb80cb09029d5809,0,0
48ab5567c2094857c35c6f99ffbb91eddb886b9cc244213c4028e5b0245025ca,0,0
630672568d0724aa9acb9843b83c1c86345d1150c5c1ef57d8dbd320f98ed05a,0,0
5016e62c8411d8cbc5b5237f0ccf49f463ecbcc0f31c28c7d64b39ea8be61fd9,0,0
3bcaa6e69813cd9606e9b5a10c029121204124a6c28e21d7655bf0cbfa6c6c19,0,0
8dcce94c0caac42e1a7e600754aae10491938ff4277e943a8ce9ed24beea6253,0,0
bd213ec62b4b2d6ea92789f18abfe02618f2978fb35faa3bfae3a035181954d9,0,0
2bf041b84dd3528ba5223c93e777cb0153b5d2eaf7f09e74960ce8eb65217eeb,0,0
ad3daea018a1c43cbd9e3f2a03b94919720bcfcf63052317bc3c6b3ecbdace9f,0,0
81b8cf5d05fc24a32cb0376d9e0e5d82f31f1bc987b1a67b98ed855130c47a2f,0,0
e05efe2fa8eb4e78ef599a929181ed0365ec6be0397ec9a5faa4a4e3c8b7ae07,0,0
7d773da00d147efc63ac54b4a7d0c33fba39d660be5db29fbc8ee22e59a74320,0,0
8f23fcc86d26025cce68dff601a2c2a4d5a2b44348232b81ed1f11abbec4c395,0,0
33c2177b5fa137d20821bdd01c4c50ef9efca6dc17a24f8c3c79e121360b5b49,0,1
0f909a3b955f9544b71ff2bc9040fc546e779801bd7280bd0b7f3aa3adf084a2,0,0
1447932520e1f4b8effe9373872afdcdf127a9aa2ab3fdf61720954d0275bb1c,0,1
0f0ff754e52c3da932fcb2cce382df22d3a5e222b4e5f630388f0eea52392bb3,0,0
5259454da5d67dd528aeb49fb5d6110f8162573c0cc292a4e68fe1ac688e2572,0,0
38346cbfad3cf381fdc918567c1686a3be5456e3cea4bee870c054d4097e59df,0,1
b3baf303110555c4e0c38a854769dafcf01267a942cec8a00009ce9bc70fe69f,0,1
811e069f643577c37d8bd8d19d8f6861c5ef9495bfcefc16806a1b39eb3ef7eb,0,0
dcc076440a85d05745891528893ce0e8d8f70ed2b276c5f7eb1a5429cd356e2d,0,0
9b0e3936c544d9e67c2efa442f22b3cfe0bf79aa34ce0bb8ea1d048837d85db5,0,0
77f336b6e265fdbfe194d3e7148c7e1640a78091a4552f1e42a6335d99ca6533,0,0
e3f9b749e772d100df8da35ffcb0c532054f92628f0830ce896becfc27abce7b,0,1
702c45074c8e554b82079dc67f8734e9b208bada2e1c78bbb13d4e8752ee5f66,0,0
c51bb13624e09105bf0fed5cf2b2fd510ecd9ae27243ae26ae24ac5283a809de,0,0
44616691f4cc4ddefc67820180126e9314cda2a3385f89022905e3ab73058a26,0,0
9f89a1f62a27ca49e6cc2f575921ca8c829eb0debf1c23f3a82a52038e4915e4,0,0
30fbb4f4e90638a55b2687ca05a65e9e9d1c62666a379e683fc59f7f481700fb,0,0
fc257474f449be9405d9b5cd23c15d79393eceb60332744191671d52ff541fde,0,1
962bf071eb23210db177878018fa38699de4d571fdb906c174911abc89c3c70e,0,0
66e589f7d1f044ea1e2b87cc313ba27028f8825901e39f0868f041470b5a6bd5,0,0
f9e69aca673dbc3beacb5d1c94bbdafce30b3db145f97ffdda7efca0da84d693,0,0
2cb3f350b935cea1fb65ca79b9c00c647b88720a16fe69cbf9e28268b78e0054,0,0
4f21b863d3fcac26495c5e9a2232f909b2d06d082c794376656eb3b3fb92e0b2,0,0
f3d2b5265889631e3b9090a950aaad9c0270b4a2c04f380af13f6c467590558e,0,0
15dfd7944ce4a37033d92c4ff979c9a1467846b9934d35e3399fc7930705dc62,0,0
59202eb5c23e4c5ec03328942fd728436aa9135a97b16e6b13f545de1fba300f,0,0
c8b396cd458aed89427d5196967f2efdf479c38efdad5ceb725853be65feaffd,0,1
a9528e0f92ab6fdc286196f64cab2546ea796f3455f44dba226a2f7ca31549a5,0,0
49fa82871c16f94b9a738e30d81c6904931240b0ce4981f28d7bf053866c0bde,0,0
dd4df687c7a01f9720500d41f34d8f1220d6273503d74d2b1d6b7487065f4aa8,0,0
791adb35e6bfd2b3829fc160f549ab46fcacc10be348c291c0da88a671df0fcc,0,1
f5ec908f37411905dc221eec565827f9d888ee2b6b6bc445e209dd68c113edbd,0,1
0bfacf40f0ddd7ed65d325531096c8d581e9de5a19301ca92bc8029ec3ef9cc3,0,0
7abea45fe7c1345d7dad6487849a10e7c0d4ce2bbc580394256d201b43c919d6,0,0
c0ba9fb9f42563a835118e147ef097aadb2d703cbc771c2e6db2fcb3dd1c96f0,0,0
428a264ebf633492b32779946f7a18c1a237f4ad6b4033d78b70f18a89f66fa6,0,0
956edd7b40178f1e7f302101e28dbbd10acf23e3dd743451a552eab7ce53ad3b,0,1
f042d657da521c884aff1707b27b1f7eb07ca4e663ebd2e1ea2aadcf217bc365,0,0
373df1fa0c73558e660601b6aa28f6eb7f492a190d6e39599c7605189c1827ae,0,1
eb28b32508fb3486634cdc26eadbdfd7726f0555fb7a9029acfca2bec1c9090b,0,0
d8e174ba2812443032c99019b300a4adb38cc2e1cc4d8aafe5260f7895161817,0,0
11c3a41edc408a94cfa1aeca1ed4d8abdd1bd7abe09074e64163329ffa08e6ab,0,0
a3c60a9198bf585670d192bbe7b078c03d50bb9627b57767c6b9a6ea01d1142a,0,0
e6e343ed902acfcb6d29a3f6737ab3f034662754f7ca6aadcfc48ec21ae829b7,0,0
cdf7d04bfd00d7037e95a8baa1451e3469ce36d24ff265417ec882d385001771,0,1
0b4656c451dc9b6691402275f94f1cce03667290708886c29d5b791c9abc1e3b,0,0
42c647b38ddaee6889d0a03f36895d0df52fefe49d8cefaf34176678411ba9d0,0,0
b1c7f77e0e7e6c58a5d40eaf24caaeadd6b179d8405f96dcc7a5292206c7333f,0,0
15de0c222bfab54f485c7e0c7a35c0835e72206936553ddb37110406d90e0e80,0,0
5a9befa562f0f62b158f455a447889f317d648de4c9816e2b55fa56651dfc8c4,0,0
dc0ae7bf0d9b03d1143c1829eef00ed47afdf862fe132aa3e12d4657072c7b40,0,0
f2310cd8148d1266981a5a5e6b571a6f8bf4d409a2a08f701e22d5ba2a73740f,0,1
b795b7f996e0c09cec5591644ec7b46981727bef0142f3a009a11ea514ab6278,0,0
740c9e112904e0a084c0577ce6501085549a0875fd8ba67d633d30824503c12f,0,0
26bec1524a4a2a0fb83331e6450d24e4fa7a062ec6af8c58c6b519714eb45958,0,0
48d29690cb51381c98482da3ce73835da4c84717e135ba6d0d64c727edf2d28b,0,0
18449190080137012fecdae06dc4d065056ebd853776b73d9100eef53d5a415c,0,0
382752f609c6c1042ff8afe4bda3ede84db24ec01aaef0e9bfb7e6e67eade42e,0,0
b6cefeb9e764105bd2947ff93788cd92842813b4b40ddf9967b5c5de8cb7624e,0,0
d885791ff59430233bf1beebe401117f78650438aefe3c07332fafac5aeef687,0,1
759ced0736f188ba3ec1c29a20940e7a38e4893f7369f645942f764ba2e62995,0,1
33e0aaf4c68f12c32b0f6e06dfba3de110d0ae7568e1e9c24730094dc42b34a1,0,0
aa2cc4372fc320d4385be0704ee6d5816ff4331344caee0785e8ef7e03af4de5,0,0
5618f61bff6d8f8f15b0fb71b26d8dd3aa718f664233dcd135f5c0b34aaf3ffd,0,0
cac2ad8badf37be378fff0ee58c7ec4aa1d58f99c8bb8a7abdbae5ed151402fb,0,0
d901576ed5aa2a6aae5dff39c7df845a4b5577d208b70b42712fe9e6c4b0df5e,0,1
9f7c5c66d9571da53b20c49edc10b2cd5be1caff5008797137e8cb111fe2baaa,0,1
0cca181c4adfcd7b2f2014f173c815e878f61999735c8f9f9f6cf60b239a8ad9,0,0
e4b2a05fbc00358783e824e1e821f5569feb4ea66609eb2cfef2c2d8b9e24bc1,0,0
c868b360fe6fcc3a2dbb765751391d855dec1278cdee32f77477740f44db6762,0,0
8bccea7e567879cc4ca41a81e40de313d4f6a3a56ef6922108338d63d68d0385,0,0
88f358938293ea0f173441b8870d97a8e4a0ec8df9513acb72dfaffcdff9df9b,0,0
566c9443ed3c33453142ed70c14c3be6d7bd263cd2b9beeaee214f3b8c774ee4,0,1
ab53d71a06d8651af99707f17e4a417931e9149a0940ba4a872f944bc5e73eee,0,0
19ada3e1414e15b4ed65b6534b597d6dc2ca76f197fa500108c5593ed9909d27,0,0
96f696c6d721f21717d110b4b34a5b56b7e99fb54c9ac6b546227055c0e86414,0,1
8192dc1da30ee49bf0a2521d8c99ed7e1c437f88b53fac48db65642e17345311,0,0
e19a806793f01dae3c03af2d544a26fe1f20b913f6023c06cb452fae0da268da,0,0
0742040fb18a900a664db917f0bbc66cfc3311ea5b58d4a33f47649004a5009b,0,0
c5ece4aa5980cc4b5f1860ed02ef549fea016832d118a1e16d171156465e4f92,0,0
7038bec75e4bd920b3faa6659d0f80288f43030491cb33bc1063a142b1def971,0,0
20b363abbcc3afd847e10897833c0a4c29e2d49348f7c3fc3e4bc0f333177e98,0,0
5b2ed89b848ffea64910f98b8a9b155b8cd11784d1159a471563a2eb015fd740,0,0
0a68819c77cd3ff93ff7ef56a5fdee9a8fbf8b798b68043985dd87c09285c49f,0,1
457bfe846f0e55e35d673514c10d34f874f5e2745ba192ddb314d84ed5721f9b,0,1
b61af02ea3d4d4ac20a7c32466b4dc7f93615faaebd0bd22c35b1dda793e839e,0,0
4d94c85e1272ba38364155b7d13092f3fc61ef4d9f00180a880fc29ff54f590f,0,0
f340fca471bce36743ab8295e1077b83dea4d636a9374d63401a806312d6c107,0,0
455ef21f69a7d01a91c155972e4bc9379402c9d53ff656f2ea003f34c8c72d5e,0,0
d7d0a538e0f8ad7155653721a0dbbb04bffdad4c57fd8269209c34346a234f27,0,0
90c0d901976d387f1d554f6a4771603bf105d01a8fe22006feddbf239c76cd6b,0,0
86d69e5f4c9a2f1849973d4cf95f8b474fed59ed32c3ba79446d4cc7468e58e7,0,0
e760f8eb24e940268d5cd7d38a18aad21c8c868b4c3d161afdf4eec2e4fe13d9,0,0
bbff005ede87b24ea4a660ba6ebd923e796bee32080df3dc95fc973736b1ac41,0,0
e24cf409d84bdda5ee4e9a0634db2e72171adc0fb0fef5a6ce3d8afd644808a0,0,0
6893201af98cf7e01cf86c6c878b31bc46a0470c2130e3416ca336ee608d29e7,0,0
139a9c9c280cbc5ccc9ed0b69e0a09f57493202efeab668396fa83a111a9c65e,0,0
163afa795e80fbebf94eaf3c13a5bd830f41fb6b464b06584f768b14b25b4878,0,0
35135f4f0793a29feb1d78f5ad1ed63b51184a8d2834d88ce2310a94ce7daead,0,0
b178a225ade20d4135c1dbb24e13091ac8b02d3291fac8d9c422a94667729404,0,0
76974cfe4dd5e9af7169504a9044db56fac45495e8438a08914cce54ddbd58db,0,0
56e0f9c0612820af851c87169d74af1f0b4489eff1a9e7612dcb321429db8de2,0,0
28524d879fa526d704973161117601da027568f3223f74a3130f3d41372d0f2a,0,0
9d81647d14695599f2daf0c759868dfde86e633853520efec00f487bba68a1eb,0,1
524e272c64bd4044eb584b39b6f1046dfd9cff09ae7e74121db5ba93155febda,0,0
b5a050cbce4257b3f1930c40786f1be41723afbb5a836c3a3aba3c111dff6155,0,0
c686daf6309275be90bf318dc24c50a08d12c46401ffc08f1d2d90638e65ccb3,0,0
41f0920f1c721eb0f86f454eca75315246ccad184c003bf70aa843030eb3f2b6,0,0
81f614b8f9542fcf06f9c69572819d2d205fbfb680507a666811e98e2ea3166e,0,0
e1c0c9b79caa6598c6889acb6e0f034e4eecf9ebee42a4a9dde62605cdb1fe0f,0,0
f92121bea0bbca377a87a319f32ac26391a8a1b1ac583c3a125db599274624bb,0,0
96437325f3c2b22c8b4e94961dbee96379eb3006644cdf60f50f4c2f9abc95c6,0,0
6cfb20ba5be4ce0f7812f178ebc5cd5881cd6bf0a06f28d9cf29c301b1aed96e,0,0
db532e745e2a9b5612e1b3d73baab56731606c737a5ff854415f5a97d7c31885,0,0
0c6e6c8442e5664831e92e89490ea57d09c61a252b7c8096f09374b6d3daa2a8,0,0
5d58512e4823f3f9cf9be69ea717de688446f02c8f17ae8968646fc350632d55,0,0
763da2b910d421791a4a184ec15c11a8ab765e22727bb09ec0666369271ed207,0,0
c8cf0c0a16cb7ca1a17f4f5cd3abfe742474f1dec0a5d380fb9064fb33331640,0,0
085a24aeed3b5969d88255afc2047c93e61844ff659f86c9ec0882083fa99a21,0,0
03d53086cc5c662a22578f2df78b606ff1aaa8afadc0ffbb273962c86cc9964e,0,0
8f3e9ffcfe479d7a4ead0788245b150cf17f49cb22d71458f31e314dee0bb39b,0,0
b62dd58c69e4cde3dc0104130f603012b48fb67db09c18472ae2cb6e9e784c5e,0,0
86e0a888bc35ad8a64b310a972ec671d3ed222bdef6486b9760e72e98870a0dd,0,0
f75ba7f82746dfd61e324b30cf508ba8f5bcc4367b62b72f59b32f9b1bef1865,0,0
0bcf5b6bbe3e34ce2edbef55b6e0d85737eca24d4b187e7340861f2e20337725,0,0
c10603f3b31da83a9f2092de33acb36505423d48dbfd3d1bb1684c264d2b71f2,0,0
5b62ec63a3d9e91bac39b0e42e14b4039fc3a1f21d67baa116ea89bde2ad5bee,0,0
23612f01444328f16c8d50595b819364fdc77d060784151b07f9cf97180ba17b,0,0
a893619601042998f9ae201c669e40396e5e61c1da3213af03bb35174fea56b5,0,1
992a37f2f163bbf90020774cd5f0815fc07fb9e734663ec1605629fa969fdb47,0,0
90bdc28ee6d326c3cca04a54c7d8d2f9f6d2b562bfb315674098346727361e23,0,0
939fa8fbc438b1f3f9dd5bcbdcb30abc0fe341419479af70b511fc440028f567,0,0
f249c5be3040fa70496675557e06928b8bcee73dd0e9ec6ba62aba5113b764fd,0,0
0401072b5920ce1528bc7c3855bfdd1127d6b083fea5b44247bba13652ca2e1b,0,1
1c32d01c46f30631e83851d6da2a97b9921dafbaeb6a2d382809ae2520519df1,0,0
4156db457dc5aec8b15a41822506b9945d1177444cd606294f89a569af1f792b,0,0
060eb3ec12e0690b34648b0789333d3a3733eef4668f52eb5b21527fbc8ce206,0,1
2be593254bc1cd4a5461056576315122641277b9d56d3d1f7ae05039dd051877,0,0
72233166e4537c1bd5054cde6187a641c30f80d86efd9de4d633ae4617a4c806,0,1
0aaef46a0e23f0ca11e155fe9826a3f109e0b9738ee732b12f46d390d43497f8,0,0
a16381d621baa1b93a5588957e281a17460b943febd8639bf3260afdb534e6fa,0,0
c06095ce6f7d50a878b8eff3ebac60065914623c952546a43f8f3ca4232c9934,0,0
3f893ac91b625aff84212230f3e6879d377d11631edde0f7d95e4109536dc8c4,0,0
303f583854e8795e9dc39f26eed083355dd2b8e8aae97a5898c6e518f40eb7d4,0,0
91bd6a5540ff3589ec2d5c7a29cf17aa51bfaa2116dc1f63da3c1bdf11268219,0,0
53f3c74c4ca397c3a4b1a1a319ea2675096156f931c515af5335f572128a5680,0,0
eb07e51b1e72e6331e38c71051d7441ccabfd9c02ebdf937c1770281e17c10c5,0,0
30c5db0f0c156cb1873ced57e32ff2e4fbac8106f26f51f7c1e71f1cccd84c70,0,0
1ca8c884e333722742a3c44b228417841e4c9b3a624a01f83e33a92f1f8c5efa,0,0
665512577176057fd30b7fded379f4de0acf05c513e23fec559ecf60847df19b,0,0
09e03dce55ee97ebc7a132bff1e62b7bb8af5a0ce295b99c1ac4fbf8cb81213c,0,0
74ecfa7356728a62c9ac19ed6fc2d83ae29f3ca1a1cbbaff956b49a623b91e0a,0,0
d48d945637d25154bf2914f045f5d90bce3f40ba1afd93e95bd60856752cd41e,0,0
d38124ad97309a727bbe824dfe4bedfe3f628f67c030e748fbf037e0f3a80d93,0,0
99b8c75e0449dfea3e04968f0556e8eccdec977b209dca143412121e87a5c59d,0,0
65dc0a38bdf695d72f1211153469795d90d52520f30f54305753e9ff5a18c46a,0,0
e595d2e7e55039bdfb83857c2e40eefaacf3c086a2e417b632407cb26f064ec9,0,1
4a0174ee3c6f709228f8c75e2e342a1b416daeb6697453bb3b36451c62a87bc1,0,0
7b2b3fb49464cc0859ecc6b627b3ddb7f9e1d095017f73b1a8c6848520401078,0,0
10cfee6073d2953fc5a376bff2be49972bc71f38dd68a4663503cdcbe8e7e097,0,0
3e1a573d9816cae486426befb995d15cc02b53e66b19672a38563b4653024771,0,0
66793eb50a5a5e953fc727f506d57b2a47174f0ae49d5d3ab126f43497fbc83c,0,1
6b550b1fed5d5b83c1c3cb938744a2b7cafa66b6560230df005d7f882c649137,0,0
077d39332560e5f9b7e1a6c64474c7d2c56160029a7a3a66ddad0338fb37104d,0,0
edfd9e092edf0258a85f1c13fbe35c26cece98207d665d463340a003c76b06f8,0,0
44bbd051478e213a32ec06b38cd317bb490aa71ae78c10eba202bfcb4dfb78df,0,0
19b618aaee92dda05c8aeb099f2923ad34458a7a851f0f29c1af9f38ac8a09d4,0,0
ab56295dfd46032f1182727f737891fcf0ab9d3e0871e180f0ed1502eda32fa6,0,0
1f435a3e721ef392891721e77b463b01c00fb98feffdfe08e6d35f4ccc350864,0,1
da5efd28502376fedd756c5ba09fdd3b63e5d21c878f22925fadf07e23e48ba8,0,0
7885d3bd2414526de520f42db4214d63194a364bb277418a25bc3c109f52d468,0,0
e32ee771ca3bf6ba55261d9ca96c4fe42046885cebf30da7f61a1833fd4e0242,0,0
f96e1e5e8d4ac9411e3831fb95373ae86743d70fa88963a2c14a24cbf9853d65,0,0
9e039212f6e854c8beb230e09b53ddd3bf33ba92f040e5591170189fd54bc98b,0,0
